brand,company,compatibility,compatibility_count,countInStock,created_at,description,images,model,name,numReviews,price,price_category,rating,rating_tier,shop_address,shop_id,shop_lat,shop_lon,shop_name,text_combined,type,updated_at,vehicleYear,vendor_id,year_category
,TVS,,0.0,8,2025-08-17T10:23:45.000Z,High-friction brake pad for superior stopping power and heat resistance,https://example.com/images/brakepad_apache_rtr_160.jpg,Apache RTR 160,Front Brake Pad,12,420.0,budget,4.5,excellent,RAMNAGAR COLONY PEERZADIGUDA UPPAL HYDERABAD,689d6959045c37933826818d,17.390358,78.606729,sai automobiles,front brake pad apache rtr 160 tvs brakes high-friction brake pad for superior stopping power and heat resistance,Brakes,2025-09-12T14:33:21.000Z,2021,689d6959045c37933826818b,modern
,Bajaj,,0.0,5,2025-08-19T11:47:33.000Z,Gas-charged rear shock for smooth ride and better handling on rough roads,https://example.com/images/shock_pulsar_150.jpg,Pulsar 150,Rear Shock Absorber,8,1850.0,mid-range,4.7,excellent,RAMNAGAR COLONY PEERZADIGUDA UPPAL HYDERABAD,689d6959045c37933826818d,17.390358,78.606729,sai automobiles,rear shock absorber pulsar 150 bajaj suspension gas-charged rear shock for smooth ride and better handling on rough roads,Suspension,2025-09-05T09:12:08.000Z,2019,689d6959045c37933826818b,modern
,Hero,,0.0,12,2025-08-21T16:02:17.000Z,High-efficiency paper filter traps dust and ensures clean airflow to engine,https://example.com/images/airfilter_splendor_plus.jpg,Hero Splendor Plus,Air Filter,15,120.0,budget,4.6,excellent,RAMNAGAR COLONY PEERZADIGUDA UPPAL HYDERABAD,689d6959045c37933826818d,17.390358,78.606729,sai automobiles,air filter hero splendor plus hero filters high-efficiency paper filter traps dust and ensures clean airflow to engine,Filters,2025-09-18T13:44:55.000Z,2020,689d6959045c37933826818b,modern
,Yamaha,,0.0,6,2025-08-23T08:33:02.000Z,Stainless steel inner wire with PVC coating for smooth clutch operation,https://example.com/images/clutchcable_fz_s.jpg,Yamaha FZ-S,Clutch Cable,9,150.0,budget,4.3,good,Chappal Bazar Road - Kachiguda,68ac2a8f3c73e23c655de054,17.38953,78.491245,Swathi Automobiles,clutch cable yamaha fz-s yamaha cables stainless steel inner wire with pvc coating for smooth clutch operation,Cables,2025-09-01T17:22:44.000Z,2018,68ac2a8e3c73e23c655de052,modern
,Royal Enfield,,0.0,4,2025-08-25T14:18:59.000Z,LED headlight with halo DRLs for modern look and superior night visibility,https://example.com/images/headlight_re_classic_350.jpg,Royal Enfield Classic 350,Headlight Assembly,6,2200.0,premium,4.8,excellent,RAMNAGAR COLONY PEERZADIGUDA UPPAL HYDERABAD,689d6959045c37933826818d,17.390358,78.606729,sai automobiles,headlight assembly royal enfield classic 350 royal enfield lighting led headlight with halo drls for modern look and superior night visibility,Lighting,2025-09-20T10:05:33.000Z,2022,689d6959045c37933826818b,modern
,KTM,,0.0,3,2025-08-27T09:55:22.000Z,Aluminum core radiator with high-flow design for optimal engine cooling,https://example.com/images/radiator_ktm_duke_200.jpg,KTM Duke 200,Radiator,5,4200.0,premium,4.9,excellent,RAMNAGAR COLONY PEERZADIGUDA UPPAL HYDERABAD,689d6959045c37933826818d,17.390358,78.606729,sai automobiles,radiator ktm duke 200 ktm cooling system aluminum core radiator with high-flow design for optimal engine cooling,Cooling System,2025-09-15T16:38:11.000Z,2021,689d6959045c37933826818b,modern
,Honda,,0.0,20,2025-08-29T13:07:41.000Z,Iridium tip spark plug for better fuel efficiency and smoother starts,https://example.com/images/sparkplug_honda_shine.jpg,Honda Shine,Spark Plug,22,85.0,budget,4.7,excellent,Chappal Bazar Road - Kachiguda,68ac2a8f3c73e23c655de054,17.38953,78.491245,Swathi Automobiles,spark plug honda shine honda ignition iridium tip spark plug for better fuel efficiency and smoother starts,Ignition,2025-09-10T11:29:03.000Z,2020,68ac2a8e3c73e23c655de052,modern
,Suzuki,,0.0,7,2025-08-31T17:44:06.000Z,Hardened steel sprockets with O-ring chain for durability and smooth power transfer,https://example.com/images/chainsprocket_gixxer.jpg,Suzuki Gixxer,Chain Sprocket Kit,11,1650.0,mid-range,4.4,good,RAMNAGAR COLONY PEERZADIGUDA UPPAL HYDERABAD,689d6959045c37933826818d,17.390358,78.606729,sai automobiles,chain sprocket kit suzuki gixxer suzuki drivetrain hardened steel sprockets with o-ring chain for durability and smooth power transfer,Drivetrain,2025-09-19T08:51:27.000Z,2019,689d6959045c37933826818b,modern
,Bajaj,,0.0,9,2025-09-02T10:15:33.000Z,Rubber-mounted footpegs for comfort and reduced vibration on long rides,https://example.com/images/footpeg_avenger.jpg,Bajaj Avenger,Footpeg Set,7,320.0,budget,4.2,good,Chappal Bazar Road - Kachiguda,68ac2a8f3c73e23c655de054,17.38953,78.491245,Swathi Automobiles,footpeg set bajaj avenger bajaj frame footrests rubber-mounted footpegs for comfort and reduced vibration on long rides,Frame & Footrests,2025-09-08T14:07:52.000Z,2018,68ac2a8e3c73e23c655de052,classic
,TVS,,0.0,5,2025-09-04T15:22:18.000Z,Precision-tuned carburetor for optimal air-fuel mixture and throttle response,https://example.com/images/carburetor_tvs_radeon.jpg,TVS Radeon,Carburetor,8,1950.0,mid-range,4.1,good,RAMNAGAR COLONY PEERZADIGUDA UPPAL HYDERABAD,689d6959045c37933826818d,17.390358,78.606729,sai automobiles,carburetor tvs radeon tvs fuel intake precision-tuned carburetor for optimal air-fuel mixture and throttle response,Fuel & Intake,2025-09-21T09:33:44.000Z,2020,689d6959045c37933826818b,modern
,Royal Enfield,,0.0,2,2025-09-06T11:37:05.000Z,Chrome-finished muffler with deep tone and improved backpressure for torque,https://example.com/images/muffler_bullet_350.jpg,Royal Enfield Bullet 350,Exhaust Muffler,4,3800.0,premium,4.6,excellent,RAMNAGAR COLONY PEERZADIGUDA UPPAL HYDERABAD,689d6959045c37933826818d,17.390358,78.606729,sai automobiles,exhaust muffler royal enfield bullet 350 royal enfield exhaust chrome-finished muffler with deep tone and improved backpressure for torque,Exhaust,2025-09-17T12:48:29.000Z,2017,689d6959045c37933826818b,classic
,Yamaha,,0.0,6,2025-09-08T08:59:47.000Z,Maintenance-free AGM battery with high cranking power for reliable starts,https://example.com/images/battery_mt_15.jpg,Yamaha MT-15,Battery,10,2100.0,mid-range,4.8,excellent,Chappal Bazar Road - Kachiguda,68ac2a8f3c73e23c655de054,17.38953,78.491245,Swathi Automobiles,battery yamaha mt-15 yamaha electrical maintenance-free agm battery with high cranking power for reliable starts,Electrical,2025-09-22T07:16:02.000Z,2021,68ac2a8e3c73e23c655de052,modern
,Honda,,0.0,8,2025-09-10T14:26:31.000Z,Multi-plate clutch set with heat-resistant friction material for smooth engagement,https://example.com/images/clutchplate_hornet.jpg,Honda CB Hornet,Clutch Plate Set,9,890.0,mid-range,4.3,good,RAMNAGAR COLONY PEERZADIGUDA UPPAL HYDERABAD,689d6959045c37933826818d,17.390358,78.606729,sai automobiles,clutch plate set honda cb hornet honda transmission multi-plate clutch set with heat-resistant friction material for smooth engagement,Transmission,2025-09-13T18:04:15.000Z,2019,689d6959045c37933826818b,modern
,KTM,,0.0,15,2025-09-12T09:43:22.000Z,Spin-on oil filter with anti-drainback valve for engine protection at startup,https://example.com/images/oilfilter_rc_200.jpg,KTM RC 200,Oil Filter,13,220.0,budget,4.7,excellent,Chappal Bazar Road - Kachiguda,68ac2a8f3c73e23c655de054,17.38953,78.491245,Swathi Automobiles,oil filter ktm rc 200 ktm filters spin-on oil filter with anti-drainback valve for engine protection at startup,Filters,2025-09-16T13:27:58.000Z,2020,68ac2a8e3c73e23c655de052,modern
,Bajaj,,0.0,3,2025-09-16T12:38:44.000Z,Box-section swingarm for improved rigidity and precise rear wheel control,https://example.com/images/swingarm_ns200.jpg,Pulsar NS200,Swingarm,3,5200.0,premium,4.9,excellent,RAMNAGAR COLONY PEERZADIGUDA UPPAL HYDERABAD,689d6959045c37933826818d,17.390358,78.606729,sai automobiles,swingarm pulsar ns200 bajaj frame suspension box-section swingarm for improved rigidity and precise rear wheel control,Frame & Suspension,2025-09-20T15:22:09.000Z,2020,689d6959045c37933826818b,modern
,Hero,,0.0,7,2025-09-18T10:05:17.000Z,High-output stator for consistent charging even at low RPMs,https://example.com/images/stator_xtreme_160r.jpg,Hero Xtreme 160R,Stator Coil,8,1100.0,mid-range,4.4,good,Chappal Bazar Road - Kachiguda,68ac2a8f3c73e23c655de054,17.38953,78.491245,Swathi Automobiles,stator coil hero xtreme 160r hero electrical high-output stator for consistent charging even at low rpms,Electrical,2025-09-21T11:33:26.000Z,2021,68ac2a8e3c73e23c655de052,modern
,Aprilia,,0.0,2,2025-09-20T14:52:39.000Z,EFI fuel injector for precise fuel delivery and improved throttle response,https://example.com/images/injector_sr_160.jpg,Aprilia SR 160,Fuel Injector,5,3100.0,premium,4.8,excellent,RAMNAGAR COLONY PEERZADIGUDA UPPAL HYDERABAD,689d6959045c37933826818d,17.390358,78.606729,sai automobiles,fuel injector aprilia sr 160 aprilia fuel intake efi fuel injector for precise fuel delivery and improved throttle response,Fuel & Intake,2025-09-22T06:41:18.000Z,2022,689d6959045c37933826818b,modern
,Royal Enfield,,0.0,6,2025-09-21T08:33:55.000Z,Adventure-style handlebar with rubber grips for off-road comfort and control,https://example.com/images/handlebar_himalayan.jpg,Royal Enfield Himalayan,Handlebar,7,950.0,mid-range,4.6,excellent,Chappal Bazar Road - Kachiguda,68ac2a8f3c73e23c655de054,17.38953,78.491245,Swathi Automobiles,handlebar royal enfield himalayan royal enfield controls adventure-style handlebar with rubber grips for off-road comfort and control,Controls,2025-09-22T05:28:43.000Z,2020,68ac2a8e3c73e23c655de052,modern
,TVS,,0.0,5,2025-09-22T04:17:28.000Z,High-compression piston kit with rings and pin for performance rebuilds,https://example.com/images/pistonkit_apache_rtr_200.jpg,TVS Apache RTR 200,Piston Kit,6,3800.0,premium,4.7,excellent,RAMNAGAR COLONY PEERZADIGUDA UPPAL HYDERABAD,689d6959045c37933826818d,17.390358,78.606729,sai automobiles,piston kit tvs apache rtr 200 tvs engine top end high-compression piston kit with rings and pin for performance rebuilds,Engine & Top End,2025-09-22T04:17:28.000Z,2019,689d6959045c37933826818b,modern
,Bajaj,,0.0,7,2025-08-25T10:42:09.000Z,Durable coiled outer casing that protects clutch cable and ensures smooth operation,https://example.com/images/clutchhousing_pulsar_150.jpg,Pulsar 150,Clutch Cable Outer Housing,6,140.0,budget,4.3,good,Chappal Bazar Road - Kachiguda,68ac2a8f3c73e23c655de054,17.38953,78.491245,Swathi Automobiles,clutch cable outer housing pulsar 150 bajaj cables durable coiled outer casing that protects clutch cable and ensures smooth operation,Cables,2025-09-01T17:41:42.000Z,2018,68ac2a8e3c73e23c655de052,modern
,Hero,,0.0,5,2025-08-27T12:05:33.000Z,Reinforced rubber hydraulic hose that transmits brake fluid pressure to caliper,https://example.com/images/brakehose_splendor_plus.jpg,Splendor Plus,Front Brake Hose,4,280.0,budget,4.5,excellent,RAMNAGAR COLONY PEERZADIGUDA UPPAL HYDERABAD,689d6959045c37933826818d,17.390358,78.606729,sai automobiles,front brake hose splendor plus hero brakes reinforced rubber hydraulic hose that transmits brake fluid pressure to caliper,Brakes,2025-09-15T16:58:11.000Z,2020,689d6959045c37933826818b,modern
,Hero,,0.0,6,2025-08-29T15:30:17.000Z,Chrome-plated reflector that focuses headlight beam for maximum illumination,https://example.com/images/reflector_splendor_plus.jpg,Splendor Plus,Headlight Reflector Bowl,5,220.0,budget,4.4,good,RAMNAGAR COLONY PEERZADIGUDA UPPAL HYDERABAD,689d6959045c37933826818d,17.390358,78.606729,sai automobiles,headlight reflector bowl splendor plus hero lighting chrome-plated reflector that focuses headlight beam for maximum illumination,Lighting,2025-09-10T13:39:03.000Z,2021,689d6959045c37933826818b,modern
,Hero,,0.0,8,2025-08-31T19:55:21.000Z,Steel braided cable that transmits lever force to rear brake mechanism,https://example.com/images/rearcable_splendor_plus.jpg,Splendor Plus,Rear Brake Cable,7,110.0,budget,4.2,good,Chappal Bazar Road - Kachiguda,68ac2a8f3c73e23c655de054,17.38953,78.491245,Swathi Automobiles,rear brake cable splendor plus hero cables steel braided cable that transmits lever force to rear brake mechanism,Cables,2025-09-19T11:13:25.000Z,2019,68ac2a8e3c73e23c655de052,classic
,Hero,,0.0,4,2025-09-02T12:30:45.000Z,Sensor that monitors engine coolant temperature for dashboard gauge and ECU,https://example.com/images/coolantsensor_splendor_plus.jpg,Splendor Plus,Coolant Temperature Sensor,3,380.0,mid-range,4.6,excellent,RAMNAGAR COLONY PEERZADIGUDA UPPAL HYDERABAD,689d6959045c37933826818d,17.390358,78.606729,sai automobiles,coolant temperature sensor splendor plus hero cooling system sensor that monitors engine coolant temperature for dashboard gauge and ecu,Cooling System,2025-09-08T16:30:56.000Z,2020,689d6959045c37933826818b,modern
,Hero,,0.0,3,2025-09-04T17:45:19.000Z,Capacitor Discharge Ignition module that controls spark timing for optimal combustion,https://example.com/images/cdi_splendor_plus.jpg,Splendor Plus,CDI Unit,4,850.0,mid-range,4.7,excellent,Chappal Bazar Road - Kachiguda,68ac2a8f3c73e23c655de054,17.38953,78.491245,Swathi Automobiles,cdi unit splendor plus hero ignition capacitor discharge ignition module that controls spark timing for optimal combustion,Ignition,2025-09-21T11:45:47.000Z,2019,68ac2a8e3c73e23c655de052,classic
,Hero,,0.0,12,2025-09-06T13:59:07.000Z,Threaded bolt used to lock chain tensioner in adjusted position,https://example.com/images/tensionerbolt_splendor_plus.jpg,Splendor Plus,Chain Tensioner Bolt,8,75.0,budget,4.1,good,RAMNAGAR COLONY PEERZADIGUDA UPPAL HYDERABAD,689d6959045c37933826818d,17.390358,78.606729,sai automobiles,chain tensioner bolt splendor plus hero drivetrain threaded bolt used to lock chain tensioner in adjusted position,Drivetrain,2025-09-17T15:10:32.000Z,2021,689d6959045c37933826818b,modern
,Hero,,0.0,5,2025-09-08T11:20:49.000Z,Chrome-plated rear handle for passenger safety and support during rides,https://example.com/images/grabrail_splendor_plus.jpg,Splendor Plus,Passenger Grab Rail,5,450.0,mid-range,4.5,excellent,RAMNAGAR COLONY PEERZADIGUDA UPPAL HYDERABAD,689d6959045c37933826818d,17.390358,78.606729,sai automobiles,passenger grab rail splendor plus hero frame footrests chrome-plated rear handle for passenger safety and support during rides,Frame & Footrests,2025-09-22T09:38:05.000Z,2021,689d6959045c37933826818b,modern
,TVS,,0.0,9,2025-09-10T16:48:33.000Z,Adjustment screw that fine-tunes air-fuel mixture at idle and low RPMs,https://example.com/images/airscrew_apache_rtr_160.jpg,Apache RTR 160,Carburetor Air Screw,6,65.0,budget,4.0,good,RAMNAGAR COLONY PEERZADIGUDA UPPAL HYDERABAD,689d6959045c37933826818d,17.390358,78.606729,sai automobiles,carburetor air screw apache rtr 160 tvs fuel intake adjustment screw that fine-tunes air-fuel mixture at idle and low rpms,Fuel & Intake,2025-09-13T20:26:18.000Z,2019,689d6959045c37933826818b,modern
,Hero,,0.0,10,2025-09-12T12:05:24.000Z,Stainless steel band clamp that secures muffler to exhaust pipe,https://example.com/images/mufflerclamp_splendor_plus.jpg,Splendor Plus,Exhaust Muffler Clamp,7,150.0,budget,4.3,good,Chappal Bazar Road - Kachiguda,68ac2a8f3c73e23c655de054,17.38953,78.491245,Swathi Automobiles,exhaust muffler clamp splendor plus hero exhaust stainless steel band clamp that secures muffler to exhaust pipe,Exhaust,2025-09-16T15:49:59.000Z,2020,68ac2a8e3c73e23c655de052,modern
,Hero,,0.0,15,2025-09-14T18:33:05.000Z,Specialized tool for tightening or loosening battery terminal nuts,https://example.com/images/terminalwrench_splendor_plus.jpg,Splendor Plus,Battery Terminal Wrench,9,95.0,budget,4.2,good,Chappal Bazar Road - Kachiguda,68ac2a8f3c73e23c655de054,17.38953,78.491245,Swathi Automobiles,battery terminal wrench splendor plus hero electrical specialized tool for tightening or loosening battery terminal nuts,Electrical,2025-09-18T13:17:39.000Z,2021,68ac2a8e3c73e23c655de052,modern
,Bajaj,,0.0,4,2025-09-16T15:00:46.000Z,Bearing that disengages clutch plates when lever is pulled,https://example.com/images/releasebearing_pulsar_150.jpg,Pulsar 150,Clutch Release Bearing,4,420.0,mid-range,4.6,excellent,RAMNAGAR COLONY PEERZADIGUDA UPPAL HYDERABAD,689d6959045c37933826818d,17.390358,78.606729,sai automobiles,clutch release bearing pulsar 150 bajaj transmission bearing that disengages clutch plates when lever is pulled,Transmission,2025-09-20T17:44:12.000Z,2021,689d6959045c37933826818b,modern
,Hero,,0.0,11,2025-09-18T12:27:19.000Z,Foam pre-filter that traps large particles before air reaches main filter,https://example.com/images/precleaner_splendor_plus.jpg,Splendor Plus,Air Filter Pre-Cleaner,7,90.0,budget,4.4,good,Chappal Bazar Road - Kachiguda,68ac2a8f3c73e23c655de054,17.38953,78.491245,Swathi Automobiles,air filter pre-cleaner splendor plus hero filters foam pre-filter that traps large particles before air reaches main filter,Filters,2025-09-21T13:55:28.000Z,2021,68ac2a8e3c73e23c655de052,modern
,Yamaha,,0.0,14,2025-09-20T17:14:41.000Z,Plastic clip that secures speedometer cable along frame to prevent rattling,https://example.com/images/cableclip_fz_s.jpg,FZ-S,Speedometer Cable Clip,8,45.0,budget,4.1,good,RAMNAGAR COLONY PEERZADIGUDA UPPAL HYDERABAD,689d6959045c37933826818d,17.390358,78.606729,sai automobiles,speedometer cable clip fz-s yamaha instrumentation plastic clip that secures speedometer cable along frame to prevent rattling,Instrumentation,2025-09-22T09:03:20.000Z,2018,689d6959045c37933826818b,classic
,Bajaj,,0.0,8,2025-09-22T06:39:30.000Z,Large hex nut that secures rear wheel axle to swingarm,https://example.com/images/axlenut_pulsar_150.jpg,Pulsar 150,Swingarm Axle Nut,5,85.0,budget,4.3,good,RAMNAGAR COLONY PEERZADIGUDA UPPAL HYDERABAD,689d6959045c37933826818d,17.390358,78.606729,sai automobiles,swingarm axle nut pulsar 150 bajaj frame suspension large hex nut that secures rear wheel axle to swingarm,Frame & Suspension,2025-09-22T06:39:30.000Z,2020,689d6959045c37933826818b,modern
,Hero,,0.0,3,2025-08-18T15:44:13.000Z,Combines rectifier and voltage regulator functions to manage charging system,https://example.com/images/rectifier_splendor_plus.jpg,Splendor Plus,Rectifier Regulator,4,780.0,mid-range,4.7,excellent,Chappal Bazar Road - Kachiguda,68ac2a8f3c73e23c655de054,17.38953,78.491245,Swathi Automobiles,rectifier regulator splendor plus hero electrical combines rectifier and voltage regulator functions to manage charging system,Electrical,2025-09-11T19:25:50.000Z,2021,68ac2a8e3c73e23c655de052,modern
,Hero,,0.0,2,2025-08-20T17:50:06.000Z,Monitors fuel rail pressure and sends data to ECU for optimal injection control,https://example.com/images/pressuresensor_splendor_plus.jpg,Splendor Plus,Fuel Pressure Sensor,3,950.0,mid-range,4.8,excellent,RAMNAGAR COLONY PEERZADIGUDA UPPAL HYDERABAD,689d6959045c37933826818d,17.390358,78.606729,sai automobiles,fuel pressure sensor splendor plus hero fuel intake monitors fuel rail pressure and sends data to ecu for optimal injection control,Fuel & Intake,2025-09-09T17:17:38.000Z,2021,689d6959045c37933826818b,modern
,TVS,,0.0,6,2025-08-22T18:06:19.000Z,Compact mirror mounted on handlebar end for rear visibility without adding width,https://example.com/images/endmirror_apache_rtr_160.jpg,Apache RTR 160,Handlebar End Mirror,5,320.0,mid-range,4.4,good,Chappal Bazar Road - Kachiguda,68ac2a8f3c73e23c655de054,17.38953,78.491245,Swathi Automobiles,handlebar end mirror apache rtr 160 tvs controls compact mirror mounted on handlebar end for rear visibility without adding width,Controls,2025-09-16T13:44:50.000Z,2020,68ac2a8e3c73e23c655de052,modern
,Hero,,0.0,4,2025-08-24T13:24:54.000Z,Tool used to compress piston rings during engine assembly for easy cylinder insertion,https://example.com/images/ringcompressor_splendor_plus.jpg,Splendor Plus,Piston Ring Compressor,4,550.0,mid-range,4.5,excellent,RAMNAGAR COLONY PEERZADIGUDA UPPAL HYDERABAD,689d6959045c37933826818d,17.390358,78.606729,sai automobiles,piston ring compressor splendor plus hero engine top end tool used to compress piston rings during engine assembly for easy cylinder insertion,Engine & Top End,2025-09-06T16:49:15.000Z,2020,689d6959045c37933826818b,modern
,Hero,,0.0,16,2025-08-26T19:03:25.000Z,Small metal fitting that connects throttle cable to carburetor or throttle body,https://example.com/images/cableend_splendor_plus.jpg,Splendor Plus,Throttle Cable End,9,35.0,budget,4.2,good,Chappal Bazar Road - Kachiguda,68ac2a8f3c73e23c655de054,17.38953,78.491245,Swathi Automobiles,throttle cable end splendor plus hero cables small metal fitting that connects throttle cable to carburetor or throttle body,Cables,2025-09-19T13:27:50.000Z,2019,68ac2a8e3c73e23c655de052,classic
,Hero,,0.0,7,2025-08-28T20:41:42.000Z,Wide-angle mirror with curved glass for maximum rearward field of view,https://example.com/images/sidemirror_splendor_plus.jpg,Splendor Plus,Convex Side Mirror,5,190.0,budget,4.6,excellent,RAMNAGAR COLONY PEERZADIGUDA UPPAL HYDERABAD,689d6959045c37933826818d,17.390358,78.606729,sai automobiles,convex side mirror splendor plus hero controls wide-angle mirror with curved glass for maximum rearward field of view,Controls,2025-09-12T09:55:03.000Z,2021,689d6959045c37933826818b,modern
,Hero,,0.0,20,2025-08-30T10:17:14.000Z,Copper or aluminum crush washer that seals drain plug to prevent oil leaks,https://example.com/images/drainwasher_splendor_plus.jpg,Splendor Plus,Engine Oil Drain Plug Washer,13,25.0,budget,4.3,good,Chappal Bazar Road - Kachiguda,68ac2a8f3c73e23c655de054,17.38953,78.491245,Swathi Automobiles,engine oil drain plug washer splendor plus hero engine top end copper or aluminum crush washer that seals drain plug to prevent oil leaks,Engine & Top End,2025-09-15T11:44:36.000Z,2020,68ac2a8e3c73e23c655de052,modern
,Hero,,0.0,6,2025-09-01T14:59:31.000Z,Specialized tool for installing and removing clip-type master links on drive chain,https://example.com/images/linkpliers_splendor_plus.jpg,Splendor Plus,Chain Master Link Pliers,5,280.0,budget,4.4,good,RAMNAGAR COLONY PEERZADIGUDA UPPAL HYDERABAD,689d6959045c37933826818d,17.390358,78.606729,sai automobiles,chain master link pliers splendor plus hero drivetrain specialized tool for installing and removing clip-type master links on drive chain,Drivetrain,2025-09-14T19:10:57.000Z,2021,689d6959045c37933826818b,modern
,Hero,,0.0,5,2025-09-03T19:44:08.000Z,Internal locking mechanism that secures seat when key is turned,https://example.com/images/seatmechanism_splendor_plus.jpg,Splendor Plus,Seat Lock Mechanism,4,280.0,budget,4.5,excellent,Chappal Bazar Road - Kachiguda,68ac2a8f3c73e23c655de054,17.38953,78.491245,Swathi Automobiles,seat lock mechanism splendor plus hero comfort internal locking mechanism that secures seat when key is turned,Comfort,2025-09-20T15:35:29.000Z,2020,68ac2a8e3c73e23c655de052,modern
,Hero,,0.0,8,2025-09-05T10:33:46.000Z,Rubber or paper gasket that seals TPS to throttle body to prevent air leaks,https://example.com/images/tpsgasket_splendor_plus.jpg,Splendor Plus,Throttle Position Sensor Gasket,4,75.0,budget,4.6,excellent,RAMNAGAR COLONY PEERZADIGUDA UPPAL HYDERABAD,689d6959045c37933826818d,17.390358,78.606729,sai automobiles,throttle position sensor gasket splendor plus hero fuel intake rubber or paper gasket that seals tps to throttle body to prevent air leaks,Fuel & Intake,2025-09-18T17:28:35.000Z,2021,689d6959045c37933826818b,modern
,Hero,,0.0,13,2025-09-07T16:55:19.000Z,Metal clip or pin that holds brake shoes in correct position within drum,https://example.com/images/shoeretainer_splendor_plus.jpg,Splendor Plus,Rear Brake Shoe Retainer,10,50.0,budget,4.3,good,Chappal Bazar Road - Kachiguda,68ac2a8f3c73e23c655de054,17.38953,78.491245,Swathi Automobiles,rear brake shoe retainer splendor plus hero brakes metal clip or pin that holds brake shoes in correct position within drum,Brakes,2025-09-21T20:11:04.000Z,2018,68ac2a8e3c73e23c655de052,classic
,Hero,,0.0,6,2025-09-09T12:20:33.000Z,Steel bracket that attaches engine to motorcycle frame at mounting points,https://example.com/images/mountbracket_splendor_plus.jpg,Splendor Plus,Engine Mounting Bracket,5,720.0,mid-range,4.7,excellent,RAMNAGAR COLONY PEERZADIGUDA UPPAL HYDERABAD,689d6959045c37933826818d,17.390358,78.606729,sai automobiles,engine mounting bracket splendor plus hero engine top end steel bracket that attaches engine to motorcycle frame at mounting points,Engine & Top End,2025-09-22T12:44:17.000Z,2020,689d6959045c37933826818b,modern
,Hero,,0.0,9,2025-09-11T18:46:55.000Z,Special wrench designed to grip and turn clutch cable adjuster barrel,https://example.com/images/adjustertool_splendor_plus.jpg,Splendor Plus,Clutch Cable Adjuster Tool,7,130.0,budget,4.2,good,Chappal Bazar Road - Kachiguda,68ac2a8f3c73e23c655de054,17.38953,78.491245,Swathi Automobiles,clutch cable adjuster tool splendor plus hero controls special wrench designed to grip and turn clutch cable adjuster barrel,Controls,2025-09-22T10:59:43.000Z,2019,68ac2a8e3c73e23c655de052,classic
,Hero,,0.0,7,2025-09-13T14:09:30.000Z,Wiring harness segment that connects headlight relay to battery and switch,https://example.com/images/relayharness_splendor_plus.jpg,Splendor Plus,Headlight Relay Harness,6,210.0,budget,4.5,excellent,RAMNAGAR COLONY PEERZADIGUDA UPPAL HYDERABAD,689d6959045c37933826818d,17.390358,78.606729,sai automobiles,headlight relay harness splendor plus hero electrical wiring harness segment that connects headlight relay to battery and switch,Electrical,2025-09-22T08:17:16.000Z,2021,689d6959045c37933826818b,modern
,Hero,,0.0,5,2025-09-15T15:31:16.000Z,Complete set of gaskets for all exhaust system joints and connections,https://example.com/images/exhaustgasketset_splendor_plus.jpg,Splendor Plus,Exhaust Gasket Set,5,240.0,budget,4.4,good,Chappal Bazar Road - Kachiguda,68ac2a8f3c73e23c655de054,17.38953,78.491245,Swathi Automobiles,exhaust gasket set splendor plus hero exhaust complete set of gaskets for all exhaust system joints and connections,Exhaust,2025-09-21T16:55:09.000Z,2020,68ac2a8e3c73e23c655de052,modern
,Hero,,0.0,9,2025-09-17T09:53:04.000Z,Sealing gasket that prevents fuel leaks at fuel level sensor mounting point,https://example.com/images/sensorgasket_splendor_plus.jpg,Splendor Plus,Fuel Level Sensor Gasket,6,85.0,budget,4.5,excellent,RAMNAGAR COLONY PEERZADIGUDA UPPAL HYDERABAD,689d6959045c37933826818d,17.390358,78.606729,sai automobiles,fuel level sensor gasket splendor plus hero fuel intake sealing gasket that prevents fuel leaks at fuel level sensor mounting point,Fuel & Intake,2025-09-22T11:10:15.000Z,2021,689d6959045c37933826818b,modern
,Hero,,0.0,11,2025-09-19T18:06:39.000Z,Plug-in socket that connects turn signal relay to vehicle wiring harness,https://example.com/images/relaysocket_turn_splendor_plus.jpg,Splendor Plus,Turn Signal Relay Socket,7,170.0,budget,4.3,good,Chappal Bazar Road - Kachiguda,68ac2a8f3c73e23c655de054,17.38953,78.491245,Swathi Automobiles,turn signal relay socket splendor plus hero electrical plug-in socket that connects turn signal relay to vehicle wiring harness,Electrical,2025-09-22T08:13:14.000Z,2020,68ac2a8e3c73e23c655de052,modern
,Hero,,0.0,4,2025-09-21T12:44:53.000Z,Specialized tool for adjusting rebound damping on rear shock absorber,https://example.com/images/reboundtool_splendor_plus.jpg,Splendor Plus,Shock Absorber Rebound Adjuster Tool,4,350.0,mid-range,4.2,good,RAMNAGAR COLONY PEERZADIGUDA UPPAL HYDERABAD,689d6959045c37933826818d,17.390358,78.606729,sai automobiles,shock absorber rebound adjuster tool splendor plus hero suspension specialized tool for adjusting rebound damping on rear shock absorber,Suspension,2025-09-22T06:25:10.000Z,2021,689d6959045c37933826818b,modern
,Hero,,0.0,3,2025-08-17T16:34:13.000Z,Tool that measures chain slack to ensure proper tension for optimal performance,https://example.com/images/tensiongauge_splendor_plus.jpg,Splendor Plus,Chain Tension Gauge,3,420.0,mid-range,4.6,excellent,RAMNAGAR COLONY PEERZADIGUDA UPPAL HYDERABAD,689d6959045c37933826818d,17.390358,78.606729,sai automobiles,chain tension gauge splendor plus hero drivetrain tool that measures chain slack to ensure proper tension for optimal performance,Drivetrain,2025-09-10T15:27:49.000Z,2020,689d6959045c37933826818b,modern
,TVS,,0.0,7,2025-08-19T11:32:28.000Z,Tapered needle that works with main jet to control fuel flow across RPM range,https://example.com/images/jetneedle_apache_rtr_160.jpg,Apache RTR 160,Carburetor Jet Needle,6,140.0,budget,4.1,good,Chappal Bazar Road - Kachiguda,68ac2a8f3c73e23c655de054,17.38953,78.491245,Swathi Automobiles,carburetor jet needle apache rtr 160 tvs fuel intake tapered needle that works with main jet to control fuel flow across rpm range,Fuel & Intake,2025-09-07T15:05:20.000Z,2019,68ac2a8e3c73e23c655de052,modern
,Bajaj,,0.0,10,2025-08-21T19:05:34.000Z,Rubber seal that prevents oil or moisture ingress at neutral switch mounting,https://example.com/images/neutralseal_pulsar_150.jpg,Pulsar 150,Neutral Switch Seal,5,60.0,budget,4.5,excellent,RAMNAGAR COLONY PEERZADIGUDA UPPAL HYDERABAD,689d6959045c37933826818d,17.390358,78.606729,sai automobiles,neutral switch seal pulsar 150 bajaj controls rubber seal that prevents oil or moisture ingress at neutral switch mounting,Controls,2025-09-18T16:16:29.000Z,2021,689d6959045c37933826818b,modern
,Hero,,0.0,6,2025-08-23T10:43:16.000Z,Wiring harness segment that connects temperature sensor to ECU and gauge,https://example.com/images/tempwiring_splendor_plus.jpg,Splendor Plus,Engine Temperature Sensor Wiring,5,190.0,budget,4.5,excellent,RAMNAGAR COLONY PEERZADIGUDA UPPAL HYDERABAD,689d6959045c37933826818d,17.390358,78.606729,sai automobiles,engine temperature sensor wiring splendor plus hero cooling system wiring harness segment that connects temperature sensor to ecu and gauge,Cooling System,2025-09-02T17:54:52.000Z,2020,689d6959045c37933826818b,modern
,Hero,,0.0,18,2025-08-25T16:30:45.000Z,Thin metal plate placed behind brake pad to reduce noise and vibration,https://example.com/images/padshim_splendor_plus.jpg,Splendor Plus,Brake Pad Shim,11,40.0,budget,4.2,good,Chappal Bazar Road - Kachiguda,68ac2a8f3c73e23c655de054,17.38953,78.491245,Swathi Automobiles,brake pad shim splendor plus hero brakes thin metal plate placed behind brake pad to reduce noise and vibration,Brakes,2025-09-20T12:36:23.000Z,2021,68ac2a8e3c73e23c655de052,modern
,Hero,,0.0,12,2025-08-27T12:05:33.000Z,Small plastic or bronze bushing that reduces friction in clutch lever pivot,https://example.com/images/leverbushing_splendor_plus.jpg,Splendor Plus,Clutch Lever Bushing,8,50.0,budget,4.3,good,RAMNAGAR COLONY PEERZADIGUDA UPPAL HYDERABAD,689d6959045c37933826818d,17.390358,78.606729,sai automobiles,clutch lever bushing splendor plus hero controls small plastic or bronze bushing that reduces friction in clutch lever pivot,Controls,2025-09-15T16:58:11.000Z,2020,689d6959045c37933826818b,modern
,Hero,,0.0,7,2025-08-29T15:30:17.000Z,Complete set of O-rings and seals for all fuel injector mounting points,https://example.com/images/injectorsealkit_splendor_plus.jpg,Splendor Plus,Fuel Injector Seal Kit,6,160.0,budget,4.4,good,Chappal Bazar Road - Kachiguda,68ac2a8f3c73e23c655de054,17.38953,78.491245,Swathi Automobiles,fuel injector seal kit splendor plus hero fuel intake complete set of o-rings and seals for all fuel injector mounting points,Fuel & Intake,2025-09-10T13:39:03.000Z,2021,68ac2a8e3c73e23c655de052,modern
,Bajaj,,0.0,2,2025-08-31T19:55:21.000Z,Electronic control unit that manages ABS system based on wheel speed sensor inputs,https://example.com/images/absmodule_pulsar_150.jpg,Pulsar 150,ABS Control Module,3,4200.0,premium,4.8,excellent,RAMNAGAR COLONY PEERZADIGUDA UPPAL HYDERABAD,689d6959045c37933826818d,17.390358,78.606729,sai automobiles,abs control module pulsar 150 bajaj brakes electronic control unit that manages abs system based on wheel speed sensor inputs,Brakes,2025-09-19T11:13:25.000Z,2021,689d6959045c37933826818b,modern
,Hero,,0.0,5,2025-09-02T12:30:45.000Z,Tool kit for removing air bubbles from hydraulic brake system during fluid changes,https://example.com/images/bleederkit_splendor_plus.jpg,Splendor Plus,Brake Fluid Bleeder Kit,5,380.0,mid-range,4.5,excellent,Chappal Bazar Road - Kachiguda,68ac2a8f3c73e23c655de054,17.38953,78.491245,Swathi Automobiles,brake fluid bleeder kit splendor plus hero brakes tool kit for removing air bubbles from hydraulic brake system during fluid changes,Brakes,2025-09-08T16:30:56.000Z,2019,68ac2a8e3c73e23c655de052,classic
,Hero,,0.0,15,2025-09-04T17:45:19.000Z,Aerosol spray designed to clean carbon deposits from throttle body and plate,https://example.com/images/throttlecleaner_splendor_plus.jpg,Splendor Plus,Throttle Body Cleaner,8,220.0,budget,4.3,good,Chappal Bazar Road - Kachiguda,68ac2a8f3c73e23c655de054,17.38953,78.491245,Swathi Automobiles,throttle body cleaner splendor plus hero fuel intake aerosol spray designed to clean carbon deposits from throttle body and plate,Fuel & Intake,2025-09-21T11:45:47.000Z,2020,68ac2a8e3c73e23c655de052,modern
,Hero,,0.0,9,2025-09-08T11:20:49.000Z,Plastic or metal cover that protects rear sprocket from debris and chain slap,https://example.com/images/sprocketguard_splendor_plus.jpg,Splendor Plus,Rear Sprocket Guard,6,280.0,budget,4.2,good,RAMNAGAR COLONY PEERZADIGUDA UPPAL HYDERABAD,689d6959045c37933826818d,17.390358,78.606729,sai automobiles,rear sprocket guard splendor plus hero drivetrain plastic or metal cover that protects rear sprocket from debris and chain slap,Drivetrain,2025-09-22T09:38:05.000Z,2020,689d6959045c37933826818b,modern
,Hero,,0.0,11,2025-09-10T16:48:33.000Z,Rubber gasket that seals air filter housing to prevent unfiltered air leaks,https://example.com/images/housingseal_splendor_plus.jpg,Splendor Plus,Air Filter Housing Seal,7,95.0,budget,4.4,good,Chappal Bazar Road - Kachiguda,68ac2a8f3c73e23c655de054,17.38953,78.491245,Swathi Automobiles,air filter housing seal splendor plus hero air intake rubber gasket that seals air filter housing to prevent unfiltered air leaks,Air Intake,2025-09-13T20:26:18.000Z,2021,68ac2a8e3c73e23c655de052,modern
,Hero,,0.0,4,2025-09-12T12:05:24.000Z,Special holding tool that prevents clutch basket from turning during bolt removal,https://example.com/images/baskettool_splendor_plus.jpg,Splendor Plus,Clutch Basket Tool,4,480.0,mid-range,4.6,excellent,RAMNAGAR COLONY PEERZADIGUDA UPPAL HYDERABAD,689d6959045c37933826818d,17.390358,78.606729,sai automobiles,clutch basket tool splendor plus hero transmission special holding tool that prevents clutch basket from turning during bolt removal,Transmission,2025-09-16T15:49:59.000Z,2019,689d6959045c37933826818b,classic
,Hero,,0.0,5,2025-09-14T18:33:05.000Z,Steel bracket that secures oil cooler to frame or engine for optimal positioning,https://example.com/images/coolerbracket_splendor_plus.jpg,Splendor Plus,Oil Cooler Mounting Bracket,4,320.0,mid-range,4.5,excellent,RAMNAGAR COLONY PEERZADIGUDA UPPAL HYDERABAD,689d6959045c37933826818d,17.390358,78.606729,sai automobiles,oil cooler mounting bracket splendor plus hero cooling system steel bracket that secures oil cooler to frame or engine for optimal positioning,Cooling System,2025-09-18T13:17:39.000Z,2021,689d6959045c37933826818b,modern
,Hero,,0.0,6,2025-09-16T15:00:46.000Z,Electromagnetic switch that engages starter motor gear with engine flywheel,https://example.com/images/solenoid_splendor_plus.jpg,Splendor Plus,Starter Solenoid,5,550.0,mid-range,4.6,excellent,Chappal Bazar Road - Kachiguda,68ac2a8f3c73e23c655de054,17.38953,78.491245,Swathi Automobiles,starter solenoid splendor plus hero electrical electromagnetic switch that engages starter motor gear with engine flywheel,Electrical,2025-09-20T17:44:12.000Z,2020,68ac2a8e3c73e23c655de052,modern
,Hero,,0.0,14,2025-09-18T12:27:19.000Z,Rubber seal that prevents fuel vapor leaks and moisture ingress at tank cap,https://example.com/images/capgasket_splendor_plus.jpg,Splendor Plus,Fuel Tank Cap Gasket,9,65.0,budget,4.3,good,Chappal Bazar Road - Kachiguda,68ac2a8f3c73e23c655de054,17.38953,78.491245,Swathi Automobiles,fuel tank cap gasket splendor plus hero fuel intake rubber seal that prevents fuel vapor leaks and moisture ingress at tank cap,Fuel & Intake,2025-09-21T13:55:28.000Z,2019,68ac2a8e3c73e23c655de052,classic
,Hero,,0.0,18,2025-09-20T17:14:41.000Z,Adhesive specifically formulated to secure rubber grips to handlebar ends,https://example.com/images/gripglue_splendor_plus.jpg,Splendor Plus,Handlebar Grip Glue,10,85.0,budget,4.1,good,Chappal Bazar Road - Kachiguda,68ac2a8f3c73e23c655de054,17.38953,78.491245,Swathi Automobiles,handlebar grip glue splendor plus hero controls adhesive specifically formulated to secure rubber grips to handlebar ends,Controls,2025-09-22T09:03:20.000Z,2021,68ac2a8e3c73e23c655de052,modern
,Hero,,0.0,12,2025-09-22T06:39:30.000Z,Bracket or housing that secures brake light switch to brake lever assembly,https://example.com/images/switchmount_splendor_plus.jpg,Splendor Plus,Brake Light Switch Mount,8,120.0,budget,4.2,good,Chappal Bazar Road - Kachiguda,68ac2a8f3c73e23c655de054,17.38953,78.491245,Swathi Automobiles,brake light switch mount splendor plus hero electrical bracket or housing that secures brake light switch to brake lever assembly,Electrical,2025-09-22T06:39:30.000Z,2020,68ac2a8e3c73e23c655de052,modern
,Hero,,0.0,16,2025-08-18T15:44:13.000Z,Special grease or spray designed to lubricate inner clutch cable for smooth operation,https://example.com/images/cablelube_splendor_plus.jpg,Splendor Plus,Clutch Cable Lubricant,9,110.0,budget,4.3,good,Chappal Bazar Road - Kachiguda,68ac2a8f3c73e23c655de054,17.38953,78.491245,Swathi Automobiles,clutch cable lubricant splendor plus hero cables special grease or spray designed to lubricate inner clutch cable for smooth operation,Cables,2025-09-11T19:25:50.000Z,2021,68ac2a8e3c73e23c655de052,modern
,Hero,,0.0,8,2025-08-20T17:50:06.000Z,Plastic housing that contains and protects headlight switch mechanism,https://example.com/images/switchhousing_splendor_plus.jpg,Splendor Plus,Headlight Switch Housing,6,180.0,budget,4.4,good,Chappal Bazar Road - Kachiguda,68ac2a8f3c73e23c655de054,17.38953,78.491245,Swathi Automobiles,headlight switch housing splendor plus hero controls plastic housing that contains and protects headlight switch mechanism,Controls,2025-09-09T17:17:38.000Z,2019,68ac2a8e3c73e23c655de052,classic
,Hero,,0.0,6,2025-08-22T18:06:19.000Z,Metal or plastic arm with float that moves with fuel level to activate sensor,https://example.com/images/floatarm_splendor_plus.jpg,Splendor Plus,Fuel Level Sensor Float Arm,5,220.0,budget,4.5,excellent,RAMNAGAR COLONY PEERZADIGUDA UPPAL HYDERABAD,689d6959045c37933826818d,17.390358,78.606729,sai automobiles,fuel level sensor float arm splendor plus hero fuel intake metal or plastic arm with float that moves with fuel level to activate sensor,Fuel & Intake,2025-09-16T13:44:50.000Z,2021,689d6959045c37933826818b,modern
,Hero,,0.0,7,2025-08-24T13:24:54.000Z,Diagnostic tool that checks functionality of turn signal flasher relay,https://example.com/images/relaytester_splendor_plus.jpg,Splendor Plus,Turn Signal Relay Tester,6,280.0,budget,4.3,good,RAMNAGAR COLONY PEERZADIGUDA UPPAL HYDERABAD,689d6959045c37933826818d,17.390358,78.606729,sai automobiles,turn signal relay tester splendor plus hero electrical diagnostic tool that checks functionality of turn signal flasher relay,Electrical,2025-09-06T16:49:15.000Z,2020,689d6959045c37933826818b,modern
,Hero,,0.0,3,2025-08-26T19:03:25.000Z,Special compressor tool for safely removing or installing shock absorber springs,https://example.com/images/springtool_splendor_plus.jpg,Splendor Plus,Shock Absorber Spring Tool,3,520.0,mid-range,4.7,excellent,RAMNAGAR COLONY PEERZADIGUDA UPPAL HYDERABAD,689d6959045c37933826818d,17.390358,78.606729,sai automobiles,shock absorber spring tool splendor plus hero suspension special compressor tool for safely removing or installing shock absorber springs,Suspension,2025-09-19T13:27:50.000Z,2021,689d6959045c37933826818b,modern
,Hero,,0.0,4,2025-08-28T20:41:42.000Z,Tool for installing rivet-type master links that require peening for secure fit,https://example.com/images/rivettool_splendor_plus.jpg,Splendor Plus,Chain Master Link Rivet Tool,4,650.0,mid-range,4.6,excellent,RAMNAGAR COLONY PEERZADIGUDA UPPAL HYDERABAD,689d6959045c37933826818d,17.390358,78.606729,sai automobiles,chain master link rivet tool splendor plus hero drivetrain tool for installing rivet-type master links that require peening for secure fit,Drivetrain,2025-09-12T09:55:03.000Z,2021,689d6959045c37933826818b,modern
,TVS,,0.0,5,2025-08-30T10:17:14.000Z,Precision-machined seat that works with float needle to regulate fuel flow into bowl,https://example.com/images/needleseat_apache_rtr_160.jpg,Apache RTR 160,Carburetor Float Needle Seat,5,180.0,budget,4.2,good,Chappal Bazar Road - Kachiguda,68ac2a8f3c73e23c655de054,17.38953,78.491245,Swathi Automobiles,carburetor float needle seat apache rtr 160 tvs fuel intake precision-machined seat that works with float needle to regulate fuel flow into bowl,Fuel & Intake,2025-09-15T11:44:36.000Z,2019,68ac2a8e3c73e23c655de052,modern
,Bajaj,,0.0,6,2025-09-01T14:59:31.000Z,Diagnostic tool that verifies neutral switch is functioning correctly,https://example.com/images/neutraltester_pulsar_150.jpg,Pulsar 150,Neutral Switch Tester,4,320.0,mid-range,4.5,excellent,RAMNAGAR COLONY PEERZADIGUDA UPPAL HYDERABAD,689d6959045c37933826818d,17.390358,78.606729,sai automobiles,neutral switch tester pulsar 150 bajaj controls diagnostic tool that verifies neutral switch is functioning correctly,Controls,2025-09-14T19:10:57.000Z,2021,689d6959045c37933826818b,modern
,Hero,,0.0,8,2025-09-03T19:44:08.000Z,Tool that checks resistance and functionality of engine temperature sensor,https://example.com/images/temptester_splendor_plus.jpg,Splendor Plus,Engine Temperature Sensor Tester,5,280.0,budget,4.4,good,RAMNAGAR COLONY PEERZADIGUDA UPPAL HYDERABAD,689d6959045c37933826818d,17.390358,78.606729,sai automobiles,engine temperature sensor tester splendor plus hero cooling system tool that checks resistance and functionality of engine temperature sensor,Cooling System,2025-09-20T15:35:29.000Z,2020,689d6959045c37933826818b,modern
,Hero,,0.0,12,2025-09-05T10:33:46.000Z,Tool that measures remaining thickness of brake pad friction material,https://example.com/images/padgauge_splendor_plus.jpg,Splendor Plus,Brake Pad Thickness Gauge,7,180.0,budget,4.3,good,Chappal Bazar Road - Kachiguda,68ac2a8f3c73e23c655de054,17.38953,78.491245,Swathi Automobiles,brake pad thickness gauge splendor plus hero brakes tool that measures remaining thickness of brake pad friction material,Brakes,2025-09-18T17:28:35.000Z,2021,68ac2a8e3c73e23c655de052,modern
,Hero,,0.0,9,2025-09-07T16:55:19.000Z,Adjustable mechanism that changes distance from handlebar to clutch lever,https://example.com/images/reachadjuster_splendor_plus.jpg,Splendor Plus,Clutch Lever Reach Adjuster,6,220.0,budget,4.5,excellent,RAMNAGAR COLONY PEERZADIGUDA UPPAL HYDERABAD,689d6959045c37933826818d,17.390358,78.606729,sai automobiles,clutch lever reach adjuster splendor plus hero controls adjustable mechanism that changes distance from handlebar to clutch lever,Controls,2025-09-21T20:11:04.000Z,2020,689d6959045c37933826818b,modern
,Hero,,0.0,2,2025-09-09T12:20:33.000Z,Professional tool that measures fuel flow rate and spray pattern of injectors,https://example.com/images/flowtester_splendor_plus.jpg,Splendor Plus,Fuel Injector Flow Tester,2,1200.0,premium,4.8,excellent,RAMNAGAR COLONY PEERZADIGUDA UPPAL HYDERABAD,689d6959045c37933826818d,17.390358,78.606729,sai automobiles,fuel injector flow tester splendor plus hero fuel intake professional tool that measures fuel flow rate and spray pattern of injectors,Fuel & Intake,2025-09-22T12:44:17.000Z,2021,689d6959045c37933826818b,modern
,Hero,,0.0,5,2025-09-11T18:46:55.000Z,Device that helps properly align headlight beam for optimal road illumination,https://example.com/images/aimingtool_splendor_plus.jpg,Splendor Plus,Headlight Aiming Tool,4,450.0,mid-range,4.6,excellent,RAMNAGAR COLONY PEERZADIGUDA UPPAL HYDERABAD,689d6959045c37933826818d,17.390358,78.606729,sai automobiles,headlight aiming tool splendor plus hero lighting device that helps properly align headlight beam for optimal road illumination,Lighting,2025-09-22T10:59:43.000Z,2020,689d6959045c37933826818b,modern
,Hero,,0.0,1,2025-09-13T14:09:30.000Z,Professional diagnostic tool that measures exhaust gas composition for tuning,https://example.com/images/gasanalyzer_splendor_plus.jpg,Splendor Plus,Exhaust Gas Analyzer,2,3500.0,premium,4.9,excellent,Chappal Bazar Road - Kachiguda,68ac2a8f3c73e23c655de054,17.38953,78.491245,Swathi Automobiles,exhaust gas analyzer splendor plus hero exhaust professional diagnostic tool that measures exhaust gas composition for tuning,Exhaust,2025-09-22T08:17:16.000Z,2021,68ac2a8e3c73e23c655de052,modern
,Hero,,0.0,8,2025-09-15T15:31:16.000Z,Tool that verifies turn signal flasher unit is operating at correct frequency,https://example.com/images/flashtester_splendor_plus.jpg,Splendor Plus,Turn Signal Flasher Tester,6,240.0,budget,4.3,good,Chappal Bazar Road - Kachiguda,68ac2a8f3c73e23c655de054,17.38953,78.491245,Swathi Automobiles,turn signal flasher tester splendor plus hero electrical tool that verifies turn signal flasher unit is operating at correct frequency,Electrical,2025-09-21T16:55:09.000Z,2020,68ac2a8e3c73e23c655de052,modern
,Hero,,0.0,3,2025-09-17T09:53:04.000Z,Tool that measures shock absorber damping force and compression characteristics,https://example.com/images/compressiontester_splendor_plus.jpg,Splendor Plus,Shock Absorber Compression Tester,3,850.0,premium,4.7,excellent,RAMNAGAR COLONY PEERZADIGUDA UPPAL HYDERABAD,689d6959045c37933826818d,17.390358,78.606729,sai automobiles,shock absorber compression tester splendor plus hero suspension tool that measures shock absorber damping force and compression characteristics,Suspension,2025-09-22T11:10:15.000Z,2021,689d6959045c37933826818b,modern
,Hero,,0.0,10,2025-09-19T18:06:39.000Z,Tool that measures chain elongation to determine when replacement is needed,https://example.com/images/chainwear_splendor_plus.jpg,Splendor Plus,Chain Wear Indicator,7,160.0,budget,4.4,good,RAMNAGAR COLONY PEERZADIGUDA UPPAL HYDERABAD,689d6959045c37933826818d,17.390358,78.606729,sai automobiles,chain wear indicator splendor plus hero drivetrain tool that measures chain elongation to determine when replacement is needed,Drivetrain,2025-09-22T08:13:14.000Z,2020,689d6959045c37933826818b,modern
,TVS,,0.0,4,2025-09-21T12:44:53.000Z,Tool that balances vacuum pressure between multiple carburetor throats,https://example.com/images/synctool_apache_rtr_160.jpg,Apache RTR 160,Carburetor Synchronization Tool,4,750.0,premium,4.6,excellent,Chappal Bazar Road - Kachiguda,68ac2a8f3c73e23c655de054,17.38953,78.491245,Swathi Automobiles,carburetor synchronization tool apache rtr 160 tvs fuel intake tool that balances vacuum pressure between multiple carburetor throats,Fuel & Intake,2025-09-22T06:25:10.000Z,2019,68ac2a8e3c73e23c655de052,modern
,Hero,,0.0,6,2025-08-17T15:33:12.000Z,Cast iron drum with internal machining for smooth braking surface and heat dissipation,https://example.com/images/brakedrum_splendor_plus.jpg,Splendor Plus,Rear Brake Drum,5,850.0,budget,4.5,excellent,RAMNAGAR COLONY PEERZADIGUDA UPPAL HYDERABAD,689d6959045c37933826818d,17.390358,78.606729,sai automobiles,rear brake drum splendor plus hero brakes cast iron drum with internal machining for smooth braking surface and heat dissipation,Brakes,2025-09-11T18:42:05.000Z,2020,689d6959045c37933826818b,modern
,TVS,,0.0,8,2025-08-19T10:31:27.000Z,Dual-lip rubber seal designed to retain fork oil and exclude dirt and water,https://example.com/images/forkoilseal_apache_rtr_160.jpg,Apache RTR 160,Front Fork Oil Seal,7,180.0,budget,4.6,excellent,Chappal Bazar Road - Kachiguda,68ac2a8f3c73e23c655de054,17.38953,78.491245,Swathi Automobiles,front fork oil seal apache rtr 160 tvs suspension dual-lip rubber seal designed to retain fork oil and exclude dirt and water,Suspension,2025-09-07T14:04:19.000Z,2020,68ac2a8e3c73e23c655de052,modern
,Hero,,0.0,10,2025-08-21T18:04:33.000Z,Pre-lubricated inner wire with anti-friction liner for smooth throttle response,https://example.com/images/throttlecable_splendor_plus_v2.jpg,Splendor Plus,Accelerator Cable,9,110.0,budget,4.3,good,RAMNAGAR COLONY PEERZADIGUDA UPPAL HYDERABAD,689d6959045c37933826818d,17.390358,78.606729,sai automobiles,accelerator cable splendor plus hero cables pre-lubricated inner wire with anti-friction liner for smooth throttle response,Cables,2025-09-18T15:15:28.000Z,2021,689d6959045c37933826818b,modern
,Yamaha,,0.0,5,2025-08-23T09:42:15.000Z,Plug-and-play LED replacement with CANBUS compatibility to avoid error codes,https://example.com/images/ledheadlight_fz_s_fi.jpg,FZ-S FI,LED Headlight Bulb,6,320.0,mid-range,4.7,excellent,Chappal Bazar Road - Kachiguda,68ac2a8f3c73e23c655de054,17.38953,78.491245,Swathi Automobiles,led headlight bulb fz-s fi yamaha lighting plug-and-play led replacement with canbus compatibility to avoid error codes,Lighting,2025-09-02T16:53:51.000Z,2021,68ac2a8e3c73e23c655de052,modern
,Hero,,0.0,8,2025-08-25T15:29:44.000Z,Translucent plastic tank with level markings to monitor coolant volume and expansion,https://example.com/images/coolanttank_splendor_plus.jpg,Splendor Plus,Coolant Reservoir,8,220.0,budget,4.2,good,RAMNAGAR COLONY PEERZADIGUDA UPPAL HYDERABAD,689d6959045c37933826818d,17.390358,78.606729,sai automobiles,coolant reservoir splendor plus hero cooling system translucent plastic tank with level markings to monitor coolant volume and expansion,Cooling System,2025-09-20T11:35:22.000Z,2020,689d6959045c37933826818b,modern
,Hero,,0.0,4,2025-08-27T11:04:31.000Z,Ignition coil that transforms low voltage from battery to high voltage for spark plug,https://example.com/images/htcoil_splendor_plus.jpg,Splendor Plus,High-Tension Coil,4,450.0,mid-range,4.4,good,Chappal Bazar Road - Kachiguda,68ac2a8f3c73e23c655de054,17.38953,78.491245,Swathi Automobiles,high-tension coil splendor plus hero ignition ignition coil that transforms low voltage from battery to high voltage for spark plug,Ignition,2025-09-15T18:08:13.000Z,2019,68ac2a8e3c73e23c655de052,classic
,Bajaj,,0.0,9,2025-08-29T14:28:55.000Z,Nylon roller that guides chain and reduces friction and noise during operation,https://example.com/images/rollerguide_pulsar_150.jpg,Pulsar 150,Chain Roller Guide,6,150.0,budget,4.5,excellent,RAMNAGAR COLONY PEERZADIGUDA UPPAL HYDERABAD,689d6959045c37933826818d,17.390358,78.606729,sai automobiles,chain roller guide pulsar 150 bajaj drivetrain nylon roller that guides chain and reduces friction and noise during operation,Drivetrain,2025-09-10T12:59:07.000Z,2018,689d6959045c37933826818b,classic
,Hero,,0.0,12,2025-08-31T18:53:19.000Z,Foldable rear footpeg with rubber insert for passenger comfort and safety,https://example.com/images/passengerpeg_splendor_plus.jpg,Splendor Plus,Passenger Footpeg,7,180.0,budget,4.3,good,Chappal Bazar Road - Kachiguda,68ac2a8f3c73e23c655de054,17.38953,78.491245,Swathi Automobiles,passenger footpeg splendor plus hero frame footrests foldable rear footpeg with rubber insert for passenger comfort and safety,Frame & Footrests,2025-09-19T10:12:21.000Z,2021,68ac2a8e3c73e23c655de052,modern
,TVS,,0.0,5,2025-09-02T11:25:44.000Z,Needle and seat assembly that regulates fuel level in the float bowl,https://example.com/images/floatvalve_apache_rtr_160.jpg,Apache RTR 160,Carburetor Float Valve,5,120.0,budget,4.1,good,RAMNAGAR COLONY PEERZADIGUDA UPPAL HYDERABAD,689d6959045c37933826818d,17.390358,78.606729,sai automobiles,carburetor float valve apache rtr 160 tvs fuel intake needle and seat assembly that regulates fuel level in the float bowl,Fuel & Intake,2025-09-08T15:28:55.000Z,2019,689d6959045c37933826818b,modern
,Hero,,0.0,3,2025-09-04T16:43:19.000Z,Stainless steel pipe that channels exhaust gases from cylinder head to muffler,https://example.com/images/header_splendor_plus.jpg,Splendor Plus,Exhaust Header Pipe,3,950.0,mid-range,4.6,excellent,Chappal Bazar Road - Kachiguda,68ac2a8f3c73e23c655de054,17.38953,78.491245,Swathi Automobiles,exhaust header pipe splendor plus hero exhaust stainless steel pipe that channels exhaust gases from cylinder head to muffler,Exhaust,2025-09-21T10:54:46.000Z,2020,68ac2a8e3c73e23c655de052,modern
,Yamaha,,0.0,15,2025-09-06T12:58:06.000Z,Plastic or metal bracket that secures the battery in place to prevent movement,https://example.com/images/batteryclamp_fz_s.jpg,FZ-S,Battery Hold-Down Clamp,10,90.0,budget,4.2,good,Chappal Bazar Road - Kachiguda,68ac2a8f3c73e23c655de054,17.38953,78.491245,Swathi Automobiles,battery hold-down clamp fz-s yamaha electrical plastic or metal bracket that secures the battery in place to prevent movement,Electrical,2025-09-17T14:09:31.000Z,2020,68ac2a8e3c73e23c655de052,modern
,Bajaj,,0.0,4,2025-09-08T10:19:48.000Z,Steel pressure plate that works with clutch springs to engage/disengage clutch,https://example.com/images/springplate_pulsar_150.jpg,Pulsar 150,Clutch Spring Plate,4,320.0,mid-range,4.5,excellent,RAMNAGAR COLONY PEERZADIGUDA UPPAL HYDERABAD,689d6959045c37933826818d,17.390358,78.606729,sai automobiles,clutch spring plate pulsar 150 bajaj transmission steel pressure plate that works with clutch springs to engage/disengage clutch,Transmission,2025-09-22T08:37:04.000Z,2021,689d6959045c37933826818b,modern
,Hero,,0.0,10,2025-09-10T15:47:32.000Z,Replaceable paper or foam element that traps contaminants from incoming air,https://example.com/images/airelement_splendor_plus.jpg,Splendor Plus,Air Filter Element,8,150.0,budget,4.7,excellent,Chappal Bazar Road - Kachiguda,68ac2a8f3c73e23c655de054,17.38953,78.491245,Swathi Automobiles,air filter element splendor plus hero filters replaceable paper or foam element that traps contaminants from incoming air,Filters,2025-09-13T19:25:17.000Z,2021,68ac2a8e3c73e23c655de052,modern
,Yamaha,,0.0,6,2025-09-12T11:04:23.000Z,Small plastic or metal gear driven by front wheel to rotate speedometer cable,https://example.com/images/drivegear_fz_s.jpg,FZ-S,Speedometer Drive Gear,6,220.0,budget,4.1,good,RAMNAGAR COLONY PEERZADIGUDA UPPAL HYDERABAD,689d6959045c37933826818d,17.390358,78.606729,sai automobiles,speedometer drive gear fz-s yamaha instrumentation small plastic or metal gear driven by front wheel to rotate speedometer cable,Instrumentation,2025-09-16T14:48:59.000Z,2018,689d6959045c37933826818b,classic
,Bajaj,,0.0,7,2025-09-14T17:32:04.000Z,Rubber or polyurethane bushing that allows smooth swingarm movement while reducing noise,https://example.com/images/pivotbushing_pulsar_150.jpg,Pulsar 150,Swingarm Pivot Bushing,5,220.0,budget,4.4,good,RAMNAGAR COLONY PEERZADIGUDA UPPAL HYDERABAD,689d6959045c37933826818d,17.390358,78.606729,sai automobiles,swingarm pivot bushing pulsar 150 bajaj frame suspension rubber or polyurethane bushing that allows smooth swingarm movement while reducing noise,Frame & Suspension,2025-09-18T12:16:38.000Z,2020,689d6959045c37933826818b,modern
,Hero,,0.0,3,2025-09-16T13:59:45.000Z,Converts AC from stator to DC and regulates voltage to protect battery and electronics,https://example.com/images/regulator_splendor_plus.jpg,Splendor Plus,Regulator Rectifier,4,750.0,mid-range,4.6,excellent,Chappal Bazar Road - Kachiguda,68ac2a8f3c73e23c655de054,17.38953,78.491245,Swathi Automobiles,regulator rectifier splendor plus hero electrical converts ac from stator to dc and regulates voltage to protect battery and electronics,Electrical,2025-09-20T16:43:11.000Z,2021,68ac2a8e3c73e23c655de052,modern
,Hero,,0.0,2,2025-09-18T11:26:18.000Z,Maintains consistent fuel pressure to injectors for optimal engine performance,https://example.com/images/fuelpressure_splendor_plus.jpg,Splendor Plus,Fuel Pressure Regulator,3,1100.0,mid-range,4.8,excellent,RAMNAGAR COLONY PEERZADIGUDA UPPAL HYDERABAD,689d6959045c37933826818d,17.390358,78.606729,sai automobiles,fuel pressure regulator splendor plus hero fuel intake maintains consistent fuel pressure to injectors for optimal engine performance,Fuel & Intake,2025-09-21T12:54:27.000Z,2021,689d6959045c37933826818b,modern
,TVS,,0.0,5,2025-09-20T16:13:40.000Z,Upper and lower triple clamp that secures handlebar and forks to the frame,https://example.com/images/handleclamp_apache_rtr_160.jpg,Apache RTR 160,Handlebar Clamp,5,280.0,mid-range,4.3,good,Chappal Bazar Road - Kachiguda,68ac2a8f3c73e23c655de054,17.38953,78.491245,Swathi Automobiles,handlebar clamp apache rtr 160 tvs controls upper and lower triple clamp that secures handlebar and forks to the frame,Controls,2025-09-22T08:02:19.000Z,2020,68ac2a8e3c73e23c655de052,modern
,Hero,,0.0,8,2025-09-22T05:38:29.000Z,Hardened steel wrist pin that connects piston to connecting rod,https://example.com/images/pistonpin_splendor_plus.jpg,Splendor Plus,Piston Pin,6,350.0,budget,4.7,excellent,RAMNAGAR COLONY PEERZADIGUDA UPPAL HYDERABAD,689d6959045c37933826818d,17.390358,78.606729,sai automobiles,piston pin splendor plus hero engine top end hardened steel wrist pin that connects piston to connecting rod,Engine & Top End,2025-09-22T05:38:29.000Z,2020,689d6959045c37933826818b,modern
,Hero,,0.0,14,2025-08-18T14:43:12.000Z,Coil spring that ensures throttle grip returns to idle position when released,https://example.com/images/returnspring_splendor_plus.jpg,Splendor Plus,Throttle Return Spring,9,45.0,budget,4.2,good,Chappal Bazar Road - Kachiguda,68ac2a8f3c73e23c655de054,17.38953,78.491245,Swathi Automobiles,throttle return spring splendor plus hero cables coil spring that ensures throttle grip returns to idle position when released,Cables,2025-09-11T18:24:49.000Z,2019,68ac2a8e3c73e23c655de052,classic
,Hero,,0.0,6,2025-08-20T11:06:38.000Z,Wide-angle mirror with convex glass for improved rearward visibility,https://example.com/images/convexmirror_splendor_plus.jpg,Splendor Plus,Convex Rear View Mirror,5,180.0,budget,4.5,excellent,RAMNAGAR COLONY PEERZADIGUDA UPPAL HYDERABAD,689d6959045c37933826818d,17.390358,78.606729,sai automobiles,convex rear view mirror splendor plus hero controls wide-angle mirror with convex glass for improved rearward visibility,Controls,2025-09-09T13:39:23.000Z,2021,689d6959045c37933826818b,modern
,Hero,,0.0,18,2025-08-22T16:54:09.000Z,Screw-on cap with rubber gasket to seal oil fill port and prevent leaks,https://example.com/images/oilcap_splendor_plus_v2.jpg,Splendor Plus,Engine Oil Filler Cap,12,75.0,budget,4.1,good,Chappal Bazar Road - Kachiguda,68ac2a8f3c73e23c655de054,17.38953,78.491245,Swathi Automobiles,engine oil filler cap splendor plus hero engine top end screw-on cap with rubber gasket to seal oil fill port and prevent leaks,Engine & Top End,2025-09-17T10:05:37.000Z,2020,68ac2a8e3c73e23c655de052,modern
,Hero,,0.0,12,2025-08-24T12:23:56.000Z,Threaded bolt used to adjust rear wheel position for proper chain tension,https://example.com/images/adjusterbolt_splendor_plus.jpg,Splendor Plus,Chain Adjuster Bolt,8,90.0,budget,4.4,good,RAMNAGAR COLONY PEERZADIGUDA UPPAL HYDERABAD,689d6959045c37933826818d,17.390358,78.606729,sai automobiles,chain adjuster bolt splendor plus hero drivetrain threaded bolt used to adjust rear wheel position for proper chain tension,Drivetrain,2025-09-06T15:48:14.000Z,2021,689d6959045c37933826818b,modern
,Hero,,0.0,7,2025-08-26T18:02:24.000Z,Steel cable that connects seat lock mechanism to key-operated lock,https://example.com/images/seatcable_splendor_plus.jpg,Splendor Plus,Seat Lock Cable,6,150.0,budget,4.3,good,Chappal Bazar Road - Kachiguda,68ac2a8f3c73e23c655de054,17.38953,78.491245,Swathi Automobiles,seat lock cable splendor plus hero comfort steel cable that connects seat lock mechanism to key-operated lock,Comfort,2025-09-19T12:26:49.000Z,2020,68ac2a8e3c73e23c655de052,modern
,Hero,,0.0,4,2025-08-28T19:40:41.000Z,Electrical connector that links TPS to the engine wiring harness,https://example.com/images/tpsconnector_splendor_plus.jpg,Splendor Plus,Throttle Position Sensor Connector,4,220.0,budget,4.7,excellent,RAMNAGAR COLONY PEERZADIGUDA UPPAL HYDERABAD,689d6959045c37933826818d,17.390358,78.606729,sai automobiles,throttle position sensor connector splendor plus hero fuel intake electrical connector that links tps to the engine wiring harness,Fuel & Intake,2025-09-12T08:54:02.000Z,2021,689d6959045c37933826818b,modern
,Hero,,0.0,16,2025-08-30T09:16:13.000Z,Small spring that holds brake shoes in place and returns them after braking,https://example.com/images/shoespring_splendor_plus.jpg,Splendor Plus,Rear Brake Shoe Spring,11,40.0,budget,4.2,good,Chappal Bazar Road - Kachiguda,68ac2a8f3c73e23c655de054,17.38953,78.491245,Swathi Automobiles,rear brake shoe spring splendor plus hero brakes small spring that holds brake shoes in place and returns them after braking,Brakes,2025-09-15T10:43:35.000Z,2018,68ac2a8e3c73e23c655de052,classic
,Hero,,0.0,8,2025-09-01T13:58:30.000Z,High-tensile bolt used to secure engine to frame with proper torque specification,https://example.com/images/mountbolt_splendor_plus.jpg,Splendor Plus,Engine Mounting Bolt,5,120.0,budget,4.6,excellent,RAMNAGAR COLONY PEERZADIGUDA UPPAL HYDERABAD,689d6959045c37933826818d,17.390358,78.606729,sai automobiles,engine mounting bolt splendor plus hero engine top end high-tensile bolt used to secure engine to frame with proper torque specification,Engine & Top End,2025-09-14T18:09:56.000Z,2020,689d6959045c37933826818b,modern
,Hero,,0.0,10,2025-09-03T18:43:07.000Z,Outer casing that protects and guides the inner clutch cable,https://example.com/images/cablehousing_splendor_plus.jpg,Splendor Plus,Clutch Cable Housing,8,110.0,budget,4.1,good,Chappal Bazar Road - Kachiguda,68ac2a8f3c73e23c655de054,17.38953,78.491245,Swathi Automobiles,clutch cable housing splendor plus hero controls outer casing that protects and guides the inner clutch cable,Controls,2025-09-20T14:35:28.000Z,2019,68ac2a8e3c73e23c655de052,classic
,Hero,,0.0,14,2025-09-05T09:32:45.000Z,Plastic socket that holds and electrically connects the headlight bulb,https://example.com/images/bulbsocket_splendor_plus.jpg,Splendor Plus,Headlight Bulb Socket,7,85.0,budget,4.5,excellent,RAMNAGAR COLONY PEERZADIGUDA UPPAL HYDERABAD,689d6959045c37933826818d,17.390358,78.606729,sai automobiles,headlight bulb socket splendor plus hero electrical plastic socket that holds and electrically connects the headlight bulb,Electrical,2025-09-18T16:27:34.000Z,2021,689d6959045c37933826818b,modern
,Hero,,0.0,9,2025-09-07T15:54:18.000Z,Metal bracket that secures exhaust system to the frame or engine,https://example.com/images/exhaustbracket_splendor_plus.jpg,Splendor Plus,Exhaust Mounting Bracket,6,160.0,budget,4.3,good,Chappal Bazar Road - Kachiguda,68ac2a8f3c73e23c655de054,17.38953,78.491245,Swathi Automobiles,exhaust mounting bracket splendor plus hero exhaust metal bracket that secures exhaust system to the frame or engine,Exhaust,2025-09-21T19:10:03.000Z,2020,68ac2a8e3c73e23c655de052,modern
,Hero,,0.0,5,2025-09-09T11:19:32.000Z,Floating arm with magnet that moves with fuel level to send signal to gauge,https://example.com/images/sensorfloat_splendor_plus.jpg,Splendor Plus,Fuel Level Sensor Float,4,180.0,budget,4.4,good,RAMNAGAR COLONY PEERZADIGUDA UPPAL HYDERABAD,689d6959045c37933826818d,17.390358,78.606729,sai automobiles,fuel level sensor float splendor plus hero fuel intake floating arm with magnet that moves with fuel level to send signal to gauge,Fuel & Intake,2025-09-22T11:43:16.000Z,2021,689d6959045c37933826818b,modern
,Hero,,0.0,6,2025-09-11T17:45:54.000Z,Electronic module that controls the flashing rate of turn signal lights,https://example.com/images/flasher_splendor_plus.jpg,Splendor Plus,Turn Signal Flasher Unit,5,240.0,budget,4.3,good,Chappal Bazar Road - Kachiguda,68ac2a8f3c73e23c655de054,17.38953,78.491245,Swathi Automobiles,turn signal flasher unit splendor plus hero electrical electronic module that controls the flashing rate of turn signal lights,Electrical,2025-09-22T09:58:42.000Z,2020,68ac2a8e3c73e23c655de052,modern
,Hero,,0.0,11,2025-09-13T13:08:29.000Z,Rubber bushing that isolates shock absorber from frame to reduce vibration transfer,https://example.com/images/shockbushing_splendor_plus.jpg,Splendor Plus,Shock Absorber Bushing,7,85.0,budget,4.2,good,RAMNAGAR COLONY PEERZADIGUDA UPPAL HYDERABAD,689d6959045c37933826818d,17.390358,78.606729,sai automobiles,shock absorber bushing splendor plus hero suspension rubber bushing that isolates shock absorber from frame to reduce vibration transfer,Suspension,2025-09-22T07:36:40.000Z,2021,689d6959045c37933826818b,modern
,Hero,,0.0,13,2025-09-15T14:30:15.000Z,Coil spring that applies tension to chain tensioner for automatic slack adjustment,https://example.com/images/tensionerspring_splendor_plus.jpg,Splendor Plus,Chain Tensioner Spring,6,65.0,budget,4.1,good,RAMNAGAR COLONY PEERZADIGUDA UPPAL HYDERABAD,689d6959045c37933826818d,17.390358,78.606729,sai automobiles,chain tensioner spring splendor plus hero drivetrain coil spring that applies tension to chain tensioner for automatic slack adjustment,Drivetrain,2025-09-21T15:54:08.000Z,2020,689d6959045c37933826818b,modern
,Hero,,0.0,8,2025-09-17T08:52:03.000Z,Plunger mechanism that enriches fuel mixture during cold engine start,https://example.com/images/chokeplunger_splendor_plus.jpg,Splendor Plus,Carburetor Choke Plunger,5,95.0,budget,4.0,good,Chappal Bazar Road - Kachiguda,68ac2a8f3c73e23c655de054,17.38953,78.491245,Swathi Automobiles,carburetor choke plunger splendor plus hero fuel intake plunger mechanism that enriches fuel mixture during cold engine start,Fuel & Intake,2025-09-22T10:29:14.000Z,2019,68ac2a8e3c73e23c655de052,classic
,Hero,,0.0,7,2025-09-19T17:05:38.000Z,Small rubber or paper gasket that seals neutral switch to transmission case,https://example.com/images/neutralgasket_splendor_plus.jpg,Splendor Plus,Neutral Switch Gasket,3,55.0,budget,4.6,excellent,RAMNAGAR COLONY PEERZADIGUDA UPPAL HYDERABAD,689d6959045c37933826818d,17.390358,78.606729,sai automobiles,neutral switch gasket splendor plus hero controls small rubber or paper gasket that seals neutral switch to transmission case,Controls,2025-09-22T07:12:13.000Z,2021,689d6959045c37933826818b,modern
,Hero,,0.0,6,2025-09-21T11:43:52.000Z,Weatherproof electrical connector for engine temperature sensor,https://example.com/images/tempconnector_splendor_plus.jpg,Splendor Plus,Engine Temperature Sensor Connector,4,110.0,budget,4.5,excellent,RAMNAGAR COLONY PEERZADIGUDA UPPAL HYDERABAD,689d6959045c37933826818d,17.390358,78.606729,sai automobiles,engine temperature sensor connector splendor plus hero cooling system weatherproof electrical connector for engine temperature sensor,Cooling System,2025-09-22T06:05:09.000Z,2020,689d6959045c37933826818b,modern
,Hero,,0.0,20,2025-08-17T15:32:24.000Z,Small metal clip that prevents brake pads from rattling in the caliper,https://example.com/images/padclip_splendor_plus.jpg,Splendor Plus,Brake Pad Retaining Clip,9,25.0,budget,4.1,good,Chappal Bazar Road - Kachiguda,68ac2a8f3c73e23c655de054,17.38953,78.491245,Swathi Automobiles,brake pad retaining clip splendor plus hero brakes small metal clip that prevents brake pads from rattling in the caliper,Brakes,2025-09-10T14:46:48.000Z,2021,68ac2a8e3c73e23c655de052,modern
,Hero,,0.0,8,2025-08-19T09:54:16.000Z,Steel pin that allows clutch lever to rotate smoothly on its perch,https://example.com/images/leverpin_splendor_plus.jpg,Splendor Plus,Clutch Lever Pivot Pin,4,70.0,budget,4.4,good,RAMNAGAR COLONY PEERZADIGUDA UPPAL HYDERABAD,689d6959045c37933826818d,17.390358,78.606729,sai automobiles,clutch lever pivot pin splendor plus hero controls steel pin that allows clutch lever to rotate smoothly on its perch,Controls,2025-09-16T12:28:27.000Z,2020,689d6959045c37933826818b,modern
,Hero,,0.0,12,2025-08-21T14:16:09.000Z,Sealed electrical connector that links fuel injector to wiring harness,https://example.com/images/injectorconnector_splendor_plus.jpg,Splendor Plus,Fuel Injector Connector,6,95.0,budget,4.3,good,Chappal Bazar Road - Kachiguda,68ac2a8f3c73e23c655de054,17.38953,78.491245,Swathi Automobiles,fuel injector connector splendor plus hero fuel intake sealed electrical connector that links fuel injector to wiring harness,Fuel & Intake,2025-09-07T17:59:55.000Z,2021,68ac2a8e3c73e23c655de052,modern
,Bajaj,,0.0,5,2025-08-23T18:48:33.000Z,Electromagnetic sensor that detects rotation of toothed ABS ring for wheel speed,https://example.com/images/abssensorwheel_pulsar_150.jpg,Pulsar 150,ABS Wheel Speed Sensor,4,550.0,mid-range,4.5,excellent,RAMNAGAR COLONY PEERZADIGUDA UPPAL HYDERABAD,689d6959045c37933826818d,17.390358,78.606729,sai automobiles,abs wheel speed sensor pulsar 150 bajaj brakes electromagnetic sensor that detects rotation of toothed abs ring for wheel speed,Brakes,2025-09-12T10:16:22.000Z,2021,689d6959045c37933826818b,modern
,Hero,,0.0,7,2025-08-25T12:30:19.000Z,Transparent plastic reservoir with level markings for brake fluid,https://example.com/images/fluidreservoir_splendor_plus.jpg,Splendor Plus,Brake Fluid Reservoir,5,320.0,budget,4.4,good,Chappal Bazar Road - Kachiguda,68ac2a8f3c73e23c655de054,17.38953,78.491245,Swathi Automobiles,brake fluid reservoir splendor plus hero brakes transparent plastic reservoir with level markings for brake fluid,Brakes,2025-09-18T13:42:07.000Z,2019,68ac2a8e3c73e23c655de052,classic
,Hero,,0.0,4,2025-08-27T16:03:06.000Z,Butterfly valve inside throttle body that controls airflow into engine,https://example.com/images/throttleplate_splendor_plus.jpg,Splendor Plus,Throttle Body Throttle Plate,3,450.0,mid-range,4.6,excellent,Chappal Bazar Road - Kachiguda,68ac2a8f3c73e23c655de054,17.38953,78.491245,Swathi Automobiles,throttle body throttle plate splendor plus hero fuel intake butterfly valve inside throttle body that controls airflow into engine,Fuel & Intake,2025-09-20T15:24:18.000Z,2020,68ac2a8e3c73e23c655de052,modern
,Hero,,0.0,3,2025-08-29T10:36:44.000Z,Hydraulic piston inside caliper that pushes brake pads against rotor,https://example.com/images/caliperpiston_splendor_plus.jpg,Splendor Plus,Front Brake Caliper Piston,3,650.0,mid-range,4.8,excellent,RAMNAGAR COLONY PEERZADIGUDA UPPAL HYDERABAD,689d6959045c37933826818d,17.390358,78.606729,sai automobiles,front brake caliper piston splendor plus hero brakes hydraulic piston inside caliper that pushes brake pads against rotor,Brakes,2025-09-21T18:05:53.000Z,2021,689d6959045c37933826818b,modern
,Hero,,0.0,15,2025-08-31T14:59:27.000Z,Locking nut that secures rear sprocket to wheel hub,https://example.com/images/sprocketnut_splendor_plus.jpg,Splendor Plus,Rear Sprocket Nut,6,45.0,budget,4.4,good,Chappal Bazar Road - Kachiguda,68ac2a8f3c73e23c655de054,17.38953,78.491245,Swathi Automobiles,rear sprocket nut splendor plus hero drivetrain locking nut that secures rear sprocket to wheel hub,Drivetrain,2025-09-13T11:40:39.000Z,2020,68ac2a8e3c73e23c655de052,modern
,Hero,,0.0,10,2025-09-02T18:12:12.000Z,Wire or screw-type clamp that secures air filter housing to carburetor or intake,https://example.com/images/housingclamp_splendor_plus.jpg,Splendor Plus,Air Filter Housing Clamp,5,85.0,budget,4.3,good,RAMNAGAR COLONY PEERZADIGUDA UPPAL HYDERABAD,689d6959045c37933826818d,17.390358,78.606729,sai automobiles,air filter housing clamp splendor plus hero air intake wire or screw-type clamp that secures air filter housing to carburetor or intake,Air Intake,2025-09-17T08:49:05.000Z,2021,689d6959045c37933826818b,modern
,Bajaj,,0.0,6,2025-09-04T11:45:28.000Z,Small springs inside clutch basket that help dampen drivetrain shocks,https://example.com/images/basketspring_pulsar_150.jpg,Pulsar 150,Clutch Basket Spring,4,180.0,budget,4.7,excellent,RAMNAGAR COLONY PEERZADIGUDA UPPAL HYDERABAD,689d6959045c37933826818d,17.390358,78.606729,sai automobiles,clutch basket spring pulsar 150 bajaj transmission small springs inside clutch basket that help dampen drivetrain shocks,Transmission,2025-09-19T11:03:26.000Z,2019,689d6959045c37933826818b,classic
,Hero,,0.0,4,2025-09-06T16:58:53.000Z,Reinforced rubber hose that carries engine oil to and from oil cooler,https://example.com/images/oilhose_splendor_plus.jpg,Splendor Plus,Oil Cooler Hose,3,380.0,mid-range,4.9,excellent,RAMNAGAR COLONY PEERZADIGUDA UPPAL HYDERABAD,689d6959045c37933826818d,17.390358,78.606729,sai automobiles,oil cooler hose splendor plus hero cooling system reinforced rubber hose that carries engine oil to and from oil cooler,Cooling System,2025-09-22T12:43:20.000Z,2021,689d6959045c37933826818b,modern
,Hero,,0.0,5,2025-09-08T20:22:39.000Z,High-current relay that activates starter motor when ignition switch is turned,https://example.com/images/starterrelay_splendor_plus.jpg,Splendor Plus,Starter Relay,5,420.0,mid-range,4.5,excellent,Chappal Bazar Road - Kachiguda,68ac2a8f3c73e23c655de054,17.38953,78.491245,Swathi Automobiles,starter relay splendor plus hero electrical high-current relay that activates starter motor when ignition switch is turned,Electrical,2025-09-21T09:38:47.000Z,2020,68ac2a8e3c73e23c655de052,modern
,Hero,,0.0,14,2025-09-10T12:46:25.000Z,Rubber hose that allows fuel tank to vent pressure and prevent vapor lock,https://example.com/images/venthose_splendor_plus.jpg,Splendor Plus,Fuel Tank Vent Hose,8,95.0,budget,4.2,good,Chappal Bazar Road - Kachiguda,68ac2a8f3c73e23c655de054,17.38953,78.491245,Swathi Automobiles,fuel tank vent hose splendor plus hero fuel intake rubber hose that allows fuel tank to vent pressure and prevent vapor lock,Fuel & Intake,2025-09-15T18:54:10.000Z,2019,68ac2a8e3c73e23c655de052,classic
,Hero,,0.0,18,2025-09-12T16:09:12.000Z,Plastic or metal cap that covers end of handlebar for safety and aesthetics,https://example.com/images/endcap_splendor_plus.jpg,Splendor Plus,Handlebar End Cap,7,60.0,budget,4.3,good,Chappal Bazar Road - Kachiguda,68ac2a8f3c73e23c655de054,17.38953,78.491245,Swathi Automobiles,handlebar end cap splendor plus hero controls plastic or metal cap that covers end of handlebar for safety and aesthetics,Controls,2025-09-22T13:43:04.000Z,2021,68ac2a8e3c73e23c655de052,modern
,Hero,,0.0,12,2025-09-14T10:54:28.000Z,Socket and housing that holds and powers the brake light bulb,https://example.com/images/brakebulbholder_splendor_plus.jpg,Splendor Plus,Brake Light Bulb Holder,8,75.0,budget,4.1,good,Chappal Bazar Road - Kachiguda,68ac2a8f3c73e23c655de054,17.38953,78.491245,Swathi Automobiles,brake light bulb holder splendor plus hero electrical socket and housing that holds and powers the brake light bulb,Electrical,2025-09-22T08:26:15.000Z,2020,68ac2a8e3c73e23c655de052,modern
,Hero,,0.0,22,2025-09-16T14:38:46.000Z,Locking nut that secures clutch cable adjustment setting,https://example.com/images/adjusternut_splendor_plus.jpg,Splendor Plus,Clutch Cable Adjuster Nut,10,35.0,budget,4.0,good,Chappal Bazar Road - Kachiguda,68ac2a8f3c73e23c655de054,17.38953,78.491245,Swathi Automobiles,clutch cable adjuster nut splendor plus hero cables locking nut that secures clutch cable adjustment setting,Cables,2025-09-21T17:02:29.000Z,2021,68ac2a8e3c73e23c655de052,modern
,Hero,,0.0,16,2025-09-18T10:11:34.000Z,Decorative trim ring that surrounds the headlight switch,https://example.com/images/switchbezel_splendor_plus.jpg,Splendor Plus,Headlight Switch Bezel,7,90.0,budget,4.3,good,Chappal Bazar Road - Kachiguda,68ac2a8f3c73e23c655de054,17.38953,78.491245,Swathi Automobiles,headlight switch bezel splendor plus hero controls decorative trim ring that surrounds the headlight switch,Controls,2025-09-22T07:54:58.000Z,2019,68ac2a8e3c73e23c655de052,classic
,Hero,,0.0,5,2025-09-20T13:25:22.000Z,Wiring harness segment that connects fuel level sensor to instrument cluster,https://example.com/images/sensorwiring_splendor_plus.jpg,Splendor Plus,Fuel Level Sensor Wiring,4,210.0,budget,4.5,excellent,RAMNAGAR COLONY PEERZADIGUDA UPPAL HYDERABAD,689d6959045c37933826818d,17.390358,78.606729,sai automobiles,fuel level sensor wiring splendor plus hero fuel intake wiring harness segment that connects fuel level sensor to instrument cluster,Fuel & Intake,2025-09-22T06:54:40.000Z,2021,689d6959045c37933826818b,modern
,Bajaj,,0.0,6,2025-09-22T04:43:16.000Z,Handlebar-mounted switch that activates left and right turn signals,https://example.com/images/signalswitch_pulsar_150.jpg,Pulsar 150,Turn Signal Switch,6,380.0,mid-range,4.3,good,Chappal Bazar Road - Kachiguda,68ac2a8f3c73e23c655de054,17.38953,78.491245,Swathi Automobiles,turn signal switch pulsar 150 bajaj controls handlebar-mounted switch that activates left and right turn signals,Controls,2025-09-22T04:43:16.000Z,2021,68ac2a8e3c73e23c655de052,modern
,Bajaj,,0.0,4,2025-08-18T11:36:39.000Z,Knob or screw that allows rider to adjust damping characteristics of shock,https://example.com/images/reboundadjust_pulsar_150.jpg,Pulsar 150,Shock Absorber Rebound Adjuster,5,850.0,mid-range,4.2,good,RAMNAGAR COLONY PEERZADIGUDA UPPAL HYDERABAD,689d6959045c37933826818d,17.390358,78.606729,sai automobiles,shock absorber rebound adjuster pulsar 150 bajaj suspension knob or screw that allows rider to adjust damping characteristics of shock,Suspension,2025-09-11T10:08:23.000Z,2020,689d6959045c37933826818b,modern
,Bajaj,,0.0,25,2025-08-20T16:49:05.000Z,Small steel clip that secures master link pin in place on drive chain,https://example.com/images/linkclip_pulsar_150.jpg,Pulsar 150,Chain Master Link Clip,8,50.0,budget,4.1,good,RAMNAGAR COLONY PEERZADIGUDA UPPAL HYDERABAD,689d6959045c37933826818d,17.390358,78.606729,sai automobiles,chain master link clip pulsar 150 bajaj drivetrain small steel clip that secures master link pin in place on drive chain,Drivetrain,2025-09-09T16:16:37.000Z,2021,689d6959045c37933826818b,modern
,TVS,,0.0,10,2025-08-22T13:05:18.000Z,Adjustment screw that controls engine idle speed by regulating air/fuel mixture,https://example.com/images/idlescrew_apache_rtr_160.jpg,Apache RTR 160,Carburetor Idle Screw,7,80.0,budget,4.0,good,Chappal Bazar Road - Kachiguda,68ac2a8f3c73e23c655de054,17.38953,78.491245,Swathi Automobiles,carburetor idle screw apache rtr 160 tvs fuel intake adjustment screw that controls engine idle speed by regulating air/fuel mixture,Fuel & Intake,2025-09-16T11:43:49.000Z,2019,68ac2a8e3c73e23c655de052,classic
,Bajaj,,0.0,7,2025-08-24T17:54:53.000Z,Short wiring harness that connects neutral switch to indicator light and ECU,https://example.com/images/neutralwiring_pulsar_150.jpg,Pulsar 150,Neutral Switch Wiring,4,190.0,budget,4.6,excellent,RAMNAGAR COLONY PEERZADIGUDA UPPAL HYDERABAD,689d6959045c37933826818d,17.390358,78.606729,sai automobiles,neutral switch wiring pulsar 150 bajaj controls short wiring harness that connects neutral switch to indicator light and ecu,Controls,2025-09-13T18:32:06.000Z,2021,689d6959045c37933826818b,modern
,Bajaj,,0.0,9,2025-08-26T09:19:29.000Z,Small sealing washer that prevents coolant leaks at temperature sensor mounting point,https://example.com/images/tempgasket_pulsar_150.jpg,Pulsar 150,Engine Temperature Sensor Gasket,5,75.0,budget,4.5,excellent,RAMNAGAR COLONY PEERZADIGUDA UPPAL HYDERABAD,689d6959045c37933826818d,17.390358,78.606729,sai automobiles,engine temperature sensor gasket pulsar 150 bajaj cooling system small sealing washer that prevents coolant leaks at temperature sensor mounting point,Cooling System,2025-09-10T10:55:22.000Z,2020,689d6959045c37933826818b,modern
,Hero,,0.0,11,2025-08-28T13:48:46.000Z,Metal tab that contacts rotor and creates squeal when brake pads are worn out,https://example.com/images/wearindicator_splendor_plus.jpg,Splendor Plus,Brake Pad Wear Indicator,9,120.0,budget,4.1,good,Chappal Bazar Road - Kachiguda,68ac2a8f3c73e23c655de054,17.38953,78.491245,Swathi Automobiles,brake pad wear indicator splendor plus hero brakes metal tab that contacts rotor and creates squeal when brake pads are worn out,Brakes,2025-09-14T12:29:34.000Z,2021,68ac2a8e3c73e23c655de052,modern
,Hero,,0.0,13,2025-08-30T15:27:14.000Z,Coil spring that returns clutch lever to disengaged position when released,https://example.com/images/clutchspring_splendor_plus.jpg,Splendor Plus,Clutch Lever Return Spring,5,55.0,budget,4.4,good,RAMNAGAR COLONY PEERZADIGUDA UPPAL HYDERABAD,689d6959045c37933826818d,17.390358,78.606729,sai automobiles,clutch lever return spring splendor plus hero controls coil spring that returns clutch lever to disengaged position when released,Controls,2025-09-17T15:06:28.000Z,2020,689d6959045c37933826818b,modern
,Hero,,0.0,8,2025-09-01T11:09:38.000Z,Set of rubber seals that prevent fuel leaks at injector mounting points,https://example.com/images/oringset_splendor_plus.jpg,Splendor Plus,Fuel Injector O-Ring Set,6,140.0,budget,4.3,good,Chappal Bazar Road - Kachiguda,68ac2a8f3c73e23c655de054,17.38953,78.491245,Swathi Automobiles,fuel injector o-ring set splendor plus hero fuel intake set of rubber seals that prevent fuel leaks at injector mounting points,Fuel & Intake,2025-09-18T09:13:20.000Z,2021,68ac2a8e3c73e23c655de052,modern
,Hero,,0.0,10,2025-09-03T14:42:06.000Z,Plug-in socket that holds and connects the headlight relay to wiring harness,https://example.com/images/relaysocket_splendor_plus.jpg,Splendor Plus,Headlight Relay Socket,6,130.0,budget,4.5,excellent,RAMNAGAR COLONY PEERZADIGUDA UPPAL HYDERABAD,689d6959045c37933826818d,17.390358,78.606729,sai automobiles,headlight relay socket splendor plus hero electrical plug-in socket that holds and connects the headlight relay to wiring harness,Electrical,2025-09-20T13:54:45.000Z,2020,689d6959045c37933826818b,modern
,TVS,,0.0,7,2025-09-09T17:41:15.000Z,High-strength bolt used to secure shock absorber to frame or swingarm,https://example.com/images/shockbolt_apache_rtr_160.jpg,Apache RTR 160,Shock Absorber Mounting Bolt,5,130.0,budget,4.2,good,RAMNAGAR COLONY PEERZADIGUDA UPPAL HYDERABAD,689d6959045c37933826818d,17.390358,78.606729,sai automobiles,shock absorber mounting bolt apache rtr 160 tvs suspension high-strength bolt used to secure shock absorber to frame or swingarm,Suspension,2025-09-22T10:43:57.000Z,2021,689d6959045c37933826818b,modern
,TVS,,0.0,9,2025-09-11T09:54:28.000Z,Metal bracket that attaches chain guard to swingarm or frame,https://example.com/images/guardbracket_apache_rtr_160.jpg,Apache RTR 160,Chain Guard Mounting Bracket,6,190.0,budget,4.1,good,RAMNAGAR COLONY PEERZADIGUDA UPPAL HYDERABAD,689d6959045c37933826818d,17.390358,78.606729,sai automobiles,chain guard mounting bracket apache rtr 160 tvs drivetrain metal bracket that attaches chain guard to swingarm or frame,Drivetrain,2025-09-21T09:05:14.000Z,2020,689d6959045c37933826818b,modern
,TVS,,0.0,8,2025-09-13T15:27:43.000Z,Precision orifice that meters fuel flow at wide-open throttle conditions,https://example.com/images/mainjet_apache_rtr_160.jpg,Apache RTR 160,Carburetor Main Jet,7,150.0,budget,4.0,good,Chappal Bazar Road - Kachiguda,68ac2a8f3c73e23c655de054,17.38953,78.491245,Swathi Automobiles,carburetor main jet apache rtr 160 tvs fuel intake precision orifice that meters fuel flow at wide-open throttle conditions,Fuel & Intake,2025-09-22T09:30:28.000Z,2019,68ac2a8e3c73e23c655de052,classic
,Bajaj,,0.0,4,2025-09-15T11:10:09.000Z,Electronic sensor that detects when transmission is in neutral gear position,https://example.com/images/neutralsensor_pulsar_150.jpg,Pulsar 150,Neutral Switch Sensor,4,420.0,mid-range,4.6,excellent,RAMNAGAR COLONY PEERZADIGUDA UPPAL HYDERABAD,689d6959045c37933826818d,17.390358,78.606729,sai automobiles,neutral switch sensor pulsar 150 bajaj controls electronic sensor that detects when transmission is in neutral gear position,Controls,2025-09-22T08:54:42.000Z,2021,689d6959045c37933826818b,modern
,Hero,,0.0,5,2025-09-17T16:33:35.000Z,On/off switch that activates cooling fan when engine reaches preset temperature,https://example.com/images/coolantswitch_splendor_plus.jpg,Splendor Plus,Engine Coolant Temperature Switch,5,380.0,mid-range,4.5,excellent,RAMNAGAR COLONY PEERZADIGUDA UPPAL HYDERABAD,689d6959045c37933826818d,17.390358,78.606729,sai automobiles,engine coolant temperature switch splendor plus hero cooling system on/off switch that activates cooling fan when engine reaches preset temperature,Cooling System,2025-09-22T08:16:04.000Z,2020,689d6959045c37933826818b,modern
,Bajaj,,0.0,5,2025-08-17T14:33:12.000Z,Single-piston floating caliper with good heat dissipation for reliable rear braking,https://example.com/images/rearcaliper_pulsar_150.jpg,Pulsar 150,Rear Brake Caliper,7,1150.0,mid-range,4.4,good,RAMNAGAR COLONY PEERZADIGUDA UPPAL HYDERABAD,689d6959045c37933826818d,17.390358,78.606729,sai automobiles,rear brake caliper pulsar 150 bajaj brakes single-piston floating caliper with good heat dissipation for reliable rear braking,Brakes,2025-09-11T18:22:05.000Z,2019,689d6959045c37933826818b,modern
,TVS,,0.0,8,2025-08-19T10:11:27.000Z,High-quality rubber seals to prevent oil leakage and maintain fork damping performance,https://example.com/images/forkseal_apache_rtr_160.jpg,Apache RTR 160,Front Fork Seal Kit,9,320.0,budget,4.6,excellent,Chappal Bazar Road - Kachiguda,68ac2a8f3c73e23c655de054,17.38953,78.491245,Swathi Automobiles,front fork seal kit apache rtr 160 tvs suspension high-quality rubber seals to prevent oil leakage and maintain fork damping performance,Suspension,2025-09-07T13:44:19.000Z,2020,68ac2a8e3c73e23c655de052,modern
,Yamaha,,0.0,6,2025-08-23T09:22:15.000Z,High-lumen LED bulb for brighter illumination and longer lifespan than halogen,https://example.com/images/ledbulb_fz_s_fi.jpg,FZ-S FI,Headlight Bulb (LED),8,280.0,budget,4.7,excellent,Chappal Bazar Road - Kachiguda,68ac2a8f3c73e23c655de054,17.38953,78.491245,Swathi Automobiles,headlight bulb led fz-s fi yamaha lighting high-lumen led bulb for brighter illumination and longer lifespan than halogen,Lighting,2025-09-02T16:33:51.000Z,2021,68ac2a8e3c73e23c655de052,modern
,Hero,,0.0,10,2025-08-25T15:09:44.000Z,Pressure-rated cap (1.1 bar) to maintain optimal coolant boiling point and system pressure,https://example.com/images/radiatorcap_splendor_plus.jpg,Splendor Plus,Radiator Cap,11,120.0,budget,4.2,good,RAMNAGAR COLONY PEERZADIGUDA UPPAL HYDERABAD,689d6959045c37933826818d,17.390358,78.606729,sai automobiles,radiator cap splendor plus hero cooling system pressure-rated cap 1.1 bar to maintain optimal coolant boiling point and system pressure,Cooling System,2025-09-20T11:15:22.000Z,2020,689d6959045c37933826818b,modern
,Bajaj,,0.0,15,2025-08-29T14:08:55.000Z,Heavy-duty clip-type master link for quick chain installation and removal,https://example.com/images/masterlink_pulsar_150.jpg,Pulsar 150,Chain Link (Master Link),10,85.0,budget,4.5,excellent,RAMNAGAR COLONY PEERZADIGUDA UPPAL HYDERABAD,689d6959045c37933826818d,17.390358,78.606729,sai automobiles,chain link master link pulsar 150 bajaj drivetrain heavy-duty clip-type master link for quick chain installation and removal,Drivetrain,2025-09-10T12:39:07.000Z,2018,689d6959045c37933826818b,classic
,Hero,,0.0,25,2025-08-31T18:33:19.000Z,Replacement rubber inserts for footpegs to restore grip and reduce vibration,https://example.com/images/footpegrubber_splendor_plus.jpg,Splendor Plus,Footpeg Rubber,20,45.0,budget,4.0,good,Chappal Bazar Road - Kachiguda,68ac2a8f3c73e23c655de054,17.38953,78.491245,Swathi Automobiles,footpeg rubber splendor plus hero frame footrests replacement rubber inserts for footpegs to restore grip and reduce vibration,Frame & Footrests,2025-09-19T09:52:21.000Z,2021,68ac2a8e3c73e23c655de052,modern
,Hero,,0.0,12,2025-09-04T16:23:19.000Z,Multi-layer steel gasket for leak-free seal between cylinder head and exhaust pipe,https://example.com/images/exhaustgasket_splendor_plus.jpg,Splendor Plus,Exhaust Gasket,9,90.0,budget,4.3,good,Chappal Bazar Road - Kachiguda,68ac2a8f3c73e23c655de054,17.38953,78.491245,Swathi Automobiles,exhaust gasket splendor plus hero exhaust multi-layer steel gasket for leak-free seal between cylinder head and exhaust pipe,Exhaust,2025-09-21T10:34:46.000Z,2020,68ac2a8e3c73e23c655de052,modern
,Yamaha,,0.0,20,2025-09-06T12:38:06.000Z,Plastic protective cover to shield battery terminals from corrosion and accidental shorts,https://example.com/images/terminalcover_fz_s.jpg,FZ-S,Battery Terminal Cover,13,35.0,budget,4.2,good,Chappal Bazar Road - Kachiguda,68ac2a8f3c73e23c655de054,17.38953,78.491245,Swathi Automobiles,battery terminal cover fz-s yamaha electrical plastic protective cover to shield battery terminals from corrosion and accidental shorts,Electrical,2025-09-17T13:49:31.000Z,2020,68ac2a8e3c73e23c655de052,modern
,Bajaj,,0.0,7,2025-09-08T09:59:48.000Z,Heat-treated friction plate with high-grip material for smooth engagement and durability,https://example.com/images/frictionplate_pulsar_150.jpg,Pulsar 150,Clutch Plate (Friction),5,220.0,budget,4.5,excellent,RAMNAGAR COLONY PEERZADIGUDA UPPAL HYDERABAD,689d6959045c37933826818d,17.390358,78.606729,sai automobiles,clutch plate friction pulsar 150 bajaj transmission heat-treated friction plate with high-grip material for smooth engagement and durability,Transmission,2025-09-22T08:17:04.000Z,2021,689d6959045c37933826818b,modern
,Yamaha,,0.0,8,2025-09-12T10:44:23.000Z,Inner cable and outer housing for transmitting front wheel rotation to speedometer,https://example.com/images/speedocable_fz_s.jpg,FZ-S,Speedometer Cable,7,180.0,budget,4.1,good,RAMNAGAR COLONY PEERZADIGUDA UPPAL HYDERABAD,689d6959045c37933826818d,17.390358,78.606729,sai automobiles,speedometer cable fz-s yamaha instrumentation inner cable and outer housing for transmitting front wheel rotation to speedometer,Instrumentation,2025-09-16T14:28:59.000Z,2018,689d6959045c37933826818b,classic
,Bajaj,,0.0,6,2025-09-14T17:12:04.000Z,Hardened steel pivot bolt with self-locking nut for secure swingarm mounting,https://example.com/images/pivotbolt_pulsar_150.jpg,Pulsar 150,Swingarm Pivot Bolt,4,150.0,budget,4.4,good,RAMNAGAR COLONY PEERZADIGUDA UPPAL HYDERABAD,689d6959045c37933826818d,17.390358,78.606729,sai automobiles,swingarm pivot bolt pulsar 150 bajaj frame suspension hardened steel pivot bolt with self-locking nut for secure swingarm mounting,Frame & Suspension,2025-09-18T11:56:38.000Z,2020,689d6959045c37933826818b,modern
,TVS,,0.0,9,2025-09-20T15:53:40.000Z,Threaded end weights to reduce handlebar vibration and improve ride comfort,https://example.com/images/endweight_apache_rtr_160.jpg,Apache RTR 160,Handlebar End Weight,8,180.0,budget,4.3,good,Chappal Bazar Road - Kachiguda,68ac2a8f3c73e23c655de054,17.38953,78.491245,Swathi Automobiles,handlebar end weight apache rtr 160 tvs controls threaded end weights to reduce handlebar vibration and improve ride comfort,Controls,2025-09-22T07:42:19.000Z,2020,68ac2a8e3c73e23c655de052,modern
,Hero,,0.0,4,2025-09-22T05:18:29.000Z,Compression and oil control rings for restoring cylinder sealing and engine performance,https://example.com/images/pistonrings_splendor_plus.jpg,Splendor Plus,Piston Ring Set,5,750.0,mid-range,4.7,excellent,RAMNAGAR COLONY PEERZADIGUDA UPPAL HYDERABAD,689d6959045c37933826818d,17.390358,78.606729,sai automobiles,piston ring set splendor plus hero engine top end compression and oil control rings for restoring cylinder sealing and engine performance,Engine & Top End,2025-09-22T05:18:29.000Z,2020,689d6959045c37933826818b,modern
,Hero,,0.0,11,2025-08-18T14:23:12.000Z,Smooth-action throttle cable with lubricated inner wire for precise throttle control,https://example.com/images/throttlecable_splendor_plus.jpg,Splendor Plus,Throttle Cable,10,80.0,budget,4.2,good,Chappal Bazar Road - Kachiguda,68ac2a8f3c73e23c655de054,17.38953,78.491245,Swathi Automobiles,throttle cable splendor plus hero cables smooth-action throttle cable with lubricated inner wire for precise throttle control,Cables,2025-09-11T18:04:49.000Z,2019,68ac2a8e3c73e23c655de052,classic
,Hero,,0.0,7,2025-08-20T10:46:38.000Z,Convex glass mirror with wide field of view and vibration-damping mount,https://example.com/images/mirror_splendor_plus.jpg,Splendor Plus,Rear View Mirror,6,150.0,budget,4.5,excellent,RAMNAGAR COLONY PEERZADIGUDA UPPAL HYDERABAD,689d6959045c37933826818d,17.390358,78.606729,sai automobiles,rear view mirror splendor plus hero controls convex glass mirror with wide field of view and vibration-damping mount,Controls,2025-09-09T13:19:23.000Z,2021,689d6959045c37933826818b,modern
,Hero,,0.0,22,2025-08-22T16:34:09.000Z,Threaded steel plug with copper washer for secure sealing and easy oil changes,https://example.com/images/drainplug_splendor_plus.jpg,Splendor Plus,Engine Oil Drain Plug,15,40.0,budget,4.1,good,Chappal Bazar Road - Kachiguda,68ac2a8f3c73e23c655de054,17.38953,78.491245,Swathi Automobiles,engine oil drain plug splendor plus hero engine top end threaded steel plug with copper washer for secure sealing and easy oil changes,Engine & Top End,2025-09-17T09:45:37.000Z,2020,68ac2a8e3c73e23c655de052,modern
,Hero,,0.0,6,2025-08-24T12:03:56.000Z,Sliding block tensioner with locknut for maintaining optimal chain slack,https://example.com/images/tensioner_splendor_plus.jpg,Splendor Plus,Chain Tensioner,7,220.0,budget,4.4,good,RAMNAGAR COLONY PEERZADIGUDA UPPAL HYDERABAD,689d6959045c37933826818d,17.390358,78.606729,sai automobiles,chain tensioner splendor plus hero drivetrain sliding block tensioner with locknut for maintaining optimal chain slack,Drivetrain,2025-09-06T15:28:14.000Z,2021,689d6959045c37933826818b,modern
,Hero,,0.0,8,2025-08-26T17:42:24.000Z,Key-operated seat lock mechanism for securing under-seat storage compartment,https://example.com/images/seatlock_splendor_plus.jpg,Splendor Plus,Seat Lock,9,250.0,budget,4.3,good,Chappal Bazar Road - Kachiguda,68ac2a8f3c73e23c655de054,17.38953,78.491245,Swathi Automobiles,seat lock splendor plus hero comfort key-operated seat lock mechanism for securing under-seat storage compartment,Comfort,2025-09-19T12:06:49.000Z,2020,68ac2a8e3c73e23c655de052,modern
,Hero,,0.0,3,2025-08-28T19:20:41.000Z,Electronic sensor that monitors throttle valve position for ECU fuel mapping,https://example.com/images/tps_splendor_plus.jpg,Splendor Plus,Throttle Position Sensor,4,850.0,mid-range,4.7,excellent,RAMNAGAR COLONY PEERZADIGUDA UPPAL HYDERABAD,689d6959045c37933826818d,17.390358,78.606729,sai automobiles,throttle position sensor splendor plus hero fuel intake electronic sensor that monitors throttle valve position for ecu fuel mapping,Fuel & Intake,2025-09-12T08:34:02.000Z,2021,689d6959045c37933826818b,modern
,Hero,,0.0,10,2025-08-30T08:56:13.000Z,High-friction brake shoes with durable lining for reliable rear drum braking,https://example.com/images/brakeshoe_splendor_plus.jpg,Splendor Plus,Rear Brake Shoe,14,160.0,budget,4.2,good,Chappal Bazar Road - Kachiguda,68ac2a8f3c73e23c655de054,17.38953,78.491245,Swathi Automobiles,rear brake shoe splendor plus hero brakes high-friction brake shoes with durable lining for reliable rear drum braking,Brakes,2025-09-15T10:23:35.000Z,2018,68ac2a8e3c73e23c655de052,classic
,Hero,,0.0,5,2025-09-01T13:38:30.000Z,Rubber engine mounts to isolate vibrations and improve rider comfort,https://example.com/images/mounting_splendor_plus.jpg,Splendor Plus,Engine Mounting,4,650.0,mid-range,4.6,excellent,RAMNAGAR COLONY PEERZADIGUDA UPPAL HYDERABAD,689d6959045c37933826818d,17.390358,78.606729,sai automobiles,engine mounting splendor plus hero engine top end rubber engine mounts to isolate vibrations and improve rider comfort,Engine & Top End,2025-09-14T17:49:56.000Z,2020,689d6959045c37933826818b,modern
,Hero,,0.0,15,2025-09-03T18:23:07.000Z,Threaded barrel adjuster for fine-tuning clutch lever free play,https://example.com/images/adjuster_splendor_plus.jpg,Splendor Plus,Clutch Cable Adjuster,11,75.0,budget,4.1,good,Chappal Bazar Road - Kachiguda,68ac2a8f3c73e23c655de054,17.38953,78.491245,Swathi Automobiles,clutch cable adjuster splendor plus hero controls threaded barrel adjuster for fine-tuning clutch lever free play,Controls,2025-09-20T14:15:28.000Z,2019,68ac2a8e3c73e23c655de052,classic
,Hero,,0.0,12,2025-09-07T15:34:18.000Z,Rubber-mounted hanger to absorb vibrations and secure exhaust pipe position,https://example.com/images/hanger_splendor_plus.jpg,Splendor Plus,Exhaust Hanger,8,130.0,budget,4.3,good,Chappal Bazar Road - Kachiguda,68ac2a8f3c73e23c655de054,17.38953,78.491245,Swathi Automobiles,exhaust hanger splendor plus hero exhaust rubber-mounted hanger to absorb vibrations and secure exhaust pipe position,Exhaust,2025-09-21T18:50:03.000Z,2020,68ac2a8e3c73e23c655de052,modern
,Hero,,0.0,6,2025-09-09T10:59:32.000Z,Sensor that measures fuel level in tank and sends signal to fuel gauge,https://example.com/images/sensor_splendor_plus.jpg,Splendor Plus,Fuel Level Sensor,5,420.0,mid-range,4.4,good,RAMNAGAR COLONY PEERZADIGUDA UPPAL HYDERABAD,689d6959045c37933826818d,17.390358,78.606729,sai automobiles,fuel level sensor splendor plus hero fuel intake sensor that measures fuel level in tank and sends signal to fuel gauge,Fuel & Intake,2025-09-22T11:23:16.000Z,2021,689d6959045c37933826818b,modern
,Hero,,0.0,7,2025-09-11T17:25:54.000Z,Relay module that controls flashing of turn signals and may include self-cancel feature,https://example.com/images/relay_turn_splendor_plus.jpg,Splendor Plus,Turn Signal Relay,7,200.0,budget,4.3,good,Chappal Bazar Road - Kachiguda,68ac2a8f3c73e23c655de054,17.38953,78.491245,Swathi Automobiles,turn signal relay splendor plus hero electrical relay module that controls flashing of turn signals and may include self-cancel feature,Electrical,2025-09-22T09:38:42.000Z,2020,68ac2a8e3c73e23c655de052,modern
,Hero,,0.0,7,2025-09-15T14:10:15.000Z,Plastic or metal guard to protect rider and bike from chain oil and debris,https://example.com/images/chainguard_splendor_plus.jpg,Splendor Plus,Chain Guard,5,320.0,budget,4.1,good,RAMNAGAR COLONY PEERZADIGUDA UPPAL HYDERABAD,689d6959045c37933826818d,17.390358,78.606729,sai automobiles,chain guard splendor plus hero drivetrain plastic or metal guard to protect rider and bike from chain oil and debris,Drivetrain,2025-09-21T15:34:08.000Z,2020,689d6959045c37933826818b,modern
,Hero,,0.0,12,2025-09-17T08:32:03.000Z,Reservoir that holds fuel at a constant level for the carburetor jets to draw from,https://example.com/images/floatbowl_splendor_plus.jpg,Splendor Plus,Carburetor Float Bowl,8,250.0,budget,4.0,good,Chappal Bazar Road - Kachiguda,68ac2a8f3c73e23c655de054,17.38953,78.491245,Swathi Automobiles,carburetor float bowl splendor plus hero fuel intake reservoir that holds fuel at a constant level for the carburetor jets to draw from,Fuel & Intake,2025-09-22T10:09:14.000Z,2019,68ac2a8e3c73e23c655de052,classic
,Hero,,0.0,4,2025-09-21T11:23:52.000Z,Sensor that monitors engine coolant temperature for gauge display and fan control,https://example.com/images/tempsensor_splendor_plus.jpg,Splendor Plus,Engine Temperature Sensor,5,420.0,mid-range,4.5,excellent,RAMNAGAR COLONY PEERZADIGUDA UPPAL HYDERABAD,689d6959045c37933826818d,17.390358,78.606729,sai automobiles,engine temperature sensor splendor plus hero cooling system sensor that monitors engine coolant temperature for gauge display and fan control,Cooling System,2025-09-22T05:45:09.000Z,2020,689d6959045c37933826818b,modern
,Hero,,0.0,6,2025-08-19T09:34:16.000Z,Assembly that holds the clutch lever and often includes an adjuster mechanism,https://example.com/images/perch_splendor_plus.jpg,Splendor Plus,Clutch Lever Perch,5,250.0,budget,4.4,good,RAMNAGAR COLONY PEERZADIGUDA UPPAL HYDERABAD,689d6959045c37933826818d,17.390358,78.606729,sai automobiles,clutch lever perch splendor plus hero controls assembly that holds the clutch lever and often includes an adjuster mechanism,Controls,2025-09-16T12:08:27.000Z,2020,689d6959045c37933826818b,modern
,Hero,,0.0,15,2025-08-21T13:56:09.000Z,O-ring seal that prevents fuel leaks at the injector-to-intake manifold interface,https://example.com/images/injectorseal_splendor_plus.jpg,Splendor Plus,Fuel Injector Seal,7,80.0,budget,4.3,good,Chappal Bazar Road - Kachiguda,68ac2a8f3c73e23c655de054,17.38953,78.491245,Swathi Automobiles,fuel injector seal splendor plus hero fuel intake o-ring seal that prevents fuel leaks at the injector-to-intake manifold interface,Fuel & Intake,2025-09-07T17:39:55.000Z,2021,68ac2a8e3c73e23c655de052,modern
,Bajaj,,0.0,7,2025-08-23T18:28:33.000Z,Toothed ring mounted on wheel hub for ABS system to detect wheel speed,https://example.com/images/abssensor_pulsar_150.jpg,Pulsar 150,ABS Sensor Ring,5,380.0,mid-range,4.5,excellent,RAMNAGAR COLONY PEERZADIGUDA UPPAL HYDERABAD,689d6959045c37933826818d,17.390358,78.606729,sai automobiles,abs sensor ring pulsar 150 bajaj brakes toothed ring mounted on wheel hub for abs system to detect wheel speed,Brakes,2025-09-12T09:56:22.000Z,2021,689d6959045c37933826818b,modern
,Hero,,0.0,4,2025-08-25T12:10:19.000Z,Hydraulic pump that generates pressure in the brake line when lever is pulled,https://example.com/images/mastercylinder_splendor_plus.jpg,Splendor Plus,Brake Master Cylinder,6,850.0,mid-range,4.4,good,Chappal Bazar Road - Kachiguda,68ac2a8f3c73e23c655de054,17.38953,78.491245,Swathi Automobiles,brake master cylinder splendor plus hero brakes hydraulic pump that generates pressure in the brake line when lever is pulled,Brakes,2025-09-18T13:22:07.000Z,2019,68ac2a8e3c73e23c655de052,classic
,Hero,,0.0,4,2025-08-29T10:16:44.000Z,Solid steel disc rotor that provides the friction surface for the brake pads to clamp onto,https://example.com/images/brakedisc_splendor_plus.jpg,Splendor Plus,Front Brake Disc,5,1600.0,mid-range,4.8,excellent,RAMNAGAR COLONY PEERZADIGUDA UPPAL HYDERABAD,689d6959045c37933826818d,17.390358,78.606729,sai automobiles,front brake disc splendor plus hero brakes solid steel disc rotor that provides the friction surface for the brake pads to clamp onto,Brakes,2025-09-21T17:45:53.000Z,2021,689d6959045c37933826818b,modern
,Hero,,0.0,5,2025-09-02T17:52:12.000Z,Plastic or metal box that holds the air filter and directs filtered air to the carburetor,https://example.com/images/airbox_splendor_plus.jpg,Splendor Plus,Air Filter Housing,6,480.0,mid-range,4.3,good,RAMNAGAR COLONY PEERZADIGUDA UPPAL HYDERABAD,689d6959045c37933826818d,17.390358,78.606729,sai automobiles,air filter housing splendor plus hero air intake plastic or metal box that holds the air filter and directs filtered air to the carburetor,Air Intake,2025-09-17T08:29:05.000Z,2021,689d6959045c37933826818b,modern
,Hero,,0.0,3,2025-09-04T11:25:28.000Z,Outer drum of the clutch assembly that houses the clutch plates and is driven by the engine,https://example.com/images/clutchbasket_splendor_plus.jpg,Splendor Plus,Clutch Basket,4,1100.0,mid-range,4.7,excellent,RAMNAGAR COLONY PEERZADIGUDA UPPAL HYDERABAD,689d6959045c37933826818d,17.390358,78.606729,sai automobiles,clutch basket splendor plus hero transmission outer drum of the clutch assembly that houses the clutch plates and is driven by the engine,Transmission,2025-09-19T10:43:26.000Z,2019,689d6959045c37933826818b,classic
,Hero,,0.0,4,2025-09-08T20:02:39.000Z,Electric motor that cranks the engine to start it when the ignition key is turned,https://example.com/images/starter_splendor_plus.jpg,Splendor Plus,Starter Motor,5,2100.0,mid-range,4.5,excellent,Chappal Bazar Road - Kachiguda,68ac2a8f3c73e23c655de054,17.38953,78.491245,Swathi Automobiles,starter motor splendor plus hero electrical electric motor that cranks the engine to start it when the ignition key is turned,Electrical,2025-09-21T09:18:47.000Z,2020,68ac2a8e3c73e23c655de052,modern
,Hero,,0.0,12,2025-09-10T12:26:25.000Z,Lockable cap to prevent unauthorized access to the fuel tank,https://example.com/images/tankcaplock_splendor_plus.jpg,Splendor Plus,Fuel Tank Cap Lock,8,140.0,budget,4.2,good,Chappal Bazar Road - Kachiguda,68ac2a8f3c73e23c655de054,17.38953,78.491245,Swathi Automobiles,fuel tank cap lock splendor plus hero fuel intake lockable cap to prevent unauthorized access to the fuel tank,Fuel & Intake,2025-09-15T18:34:10.000Z,2019,68ac2a8e3c73e23c655de052,classic
,Hero,,0.0,10,2025-09-12T15:49:12.000Z,Rubber or foam grips that provide comfort and control for the rider's hands,https://example.com/images/grips_splendor_plus.jpg,Splendor Plus,Handlebar Grips,7,200.0,budget,4.3,good,Chappal Bazar Road - Kachiguda,68ac2a8f3c73e23c655de054,17.38953,78.491245,Swathi Automobiles,handlebar grips splendor plus hero controls rubber or foam grips that provide comfort and control for the rider's hands,Controls,2025-09-22T13:23:04.000Z,2021,68ac2a8e3c73e23c655de052,modern
,Hero,,0.0,15,2025-09-14T10:34:28.000Z,Switch activated by brake lever or pedal to turn on the brake light,https://example.com/images/brakeswitch_splendor_plus.jpg,Splendor Plus,Brake Light Switch,9,160.0,budget,4.1,good,Chappal Bazar Road - Kachiguda,68ac2a8f3c73e23c655de054,17.38953,78.491245,Swathi Automobiles,brake light switch splendor plus hero electrical switch activated by brake lever or pedal to turn on the brake light,Electrical,2025-09-22T08:06:15.000Z,2020,68ac2a8e3c73e23c655de052,modern
,Hero,,0.0,20,2025-09-16T14:18:46.000Z,Plastic clip or bracket that routes and protects the clutch cable along the frame,https://example.com/images/clutchguide_splendor_plus.jpg,Splendor Plus,Clutch Wire Guide,11,55.0,budget,4.0,good,Chappal Bazar Road - Kachiguda,68ac2a8f3c73e23c655de054,17.38953,78.491245,Swathi Automobiles,clutch wire guide splendor plus hero cables plastic clip or bracket that routes and protects the clutch cable along the frame,Cables,2025-09-21T16:42:29.000Z,2021,68ac2a8e3c73e23c655de052,modern
,Bajaj,,0.0,9,2025-08-18T11:16:39.000Z,Shock absorber mounting bracket with bushings for reduced noise and vibration,https://example.com/images/mount_pulsar_150.jpg,Pulsar 150,Shock Absorber Mount,6,170.0,budget,4.2,good,RAMNAGAR COLONY PEERZADIGUDA UPPAL HYDERABAD,689d6959045c37933826818d,17.390358,78.606729,sai automobiles,shock absorber mount pulsar 150 bajaj suspension shock absorber mounting bracket with bushings for reduced noise and vibration,Suspension,2025-09-11T09:48:23.000Z,2020,689d6959045c37933826818b,modern
,Bajaj,,0.0,5,2025-08-24T17:34:53.000Z,Neutral position switch for gear indicator and starter safety function,https://example.com/images/switch_pulsar_150.jpg,Pulsar 150,Neutral Switch,4,310.0,mid-range,4.6,excellent,RAMNAGAR COLONY PEERZADIGUDA UPPAL HYDERABAD,689d6959045c37933826818d,17.390358,78.606729,sai automobiles,neutral switch pulsar 150 bajaj controls neutral position switch for gear indicator and starter safety function,Controls,2025-09-13T18:12:06.000Z,2021,689d6959045c37933826818b,modern
,Bajaj,,0.0,22,2025-08-28T13:28:46.000Z,Brake pad retaining spring to keep pads in position and reduce noise,https://example.com/images/spring_pulsar_150.jpg,Pulsar 150,Brake Pad Spring,10,32.0,budget,4.1,good,Chappal Bazar Road - Kachiguda,68ac2a8f3c73e23c655de054,17.38953,78.491245,Swathi Automobiles,brake pad spring pulsar 150 bajaj brakes brake pad retaining spring to keep pads in position and reduce noise,Brakes,2025-09-14T12:09:34.000Z,2021,68ac2a8e3c73e23c655de052,modern
,Bajaj,,0.0,8,2025-09-03T14:22:06.000Z,Headlight relay for stable voltage supply and extended bulb life,https://example.com/images/relay_pulsar_headlight.jpg,Pulsar 150,Headlight Relay,6,170.0,budget,4.5,excellent,RAMNAGAR COLONY PEERZADIGUDA UPPAL HYDERABAD,689d6959045c37933826818d,17.390358,78.606729,sai automobiles,headlight relay pulsar 150 bajaj electrical headlight relay for stable voltage supply and extended bulb life,Electrical,2025-09-20T13:34:45.000Z,2020,689d6959045c37933826818b,modern
,Honda,,0.0,4,2025-08-18T13:22:11.000Z,Telescopic front forks with damping control for smooth handling and bump absorption,https://example.com/images/fork_unicorn.jpg,Honda Unicorn,Front Fork Assembly,5,2800.0,mid-range,4.5,excellent,RAMNAGAR COLONY PEERZADIGUDA UPPAL HYDERABAD,689d6959045c37933826818d,17.390358,78.606729,sai automobiles,front fork assembly honda unicorn honda suspension telescopic front forks with damping control for smooth handling and bump absorption,Suspension,2025-09-11T17:03:49.000Z,2020,689d6959045c37933826818b,modern
,Yamaha,,0.0,5,2025-08-22T15:33:08.000Z,Optimized airbox design for improved airflow and throttle response,https://example.com/images/airbox_r15.jpg,Yamaha R15,Airbox Assembly,7,950.0,mid-range,4.6,excellent,RAMNAGAR COLONY PEERZADIGUDA UPPAL HYDERABAD,689d6959045c37933826818d,17.390358,78.606729,sai automobiles,airbox assembly yamaha r15 yamaha air intake optimized airbox design for improved airflow and throttle response,Air Intake,2025-09-17T08:44:36.000Z,2021,689d6959045c37933826818b,modern
,KTM,,0.0,8,2025-08-24T11:02:55.000Z,Adjustable clutch lever with ergonomic design for comfortable grip and smooth operation,https://example.com/images/clutchlever_duke_125.jpg,KTM Duke 125,Clutch Lever,9,250.0,budget,4.3,good,Chappal Bazar Road - Kachiguda,68ac2a8f3c73e23c655de054,17.38953,78.491245,Swathi Automobiles,clutch lever ktm duke 125 ktm controls adjustable clutch lever with ergonomic design for comfortable grip and smooth operation,Controls,2025-09-06T14:27:13.000Z,2020,68ac2a8e3c73e23c655de052,modern
,Royal Enfield,,0.0,3,2025-08-26T16:41:23.000Z,Comfortable dual-tone seat with high-density foam for long ride comfort,https://example.com/images/seat_meteor_350.jpg,Royal Enfield Meteor 350,Seat Cushion,4,1800.0,mid-range,4.7,excellent,RAMNAGAR COLONY PEERZADIGUDA UPPAL HYDERABAD,689d6959045c37933826818d,17.390358,78.606729,sai automobiles,seat cushion royal enfield meteor 350 royal enfield comfort comfortable dual-tone seat with high-density foam for long ride comfort,Comfort,2025-09-19T11:05:48.000Z,2021,689d6959045c37933826818b,modern
,Hero,,0.0,15,2025-09-01T12:37:29.000Z,Threaded oil filler cap with rubber seal to prevent leaks and contamination,https://example.com/images/oilcap_hf_deluxe.jpg,Hero HF Deluxe,Engine Oil Cap,11,65.0,budget,4.1,good,Chappal Bazar Road - Kachiguda,68ac2a8f3c73e23c655de054,17.38953,78.491245,Swathi Automobiles,engine oil cap hero hf deluxe hero engine top end threaded oil filler cap with rubber seal to prevent leaks and contamination,Engine & Top End,2025-09-14T16:48:55.000Z,2019,68ac2a8e3c73e23c655de052,classic
,Honda,,0.0,25,2025-09-05T08:11:44.000Z,High-intensity halogen bulb for bright and reliable headlight illumination,https://example.com/images/bulb_activa_6g.jpg,Honda Activa 6G,Headlight Bulb,20,80.0,budget,4.3,good,Chappal Bazar Road - Kachiguda,68ac2a8f3c73e23c655de054,17.38953,78.491245,Swathi Automobiles,headlight bulb honda activa 6g honda lighting high-intensity halogen bulb for bright and reliable headlight illumination,Lighting,2025-09-18T15:06:33.000Z,2020,68ac2a8e3c73e23c655de052,modern
,Suzuki,,0.0,2,2025-09-07T14:33:17.000Z,Stainless steel exhaust pipe with heat shield for durability and performance,https://example.com/images/exhaust_vstrom_250.jpg,Suzuki V-Strom 250,Exhaust Pipe,3,4500.0,premium,4.8,excellent,RAMNAGAR COLONY PEERZADIGUDA UPPAL HYDERABAD,689d6959045c37933826818d,17.390358,78.606729,sai automobiles,exhaust pipe suzuki v-strom 250 suzuki exhaust stainless steel exhaust pipe with heat shield for durability and performance,Exhaust,2025-09-21T17:49:02.000Z,2022,689d6959045c37933826818b,modern
,TVS,,0.0,4,2025-09-09T09:58:31.000Z,Electric fuel pump for consistent fuel delivery in fuel-injected scooters,https://example.com/images/fuelpump_jupiter.jpg,TVS Jupiter,Fuel Pump,6,1750.0,mid-range,4.4,good,Chappal Bazar Road - Kachiguda,68ac2a8f3c73e23c655de054,17.38953,78.491245,Swathi Automobiles,fuel pump tvs jupiter tvs fuel intake electric fuel pump for consistent fuel delivery in fuel-injected scooters,Fuel & Intake,2025-09-22T10:22:15.000Z,2021,68ac2a8e3c73e23c655de052,modern
,Royal Enfield,,0.0,3,2025-09-11T16:24:53.000Z,High-output alternator for powering modern electronics and charging system,https://example.com/images/alternator_interceptor_650.jpg,Royal Enfield Interceptor 650,Alternator,4,3200.0,premium,4.7,excellent,RAMNAGAR COLONY PEERZADIGUDA UPPAL HYDERABAD,689d6959045c37933826818d,17.390358,78.606729,sai automobiles,alternator royal enfield interceptor 650 royal enfield electrical high-output alternator for powering modern electronics and charging system,Electrical,2025-09-22T08:37:41.000Z,2020,689d6959045c37933826818b,modern
,Yamaha,,0.0,2,2025-09-13T11:47:28.000Z,Hydraulic steering damper to reduce handlebar wobble and improve stability,https://example.com/images/damper_mt_09.jpg,Yamaha MT-09,Steering Damper,2,2900.0,premium,4.9,excellent,RAMNAGAR COLONY PEERZADIGUDA UPPAL HYDERABAD,689d6959045c37933826818d,17.390358,78.606729,sai automobiles,steering damper yamaha mt-09 yamaha frame suspension hydraulic steering damper to reduce handlebar wobble and improve stability,Frame & Suspension,2025-09-22T06:15:59.000Z,2021,689d6959045c37933826818b,modern
,Suzuki,,0.0,9,2025-09-15T13:09:14.000Z,Reinforced side stand with rubber foot for secure parking on uneven surfaces,https://example.com/images/sidestand_burgman_street.jpg,Suzuki Burgman Street,Side Stand,7,380.0,budget,4.2,good,Chappal Bazar Road - Kachiguda,68ac2a8f3c73e23c655de054,17.38953,78.491245,Swathi Automobiles,side stand suzuki burgman street suzuki frame footrests reinforced side stand with rubber foot for secure parking on uneven surfaces,Frame & Footrests,2025-09-21T14:33:07.000Z,2020,68ac2a8e3c73e23c655de052,modern
,Honda,,0.0,6,2025-09-17T07:31:02.000Z,Heavy-duty center stand for easy maintenance and chain cleaning,https://example.com/images/centerstand_cb300f.jpg,Honda CB300F,Center Stand,5,650.0,mid-range,4.5,excellent,RAMNAGAR COLONY PEERZADIGUDA UPPAL HYDERABAD,689d6959045c37933826818d,17.390358,78.606729,sai automobiles,center stand honda cb300f honda frame footrests heavy-duty center stand for easy maintenance and chain cleaning,Frame & Footrests,2025-09-22T09:08:23.000Z,2022,689d6959045c37933826818b,modern
,KTM,,0.0,12,2025-09-19T15:44:37.000Z,Sealed brake fluid reservoir cap to prevent contamination and moisture ingress,https://example.com/images/fluidcap_rc_390.jpg,KTM RC 390,Brake Fluid Reservoir Cap,8,95.0,budget,4.3,good,Chappal Bazar Road - Kachiguda,68ac2a8f3c73e23c655de054,17.38953,78.491245,Swathi Automobiles,brake fluid reservoir cap ktm rc 390 ktm brakes sealed brake fluid reservoir cap to prevent contamination and moisture ingress,Brakes,2025-09-22T05:51:12.000Z,2021,68ac2a8e3c73e23c655de052,modern
,Bajaj,,0.0,8,2025-09-21T10:22:51.000Z,Textured gear shifter pedal for improved grip and precise gear changes,https://example.com/images/shifter_pulsar_220f.jpg,Bajaj Pulsar 220F,Gear Shifter Pedal,6,280.0,budget,4.4,good,RAMNAGAR COLONY PEERZADIGUDA UPPAL HYDERABAD,689d6959045c37933826818d,17.390358,78.606729,sai automobiles,gear shifter pedal bajaj pulsar 220f bajaj controls textured gear shifter pedal for improved grip and precise gear changes,Controls,2025-09-22T04:44:08.000Z,2019,689d6959045c37933826818b,classic
,Honda,,0.0,7,2025-08-17T14:11:23.000Z,Protective engine cover to shield against debris and minor impacts,https://example.com/images/cover_cb_shine.jpg,Honda CB Shine,Engine Cover,9,480.0,budget,4.1,good,Chappal Bazar Road - Kachiguda,68ac2a8f3c73e23c655de054,17.38953,78.491245,Swathi Automobiles,engine cover honda cb shine honda engine top end protective engine cover to shield against debris and minor impacts,Engine & Top End,2025-09-10T13:25:47.000Z,2020,68ac2a8e3c73e23c655de052,modern
,TVS,,0.0,4,2025-08-19T08:33:46.000Z,Electric cooling fan with thermal sensor for automatic temperature control,https://example.com/images/fan_apache_rr_310.jpg,TVS Apache RR 310,Radiator Fan,5,1200.0,mid-range,4.6,excellent,RAMNAGAR COLONY PEERZADIGUDA UPPAL HYDERABAD,689d6959045c37933826818d,17.390358,78.606729,sai automobiles,radiator fan tvs apache rr 310 tvs cooling system electric cooling fan with thermal sensor for automatic temperature control,Cooling System,2025-09-16T11:07:29.000Z,2021,689d6959045c37933826818b,modern
,Yamaha,,0.0,10,2025-08-21T12:55:09.000Z,Heavy-duty clutch springs for improved clutch feel and reduced slippage,https://example.com/images/spring_fz25.jpg,Yamaha FZ25,Clutch Spring,7,180.0,budget,4.2,good,Chappal Bazar Road - Kachiguda,68ac2a8f3c73e23c655de054,17.38953,78.491245,Swathi Automobiles,clutch spring yamaha fz25 yamaha transmission heavy-duty clutch springs for improved clutch feel and reduced slippage,Transmission,2025-09-07T16:38:54.000Z,2020,68ac2a8e3c73e23c655de052,modern
,Royal Enfield,,0.0,5,2025-08-25T11:09:18.000Z,Chrome-plated reflector bowl for enhanced light focus and beam pattern,https://example.com/images/reflector_conti_gt.jpg,Royal Enfield Continental GT,Headlight Reflector,4,320.0,budget,4.5,excellent,RAMNAGAR COLONY PEERZADIGUDA UPPAL HYDERABAD,689d6959045c37933826818d,17.390358,78.606729,sai automobiles,headlight reflector royal enfield continental gt royal enfield lighting chrome-plated reflector bowl for enhanced light focus and beam pattern,Lighting,2025-09-18T12:21:06.000Z,2020,689d6959045c37933826818b,modern
,Honda,,0.0,3,2025-08-29T09:15:43.000Z,Precision-engineered fuel injector nozzle for fine atomization and efficient combustion,https://example.com/images/nozzle_cbr250r.jpg,Honda CBR250R,Fuel Injector Nozzle,3,850.0,mid-range,4.6,excellent,RAMNAGAR COLONY PEERZADIGUDA UPPAL HYDERABAD,689d6959045c37933826818d,17.390358,78.606729,sai automobiles,fuel injector nozzle honda cbr250r honda fuel intake precision-engineered fuel injector nozzle for fine atomization and efficient combustion,Fuel & Intake,2025-09-21T16:44:52.000Z,2018,689d6959045c37933826818b,classic
,Hero,,0.0,22,2025-08-31T13:38:26.000Z,Corrosion-resistant battery terminals for secure and reliable electrical connections,https://example.com/images/terminal_karizma_zmr.jpg,Hero Karizma ZMR,Battery Terminal,15,45.0,budget,4.2,good,Chappal Bazar Road - Kachiguda,68ac2a8f3c73e23c655de054,17.38953,78.491245,Swathi Automobiles,battery terminal hero karizma zmr hero electrical corrosion-resistant battery terminals for secure and reliable electrical connections,Electrical,2025-09-13T10:19:38.000Z,2019,68ac2a8e3c73e23c655de052,classic
,Bajaj,,0.0,6,2025-09-02T16:51:19.000Z,Sealed roller bearings for smooth swingarm pivot action and reduced maintenance,https://example.com/images/bearing_avenger_cruise.jpg,Bajaj Avenger Cruise 220,Swingarm Bearing,5,320.0,budget,4.5,excellent,RAMNAGAR COLONY PEERZADIGUDA UPPAL HYDERABAD,689d6959045c37933826818d,17.390358,78.606729,sai automobiles,swingarm bearing bajaj avenger cruise 220 bajaj frame suspension sealed roller bearings for smooth swingarm pivot action and reduced maintenance,Frame & Suspension,2025-09-17T07:28:04.000Z,2020,689d6959045c37933826818b,modern
,Honda,,0.0,6,2025-09-16T13:17:45.000Z,Hardened steel rear sprocket for durability and efficient power transfer,https://example.com/images/sprocket_hornet_2.jpg,Honda Hornet 2.0,Rear Sprocket,7,650.0,mid-range,4.4,good,Chappal Bazar Road - Kachiguda,68ac2a8f3c73e23c655de054,17.38953,78.491245,Swathi Automobiles,rear sprocket honda hornet 2.0 honda drivetrain hardened steel rear sprocket for durability and efficient power transfer,Drivetrain,2025-09-21T15:41:28.000Z,2021,68ac2a8e3c73e23c655de052,modern
,Honda,,0.0,2,2025-09-22T03:22:15.000Z,Supplementary oil cooler for maintaining optimal engine oil temperature under load,https://example.com/images/cooler_cbr650r.jpg,Honda CBR650R,Oil Cooler,3,2800.0,premium,4.9,excellent,RAMNAGAR COLONY PEERZADIGUDA UPPAL HYDERABAD,689d6959045c37933826818d,17.390358,78.606729,sai automobiles,oil cooler honda cbr650r honda cooling system supplementary oil cooler for maintaining optimal engine oil temperature under load,Cooling System,2025-09-22T03:22:15.000Z,2022,689d6959045c37933826818b,modern
,Yamaha,,0.0,18,2025-08-30T14:06:13.000Z,Toggle-style headlight switch for high/low beam selection,https://example.com/images/switch_saluto.jpg,Yamaha Saluto,Headlight Switch,8,120.0,budget,4.3,good,Chappal Bazar Road - Kachiguda,68ac2a8f3c73e23c655de054,17.38953,78.491245,Swathi Automobiles,headlight switch yamaha saluto yamaha controls toggle-style headlight switch for high/low beam selection,Controls,2025-09-17T13:45:27.000Z,2019,68ac2a8e3c73e23c655de052,classic
,TVS,,0.0,10,2025-08-21T09:22:38.000Z,Throttle body mounting gasket for air-tight seal and smooth idle,https://example.com/images/gasket_apache_rtr_200_4v.jpg,TVS Apache RTR 200 4V,Throttle Body Gasket,8,110.0,budget,4.2,good,Chappal Bazar Road - Kachiguda,68ac2a8f3c73e23c655de054,17.38953,78.491245,Swathi Automobiles,throttle body gasket tvs apache rtr 200 4v tvs fuel intake throttle body mounting gasket for air-tight seal and smooth idle,Fuel & Intake,2025-09-12T16:08:25.000Z,2021,68ac2a8e3c73e23c655de052,modern
,Honda,,0.0,19,2025-08-08T00:00:00.000Z,Premium quality precision engineered for improved performance,https://example.com/images/led_strip_sp_125.jpg,SP 125,LED Strip - SP 125,15,3226.0,premium,4.8,excellent,RAMNAGAR COLONY PEERZADIGUDA UPPAL HYDERABAD,689d6959045c37933826818d,17.390358,78.606729,sai automobiles,led strip - sp 125 honda lighting professional grade noise reducing for reduced maintenance,Lighting,2025-08-14T00:00:00.000Z,2023,689d6959045c37933826818b,modern
,Honda,,0.0,13,2025-08-03T00:00:00.000Z,Professional grade fuel efficient for longer life,https://example.com/images/front_shock_absorber_unicorn.jpg,Unicorn,Front Shock Absorber - Unicorn,8,1989.0,mid-range,4.4,good,Chappal Bazar Road - Kachiguda,68ac2a8f3c73e23c655de054,17.38953,78.491245,Swathi Automobiles,front shock absorber - unicorn honda suspension superior eco-friendly for reduced maintenance,Suspension,2025-08-06T00:00:00.000Z,2016,68ac2a8e3c73e23c655de052,modern
,Harley-Davidson,,0.0,7,2025-08-08T00:00:00.000Z,OEM quality corrosion resistant for smoother operation,https://example.com/images/piston_kit_harley_davidson_model_923.jpg,Harley-Davidson Model 923,Piston Kit - Harley-Davidson Model 923,11,7345.0,premium,4.6,excellent,Chappal Bazar Road - Kachiguda,68ac2a8f3c73e23c655de054,17.38953,78.491245,Swathi Automobiles,piston kit - harley-davidson model 923 harley-davidson engine high-performance maintenance-free for better handling,Engine,2025-08-09T00:00:00.000Z,2025,68ac2a8e3c73e23c655de052,classic
,Benelli,,0.0,3,2025-08-19T00:00:00.000Z,Superior maintenance-free for enhanced durability,https://example.com/images/seat_cover_benelli_model_658.jpg,Benelli Model 658,Seat Cover - Benelli Model 658,25,2989.0,premium,3.9,average,RAMNAGAR COLONY PEERZADIGUDA UPPAL HYDERABAD,689d6959045c37933826818d,17.390358,78.606729,sai automobiles,seat cover - benelli model 658 benelli body parts heavy-duty long lasting for better fuel economy,Body Parts,2025-08-25T00:00:00.000Z,2020,689d6959045c37933826818b,classic
,Aprilia,,0.0,7,2025-09-03T00:00:00.000Z,Superior eco-friendly for improved performance,https://example.com/images/front_fairing_aprilia_model_523.jpg,Aprilia Model 523,Front Fairing - Aprilia Model 523,29,1487.0,mid-range,4.3,good,Chappal Bazar Road - Kachiguda,68ac2a8f3c73e23c655de054,17.38953,78.491245,Swathi Automobiles,front fairing - aprilia model 523 aprilia body parts lightweight high strength for increased power,Body Parts,2025-09-10T00:00:00.000Z,2020,68ac2a8e3c73e23c655de052,modern
,Kawasaki,,0.0,8,2025-09-09T00:00:00.000Z,Heavy-duty long lasting for improved comfort,https://example.com/images/mirror_set_ninja_400.jpg,Ninja 400,Mirror Set - Ninja 400,8,1891.0,mid-range,4.7,excellent,RAMNAGAR COLONY PEERZADIGUDA UPPAL HYDERABAD,689d6959045c37933826818d,17.390358,78.606729,sai automobiles,mirror set - ninja 400 kawasaki accessories heavy-duty maintenance-free for better handling,Accessories,2025-08-04T00:00:00.000Z,2020,689d6959045c37933826818b,modern
,Royal Enfield,,0.0,22,2025-09-01T00:00:00.000Z,Lightweight heat treated for improved comfort,https://example.com/images/brake_caliper_interceptor_650.jpg,Interceptor 650,Brake Caliper - Interceptor 650,15,2336.0,premium,3.6,average,RAMNAGAR COLONY PEERZADIGUDA UPPAL HYDERABAD,689d6959045c37933826818d,17.390358,78.606729,sai automobiles,brake caliper - interceptor 650 royal enfield brakes heavy-duty precision engineered for better fuel economy,Brakes,2025-09-11T00:00:00.000Z,2023,689d6959045c37933826818b,modern
,Bajaj,,0.0,4,2025-09-18T00:00:00.000Z,Enhanced heat treated for better fuel economy,https://example.com/images/fuse_box_pulsar_220.jpg,Pulsar 220,Fuse Box - Pulsar 220,18,3398.0,premium,4.5,excellent,RAMNAGAR COLONY PEERZADIGUDA UPPAL HYDERABAD,689d6959045c37933826818d,17.390358,78.606729,sai automobiles,fuse box - pulsar 220 bajaj electrical heavy-duty heat treated for better fuel economy,Electrical,2025-09-06T00:00:00.000Z,2016,689d6959045c37933826818b,modern
,Ducati,,0.0,3,2025-09-08T00:00:00.000Z,High-performance maintenance-free for smoother operation,https://example.com/images/spark_plug_multistrada_v4.jpg,Multistrada V4,Spark Plug - Multistrada V4,21,448.0,budget,4.3,good,Chappal Bazar Road - Kachiguda,68ac2a8f3c73e23c655de054,17.38953,78.491245,Swathi Automobiles,spark plug - multistrada v4 ducati ignition durable noise reducing for enhanced durability,Ignition,2025-09-02T00:00:00.000Z,2015,68ac2a8e3c73e23c655de052,modern
,Yamaha,,0.0,15,2025-09-13T00:00:00.000Z,OEM quality corrosion resistant for reduced maintenance,https://example.com/images/spark_plug_fz_x.jpg,FZ-X,Spark Plug - FZ-X,5,266.0,budget,4.3,good,RAMNAGAR COLONY PEERZADIGUDA UPPAL HYDERABAD,689d6959045c37933826818d,17.390358,78.606729,sai automobiles,spark plug - fz-x yamaha ignition high-performance eco-friendly for improved performance,Ignition,2025-08-16T00:00:00.000Z,2018,689d6959045c37933826818b,modern
,Hero,,0.0,11,2025-08-03T00:00:00.000Z,Enhanced high strength for reduced maintenance,https://example.com/images/clutch_spring_destini_125.jpg,Destini 125,Clutch Spring - Destini 125,23,2392.0,premium,4.3,good,RAMNAGAR COLONY PEERZADIGUDA UPPAL HYDERABAD,689d6959045c37933826818d,17.390358,78.606729,sai automobiles,clutch spring - destini 125 hero transmission durable fuel efficient for improved performance,Transmission,2025-08-03T00:00:00.000Z,2017,689d6959045c37933826818b,modern
,Kawasaki,,0.0,13,2025-09-01T00:00:00.000Z,OEM quality heat treated for improved performance,https://example.com/images/engine_guard_w175.jpg,W175,Engine Guard - W175,7,1851.0,mid-range,4.7,excellent,RAMNAGAR COLONY PEERZADIGUDA UPPAL HYDERABAD,689d6959045c37933826818d,17.390358,78.606729,sai automobiles,engine guard - w175 kawasaki accessories high-performance eco-friendly for enhanced safety,Accessories,2025-08-13T00:00:00.000Z,2025,689d6959045c37933826818b,classic
,Ducati,,0.0,4,2025-08-02T00:00:00.000Z,High-performance long lasting for better handling,https://example.com/images/brake_cable_panigale_v4.jpg,Panigale V4,Brake Cable - Panigale V4,26,2353.0,premium,4.8,excellent,Chappal Bazar Road - Kachiguda,68ac2a8f3c73e23c655de054,17.38953,78.491245,Swathi Automobiles,brake cable - panigale v4 ducati brakes superior maintenance-free for improved performance,Brakes,2025-08-14T00:00:00.000Z,2024,68ac2a8e3c73e23c655de052,modern
,Yamaha,,0.0,16,2025-09-14T00:00:00.000Z,High-performance high strength for better handling,https://example.com/images/rear_cowl_fz_x.jpg,FZ-X,Rear Cowl - FZ-X,5,917.0,mid-range,4.9,excellent,RAMNAGAR COLONY PEERZADIGUDA UPPAL HYDERABAD,689d6959045c37933826818d,17.390358,78.606729,sai automobiles,rear cowl - fz-x yamaha body parts superior fuel efficient for enhanced durability,Body Parts,2025-09-05T00:00:00.000Z,2022,689d6959045c37933826818b,modern
,Yamaha,,0.0,7,2025-08-07T00:00:00.000Z,Enhanced vibration dampening for enhanced safety,https://example.com/images/connecting_rod_fz_25.jpg,FZ 25,Connecting Rod - FZ 25,19,12111.0,premium,3.5,average,RAMNAGAR COLONY PEERZADIGUDA UPPAL HYDERABAD,689d6959045c37933826818d,17.390358,78.606729,sai automobiles,connecting rod - fz 25 yamaha engine heavy-duty corrosion resistant for increased power,Engine,2025-09-11T00:00:00.000Z,2025,689d6959045c37933826818b,modern
,Ducati,,0.0,7,2025-09-11T00:00:00.000Z,OEM quality fuel efficient for improved comfort,https://example.com/images/oil_cooler_panigale_v2.jpg,Panigale V2,Oil Cooler - Panigale V2,11,6987.0,premium,4.5,excellent,RAMNAGAR COLONY PEERZADIGUDA UPPAL HYDERABAD,689d6959045c37933826818d,17.390358,78.606729,sai automobiles,oil cooler - panigale v2 ducati cooling system superior precision engineered for enhanced safety,Cooling System,2025-09-07T00:00:00.000Z,2016,689d6959045c37933826818b,modern
,Harley-Davidson,,0.0,15,2025-09-12T00:00:00.000Z,Durable high strength for increased power,https://example.com/images/number_plate_holder_harley_davidson_model_195.jpg,Harley-Davidson Model 195,Number Plate Holder - Harley-Davidson Model 195,8,1192.0,mid-range,4.7,excellent,RAMNAGAR COLONY PEERZADIGUDA UPPAL HYDERABAD,689d6959045c37933826818d,17.390358,78.606729,sai automobiles,number plate holder - harley-davidson model 195 harley-davidson body parts lightweight eco-friendly for improved comfort,Body Parts,2025-08-21T00:00:00.000Z,2023,689d6959045c37933826818b,modern
,Kawasaki,,0.0,25,2025-08-20T00:00:00.000Z,OEM quality corrosion resistant for longer life,https://example.com/images/intercooler_ninja_zx_10r.jpg,Ninja ZX-10R,Intercooler - Ninja ZX-10R,12,7920.0,premium,3.8,average,RAMNAGAR COLONY PEERZADIGUDA UPPAL HYDERABAD,689d6959045c37933826818d,17.390358,78.606729,sai automobiles,intercooler - ninja zx-10r kawasaki cooling system lightweight precision engineered for better fuel economy,Cooling System,2025-09-11T00:00:00.000Z,2025,689d6959045c37933826818b,classic
,BMW,,0.0,24,2025-08-02T00:00:00.000Z,Enhanced heat treated for enhanced safety,https://example.com/images/front_brake_pad_bmw_model_656.jpg,BMW Model 656,Front Brake Pad - BMW Model 656,9,1299.0,mid-range,3.6,average,Chappal Bazar Road - Kachiguda,68ac2a8f3c73e23c655de054,17.38953,78.491245,Swathi Automobiles,front brake pad - bmw model 656 bmw brakes oem quality eco-friendly for enhanced durability,Brakes,2025-08-17T00:00:00.000Z,2021,68ac2a8e3c73e23c655de052,classic
,Triumph,,0.0,12,2025-08-09T00:00:00.000Z,High-performance heat treated for reduced maintenance,https://example.com/images/starter_relay_triumph_model_280.jpg,Triumph Model 280,Starter Relay - Triumph Model 280,22,216.0,budget,4.8,excellent,Chappal Bazar Road - Kachiguda,68ac2a8f3c73e23c655de054,17.38953,78.491245,Swathi Automobiles,starter relay - triumph model 280 triumph ignition lightweight maintenance-free for reduced maintenance,Ignition,2025-08-29T00:00:00.000Z,2024,68ac2a8e3c73e23c655de052,modern
,Suzuki,,0.0,10,2025-08-17T00:00:00.000Z,Superior vibration dampening for reduced maintenance,https://example.com/images/gear_shift_lever_gixxer_sf.jpg,Gixxer SF,Gear Shift Lever - Gixxer SF,2,4915.0,premium,5.0,excellent,RAMNAGAR COLONY PEERZADIGUDA UPPAL HYDERABAD,689d6959045c37933826818d,17.390358,78.606729,sai automobiles,gear shift lever - gixxer sf suzuki transmission superior maintenance-free for smoother operation,Transmission,2025-09-13T00:00:00.000Z,2025,689d6959045c37933826818b,classic
,Triumph,,0.0,11,2025-08-22T00:00:00.000Z,Lightweight vibration dampening for smoother operation,https://example.com/images/fog_light_triumph_model_686.jpg,Triumph Model 686,Fog Light - Triumph Model 686,5,3707.0,premium,4.3,good,Chappal Bazar Road - Kachiguda,68ac2a8f3c73e23c655de054,17.38953,78.491245,Swathi Automobiles,fog light - triumph model 686 triumph lighting advanced vibration dampening for improved performance,Lighting,2025-09-03T00:00:00.000Z,2016,68ac2a8e3c73e23c655de052,modern
,Royal Enfield,,0.0,19,2025-09-17T00:00:00.000Z,OEM quality eco-friendly for better handling,https://example.com/images/transmission_filter_bullet_350.jpg,Bullet 350,Transmission Filter - Bullet 350,27,394.0,budget,4.4,good,Chappal Bazar Road - Kachiguda,68ac2a8f3c73e23c655de054,17.38953,78.491245,Swathi Automobiles,transmission filter - bullet 350 royal enfield filters professional grade eco-friendly for smoother operation,Filters,2025-08-10T00:00:00.000Z,2019,68ac2a8e3c73e23c655de052,modern
,Aprilia,,0.0,5,2025-09-09T00:00:00.000Z,Advanced corrosion resistant for longer life,https://example.com/images/valve_set_aprilia_model_223.jpg,Aprilia Model 223,Valve Set - Aprilia Model 223,26,9009.0,premium,4.0,good,Chappal Bazar Road - Kachiguda,68ac2a8f3c73e23c655de054,17.38953,78.491245,Swathi Automobiles,valve set - aprilia model 223 aprilia engine lightweight fuel efficient for smoother operation,Engine,2025-08-23T00:00:00.000Z,2024,68ac2a8e3c73e23c655de052,classic
,Kawasaki,,0.0,18,2025-08-03T00:00:00.000Z,Durable fuel efficient for reduced maintenance,https://example.com/images/ignition_module_z650.jpg,Z650,Ignition Module - Z650,4,406.0,budget,3.6,average,Chappal Bazar Road - Kachiguda,68ac2a8f3c73e23c655de054,17.38953,78.491245,Swathi Automobiles,ignition module - z650 kawasaki ignition enhanced heat treated for enhanced durability,Ignition,2025-09-06T00:00:00.000Z,2021,68ac2a8e3c73e23c655de052,classic
,Suzuki,,0.0,21,2025-08-05T00:00:00.000Z,Enhanced long lasting for improved comfort,https://example.com/images/kick_starter_access_125.jpg,Access 125,Kick Starter - Access 125,25,4491.0,premium,4.3,good,RAMNAGAR COLONY PEERZADIGUDA UPPAL HYDERABAD,689d6959045c37933826818d,17.390358,78.606729,sai automobiles,kick starter - access 125 suzuki transmission durable corrosion resistant for smoother operation,Transmission,2025-09-15T00:00:00.000Z,2019,689d6959045c37933826818b,modern
,BMW,,0.0,3,2025-08-14T00:00:00.000Z,Enhanced precision engineered for reduced maintenance,https://example.com/images/reserve_tank_bmw_model_767.jpg,BMW Model 767,Reserve Tank - BMW Model 767,14,1692.0,mid-range,3.5,average,Chappal Bazar Road - Kachiguda,68ac2a8f3c73e23c655de054,17.38953,78.491245,Swathi Automobiles,reserve tank - bmw model 767 bmw fuel system professional grade long lasting for better fuel economy,Fuel System,2025-08-01T00:00:00.000Z,2016,68ac2a8e3c73e23c655de052,classic
,Honda,,0.0,21,2025-09-13T00:00:00.000Z,Premium quality high strength for increased power,https://example.com/images/radiator_cap_cb_hornet_2.0.jpg,CB Hornet 2.0,Radiator Cap - CB Hornet 2.0,6,7685.0,premium,4.1,good,RAMNAGAR COLONY PEERZADIGUDA UPPAL HYDERABAD,689d6959045c37933826818d,17.390358,78.606729,sai automobiles,radiator cap - cb hornet 2.0 honda cooling system enhanced high strength for longer life,Cooling System,2025-08-10T00:00:00.000Z,2017,689d6959045c37933826818b,classic
,Triumph,,0.0,6,2025-08-02T00:00:00.000Z,High-performance maintenance-free for enhanced safety,https://example.com/images/fork_oil_seal_triumph_model_992.jpg,Triumph Model 992,Fork Oil Seal - Triumph Model 992,12,6231.0,premium,4.5,excellent,Chappal Bazar Road - Kachiguda,68ac2a8f3c73e23c655de054,17.38953,78.491245,Swathi Automobiles,fork oil seal - triumph model 992 triumph suspension professional grade eco-friendly for improved performance,Suspension,2025-08-03T00:00:00.000Z,2021,68ac2a8e3c73e23c655de052,classic
,Kawasaki,,0.0,3,2025-08-13T00:00:00.000Z,OEM quality high strength for better handling,https://example.com/images/clutch_spring_ninja_300.jpg,Ninja 300,Clutch Spring - Ninja 300,4,4036.0,premium,4.9,excellent,Chappal Bazar Road - Kachiguda,68ac2a8f3c73e23c655de054,17.38953,78.491245,Swathi Automobiles,clutch spring - ninja 300 kawasaki transmission high-performance heat treated for enhanced durability,Transmission,2025-08-06T00:00:00.000Z,2017,68ac2a8e3c73e23c655de052,classic
,Harley-Davidson,,0.0,5,2025-08-26T00:00:00.000Z,Advanced heat treated for enhanced durability,https://example.com/images/rear_shock_absorber_harley_davidson_model_922.jpg,Harley-Davidson Model 922,Rear Shock Absorber - Harley-Davidson Model 922,17,10174.0,premium,4.3,good,RAMNAGAR COLONY PEERZADIGUDA UPPAL HYDERABAD,689d6959045c37933826818d,17.390358,78.606729,sai automobiles,rear shock absorber - harley-davidson model 922 harley-davidson suspension high-performance heat treated for longer life,Suspension,2025-08-29T00:00:00.000Z,2020,689d6959045c37933826818b,modern
,Benelli,,0.0,11,2025-09-06T00:00:00.000Z,Enhanced fuel efficient for increased power,https://example.com/images/wire_wheel_benelli_model_577.jpg,Benelli Model 577,Wire Wheel - Benelli Model 577,17,3022.0,premium,4.8,excellent,RAMNAGAR COLONY PEERZADIGUDA UPPAL HYDERABAD,689d6959045c37933826818d,17.390358,78.606729,sai automobiles,wire wheel - benelli model 577 benelli wheels & tires durable long lasting for enhanced safety,Wheels & Tires,2025-09-06T00:00:00.000Z,2023,689d6959045c37933826818b,modern
,Royal Enfield,,0.0,24,2025-08-18T00:00:00.000Z,Advanced precision engineered for longer life,https://example.com/images/mudguard_himalayan.jpg,Himalayan,Mudguard - Himalayan,21,2155.0,premium,4.2,good,Chappal Bazar Road - Kachiguda,68ac2a8f3c73e23c655de054,17.38953,78.491245,Swathi Automobiles,mudguard - himalayan royal enfield body parts oem quality high strength for improved performance,Body Parts,2025-08-27T00:00:00.000Z,2015,68ac2a8e3c73e23c655de052,classic
,Hero,,0.0,1,2025-08-26T00:00:00.000Z,Heavy-duty eco-friendly for better fuel economy,https://example.com/images/flywheel_super_splendor.jpg,Super Splendor,Flywheel - Super Splendor,3,2279.0,premium,4.1,good,Chappal Bazar Road - Kachiguda,68ac2a8f3c73e23c655de054,17.38953,78.491245,Swathi Automobiles,flywheel - super splendor hero engine oem quality heat treated for smoother operation,Engine,2025-08-05T00:00:00.000Z,2020,68ac2a8e3c73e23c655de052,modern
,KTM,,0.0,6,2025-08-20T00:00:00.000Z,Superior high strength for improved comfort,https://example.com/images/side_stand_duke_390.jpg,Duke 390,Side Stand - Duke 390,1,2528.0,premium,3.8,average,Chappal Bazar Road - Kachiguda,68ac2a8f3c73e23c655de054,17.38953,78.491245,Swathi Automobiles,side stand - duke 390 ktm body parts professional grade eco-friendly for improved comfort,Body Parts,2025-08-08T00:00:00.000Z,2024,68ac2a8e3c73e23c655de052,classic
,Yamaha,,0.0,12,2025-08-03T00:00:00.000Z,Lightweight precision engineered for smoother operation,https://example.com/images/brake_fluid_reservoir_fz_25.jpg,FZ 25,Brake Fluid Reservoir - FZ 25,5,460.0,budget,4.0,good,RAMNAGAR COLONY PEERZADIGUDA UPPAL HYDERABAD,689d6959045c37933826818d,17.390358,78.606729,sai automobiles,brake fluid reservoir - fz 25 yamaha brakes premium quality noise reducing for improved comfort,Brakes,2025-09-10T00:00:00.000Z,2016,689d6959045c37933826818b,modern
,Triumph,,0.0,4,2025-08-09T00:00:00.000Z,Enhanced vibration dampening for enhanced durability,https://example.com/images/petcock_valve_triumph_model_496.jpg,Triumph Model 496,Petcock Valve - Triumph Model 496,4,4609.0,premium,4.1,good,RAMNAGAR COLONY PEERZADIGUDA UPPAL HYDERABAD,689d6959045c37933826818d,17.390358,78.606729,sai automobiles,petcock valve - triumph model 496 triumph fuel system durable high strength for better handling,Fuel System,2025-09-20T00:00:00.000Z,2016,689d6959045c37933826818b,modern
,Yamaha,,0.0,15,2025-09-08T00:00:00.000Z,Lightweight corrosion resistant for better fuel economy,https://example.com/images/rear_sprocket_mt_15.jpg,MT-15,Rear Sprocket - MT-15,2,3252.0,premium,4.4,good,RAMNAGAR COLONY PEERZADIGUDA UPPAL HYDERABAD,689d6959045c37933826818d,17.390358,78.606729,sai automobiles,rear sprocket - mt-15 yamaha drivetrain high-performance eco-friendly for enhanced safety,Drivetrain,2025-08-16T00:00:00.000Z,2015,689d6959045c37933826818b,modern
,Aprilia,,0.0,23,2025-08-20T00:00:00.000Z,Enhanced noise reducing for improved comfort,https://example.com/images/radiator_aprilia_model_884.jpg,Aprilia Model 884,Radiator - Aprilia Model 884,7,3189.0,premium,4.8,excellent,Karimnagar,68d135833952f7cf7dee910b,18.435781,79.132861,Mounika Automobiles,radiator - aprilia model 884 aprilia cooling system enhanced noise reducing for improved comfort,Cooling System,2025-09-02T00:00:00.000Z,2022,68d135833952f7cf7dee9109,modern
,Bajaj,,0.0,9,2025-08-28T00:00:00.000Z,Lightweight high strength for improved performance,https://example.com/images/reserve_tank_pulsar_150.jpg,Pulsar 150,Reserve Tank - Pulsar 150,12,1561.0,mid-range,3.5,average,,68d0c47e09554c358655174d,17.423605,78.546314,Tarun Automobiles,reserve tank - pulsar 150 bajaj fuel system superior precision engineered for reduced maintenance,Fuel System,2025-08-04T00:00:00.000Z,2015,68d0c47d09554c358655174b,modern
,Mahindra,,0.0,11,2025-08-26T00:00:00.000Z,Professional grade fuel efficient for improved performance,https://example.com/images/spoke_set_mahindra_model_388.jpg,Mahindra Model 388,Spoke Set - Mahindra Model 388,6,3358.0,premium,4.2,good,Mahabubabad,68d134ac3952f7cf7dee90e5,17.594209,80.006903,Shiva sai Automobiles,spoke set - mahindra model 388 mahindra wheels & tires professional grade maintenance-free for enhanced safety,Wheels & Tires,2025-08-05T00:00:00.000Z,2015,68d134ac3952f7cf7dee90e3,modern
,TVS,,0.0,14,2025-09-05T00:00:00.000Z,Heavy-duty corrosion resistant for increased power,https://example.com/images/timing_light_apache_rtr_200.jpg,Apache RTR 200,Timing Light - Apache RTR 200,18,146.0,budget,3.7,average,Medak,68d135d63952f7cf7dee9120,18.048948,78.269372,baskar Automobiles,timing light - apache rtr 200 tvs ignition lightweight eco-friendly for improved performance,Ignition,2025-08-07T00:00:00.000Z,2020,68d135d63952f7cf7dee911e,modern
,Hero,,0.0,9,2025-08-20T00:00:00.000Z,Superior precision engineered for reduced maintenance,https://example.com/images/final_drive_oil_maestro_edge.jpg,Maestro Edge,Final Drive Oil - Maestro Edge,11,2921.0,premium,3.8,average,Mahabubabad,68d134ac3952f7cf7dee90e5,17.594209,80.006903,Shiva sai Automobiles,final drive oil - maestro edge hero drivetrain high-performance vibration dampening for increased power,Drivetrain,2025-09-12T00:00:00.000Z,2024,68d134ac3952f7cf7dee90e3,modern
,Bajaj,,0.0,11,2025-08-17T00:00:00.000Z,Superior fuel efficient for reduced maintenance,https://example.com/images/oil_filter_ct_110x.jpg,CT 110X,Oil Filter - CT 110X,22,652.0,mid-range,3.8,average,,68d0c47e09554c358655174d,17.423605,78.546314,Tarun Automobiles,oil filter - ct 110x bajaj filters superior corrosion resistant for improved performance,Filters,2025-08-22T00:00:00.000Z,2022,68d0c47d09554c358655174b,modern
,Honda,,0.0,1,2025-09-10T00:00:00.000Z,Superior eco-friendly for enhanced durability,https://example.com/images/spark_plug_wire_dream_yuga.jpg,Dream Yuga,Spark Plug Wire - Dream Yuga,30,1054.0,mid-range,4.5,excellent,Karimnagar,68d135833952f7cf7dee910b,18.435781,79.132861,Mounika Automobiles,spark plug wire - dream yuga honda ignition advanced corrosion resistant for enhanced durability,Ignition,2025-09-21T00:00:00.000Z,2015,68d135833952f7cf7dee9109,modern
,Mahindra,,0.0,12,2025-08-18T00:00:00.000Z,High-performance long lasting for improved comfort,https://example.com/images/silencer_mahindra_model_417.jpg,Mahindra Model 417,Silencer - Mahindra Model 417,12,11987.0,premium,4.8,excellent,Hyderabad,68d133bf3952f7cf7dee90b9,17.511409,78.350972,Jyothi Automobiles,silencer - mahindra model 417 mahindra exhaust premium quality noise reducing for enhanced safety,Exhaust,2025-09-16T00:00:00.000Z,2023,68d133bf3952f7cf7dee90b7,modern
,Benelli,,0.0,20,2025-09-14T00:00:00.000Z,OEM quality high strength for better fuel economy,https://example.com/images/oil_filter_benelli_model_534.jpg,Benelli Model 534,Oil Filter - Benelli Model 534,13,239.0,budget,3.5,average,Hyderabad,68d133bf3952f7cf7dee90b9,17.511409,78.350972,Jyothi Automobiles,oil filter - benelli model 534 benelli filters lightweight fuel efficient for improved performance,Filters,2025-09-05T00:00:00.000Z,2016,68d133bf3952f7cf7dee90b7,modern
,Triumph,,0.0,21,2025-09-05T00:00:00.000Z,OEM quality eco-friendly for smoother operation,https://example.com/images/alloy_wheel_triumph_model_329.jpg,Triumph Model 329,Alloy Wheel - Triumph Model 329,22,1338.0,mid-range,4.2,good,RAMNAGAR COLONY PEERZADIGUDA UPPAL HYDERABAD,689d6959045c37933826818d,17.390358,78.606729,sai automobiles,alloy wheel - triumph model 329 triumph wheels & tires oem quality maintenance-free for better handling,Wheels & Tires,2025-08-02T00:00:00.000Z,2023,689d6959045c37933826818b,classic
,Mahindra,,0.0,22,2025-08-03T00:00:00.000Z,OEM quality maintenance-free for enhanced safety,https://example.com/images/cvt_kit_mahindra_model_712.jpg,Mahindra Model 712,CVT Kit - Mahindra Model 712,24,1470.0,mid-range,4.1,good,Hyderabad,68d133bf3952f7cf7dee90b9,17.511409,78.350972,Jyothi Automobiles,cvt kit - mahindra model 712 mahindra drivetrain premium quality precision engineered for improved performance,Drivetrain,2025-08-06T00:00:00.000Z,2019,68d133bf3952f7cf7dee90b7,modern
,Mahindra,,0.0,10,2025-09-05T00:00:00.000Z,Durable vibration dampening for better handling,https://example.com/images/hub_bearing_mahindra_model_107.jpg,Mahindra Model 107,Hub Bearing - Mahindra Model 107,4,2085.0,premium,4.4,good,Mahabubabad,68d134ac3952f7cf7dee90e5,17.594209,80.006903,Shiva sai Automobiles,hub bearing - mahindra model 107 mahindra wheels & tires advanced high strength for reduced maintenance,Wheels & Tires,2025-09-10T00:00:00.000Z,2021,68d134ac3952f7cf7dee90e3,classic
,Hero,,0.0,17,2025-08-09T00:00:00.000Z,Durable vibration dampening for better handling,https://example.com/images/battery_super_splendor.jpg,Super Splendor,Battery - Super Splendor,18,1210.0,mid-range,4.2,good,Chappal Bazar Road - Kachiguda,68ac2a8f3c73e23c655de054,17.38953,78.491245,Swathi Automobiles,battery - super splendor hero electrical high-performance eco-friendly for better fuel economy,Electrical,2025-08-22T00:00:00.000Z,2015,68ac2a8e3c73e23c655de052,classic
,KTM,,0.0,11,2025-09-18T00:00:00.000Z,Lightweight corrosion resistant for improved comfort,https://example.com/images/side_stand_duke_250.jpg,Duke 250,Side Stand - Duke 250,25,2603.0,premium,4.1,good,RAMNAGAR COLONY PEERZADIGUDA UPPAL HYDERABAD,689d6959045c37933826818d,17.390358,78.606729,sai automobiles,side stand - duke 250 ktm body parts lightweight precision engineered for improved comfort,Body Parts,2025-08-08T00:00:00.000Z,2023,689d6959045c37933826818b,modern
,BMW,,0.0,23,2025-09-10T00:00:00.000Z,OEM quality long lasting for improved comfort,https://example.com/images/transmission_oil_bmw_model_211.jpg,BMW Model 211,Transmission Oil - BMW Model 211,30,4420.0,premium,3.9,average,,68d0c47e09554c358655174d,17.423605,78.546314,Tarun Automobiles,transmission oil - bmw model 211 bmw transmission oem quality eco-friendly for improved comfort,Transmission,2025-08-13T00:00:00.000Z,2019,68d0c47d09554c358655174b,modern
,TVS,,0.0,17,2025-09-19T00:00:00.000Z,OEM quality vibration dampening for better fuel economy,https://example.com/images/alternator_apache_rtr_180.jpg,Apache RTR 180,Alternator - Apache RTR 180 V1,12,1152.0,mid-range,4.6,excellent,Hyderabad,68d133bf3952f7cf7dee90b9,17.511409,78.350972,Jyothi Automobiles,alternator - apache rtr 180 v1 tvs electrical heavy-duty corrosion resistant for enhanced durability,Electrical,2025-08-15T00:00:00.000Z,2024,68d133bf3952f7cf7dee90b7,classic
,Yamaha,,0.0,20,2025-09-03T00:00:00.000Z,High-performance vibration dampening for improved performance,https://example.com/images/tire_valve_fz_x.jpg,FZ-X,Tire Valve - FZ-X,12,6597.0,premium,4.5,excellent,Mahabubabad,68d134ac3952f7cf7dee90e5,17.594209,80.006903,Shiva sai Automobiles,tire valve - fz-x yamaha wheels & tires lightweight heat treated for enhanced safety,Wheels & Tires,2025-08-20T00:00:00.000Z,2022,68d134ac3952f7cf7dee90e3,modern
,Benelli,,0.0,21,2025-08-20T00:00:00.000Z,Durable maintenance-free for reduced maintenance,https://example.com/images/transmission_oil_benelli_model_812.jpg,Benelli Model 812,Transmission Oil - Benelli Model 812,6,5930.0,premium,4.2,good,,68d0c47e09554c358655174d,17.423605,78.546314,Tarun Automobiles,transmission oil - benelli model 812 benelli transmission professional grade maintenance-free for improved performance,Transmission,2025-09-19T00:00:00.000Z,2018,68d0c47d09554c358655174b,modern
,Triumph,,0.0,23,2025-08-24T00:00:00.000Z,Professional grade vibration dampening for improved comfort,https://example.com/images/fork_oil_seal_triumph_model_120.jpg,Triumph Model 120,Fork Oil Seal - Triumph Model 120,6,7662.0,premium,3.7,average,Medak,68d135d63952f7cf7dee9120,18.048948,78.269372,baskar Automobiles,fork oil seal - triumph model 120 triumph suspension heavy-duty eco-friendly for longer life,Suspension,2025-08-08T00:00:00.000Z,2019,68d135d63952f7cf7dee911e,classic
,Triumph,,0.0,17,2025-08-27T00:00:00.000Z,Enhanced maintenance-free for smoother operation,https://example.com/images/brake_hose_triumph_model_972.jpg,Triumph Model 972,Brake Hose - Triumph Model 972,4,2658.0,premium,4.3,good,Hyderabad,68d133bf3952f7cf7dee90b9,17.511409,78.350972,Jyothi Automobiles,brake hose - triumph model 972 triumph brakes superior corrosion resistant for reduced maintenance,Brakes,2025-09-14T00:00:00.000Z,2018,68d133bf3952f7cf7dee90b7,modern
,KTM,,0.0,11,2025-08-10T00:00:00.000Z,Durable heat treated for better handling,https://example.com/images/steering_head_bearing_adventure_390.jpg,Adventure 390,Steering Head Bearing - Adventure 390,30,4780.0,premium,4.8,excellent,,68d0c47e09554c358655174d,17.423605,78.546314,Tarun Automobiles,steering head bearing - adventure 390 ktm suspension oem quality corrosion resistant for better handling,Suspension,2025-08-17T00:00:00.000Z,2021,68d0c47d09554c358655174b,classic
,BMW,,0.0,3,2025-08-04T00:00:00.000Z,Heavy-duty long lasting for smoother operation,https://example.com/images/piston_kit_bmw_model_169.jpg,BMW Model 169,Piston Kit - BMW Model 169,4,7587.0,premium,4.9,excellent,Karimnagar,68d135833952f7cf7dee910b,18.435781,79.132861,Mounika Automobiles,piston kit - bmw model 169 bmw engine premium quality corrosion resistant for increased power,Engine,2025-09-07T00:00:00.000Z,2020,68d135833952f7cf7dee9109,modern
,Bajaj,,0.0,7,2025-09-06T00:00:00.000Z,Professional grade noise reducing for smoother operation,https://example.com/images/intercooler_pulsar_rs200.jpg,Pulsar RS200,Intercooler - Pulsar RS200,6,2786.0,premium,4.1,good,Chappal Bazar Road - Kachiguda,68ac2a8f3c73e23c655de054,17.38953,78.491245,Swathi Automobiles,intercooler - pulsar rs200 bajaj cooling system professional grade heat treated for enhanced safety,Cooling System,2025-08-12T00:00:00.000Z,2016,68ac2a8e3c73e23c655de052,modern
,Bajaj,,0.0,13,2025-08-16T00:00:00.000Z,Lightweight vibration dampening for improved performance,https://example.com/images/mirror_set_pulsar_150.jpg,Pulsar 150,Mirror Set - Pulsar 150,24,451.0,budget,4.6,excellent,Medak,68d135d63952f7cf7dee9120,18.048948,78.269372,baskar Automobiles,mirror set - pulsar 150 bajaj accessories durable eco-friendly for smoother operation,Accessories,2025-08-02T00:00:00.000Z,2021,68d135d63952f7cf7dee911e,classic
,KTM,,0.0,19,2025-08-21T00:00:00.000Z,Durable long lasting for smoother operation,https://example.com/images/immobilizer_adventure_390.jpg,Adventure 390,Immobilizer - Adventure 390,15,951.0,mid-range,4.1,good,Karimnagar,68d135833952f7cf7dee910b,18.435781,79.132861,Mounika Automobiles,immobilizer - adventure 390 ktm ignition professional grade heat treated for better handling,Ignition,2025-08-21T00:00:00.000Z,2022,68d135833952f7cf7dee9109,modern
,Mahindra,,0.0,14,2025-08-21T00:00:00.000Z,OEM quality fuel efficient for improved performance,https://example.com/images/valve_set_mahindra_model_219.jpg,Mahindra Model 219,Valve Set - Mahindra Model 219,9,3885.0,premium,4.0,good,Dilshknagar,68d135063952f7cf7dee90f8,17.367642,78.534282,Manoj Automobiles,valve set - mahindra model 219 mahindra engine premium quality eco-friendly for enhanced safety,Engine,2025-09-06T00:00:00.000Z,2022,68d135063952f7cf7dee90f6,modern
,Kawasaki,,0.0,3,2025-08-07T00:00:00.000Z,OEM quality precision engineered for smoother operation,https://example.com/images/exhaust_clamp_z900.jpg,Z900,Exhaust Clamp - Z900,18,3054.0,premium,4.3,good,Medak,68d135d63952f7cf7dee9120,18.048948,78.269372,baskar Automobiles,exhaust clamp - z900 kawasaki exhaust heavy-duty high strength for reduced maintenance,Exhaust,2025-09-14T00:00:00.000Z,2020,68d135d63952f7cf7dee911e,modern
,Honda,,0.0,7,2025-09-20T00:00:00.000Z,High-performance long lasting for enhanced durability,https://example.com/images/chain_tensioner_activa_6g.jpg,Activa 6G,Chain Tensioner - Activa 6G,8,2809.0,premium,4.9,excellent,Dilshknagar,68d135063952f7cf7dee90f8,17.367642,78.534282,Manoj Automobiles,chain tensioner - activa 6g honda drivetrain heavy-duty eco-friendly for better fuel economy,Drivetrain,2025-09-05T00:00:00.000Z,2020,68d135063952f7cf7dee90f6,modern
,Benelli,,0.0,4,2025-09-13T00:00:00.000Z,Advanced heat treated for reduced maintenance,https://example.com/images/tube_benelli_model_415.jpg,Benelli Model 415,Tube - Benelli Model 415,28,6655.0,premium,4.1,good,Dilshknagar,68d135063952f7cf7dee90f8,17.367642,78.534282,Manoj Automobiles,tube - benelli model 415 benelli wheels & tires lightweight heat treated for enhanced safety,Wheels & Tires,2025-08-24T00:00:00.000Z,2015,68d135063952f7cf7dee90f6,modern
,Suzuki,,0.0,7,2025-09-15T00:00:00.000Z,OEM quality heat treated for improved performance,https://example.com/images/silencer_gixxer_sf.jpg,Gixxer SF,Silencer - Gixxer SF,20,3664.0,premium,4.1,good,Hyderabad,68d133bf3952f7cf7dee90b9,17.511409,78.350972,Jyothi Automobiles,silencer - gixxer sf suzuki exhaust heavy-duty high strength for increased power,Exhaust,2025-08-20T00:00:00.000Z,2015,68d133bf3952f7cf7dee90b7,classic
,Bajaj,,0.0,20,2025-09-08T00:00:00.000Z,Advanced vibration dampening for better fuel economy,https://example.com/images/alternator_pulsar_ns200.jpg,Pulsar NS200,Alternator - Pulsar NS200,24,691.0,mid-range,4.2,good,,68d0c47e09554c358655174d,17.423605,78.546314,Tarun Automobiles,alternator - pulsar ns200 bajaj electrical premium quality maintenance-free for increased power,Electrical,2025-08-08T00:00:00.000Z,2024,68d0c47d09554c358655174b,classic
,Suzuki,,0.0,14,2025-08-15T00:00:00.000Z,Lightweight noise reducing for smoother operation,https://example.com/images/starter_relay_hayabusa.jpg,Hayabusa,Starter Relay - Hayabusa,30,933.0,mid-range,3.8,average,Dilshknagar,68d135063952f7cf7dee90f8,17.367642,78.534282,Manoj Automobiles,starter relay - hayabusa suzuki ignition advanced vibration dampening for improved performance,Ignition,2025-09-01T00:00:00.000Z,2019,68d135063952f7cf7dee90f6,modern
,Mahindra,,0.0,10,2025-08-14T00:00:00.000Z,Superior eco-friendly for improved comfort,https://example.com/images/immobilizer_mahindra_model_218.jpg,Mahindra Model 218,Immobilizer - Mahindra Model 218,1,845.0,mid-range,4.7,excellent,RAMNAGAR COLONY PEERZADIGUDA UPPAL HYDERABAD,689d6959045c37933826818d,17.390358,78.606729,sai automobiles,immobilizer - mahindra model 218 mahindra ignition heavy-duty fuel efficient for enhanced durability,Ignition,2025-09-12T00:00:00.000Z,2022,689d6959045c37933826818b,modern
,TVS,,0.0,9,2025-08-13T00:00:00.000Z,OEM quality noise reducing for reduced maintenance,https://example.com/images/fork_oil_seal_apache_rtr_200.jpg,Apache RTR 200,Fork Oil Seal - Apache RTR 200,17,4148.0,premium,4.6,excellent,Hyderabad,68d133bf3952f7cf7dee90b9,17.511409,78.350972,Jyothi Automobiles,fork oil seal - apache rtr 200 tvs suspension lightweight eco-friendly for longer life,Suspension,2025-09-21T00:00:00.000Z,2019,68d133bf3952f7cf7dee90b7,modern
,KTM,,0.0,18,2025-09-18T00:00:00.000Z,High-performance vibration dampening for increased power,https://example.com/images/coolant_filter_duke_200.jpg,Duke 200,Coolant Filter - Duke 200,20,142.0,budget,4.6,excellent,Mahabubabad,68d134ac3952f7cf7dee90e5,17.594209,80.006903,Shiva sai Automobiles,coolant filter - duke 200 ktm filters heavy-duty fuel efficient for better handling,Filters,2025-09-01T00:00:00.000Z,2025,68d134ac3952f7cf7dee90e3,modern
,Hero,,0.0,22,2025-08-13T00:00:00.000Z,Enhanced noise reducing for enhanced durability,https://example.com/images/cabin_filter_passion_pro.jpg,Passion Pro,Cabin Filter - Passion Pro,11,753.0,mid-range,3.9,average,,68d0c47e09554c358655174d,17.423605,78.546314,Tarun Automobiles,cabin filter - passion pro hero filters professional grade long lasting for reduced maintenance,Filters,2025-09-01T00:00:00.000Z,2016,68d0c47d09554c358655174b,modern
,Royal Enfield,,0.0,15,2025-08-23T00:00:00.000Z,Premium quality long lasting for smoother operation,https://example.com/images/db_killer_continental_gt_650.jpg,Continental GT 650,DB Killer - Continental GT 650,3,11942.0,premium,4.5,excellent,Khammam,68d136193952f7cf7dee9133,17.249885,80.15615,Mahesh Automobiles,db killer - continental gt 650 royal enfield exhaust oem quality fuel efficient for enhanced safety,Exhaust,2025-08-16T00:00:00.000Z,2019,68d136193952f7cf7dee9131,modern
,Royal Enfield,,0.0,2,2025-08-20T00:00:00.000Z,Enhanced fuel efficient for reduced maintenance,https://example.com/images/kick_starter_classic_350.jpg,Classic 350,Kick Starter - Classic 350,24,6066.0,premium,4.1,good,Chappal Bazar Road - Kachiguda,68ac2a8f3c73e23c655de054,17.38953,78.491245,Swathi Automobiles,kick starter - classic 350 royal enfield transmission advanced high strength for improved comfort,Transmission,2025-09-17T00:00:00.000Z,2025,68ac2a8e3c73e23c655de052,modern
,Bajaj,,0.0,24,2025-09-21T00:00:00.000Z,Premium quality maintenance-free for enhanced safety,https://example.com/images/fuse_box_ct_110x.jpg,CT 110X,Fuse Box - CT 110X,16,3634.0,premium,3.6,average,Medak,68d135d63952f7cf7dee9120,18.048948,78.269372,baskar Automobiles,fuse box - ct 110x bajaj electrical high-performance long lasting for improved performance,Electrical,2025-08-18T00:00:00.000Z,2021,68d135d63952f7cf7dee911e,modern
,Triumph,,0.0,10,2025-09-04T00:00:00.000Z,Lightweight long lasting for enhanced durability,https://example.com/images/fork_tube_triumph_model_117.jpg,Triumph Model 117,Fork Tube - Triumph Model 117,4,6910.0,premium,4.0,good,Hyderabad,68d133bf3952f7cf7dee90b9,17.511409,78.350972,Jyothi Automobiles,fork tube - triumph model 117 triumph suspension durable maintenance-free for reduced maintenance,Suspension,2025-08-02T00:00:00.000Z,2015,68d133bf3952f7cf7dee90b7,modern
,Honda,,0.0,17,2025-08-15T00:00:00.000Z,OEM quality corrosion resistant for better handling,https://example.com/images/ignition_switch_shine.jpg,Shine,Ignition Switch - Shine,12,269.0,budget,4.6,excellent,,68d0c47e09554c358655174d,17.423605,78.546314,Tarun Automobiles,ignition switch - shine honda ignition premium quality precision engineered for reduced maintenance,Ignition,2025-08-17T00:00:00.000Z,2021,68d0c47d09554c358655174b,modern
,Ducati,,0.0,14,2025-08-25T00:00:00.000Z,Durable maintenance-free for better fuel economy,https://example.com/images/first_aid_kit_diavel.jpg,Diavel,First Aid Kit - Diavel,16,338.0,budget,4.0,good,Hyderabad,68d133bf3952f7cf7dee90b9,17.511409,78.350972,Jyothi Automobiles,first aid kit - diavel ducati accessories heavy-duty maintenance-free for improved comfort,Accessories,2025-09-20T00:00:00.000Z,2017,68d133bf3952f7cf7dee90b7,modern
,Suzuki,,0.0,4,2025-08-24T00:00:00.000Z,Lightweight heat treated for better fuel economy,https://example.com/images/throttle_body_v_strom_sx.jpg,V-Strom SX,Throttle Body - V-Strom SX,21,3078.0,premium,4.7,excellent,RAMNAGAR COLONY PEERZADIGUDA UPPAL HYDERABAD,689d6959045c37933826818d,17.390358,78.606729,sai automobiles,throttle body - v-strom sx suzuki fuel system professional grade fuel efficient for longer life,Fuel System,2025-09-08T00:00:00.000Z,2018,689d6959045c37933826818b,modern
,BMW,,0.0,16,2025-08-02T00:00:00.000Z,Superior maintenance-free for increased power,https://example.com/images/parking_light_bmw_model_166.jpg,BMW Model 166,Parking Light - BMW Model 166,21,5604.0,premium,4.0,good,Mahabubabad,68d134ac3952f7cf7dee90e5,17.594209,80.006903,Shiva sai Automobiles,parking light - bmw model 166 bmw lighting high-performance eco-friendly for better fuel economy,Lighting,2025-08-14T00:00:00.000Z,2021,68d134ac3952f7cf7dee90e3,modern
,Triumph,,0.0,5,2025-08-26T00:00:00.000Z,Enhanced maintenance-free for reduced maintenance,https://example.com/images/fuel_gauge_triumph_model_632.jpg,Triumph Model 632,Fuel Gauge - Triumph Model 632,4,2768.0,premium,4.0,good,Bala Nagar,68d1346c3952f7cf7dee90d2,17.475679,78.447328,Kalyan Automobiles,fuel gauge - triumph model 632 triumph fuel system advanced precision engineered for increased power,Fuel System,2025-09-02T00:00:00.000Z,2024,68d1346c3952f7cf7dee90d0,modern
,TVS,,0.0,6,2025-08-21T00:00:00.000Z,Lightweight fuel efficient for reduced maintenance,https://example.com/images/starter_motor_apache_rtr_180.jpg,Apache RTR 180,Starter Motor - Apache RTR 180,12,4116.0,premium,3.9,average,RAMNAGAR COLONY PEERZADIGUDA UPPAL HYDERABAD,689d6959045c37933826818d,17.390358,78.606729,sai automobiles,starter motor - apache rtr 180 tvs electrical superior fuel efficient for improved comfort,Electrical,2025-09-03T00:00:00.000Z,2020,689d6959045c37933826818b,modern
,KTM,,0.0,6,2025-08-22T00:00:00.000Z,Superior maintenance-free for smoother operation,https://example.com/images/valve_set_rc_200.jpg,RC 200,Valve Set - RC 200,24,9047.0,premium,4.5,excellent,Mahabubabad,68d134ac3952f7cf7dee90e5,17.594209,80.006903,Shiva sai Automobiles,valve set - rc 200 ktm engine oem quality corrosion resistant for longer life,Engine,2025-08-21T00:00:00.000Z,2025,68d134ac3952f7cf7dee90e3,modern
,Ducati,,0.0,12,2025-09-16T00:00:00.000Z,High-performance corrosion resistant for better handling,https://example.com/images/engine_gasket_set_monster.jpg,Monster,Engine Gasket Set - Monster,16,13769.0,premium,4.7,excellent,,68d0c47e09554c358655174d,17.423605,78.546314,Tarun Automobiles,engine gasket set - monster ducati engine heavy-duty corrosion resistant for reduced maintenance,Engine,2025-08-27T00:00:00.000Z,2022,68d0c47d09554c358655174b,modern
,Ducati,,0.0,10,2025-09-08T00:00:00.000Z,Durable high strength for reduced maintenance,https://example.com/images/first_aid_kit_xdiavel.jpg,XDiavel,First Aid Kit - XDiavel,14,1718.0,mid-range,4.9,excellent,Bala Nagar,68d1346c3952f7cf7dee90d2,17.475679,78.447328,Kalyan Automobiles,first aid kit - xdiavel ducati accessories heavy-duty fuel efficient for better fuel economy,Accessories,2025-08-18T00:00:00.000Z,2023,68d1346c3952f7cf7dee90d0,modern
,BMW,,0.0,7,2025-08-16T00:00:00.000Z,OEM quality maintenance-free for enhanced safety,https://example.com/images/led_strip_bmw_model_809.jpg,BMW Model 809,LED Strip - BMW Model 809,26,5037.0,premium,4.9,excellent,Hyderabad,68d133bf3952f7cf7dee90b9,17.511409,78.350972,Jyothi Automobiles,led strip - bmw model 809 bmw lighting advanced long lasting for smoother operation,Lighting,2025-08-20T00:00:00.000Z,2016,68d133bf3952f7cf7dee90b7,modern
,BMW,,0.0,9,2025-09-18T00:00:00.000Z,Superior corrosion resistant for longer life,https://example.com/images/crash_guard_bmw_model_257.jpg,BMW Model 257,Crash Guard - BMW Model 257,26,2656.0,premium,4.2,good,Bala Nagar,68d1346c3952f7cf7dee90d2,17.475679,78.447328,Kalyan Automobiles,crash guard - bmw model 257 bmw accessories oem quality maintenance-free for longer life,Accessories,2025-08-03T00:00:00.000Z,2016,68d1346c3952f7cf7dee90d0,modern
,Bajaj,,0.0,4,2025-09-11T00:00:00.000Z,Advanced corrosion resistant for enhanced safety,https://example.com/images/wire_wheel_pulsar_ns200.jpg,Pulsar NS200,Wire Wheel - Pulsar NS200,5,4253.0,premium,3.6,average,Bala Nagar,68d1346c3952f7cf7dee90d2,17.475679,78.447328,Kalyan Automobiles,wire wheel - pulsar ns200 bajaj wheels & tires superior eco-friendly for smoother operation,Wheels & Tires,2025-08-25T00:00:00.000Z,2019,68d1346c3952f7cf7dee90d0,modern
,Royal Enfield,,0.0,14,2025-09-03T00:00:00.000Z,OEM quality vibration dampening for enhanced durability,https://example.com/images/handlebar_grip_himalayan.jpg,Himalayan,Handlebar Grip - Himalayan,21,1209.0,mid-range,4.9,excellent,Medak,68d135d63952f7cf7dee9120,18.048948,78.269372,baskar Automobiles,handlebar grip - himalayan royal enfield accessories high-performance maintenance-free for smoother operation,Accessories,2025-08-06T00:00:00.000Z,2023,68d135d63952f7cf7dee911e,modern
,TVS,,0.0,20,2025-08-19T00:00:00.000Z,OEM quality precision engineered for reduced maintenance,https://example.com/images/master_cylinder_apache_rtr_180.jpg,Apache RTR 180,Master Cylinder - Apache RTR 180,3,1539.0,mid-range,3.6,average,Khammam,68d136193952f7cf7dee9133,17.249885,80.15615,Mahesh Automobiles,master cylinder - apache rtr 180 tvs brakes premium quality noise reducing for improved performance,Brakes,2025-08-29T00:00:00.000Z,2024,68d136193952f7cf7dee9131,classic
,KTM,,0.0,21,2025-08-01T00:00:00.000Z,High-performance high strength for enhanced durability,https://example.com/images/mirror_set_duke_250.jpg,Duke 250,Mirror Set - Duke 250,15,1883.0,mid-range,4.3,good,Medak,68d135d63952f7cf7dee9120,18.048948,78.269372,baskar Automobiles,mirror set - duke 250 ktm accessories heavy-duty precision engineered for better handling,Accessories,2025-08-18T00:00:00.000Z,2020,68d135d63952f7cf7dee911e,modern
,BMW,,0.0,11,2025-09-06T00:00:00.000Z,OEM quality eco-friendly for better handling,https://example.com/images/sprocket_cover_bmw_model_358.jpg,BMW Model 358,Sprocket Cover - BMW Model 358,19,7917.0,premium,3.9,average,Khammam,68d136193952f7cf7dee9133,17.249885,80.15615,Mahesh Automobiles,sprocket cover - bmw model 358 bmw transmission heavy-duty high strength for longer life,Transmission,2025-09-20T00:00:00.000Z,2022,68d136193952f7cf7dee9131,modern
,Hero,,0.0,11,2025-09-02T00:00:00.000Z,Superior maintenance-free for better handling,https://example.com/images/headlight_assembly_splendor_plus.jpg,Splendor Plus,Headlight Assembly - Splendor Plus,14,988.0,mid-range,4.0,good,Mahabubabad,68d134ac3952f7cf7dee90e5,17.594209,80.006903,Shiva sai Automobiles,headlight assembly - splendor plus hero lighting advanced high strength for increased power,Lighting,2025-08-19T00:00:00.000Z,2017,68d134ac3952f7cf7dee90e3,classic
,Aprilia,,0.0,16,2025-08-23T00:00:00.000Z,Enhanced long lasting for improved performance,https://example.com/images/alternator_aprilia_model_517.jpg,Aprilia Model 517,Alternator - Aprilia Model 517,4,958.0,mid-range,5.0,excellent,Khammam,68d136193952f7cf7dee9133,17.249885,80.15615,Mahesh Automobiles,alternator - aprilia model 517 aprilia electrical premium quality high strength for improved performance,Electrical,2025-08-11T00:00:00.000Z,2025,68d136193952f7cf7dee9131,classic
,Suzuki,,0.0,2,2025-08-05T00:00:00.000Z,Enhanced precision engineered for enhanced durability,https://example.com/images/grab_rail_boulevard.jpg,Boulevard,Grab Rail - Boulevard,28,1355.0,mid-range,3.8,average,Hyderabad,68d133bf3952f7cf7dee90b9,17.511409,78.350972,Jyothi Automobiles,grab rail - boulevard suzuki body parts enhanced precision engineered for better fuel economy,Body Parts,2025-08-28T00:00:00.000Z,2021,68d133bf3952f7cf7dee90b7,modern
,Royal Enfield,,0.0,21,2025-08-16T00:00:00.000Z,Superior high strength for improved comfort,https://example.com/images/throttle_body_continental_gt_650.jpg,Continental GT 650,Throttle Body - Continental GT 650,29,3251.0,premium,4.7,excellent,Hyderabad,68d133bf3952f7cf7dee90b9,17.511409,78.350972,Jyothi Automobiles,throttle body - continental gt 650 royal enfield fuel system lightweight high strength for reduced maintenance,Fuel System,2025-08-23T00:00:00.000Z,2022,68d133bf3952f7cf7dee90b7,modern
,Harley-Davidson,,0.0,22,2025-09-18T00:00:00.000Z,OEM quality fuel efficient for better handling,https://example.com/images/number_plate_holder_harley_davidson_model_732.jpg,Harley-Davidson Model 732,Number Plate Holder - Harley-Davidson Model 732,4,2892.0,premium,3.7,average,Dilshknagar,68d135063952f7cf7dee90f8,17.367642,78.534282,Manoj Automobiles,number plate holder - harley-davidson model 732 harley-davidson body parts enhanced long lasting for better fuel economy,Body Parts,2025-09-04T00:00:00.000Z,2024,68d135063952f7cf7dee90f6,modern
,Mahindra,,0.0,12,2025-09-18T00:00:00.000Z,OEM quality precision engineered for better fuel economy,https://example.com/images/engine_guard_mahindra_model_160.jpg,Mahindra Model 160,Engine Guard - Mahindra Model 160,2,1182.0,mid-range,4.6,excellent,Hyderabad,68d133bf3952f7cf7dee90b9,17.511409,78.350972,Jyothi Automobiles,engine guard - mahindra model 160 mahindra accessories enhanced maintenance-free for better fuel economy,Accessories,2025-09-10T00:00:00.000Z,2021,68d133bf3952f7cf7dee90b7,modern
,Kawasaki,,0.0,21,2025-09-05T00:00:00.000Z,OEM quality maintenance-free for enhanced durability,https://example.com/images/parking_light_ninja_300.jpg,Ninja 300,Parking Light - Ninja 300,2,2348.0,premium,4.3,good,Chappal Bazar Road - Kachiguda,68ac2a8f3c73e23c655de054,17.38953,78.491245,Swathi Automobiles,parking light - ninja 300 kawasaki lighting durable eco-friendly for reduced maintenance,Lighting,2025-09-11T00:00:00.000Z,2025,68ac2a8e3c73e23c655de052,classic
,Yamaha,,0.0,4,2025-08-07T00:00:00.000Z,Professional grade vibration dampening for better handling,https://example.com/images/fuel_filter_fascino_125.jpg,Fascino 125,Fuel Filter - Fascino 125,1,2030.0,premium,4.7,excellent,Karimnagar,68d135833952f7cf7dee910b,18.435781,79.132861,Mounika Automobiles,fuel filter - fascino 125 yamaha fuel system oem quality heat treated for reduced maintenance,Fuel System,2025-08-30T00:00:00.000Z,2017,68d135833952f7cf7dee9109,modern
,BMW,,0.0,14,2025-09-15T00:00:00.000Z,Enhanced high strength for better handling,https://example.com/images/brake_lever_bmw_model_952.jpg,BMW Model 952,Brake Lever - BMW Model 952,16,879.0,mid-range,4.5,excellent,,68d0c47e09554c358655174d,17.423605,78.546314,Tarun Automobiles,brake lever - bmw model 952 bmw brakes oem quality long lasting for longer life,Brakes,2025-08-31T00:00:00.000Z,2017,68d0c47d09554c358655174b,modern
,Honda,,0.0,13,2025-08-10T00:00:00.000Z,Lightweight noise reducing for smoother operation,https://example.com/images/header_pipe_sp_125.jpg,SP 125,Header Pipe - SP 125,17,5610.0,premium,4.5,excellent,RAMNAGAR COLONY PEERZADIGUDA UPPAL HYDERABAD,689d6959045c37933826818d,17.390358,78.606729,sai automobiles,header pipe - sp 125 honda exhaust high-performance noise reducing for better fuel economy,Exhaust,2025-08-21T00:00:00.000Z,2015,689d6959045c37933826818b,classic
,Yamaha,,0.0,3,2025-08-29T00:00:00.000Z,Durable precision engineered for enhanced durability,https://example.com/images/immobilizer_saluto_rx.jpg,Saluto RX,Immobilizer - Saluto RX,25,86.0,budget,4.1,good,Karimnagar,68d135833952f7cf7dee910b,18.435781,79.132861,Mounika Automobiles,immobilizer - saluto rx yamaha ignition premium quality heat treated for increased power,Ignition,2025-09-14T00:00:00.000Z,2018,68d135833952f7cf7dee9109,classic
,Ducati,,0.0,6,2025-08-23T00:00:00.000Z,Advanced high strength for better fuel economy,https://example.com/images/water_hose_scrambler.jpg,Scrambler,Water Hose - Scrambler,17,3651.0,premium,4.3,good,Mahabubabad,68d134ac3952f7cf7dee90e5,17.594209,80.006903,Shiva sai Automobiles,water hose - scrambler ducati cooling system durable heat treated for smoother operation,Cooling System,2025-09-02T00:00:00.000Z,2016,68d134ac3952f7cf7dee90e3,classic
,Harley-Davidson,,0.0,1,2025-09-15T00:00:00.000Z,Durable long lasting for better fuel economy,https://example.com/images/throttle_body_harley_davidson_model_981.jpg,Harley-Davidson Model 981,Throttle Body - Harley-Davidson Model 981,14,6633.0,premium,4.9,excellent,Dilshknagar,68d135063952f7cf7dee90f8,17.367642,78.534282,Manoj Automobiles,throttle body - harley-davidson model 981 harley-davidson fuel system superior fuel efficient for enhanced durability,Fuel System,2025-08-15T00:00:00.000Z,2019,68d135063952f7cf7dee90f6,modern
,BMW,,0.0,25,2025-08-16T00:00:00.000Z,Durable maintenance-free for longer life,https://example.com/images/crash_guard_bmw_model_721.jpg,BMW Model 721,Crash Guard - BMW Model 721,25,2434.0,premium,4.9,excellent,Khammam,68d136193952f7cf7dee9133,17.249885,80.15615,Mahesh Automobiles,crash guard - bmw model 721 bmw accessories oem quality maintenance-free for enhanced durability,Accessories,2025-08-13T00:00:00.000Z,2025,68d136193952f7cf7dee9131,modern
,Mahindra,,0.0,20,2025-08-01T00:00:00.000Z,Advanced corrosion resistant for improved performance,https://example.com/images/wheel_balancing_weight_mahindra_model_798.jpg,Mahindra Model 798,Wheel Balancing Weight - Mahindra Model 798,16,3778.0,premium,4.6,excellent,Khammam,68d136193952f7cf7dee9133,17.249885,80.15615,Mahesh Automobiles,wheel balancing weight - mahindra model 798 mahindra wheels & tires high-performance fuel efficient for improved performance,Wheels & Tires,2025-08-19T00:00:00.000Z,2023,68d136193952f7cf7dee9131,classic
,Suzuki,,0.0,20,2025-08-01T00:00:00.000Z,Heavy-duty corrosion resistant for better fuel economy,https://example.com/images/fuse_box_avenis.jpg,Avenis,Fuse Box - Avenis,21,4129.0,premium,5.0,excellent,Dilshknagar,68d135063952f7cf7dee90f8,17.367642,78.534282,Manoj Automobiles,fuse box - avenis suzuki electrical durable fuel efficient for increased power,Electrical,2025-08-16T00:00:00.000Z,2015,68d135063952f7cf7dee90f6,modern
,Benelli,,0.0,16,2025-09-13T00:00:00.000Z,OEM quality high strength for reduced maintenance,https://example.com/images/reserve_tank_benelli_model_566.jpg,Benelli Model 566,Reserve Tank - Benelli Model 566,11,2858.0,premium,4.8,excellent,Khammam,68d136193952f7cf7dee9133,17.249885,80.15615,Mahesh Automobiles,reserve tank - benelli model 566 benelli fuel system professional grade precision engineered for improved comfort,Fuel System,2025-08-01T00:00:00.000Z,2020,68d136193952f7cf7dee9131,modern
,Hero,,0.0,21,2025-09-19T00:00:00.000Z,Enhanced heat treated for better handling,https://example.com/images/mobile_holder_maestro_edge.jpg,Maestro Edge,Mobile Holder - Maestro Edge,10,335.0,budget,4.4,good,Dilshknagar,68d135063952f7cf7dee90f8,17.367642,78.534282,Manoj Automobiles,mobile holder - maestro edge hero accessories heavy-duty heat treated for longer life,Accessories,2025-08-28T00:00:00.000Z,2022,68d135063952f7cf7dee90f6,classic
,Harley-Davidson,,0.0,3,2025-08-14T00:00:00.000Z,Professional grade corrosion resistant for enhanced durability,https://example.com/images/side_panel_harley_davidson_model_860.jpg,Harley-Davidson Model 860,Side Panel - Harley-Davidson Model 860,22,814.0,mid-range,3.9,average,Bala Nagar,68d1346c3952f7cf7dee90d2,17.475679,78.447328,Kalyan Automobiles,side panel - harley-davidson model 860 harley-davidson body parts premium quality high strength for increased power,Body Parts,2025-08-20T00:00:00.000Z,2021,68d1346c3952f7cf7dee90d0,modern
,Royal Enfield,,0.0,22,2025-08-16T00:00:00.000Z,Professional grade long lasting for improved performance,https://example.com/images/tail_light_scram_411.jpg,Scram 411,Tail Light - Scram 411,21,1353.0,mid-range,4.9,excellent,Mahabubabad,68d134ac3952f7cf7dee90e5,17.594209,80.006903,Shiva sai Automobiles,tail light - scram 411 royal enfield lighting enhanced vibration dampening for longer life,Lighting,2025-08-17T00:00:00.000Z,2020,68d134ac3952f7cf7dee90e3,classic
,Ducati,,0.0,20,2025-09-07T00:00:00.000Z,Enhanced noise reducing for improved comfort,https://example.com/images/tire_valve_scrambler.jpg,Scrambler,Tire Valve - Scrambler,14,6684.0,premium,4.7,excellent,Medak,68d135d63952f7cf7dee9120,18.048948,78.269372,baskar Automobiles,tire valve - scrambler ducati wheels & tires durable noise reducing for smoother operation,Wheels & Tires,2025-08-04T00:00:00.000Z,2023,68d135d63952f7cf7dee911e,classic
,Mahindra,,0.0,16,2025-09-15T00:00:00.000Z,OEM quality fuel efficient for improved comfort,https://example.com/images/handlebar_grip_mahindra_model_567.jpg,Mahindra Model 567,Handlebar Grip - Mahindra Model 567,23,1832.0,mid-range,4.1,good,Chappal Bazar Road - Kachiguda,68ac2a8f3c73e23c655de054,17.38953,78.491245,Swathi Automobiles,handlebar grip - mahindra model 567 mahindra accessories professional grade noise reducing for improved performance,Accessories,2025-08-24T00:00:00.000Z,2022,68ac2a8e3c73e23c655de052,classic
,Harley-Davidson,,0.0,3,2025-09-12T00:00:00.000Z,High-performance high strength for reduced maintenance,https://example.com/images/valve_set_harley_davidson_model_347.jpg,Harley-Davidson Model 347,Valve Set - Harley-Davidson Model 347,23,7810.0,premium,4.6,excellent,Khammam,68d136193952f7cf7dee9133,17.249885,80.15615,Mahesh Automobiles,valve set - harley-davidson model 347 harley-davidson engine enhanced noise reducing for improved comfort,Engine,2025-09-13T00:00:00.000Z,2019,68d136193952f7cf7dee9131,modern
,Suzuki,,0.0,8,2025-08-01T00:00:00.000Z,Durable eco-friendly for reduced maintenance,https://example.com/images/cvt_kit_avenis.jpg,Avenis,CVT Kit - Avenis,20,3006.0,premium,3.7,average,Hyderabad,68d133bf3952f7cf7dee90b9,17.511409,78.350972,Jyothi Automobiles,cvt kit - avenis suzuki drivetrain advanced vibration dampening for increased power,Drivetrain,2025-08-21T00:00:00.000Z,2020,68d133bf3952f7cf7dee90b7,modern
,Aprilia,,0.0,9,2025-08-24T00:00:00.000Z,OEM quality corrosion resistant for improved comfort,https://example.com/images/side_stand_aprilia_model_314.jpg,Aprilia Model 314,Side Stand - Aprilia Model 314,30,2086.0,premium,4.2,good,RAMNAGAR COLONY PEERZADIGUDA UPPAL HYDERABAD,689d6959045c37933826818d,17.390358,78.606729,sai automobiles,side stand - aprilia model 314 aprilia body parts lightweight maintenance-free for enhanced durability,Body Parts,2025-08-09T00:00:00.000Z,2018,689d6959045c37933826818b,modern
,Suzuki,,0.0,24,2025-08-13T00:00:00.000Z,Advanced noise reducing for better fuel economy,https://example.com/images/valve_set_boulevard.jpg,Boulevard,Valve Set - Boulevard,19,14465.0,premium,4.3,good,Hyderabad,68d133bf3952f7cf7dee90b9,17.511409,78.350972,Jyothi Automobiles,valve set - boulevard suzuki engine superior noise reducing for improved performance,Engine,2025-08-24T00:00:00.000Z,2016,68d133bf3952f7cf7dee90b7,modern
,Bajaj,,0.0,20,2025-09-01T00:00:00.000Z,Professional grade heat treated for enhanced safety,https://example.com/images/air_filter_avenger_220.jpg,Avenger 220,Air Filter - Avenger 220,5,755.0,mid-range,4.4,good,Khammam,68d136193952f7cf7dee9133,17.249885,80.15615,Mahesh Automobiles,air filter - avenger 220 bajaj filters enhanced vibration dampening for increased power,Filters,2025-08-20T00:00:00.000Z,2022,68d136193952f7cf7dee9131,classic
,BMW,,0.0,13,2025-08-31T00:00:00.000Z,Lightweight corrosion resistant for enhanced safety,https://example.com/images/chain_bmw_model_720.jpg,BMW Model 720,Chain - BMW Model 720,24,1285.0,mid-range,3.8,average,Bala Nagar,68d1346c3952f7cf7dee90d2,17.475679,78.447328,Kalyan Automobiles,chain - bmw model 720 bmw drivetrain high-performance corrosion resistant for smoother operation,Drivetrain,2025-09-04T00:00:00.000Z,2016,68d1346c3952f7cf7dee90d0,modern
,Benelli,,0.0,22,2025-08-06T00:00:00.000Z,Durable fuel efficient for better fuel economy,https://example.com/images/gear_shift_lever_benelli_model_697.jpg,Benelli Model 697,Gear Shift Lever - Benelli Model 697,10,6731.0,premium,4.1,good,Chappal Bazar Road - Kachiguda,68ac2a8f3c73e23c655de054,17.38953,78.491245,Swathi Automobiles,gear shift lever - benelli model 697 benelli transmission lightweight noise reducing for better fuel economy,Transmission,2025-09-05T00:00:00.000Z,2025,68ac2a8e3c73e23c655de052,classic
,Yamaha,,0.0,10,2025-08-31T00:00:00.000Z,Heavy-duty corrosion resistant for improved performance,https://example.com/images/fog_light_fascino_125.jpg,Fascino 125,Fog Light - Fascino 125,2,1816.0,mid-range,3.7,average,Medak,68d135d63952f7cf7dee9120,18.048948,78.269372,baskar Automobiles,fog light - fascino 125 yamaha lighting premium quality heat treated for enhanced durability,Lighting,2025-09-01T00:00:00.000Z,2024,68d135d63952f7cf7dee911e,modern
,Hero,,0.0,24,2025-08-31T00:00:00.000Z,High-performance corrosion resistant for enhanced durability,https://example.com/images/catalytic_converter_passion_pro.jpg,Passion Pro,Catalytic Converter - Passion Pro,3,11610.0,premium,3.5,average,Hyderabad,68d133bf3952f7cf7dee90b9,17.511409,78.350972,Jyothi Automobiles,catalytic converter - passion pro hero exhaust durable maintenance-free for longer life,Exhaust,2025-08-29T00:00:00.000Z,2015,68d133bf3952f7cf7dee90b7,classic
,Kawasaki,,0.0,7,2025-08-19T00:00:00.000Z,Advanced eco-friendly for better handling,https://example.com/images/gear_box_ninja_400.jpg,Ninja 400,Gear Box - Ninja 400,28,5970.0,premium,5.0,excellent,,68d0c47e09554c358655174d,17.423605,78.546314,Tarun Automobiles,gear box - ninja 400 kawasaki transmission heavy-duty eco-friendly for improved performance,Transmission,2025-09-07T00:00:00.000Z,2024,68d0c47d09554c358655174b,classic
,Triumph,,0.0,10,2025-08-09T00:00:00.000Z,Enhanced vibration dampening for improved performance,https://example.com/images/starter_relay_triumph_model_388.jpg,Triumph Model 388,Starter Relay - Triumph Model 388,29,164.0,budget,4.1,good,Karimnagar,68d135833952f7cf7dee910b,18.435781,79.132861,Mounika Automobiles,starter relay - triumph model 388 triumph ignition durable precision engineered for smoother operation,Ignition,2025-09-14T00:00:00.000Z,2022,68d135833952f7cf7dee9109,classic
,Mahindra,,0.0,13,2025-08-27T00:00:00.000Z,OEM quality heat treated for improved comfort,https://example.com/images/radiator_cap_mahindra_model_304.jpg,Mahindra Model 304,Radiator Cap - Mahindra Model 304,14,3614.0,premium,4.4,good,Khammam,68d136193952f7cf7dee9133,17.249885,80.15615,Mahesh Automobiles,radiator cap - mahindra model 304 mahindra cooling system durable maintenance-free for better fuel economy,Cooling System,2025-08-07T00:00:00.000Z,2019,68d136193952f7cf7dee9131,modern
,Suzuki,,0.0,23,2025-08-18T00:00:00.000Z,OEM quality noise reducing for better fuel economy,https://example.com/images/cabin_filter_avenis.jpg,Avenis,Cabin Filter - Avenis,30,767.0,mid-range,3.5,average,Khammam,68d136193952f7cf7dee9133,17.249885,80.15615,Mahesh Automobiles,cabin filter - avenis suzuki filters high-performance corrosion resistant for improved comfort,Filters,2025-08-08T00:00:00.000Z,2024,68d136193952f7cf7dee9131,modern
,Benelli,,0.0,21,2025-09-19T00:00:00.000Z,Superior noise reducing for better handling,https://example.com/images/rear_cowl_benelli_model_611.jpg,Benelli Model 611,Rear Cowl - Benelli Model 611,7,2905.0,premium,4.0,good,Medak,68d135d63952f7cf7dee9120,18.048948,78.269372,baskar Automobiles,rear cowl - benelli model 611 benelli body parts advanced maintenance-free for smoother operation,Body Parts,2025-09-01T00:00:00.000Z,2022,68d135d63952f7cf7dee911e,classic
,Mahindra,,0.0,23,2025-08-21T00:00:00.000Z,Premium quality eco-friendly for enhanced safety,https://example.com/images/throttle_body_mahindra_model_604.jpg,Mahindra Model 604,Throttle Body - Mahindra Model 604,21,3345.0,premium,4.1,good,RAMNAGAR COLONY PEERZADIGUDA UPPAL HYDERABAD,689d6959045c37933826818d,17.390358,78.606729,sai automobiles,throttle body - mahindra model 604 mahindra fuel system lightweight heat treated for smoother operation,Fuel System,2025-08-13T00:00:00.000Z,2023,689d6959045c37933826818b,classic
,Yamaha,,0.0,12,2025-08-25T00:00:00.000Z,Lightweight long lasting for enhanced safety,https://example.com/images/carbon_filter_yzf_r3.jpg,YZF-R3,Carbon Filter - YZF-R3,5,636.0,mid-range,4.3,good,Bala Nagar,68d1346c3952f7cf7dee90d2,17.475679,78.447328,Kalyan Automobiles,carbon filter - yzf-r3 yamaha filters enhanced heat treated for enhanced safety,Filters,2025-08-01T00:00:00.000Z,2022,68d1346c3952f7cf7dee90d0,modern
,Royal Enfield,,0.0,13,2025-09-18T00:00:00.000Z,OEM quality vibration dampening for better handling,https://example.com/images/brake_caliper_shotgun_650.jpg,Shotgun 650,Brake Caliper - Shotgun 650,17,1899.0,mid-range,3.7,average,Hyderabad,68d133bf3952f7cf7dee90b9,17.511409,78.350972,Jyothi Automobiles,brake caliper - shotgun 650 royal enfield brakes professional grade fuel efficient for better handling,Brakes,2025-08-15T00:00:00.000Z,2017,68d133bf3952f7cf7dee90b7,modern
,Bajaj,,0.0,23,2025-09-06T00:00:00.000Z,Advanced vibration dampening for enhanced safety,https://example.com/images/heat_shield_avenger_220.jpg,Avenger 220,Heat Shield - Avenger 220,19,7245.0,premium,4.5,excellent,Karimnagar,68d135833952f7cf7dee910b,18.435781,79.132861,Mounika Automobiles,heat shield - avenger 220 bajaj exhaust lightweight vibration dampening for improved comfort,Exhaust,2025-08-02T00:00:00.000Z,2016,68d135833952f7cf7dee9109,modern
,KTM,,0.0,19,2025-08-20T00:00:00.000Z,Lightweight precision engineered for improved comfort,https://example.com/images/hazard_light_switch_adventure_250.jpg,Adventure 250,Hazard Light Switch - Adventure 250,7,1669.0,mid-range,3.9,average,Medak,68d135d63952f7cf7dee9120,18.048948,78.269372,baskar Automobiles,hazard light switch - adventure 250 ktm lighting advanced fuel efficient for better fuel economy,Lighting,2025-08-03T00:00:00.000Z,2017,68d135d63952f7cf7dee911e,modern
,Royal Enfield,,0.0,12,2025-08-28T00:00:00.000Z,Superior vibration dampening for enhanced safety,https://example.com/images/drive_belt_himalayan.jpg,Himalayan,Drive Belt - Himalayan,14,3333.0,premium,3.6,average,Hyderabad,68d133bf3952f7cf7dee90b9,17.511409,78.350972,Jyothi Automobiles,drive belt - himalayan royal enfield drivetrain heavy-duty high strength for reduced maintenance,Drivetrain,2025-08-23T00:00:00.000Z,2021,68d133bf3952f7cf7dee90b7,modern
,Aprilia,,0.0,3,2025-08-31T00:00:00.000Z,Superior heat treated for increased power,https://example.com/images/oil_filter_aprilia_model_741.jpg,Aprilia Model 741,Oil Filter - Aprilia Model 741,25,367.0,budget,4.0,good,Mahabubabad,68d134ac3952f7cf7dee90e5,17.594209,80.006903,Shiva sai Automobiles,oil filter - aprilia model 741 aprilia filters premium quality corrosion resistant for longer life,Filters,2025-09-16T00:00:00.000Z,2018,68d134ac3952f7cf7dee90e3,modern
,Yamaha,,0.0,1,2025-08-01T00:00:00.000Z,OEM quality eco-friendly for increased power,https://example.com/images/headlight_assembly_fz_x.jpg,FZ-X,Headlight Assembly - FZ-X,9,1254.0,mid-range,4.0,good,Hyderabad,68d133bf3952f7cf7dee90b9,17.511409,78.350972,Jyothi Automobiles,headlight assembly - fz-x yamaha lighting superior high strength for improved comfort,Lighting,2025-09-20T00:00:00.000Z,2017,68d133bf3952f7cf7dee90b7,classic
,Kawasaki,,0.0,22,2025-09-06T00:00:00.000Z,Heavy-duty long lasting for reduced maintenance,https://example.com/images/carbon_filter_z650.jpg,Z650,Carbon Filter - Z650,28,620.0,mid-range,4.6,excellent,RAMNAGAR COLONY PEERZADIGUDA UPPAL HYDERABAD,689d6959045c37933826818d,17.390358,78.606729,sai automobiles,carbon filter - z650 kawasaki filters professional grade vibration dampening for longer life,Filters,2025-08-15T00:00:00.000Z,2021,689d6959045c37933826818b,modern
,KTM,,0.0,15,2025-09-08T00:00:00.000Z,Durable noise reducing for increased power,https://example.com/images/starter_motor_adventure_250.jpg,Adventure 250,Starter Motor - Adventure 250,23,3206.0,premium,4.6,excellent,Bala Nagar,68d1346c3952f7cf7dee90d2,17.475679,78.447328,Kalyan Automobiles,starter motor - adventure 250 ktm electrical advanced long lasting for improved performance,Electrical,2025-08-12T00:00:00.000Z,2020,68d1346c3952f7cf7dee90d0,modern
,Mahindra,,0.0,24,2025-08-29T00:00:00.000Z,Lightweight high strength for better fuel economy,https://example.com/images/wiring_harness_mahindra_model_820.jpg,Mahindra Model 820,Wiring Harness - Mahindra Model 820,21,4978.0,premium,4.9,excellent,Khammam,68d136193952f7cf7dee9133,17.249885,80.15615,Mahesh Automobiles,wiring harness - mahindra model 820 mahindra electrical superior eco-friendly for increased power,Electrical,2025-08-15T00:00:00.000Z,2015,68d136193952f7cf7dee9131,classic
,Benelli,,0.0,7,2025-08-22T00:00:00.000Z,High-performance high strength for improved comfort,https://example.com/images/pressure_plate_benelli_model_498.jpg,Benelli Model 498,Pressure Plate - Benelli Model 498,3,5534.0,premium,4.0,good,Mahabubabad,68d134ac3952f7cf7dee90e5,17.594209,80.006903,Shiva sai Automobiles,pressure plate - benelli model 498 benelli transmission professional grade maintenance-free for increased power,Transmission,2025-08-31T00:00:00.000Z,2018,68d134ac3952f7cf7dee90e3,modern
,Honda,,0.0,21,2025-09-09T00:00:00.000Z,Enhanced maintenance-free for longer life,https://example.com/images/hub_bearing_cb_hornet_2.0.jpg,CB Hornet 2.0,Hub Bearing - CB Hornet 2.0,20,1808.0,mid-range,4.6,excellent,Chappal Bazar Road - Kachiguda,68ac2a8f3c73e23c655de054,17.38953,78.491245,Swathi Automobiles,hub bearing - cb hornet 2.0 honda wheels & tires heavy-duty vibration dampening for enhanced durability,Wheels & Tires,2025-09-18T00:00:00.000Z,2025,68ac2a8e3c73e23c655de052,classic
,Bajaj,,0.0,11,2025-08-02T00:00:00.000Z,High-performance heat treated for smoother operation,https://example.com/images/brake_hose_ct_110x.jpg,CT 110X,Brake Hose - CT 110X,25,2665.0,premium,4.7,excellent,RAMNAGAR COLONY PEERZADIGUDA UPPAL HYDERABAD,689d6959045c37933826818d,17.390358,78.606729,sai automobiles,brake hose - ct 110x bajaj brakes superior fuel efficient for improved comfort,Brakes,2025-09-18T00:00:00.000Z,2016,689d6959045c37933826818b,classic
,Triumph,,0.0,25,2025-09-08T00:00:00.000Z,Superior eco-friendly for enhanced durability,https://example.com/images/engine_guard_triumph_model_705.jpg,Triumph Model 705,Engine Guard - Triumph Model 705,13,1787.0,mid-range,4.6,excellent,Dilshknagar,68d135063952f7cf7dee90f8,17.367642,78.534282,Manoj Automobiles,engine guard - triumph model 705 triumph accessories high-performance high strength for improved performance,Accessories,2025-08-08T00:00:00.000Z,2021,68d135063952f7cf7dee90f6,modern
,Harley-Davidson,,0.0,24,2025-09-20T00:00:00.000Z,OEM quality maintenance-free for smoother operation,https://example.com/images/usb_charger_harley_davidson_model_296.jpg,Harley-Davidson Model 296,USB Charger - Harley-Davidson Model 296,19,1215.0,mid-range,4.1,good,Chappal Bazar Road - Kachiguda,68ac2a8f3c73e23c655de054,17.38953,78.491245,Swathi Automobiles,usb charger - harley-davidson model 296 harley-davidson accessories professional grade precision engineered for better fuel economy,Accessories,2025-09-08T00:00:00.000Z,2020,68ac2a8e3c73e23c655de052,modern
,Ducati,,0.0,18,2025-08-03T00:00:00.000Z,Heavy-duty vibration dampening for smoother operation,https://example.com/images/final_drive_xdiavel.jpg,XDiavel,Final Drive - XDiavel,6,1555.0,mid-range,3.7,average,Hyderabad,68d133bf3952f7cf7dee90b9,17.511409,78.350972,Jyothi Automobiles,final drive - xdiavel ducati transmission enhanced vibration dampening for improved comfort,Transmission,2025-09-07T00:00:00.000Z,2021,68d133bf3952f7cf7dee90b7,modern
,TVS,,0.0,15,2025-09-10T00:00:00.000Z,Advanced heat treated for improved performance,https://example.com/images/rear_spring_jupiter.jpg,Jupiter,Rear Spring - Jupiter,17,4941.0,premium,3.9,average,Hyderabad,68d133bf3952f7cf7dee90b9,17.511409,78.350972,Jyothi Automobiles,rear spring - jupiter tvs suspension advanced corrosion resistant for improved performance,Suspension,2025-09-02T00:00:00.000Z,2025,68d133bf3952f7cf7dee90b7,modern
,Hero,,0.0,22,2025-09-04T00:00:00.000Z,OEM quality precision engineered for longer life,https://example.com/images/brake_cable_karizma_xmr.jpg,Karizma XMR,Brake Cable - Karizma XMR,11,430.0,budget,3.5,average,,68d0c47e09554c358655174d,17.423605,78.546314,Tarun Automobiles,brake cable - karizma xmr hero brakes premium quality long lasting for enhanced safety,Brakes,2025-08-02T00:00:00.000Z,2021,68d0c47d09554c358655174b,modern
,Hero,,0.0,6,2025-08-30T00:00:00.000Z,Heavy-duty high strength for longer life,https://example.com/images/catalytic_converter_xpulse_200.jpg,Xpulse 200,Catalytic Converter - Xpulse 200,9,11264.0,premium,5.0,excellent,,68d0c47e09554c358655174d,17.423605,78.546314,Tarun Automobiles,catalytic converter - xpulse 200 hero exhaust advanced high strength for smoother operation,Exhaust,2025-08-13T00:00:00.000Z,2018,68d0c47d09554c358655174b,modern
,Aprilia,,0.0,3,2025-08-09T00:00:00.000Z,Enhanced noise reducing for enhanced durability,https://example.com/images/air_filter_aprilia_model_322.jpg,Aprilia Model 322,Air Filter - Aprilia Model 322,10,784.0,mid-range,3.6,average,RAMNAGAR COLONY PEERZADIGUDA UPPAL HYDERABAD,689d6959045c37933826818d,17.390358,78.606729,sai automobiles,air filter - aprilia model 322 aprilia filters enhanced heat treated for increased power,Filters,2025-09-20T00:00:00.000Z,2019,689d6959045c37933826818b,modern
,Bajaj,,0.0,3,2025-08-22T00:00:00.000Z,Superior eco-friendly for better handling,https://example.com/images/coolant_pump_avenger_160.jpg,Avenger 160,Coolant Pump - Avenger 160,9,2153.0,premium,3.6,average,,68d0c47e09554c358655174d,17.423605,78.546314,Tarun Automobiles,coolant pump - avenger 160 bajaj cooling system enhanced heat treated for improved performance,Cooling System,2025-09-12T00:00:00.000Z,2025,68d0c47d09554c358655174b,modern
,Bajaj,,0.0,5,2025-08-31T00:00:00.000Z,Advanced noise reducing for better handling,https://example.com/images/temperature_sensor_pulsar_150.jpg,Pulsar 150,Temperature Sensor - Pulsar 150,20,7869.0,premium,3.7,average,Dilshknagar,68d135063952f7cf7dee90f8,17.367642,78.534282,Manoj Automobiles,temperature sensor - pulsar 150 bajaj cooling system heavy-duty heat treated for longer life,Cooling System,2025-08-07T00:00:00.000Z,2021,68d135063952f7cf7dee90f6,modern
,Benelli,,0.0,25,2025-09-18T00:00:00.000Z,OEM quality vibration dampening for enhanced durability,https://example.com/images/tank_cap_benelli_model_233.jpg,Benelli Model 233,Tank Cap - Benelli Model 233,24,5290.0,premium,4.5,excellent,Chappal Bazar Road - Kachiguda,68ac2a8f3c73e23c655de054,17.38953,78.491245,Swathi Automobiles,tank cap - benelli model 233 benelli fuel system premium quality precision engineered for increased power,Fuel System,2025-08-18T00:00:00.000Z,2015,68ac2a8e3c73e23c655de052,modern
,Aprilia,,0.0,7,2025-09-14T00:00:00.000Z,Premium quality noise reducing for smoother operation,https://example.com/images/rear_shock_absorber_aprilia_model_781.jpg,Aprilia Model 781,Rear Shock Absorber - Aprilia Model 781,25,3035.0,premium,3.9,average,RAMNAGAR COLONY PEERZADIGUDA UPPAL HYDERABAD,689d6959045c37933826818d,17.390358,78.606729,sai automobiles,rear shock absorber - aprilia model 781 aprilia suspension superior long lasting for improved comfort,Suspension,2025-09-05T00:00:00.000Z,2021,689d6959045c37933826818b,classic
,Suzuki,,0.0,16,2025-09-15T00:00:00.000Z,Advanced precision engineered for smoother operation,https://example.com/images/rim_gixxer.jpg,Gixxer,Rim - Gixxer,13,3982.0,premium,4.1,good,Hyderabad,68d133bf3952f7cf7dee90b9,17.511409,78.350972,Jyothi Automobiles,rim - gixxer suzuki wheels & tires premium quality fuel efficient for increased power,Wheels & Tires,2025-08-01T00:00:00.000Z,2024,68d133bf3952f7cf7dee90b7,classic
,Triumph,,0.0,14,2025-09-01T00:00:00.000Z,OEM quality eco-friendly for increased power,https://example.com/images/silencer_triumph_model_574.jpg,Triumph Model 574,Silencer - Triumph Model 574,6,9947.0,premium,4.6,excellent,Bala Nagar,68d1346c3952f7cf7dee90d2,17.475679,78.447328,Kalyan Automobiles,silencer - triumph model 574 triumph exhaust superior precision engineered for enhanced safety,Exhaust,2025-09-15T00:00:00.000Z,2021,68d1346c3952f7cf7dee90d0,modern
,Royal Enfield,,0.0,9,2025-08-25T00:00:00.000Z,Premium quality eco-friendly for enhanced safety,https://example.com/images/performance_exhaust_meteor_350.jpg,Meteor 350,Performance Exhaust - Meteor 350,23,10652.0,premium,4.2,good,Hyderabad,68d133bf3952f7cf7dee90b9,17.511409,78.350972,Jyothi Automobiles,performance exhaust - meteor 350 royal enfield exhaust advanced maintenance-free for smoother operation,Exhaust,2025-09-05T00:00:00.000Z,2022,68d133bf3952f7cf7dee90b7,modern
,Honda,,0.0,23,2025-09-05T00:00:00.000Z,High-performance corrosion resistant for increased power,https://example.com/images/mobile_holder_sp_125.jpg,SP 125,Mobile Holder - SP 125,4,279.0,budget,4.0,good,Dilshknagar,68d135063952f7cf7dee90f8,17.367642,78.534282,Manoj Automobiles,mobile holder - sp 125 honda accessories premium quality heat treated for improved performance,Accessories,2025-09-04T00:00:00.000Z,2015,68d135063952f7cf7dee90f6,modern
,Royal Enfield,,0.0,8,2025-09-05T00:00:00.000Z,Premium quality maintenance-free for enhanced safety,https://example.com/images/tire_valve_meteor_350.jpg,Meteor 350,Tire Valve - Meteor 350,8,5657.0,premium,4.2,good,Mahabubabad,68d134ac3952f7cf7dee90e5,17.594209,80.006903,Shiva sai Automobiles,tire valve - meteor 350 royal enfield wheels & tires advanced fuel efficient for increased power,Wheels & Tires,2025-09-11T00:00:00.000Z,2021,68d134ac3952f7cf7dee90e3,modern
,Kawasaki,,0.0,12,2025-08-23T00:00:00.000Z,Heavy-duty noise reducing for better handling,https://example.com/images/gear_shift_lever_ninja_300.jpg,Ninja 300,Gear Shift Lever - Ninja 300,8,4610.0,premium,4.8,excellent,Mahabubabad,68d134ac3952f7cf7dee90e5,17.594209,80.006903,Shiva sai Automobiles,gear shift lever - ninja 300 kawasaki transmission lightweight high strength for enhanced durability,Transmission,2025-08-08T00:00:00.000Z,2021,68d134ac3952f7cf7dee90e3,modern
,BMW,,0.0,20,2025-08-20T00:00:00.000Z,OEM quality vibration dampening for longer life,https://example.com/images/mobile_holder_bmw_model_855.jpg,BMW Model 855,Mobile Holder - BMW Model 855,19,1587.0,mid-range,4.5,excellent,Khammam,68d136193952f7cf7dee9133,17.249885,80.15615,Mahesh Automobiles,mobile holder - bmw model 855 bmw accessories oem quality noise reducing for longer life,Accessories,2025-08-31T00:00:00.000Z,2025,68d136193952f7cf7dee9131,classic
,KTM,,0.0,23,2025-08-19T00:00:00.000Z,Professional grade maintenance-free for improved performance,https://example.com/images/gear_shift_lever_duke_250.jpg,Duke 250,Gear Shift Lever - Duke 250,13,5513.0,premium,3.6,average,Dilshknagar,68d135063952f7cf7dee90f8,17.367642,78.534282,Manoj Automobiles,gear shift lever - duke 250 ktm transmission advanced vibration dampening for increased power,Transmission,2025-08-20T00:00:00.000Z,2021,68d135063952f7cf7dee90f6,modern
,Mahindra,,0.0,2,2025-08-08T00:00:00.000Z,Heavy-duty high strength for better handling,https://example.com/images/clutch_spring_mahindra_model_625.jpg,Mahindra Model 625,Clutch Spring - Mahindra Model 625,1,6662.0,premium,4.0,good,Bala Nagar,68d1346c3952f7cf7dee90d2,17.475679,78.447328,Kalyan Automobiles,clutch spring - mahindra model 625 mahindra transmission advanced vibration dampening for enhanced durability,Transmission,2025-08-20T00:00:00.000Z,2021,68d1346c3952f7cf7dee90d0,modern
,BMW,,0.0,6,2025-08-25T00:00:00.000Z,Enhanced eco-friendly for longer life,https://example.com/images/engine_guard_bmw_model_326.jpg,BMW Model 326,Engine Guard - BMW Model 326,16,2587.0,premium,3.8,average,RAMNAGAR COLONY PEERZADIGUDA UPPAL HYDERABAD,689d6959045c37933826818d,17.390358,78.606729,sai automobiles,engine guard - bmw model 326 bmw accessories durable eco-friendly for reduced maintenance,Accessories,2025-09-07T00:00:00.000Z,2025,689d6959045c37933826818b,modern
,Suzuki,,0.0,5,2025-09-16T00:00:00.000Z,Superior heat treated for better fuel economy,https://example.com/images/air_filter_boulevard.jpg,Boulevard,Air Filter - Boulevard,28,493.0,budget,3.6,average,Dilshknagar,68d135063952f7cf7dee90f8,17.367642,78.534282,Manoj Automobiles,air filter - boulevard suzuki filters heavy-duty heat treated for better fuel economy,Filters,2025-09-06T00:00:00.000Z,2019,68d135063952f7cf7dee90f6,modern
,Aprilia,,0.0,10,2025-08-19T00:00:00.000Z,Heavy-duty heat treated for improved comfort,https://example.com/images/rear_tire_aprilia_model_592.jpg,Aprilia Model 592,Rear Tire - Aprilia Model 592,28,2046.0,premium,4.0,good,Dilshknagar,68d135063952f7cf7dee90f8,17.367642,78.534282,Manoj Automobiles,rear tire - aprilia model 592 aprilia wheels & tires enhanced eco-friendly for better fuel economy,Wheels & Tires,2025-09-08T00:00:00.000Z,2025,68d135063952f7cf7dee90f6,modern
,Mahindra,,0.0,8,2025-09-14T00:00:00.000Z,Heavy-duty vibration dampening for better fuel economy,https://example.com/images/coolant_reservoir_mahindra_model_207.jpg,Mahindra Model 207,Coolant Reservoir - Mahindra Model 207,28,4178.0,premium,3.6,average,Chappal Bazar Road - Kachiguda,68ac2a8f3c73e23c655de054,17.38953,78.491245,Swathi Automobiles,coolant reservoir - mahindra model 207 mahindra cooling system professional grade eco-friendly for smoother operation,Cooling System,2025-08-10T00:00:00.000Z,2025,68ac2a8e3c73e23c655de052,classic
,Triumph,,0.0,16,2025-08-09T00:00:00.000Z,OEM quality maintenance-free for reduced maintenance,https://example.com/images/gear_box_triumph_model_719.jpg,Triumph Model 719,Gear Box - Triumph Model 719,24,6183.0,premium,3.8,average,Khammam,68d136193952f7cf7dee9133,17.249885,80.15615,Mahesh Automobiles,gear box - triumph model 719 triumph transmission lightweight corrosion resistant for improved comfort,Transmission,2025-08-25T00:00:00.000Z,2021,68d136193952f7cf7dee9131,modern
,Royal Enfield,,0.0,16,2025-08-12T00:00:00.000Z,Professional grade corrosion resistant for improved comfort,https://example.com/images/carbon_filter_scram_411.jpg,Scram 411,Carbon Filter - Scram 411,1,568.0,mid-range,4.4,good,Hyderabad,68d133bf3952f7cf7dee90b9,17.511409,78.350972,Jyothi Automobiles,carbon filter - scram 411 royal enfield filters oem quality noise reducing for better handling,Filters,2025-09-21T00:00:00.000Z,2023,68d133bf3952f7cf7dee90b7,modern
,Yamaha,,0.0,21,2025-09-17T00:00:00.000Z,Lightweight long lasting for enhanced durability,https://example.com/images/fuel_tank_fz_x.jpg,FZ-X,Fuel Tank - FZ-X,16,4220.0,premium,4.7,excellent,Chappal Bazar Road - Kachiguda,68ac2a8f3c73e23c655de054,17.38953,78.491245,Swathi Automobiles,fuel tank - fz-x yamaha fuel system high-performance high strength for longer life,Fuel System,2025-08-24T00:00:00.000Z,2016,68ac2a8e3c73e23c655de052,modern
,Yamaha,,0.0,12,2025-08-30T00:00:00.000Z,Heavy-duty vibration dampening for better fuel economy,https://example.com/images/fuel_tank_fascino_125.jpg,Fascino 125,Fuel Tank - Fascino 125,3,4135.0,premium,4.5,excellent,Chappal Bazar Road - Kachiguda,68ac2a8f3c73e23c655de054,17.38953,78.491245,Swathi Automobiles,fuel tank - fascino 125 yamaha fuel system premium quality eco-friendly for enhanced safety,Fuel System,2025-08-17T00:00:00.000Z,2020,68ac2a8e3c73e23c655de052,classic
,Bajaj,,0.0,21,2025-08-30T00:00:00.000Z,Lightweight high strength for enhanced durability,https://example.com/images/exhaust_pipe_dominar_400.jpg,Dominar 400,Exhaust Pipe - Dominar 400,21,2512.0,premium,4.0,good,Dilshknagar,68d135063952f7cf7dee90f8,17.367642,78.534282,Manoj Automobiles,exhaust pipe - dominar 400 bajaj exhaust professional grade precision engineered for increased power,Exhaust,2025-08-26T00:00:00.000Z,2015,68d135063952f7cf7dee90f6,modern
,Triumph,,0.0,1,2025-08-01T00:00:00.000Z,High-performance corrosion resistant for enhanced durability,https://example.com/images/tank_cap_triumph_model_541.jpg,Triumph Model 541,Tank Cap - Triumph Model 541,27,4214.0,premium,4.7,excellent,Karimnagar,68d135833952f7cf7dee910b,18.435781,79.132861,Mounika Automobiles,tank cap - triumph model 541 triumph fuel system advanced precision engineered for increased power,Fuel System,2025-08-30T00:00:00.000Z,2019,68d135833952f7cf7dee9109,classic
,Bajaj,,0.0,20,2025-08-22T00:00:00.000Z,Professional grade high strength for longer life,https://example.com/images/exhaust_gasket_avenger_220.jpg,Avenger 220,Exhaust Gasket - Avenger 220,3,6408.0,premium,4.8,excellent,Bala Nagar,68d1346c3952f7cf7dee90d2,17.475679,78.447328,Kalyan Automobiles,exhaust gasket - avenger 220 bajaj exhaust professional grade maintenance-free for improved comfort,Exhaust,2025-08-11T00:00:00.000Z,2025,68d1346c3952f7cf7dee90d0,modern
,Mahindra,,0.0,8,2025-09-02T00:00:00.000Z,Advanced corrosion resistant for better handling,https://example.com/images/fuel_tank_mahindra_model_777.jpg,Mahindra Model 777,Fuel Tank - Mahindra Model 777,29,5976.0,premium,3.5,average,Karimnagar,68d135833952f7cf7dee910b,18.435781,79.132861,Mounika Automobiles,fuel tank - mahindra model 777 mahindra fuel system premium quality corrosion resistant for enhanced durability,Fuel System,2025-08-31T00:00:00.000Z,2018,68d135833952f7cf7dee9109,modern
,TVS,,0.0,2,2025-08-18T00:00:00.000Z,Advanced heat treated for longer life,https://example.com/images/suspension_linkage_star_city_plus.jpg,Star City Plus,Suspension Linkage - Star City Plus,24,3225.0,premium,4.0,good,Medak,68d135d63952f7cf7dee9120,18.048948,78.269372,baskar Automobiles,suspension linkage - star city plus tvs suspension durable eco-friendly for better fuel economy,Suspension,2025-08-13T00:00:00.000Z,2019,68d135d63952f7cf7dee911e,modern
,KTM,,0.0,8,2025-08-20T00:00:00.000Z,Superior long lasting for enhanced durability,https://example.com/images/radiator_rc_200.jpg,RC 200,Radiator - RC 200,13,2007.0,premium,3.8,average,Hyderabad,68d133bf3952f7cf7dee90b9,17.511409,78.350972,Jyothi Automobiles,radiator - rc 200 ktm cooling system oem quality precision engineered for enhanced durability,Cooling System,2025-09-18T00:00:00.000Z,2025,68d133bf3952f7cf7dee90b7,modern
,Harley-Davidson,,0.0,2,2025-09-18T00:00:00.000Z,Superior noise reducing for enhanced safety,https://example.com/images/hub_bearing_harley_davidson_model_865.jpg,Harley-Davidson Model 865,Hub Bearing - Harley-Davidson Model 865,22,3180.0,premium,4.7,excellent,,68d0c47e09554c358655174d,17.423605,78.546314,Tarun Automobiles,hub bearing - harley-davidson model 865 harley-davidson wheels & tires advanced eco-friendly for increased power,Wheels & Tires,2025-08-27T00:00:00.000Z,2023,68d0c47d09554c358655174b,modern
,Yamaha,,0.0,9,2025-08-09T00:00:00.000Z,Enhanced noise reducing for longer life,https://example.com/images/cabin_filter_aerox_155.jpg,Aerox 155,Cabin Filter - Aerox 155,24,795.0,mid-range,3.5,average,Medak,68d135d63952f7cf7dee9120,18.048948,78.269372,baskar Automobiles,cabin filter - aerox 155 yamaha filters professional grade fuel efficient for improved performance,Filters,2025-08-06T00:00:00.000Z,2022,68d135d63952f7cf7dee911e,classic
,Harley-Davidson,,0.0,25,2025-09-10T00:00:00.000Z,Professional grade maintenance-free for improved comfort,https://example.com/images/alloy_wheel_harley_davidson_model_989.jpg,Harley-Davidson Model 989,Alloy Wheel - Harley-Davidson Model 989,19,10125.0,premium,4.2,good,RAMNAGAR COLONY PEERZADIGUDA UPPAL HYDERABAD,689d6959045c37933826818d,17.390358,78.606729,sai automobiles,alloy wheel - harley-davidson model 989 harley-davidson wheels & tires heavy-duty corrosion resistant for better fuel economy,Wheels & Tires,2025-09-19T00:00:00.000Z,2017,689d6959045c37933826818b,classic
,Triumph,,0.0,24,2025-08-27T00:00:00.000Z,Advanced maintenance-free for longer life,https://example.com/images/abs_module_triumph_model_175.jpg,Triumph Model 175,ABS Module - Triumph Model 175,28,2498.0,premium,3.6,average,RAMNAGAR COLONY PEERZADIGUDA UPPAL HYDERABAD,689d6959045c37933826818d,17.390358,78.606729,sai automobiles,abs module - triumph model 175 triumph brakes enhanced long lasting for reduced maintenance,Brakes,2025-09-13T00:00:00.000Z,2025,689d6959045c37933826818b,modern
,KTM,,0.0,6,2025-08-03T00:00:00.000Z,Premium quality long lasting for enhanced durability,https://example.com/images/wiring_harness_adventure_390.jpg,Adventure 390,Wiring Harness - Adventure 390,15,776.0,mid-range,3.8,average,RAMNAGAR COLONY PEERZADIGUDA UPPAL HYDERABAD,689d6959045c37933826818d,17.390358,78.606729,sai automobiles,wiring harness - adventure 390 ktm electrical durable eco-friendly for better handling,Electrical,2025-08-17T00:00:00.000Z,2017,689d6959045c37933826818b,modern
,Harley-Davidson,,0.0,13,2025-09-03T00:00:00.000Z,High-performance noise reducing for improved performance,https://example.com/images/cylinder_head_harley_davidson_model_690.jpg,Harley-Davidson Model 690,Cylinder Head - Harley-Davidson Model 690,11,20317.0,premium,4.4,good,Khammam,68d136193952f7cf7dee9133,17.249885,80.15615,Mahesh Automobiles,cylinder head - harley-davidson model 690 harley-davidson engine heavy-duty vibration dampening for longer life,Engine,2025-09-11T00:00:00.000Z,2021,68d136193952f7cf7dee9131,classic
,Ducati,,0.0,21,2025-08-30T00:00:00.000Z,Premium quality precision engineered for reduced maintenance,https://example.com/images/license_plate_light_xdiavel.jpg,XDiavel,License Plate Light - XDiavel,1,2212.0,premium,4.4,good,Dilshknagar,68d135063952f7cf7dee90f8,17.367642,78.534282,Manoj Automobiles,license plate light - xdiavel ducati lighting enhanced vibration dampening for longer life,Lighting,2025-09-11T00:00:00.000Z,2018,68d135063952f7cf7dee90f6,modern
,Benelli,,0.0,20,2025-09-10T00:00:00.000Z,Professional grade long lasting for increased power,https://example.com/images/starter_motor_benelli_model_944.jpg,Benelli Model 944,Starter Motor - Benelli Model 944,20,1606.0,mid-range,4.8,excellent,Bala Nagar,68d1346c3952f7cf7dee90d2,17.475679,78.447328,Kalyan Automobiles,starter motor - benelli model 944 benelli electrical enhanced noise reducing for improved performance,Electrical,2025-08-19T00:00:00.000Z,2021,68d1346c3952f7cf7dee90d0,modern
,Royal Enfield,,0.0,23,2025-08-30T00:00:00.000Z,Enhanced noise reducing for longer life,https://example.com/images/brake_cable_shotgun_650.jpg,Shotgun 650,Brake Cable - Shotgun 650,30,2205.0,premium,3.7,average,Medak,68d135d63952f7cf7dee9120,18.048948,78.269372,baskar Automobiles,brake cable - shotgun 650 royal enfield brakes premium quality precision engineered for enhanced durability,Brakes,2025-08-15T00:00:00.000Z,2024,68d135d63952f7cf7dee911e,modern
,Kawasaki,,0.0,21,2025-09-02T00:00:00.000Z,OEM quality long lasting for increased power,https://example.com/images/turn_signal_light_versys_x_300.jpg,Versys-X 300,Turn Signal Light - Versys-X 300,15,2838.0,premium,3.6,average,Hyderabad,68d133bf3952f7cf7dee90b9,17.511409,78.350972,Jyothi Automobiles,turn signal light - versys-x 300 kawasaki lighting high-performance long lasting for smoother operation,Lighting,2025-09-03T00:00:00.000Z,2019,68d133bf3952f7cf7dee90b7,modern
,BMW,,0.0,16,2025-08-01T00:00:00.000Z,Enhanced long lasting for enhanced safety,https://example.com/images/vacuum_filter_bmw_model_681.jpg,BMW Model 681,Vacuum Filter - BMW Model 681,16,531.0,mid-range,4.0,good,Hyderabad,68d133bf3952f7cf7dee90b9,17.511409,78.350972,Jyothi Automobiles,vacuum filter - bmw model 681 bmw filters high-performance maintenance-free for enhanced safety,Filters,2025-09-15T00:00:00.000Z,2021,68d133bf3952f7cf7dee90b7,classic
,KTM,,0.0,5,2025-09-17T00:00:00.000Z,Lightweight corrosion resistant for longer life,https://example.com/images/parking_light_rc_200.jpg,RC 200,Parking Light - RC 200,15,1621.0,mid-range,4.5,excellent,Khammam,68d136193952f7cf7dee9133,17.249885,80.15615,Mahesh Automobiles,parking light - rc 200 ktm lighting high-performance fuel efficient for reduced maintenance,Lighting,2025-08-20T00:00:00.000Z,2019,68d136193952f7cf7dee9131,modern
,Aprilia,,0.0,5,2025-09-06T00:00:00.000Z,Durable noise reducing for better handling,https://example.com/images/tool_kit_aprilia_model_870.jpg,Aprilia Model 870,Tool Kit - Aprilia Model 870,26,1885.0,mid-range,4.3,good,Mahabubabad,68d134ac3952f7cf7dee90e5,17.594209,80.006903,Shiva sai Automobiles,tool kit - aprilia model 870 aprilia accessories advanced fuel efficient for enhanced durability,Accessories,2025-08-02T00:00:00.000Z,2017,68d134ac3952f7cf7dee90e3,modern
,Royal Enfield,,0.0,13,2025-09-05T00:00:00.000Z,Heavy-duty precision engineered for better fuel economy,https://example.com/images/headlight_assembly_bullet_350.jpg,Bullet 350,Headlight Assembly - Bullet 350,12,2546.0,premium,3.6,average,RAMNAGAR COLONY PEERZADIGUDA UPPAL HYDERABAD,689d6959045c37933826818d,17.390358,78.606729,sai automobiles,headlight assembly - bullet 350 royal enfield lighting superior noise reducing for increased power,Lighting,2025-09-10T00:00:00.000Z,2025,689d6959045c37933826818b,modern
,Yamaha,,0.0,2,2025-08-05T00:00:00.000Z,Professional grade corrosion resistant for enhanced durability,https://example.com/images/ignition_coil_fz_x.jpg,FZ-X,Ignition Coil - FZ-X,12,353.0,budget,3.5,average,,68d0c47e09554c358655174d,17.423605,78.546314,Tarun Automobiles,ignition coil - fz-x yamaha ignition advanced vibration dampening for better handling,Ignition,2025-08-24T00:00:00.000Z,2023,68d0c47d09554c358655174b,modern
,Mahindra,,0.0,19,2025-08-18T00:00:00.000Z,Durable high strength for reduced maintenance,https://example.com/images/horn_mahindra_model_257.jpg,Mahindra Model 257,Horn - Mahindra Model 257,27,2711.0,premium,4.3,good,RAMNAGAR COLONY PEERZADIGUDA UPPAL HYDERABAD,689d6959045c37933826818d,17.390358,78.606729,sai automobiles,horn - mahindra model 257 mahindra electrical premium quality eco-friendly for better handling,Electrical,2025-08-24T00:00:00.000Z,2019,689d6959045c37933826818b,modern
,Aprilia,,0.0,20,2025-08-24T00:00:00.000Z,Enhanced corrosion resistant for improved comfort,https://example.com/images/chain_aprilia_model_147.jpg,Aprilia Model 147,Chain - Aprilia Model 147,14,3707.0,premium,4.8,excellent,Dilshknagar,68d135063952f7cf7dee90f8,17.367642,78.534282,Manoj Automobiles,chain - aprilia model 147 aprilia drivetrain enhanced fuel efficient for enhanced safety,Drivetrain,2025-09-11T00:00:00.000Z,2019,68d135063952f7cf7dee90f6,modern
,Mahindra,,0.0,20,2025-09-07T00:00:00.000Z,Advanced fuel efficient for enhanced durability,https://example.com/images/rear_tire_mahindra_model_310.jpg,Mahindra Model 310,Rear Tire - Mahindra Model 310,25,7310.0,premium,3.8,average,Khammam,68d136193952f7cf7dee9133,17.249885,80.15615,Mahesh Automobiles,rear tire - mahindra model 310 mahindra wheels & tires high-performance fuel efficient for increased power,Wheels & Tires,2025-08-03T00:00:00.000Z,2024,68d136193952f7cf7dee9131,classic
,Benelli,,0.0,21,2025-08-06T00:00:00.000Z,Enhanced precision engineered for better handling,https://example.com/images/grab_rail_benelli_model_601.jpg,Benelli Model 601,Grab Rail - Benelli Model 601,8,2587.0,premium,4.7,excellent,RAMNAGAR COLONY PEERZADIGUDA UPPAL HYDERABAD,689d6959045c37933826818d,17.390358,78.606729,sai automobiles,grab rail - benelli model 601 benelli body parts lightweight fuel efficient for reduced maintenance,Body Parts,2025-09-21T00:00:00.000Z,2018,689d6959045c37933826818b,modern
,Suzuki,,0.0,11,2025-08-12T00:00:00.000Z,Superior eco-friendly for better handling,https://example.com/images/clutch_plate_v_strom_sx.jpg,V-Strom SX,Clutch Plate - V-Strom SX,20,1582.0,mid-range,4.8,excellent,Karimnagar,68d135833952f7cf7dee910b,18.435781,79.132861,Mounika Automobiles,clutch plate - v-strom sx suzuki transmission enhanced long lasting for enhanced durability,Transmission,2025-08-17T00:00:00.000Z,2023,68d135833952f7cf7dee9109,classic
,Yamaha,,0.0,19,2025-09-16T00:00:00.000Z,Heavy-duty maintenance-free for improved comfort,https://example.com/images/timing_chain_ray_zr.jpg,Ray ZR,Timing Chain - Ray ZR,22,11971.0,premium,4.2,good,Mahabubabad,68d134ac3952f7cf7dee90e5,17.594209,80.006903,Shiva sai Automobiles,timing chain - ray zr yamaha engine professional grade corrosion resistant for increased power,Engine,2025-08-06T00:00:00.000Z,2017,68d134ac3952f7cf7dee90e3,modern
,TVS,,0.0,13,2025-09-14T00:00:00.000Z,Lightweight eco-friendly for smoother operation,https://example.com/images/coil_apache_rtr_200.jpg,Apache RTR 200,Coil - Apache RTR 200,5,2649.0,premium,4.2,good,Chappal Bazar Road - Kachiguda,68ac2a8f3c73e23c655de054,17.38953,78.491245,Swathi Automobiles,coil - apache rtr 200 tvs electrical high-performance heat treated for better fuel economy,Electrical,2025-08-15T00:00:00.000Z,2018,68ac2a8e3c73e23c655de052,classic
,Harley-Davidson,,0.0,5,2025-08-20T00:00:00.000Z,High-performance maintenance-free for reduced maintenance,https://example.com/images/distributor_harley_davidson_model_261.jpg,Harley-Davidson Model 261,Distributor - Harley-Davidson Model 261,21,1203.0,mid-range,4.3,good,RAMNAGAR COLONY PEERZADIGUDA UPPAL HYDERABAD,689d6959045c37933826818d,17.390358,78.606729,sai automobiles,distributor - harley-davidson model 261 harley-davidson ignition heavy-duty corrosion resistant for better handling,Ignition,2025-09-06T00:00:00.000Z,2022,689d6959045c37933826818b,modern
,Yamaha,,0.0,3,2025-08-31T00:00:00.000Z,Heavy-duty maintenance-free for better handling,https://example.com/images/final_drive_oil_fascino_125.jpg,Fascino 125,Final Drive Oil - Fascino 125,26,1235.0,mid-range,4.9,excellent,Dilshknagar,68d135063952f7cf7dee90f8,17.367642,78.534282,Manoj Automobiles,final drive oil - fascino 125 yamaha drivetrain premium quality heat treated for smoother operation,Drivetrain,2025-08-14T00:00:00.000Z,2023,68d135063952f7cf7dee90f6,modern
,Triumph,,0.0,10,2025-08-29T00:00:00.000Z,Lightweight maintenance-free for enhanced durability,https://example.com/images/brake_caliper_triumph_model_625.jpg,Triumph Model 625,Brake Caliper - Triumph Model 625,22,1756.0,mid-range,3.5,average,Dilshknagar,68d135063952f7cf7dee90f8,17.367642,78.534282,Manoj Automobiles,brake caliper - triumph model 625 triumph brakes superior corrosion resistant for longer life,Brakes,2025-08-03T00:00:00.000Z,2015,68d135063952f7cf7dee90f6,modern
,Benelli,,0.0,4,2025-08-11T00:00:00.000Z,Heavy-duty noise reducing for better handling,https://example.com/images/tank_cover_benelli_model_468.jpg,Benelli Model 468,Tank Cover - Benelli Model 468,6,1015.0,mid-range,4.7,excellent,Bala Nagar,68d1346c3952f7cf7dee90d2,17.475679,78.447328,Kalyan Automobiles,tank cover - benelli model 468 benelli body parts high-performance high strength for enhanced safety,Body Parts,2025-09-08T00:00:00.000Z,2015,68d1346c3952f7cf7dee90d0,modern
,TVS,,0.0,23,2025-09-07T00:00:00.000Z,Advanced corrosion resistant for better handling,https://example.com/images/brake_cable_star_city_plus.jpg,Star City Plus,Brake Cable - Star City Plus,21,1022.0,mid-range,3.8,average,RAMNAGAR COLONY PEERZADIGUDA UPPAL HYDERABAD,689d6959045c37933826818d,17.390358,78.606729,sai automobiles,brake cable - star city plus tvs brakes durable high strength for enhanced safety,Brakes,2025-09-13T00:00:00.000Z,2015,689d6959045c37933826818b,modern
,Yamaha,,0.0,16,2025-09-09T00:00:00.000Z,Enhanced eco-friendly for reduced maintenance,https://example.com/images/rear_cowl_fz_x.jpg,FZ-X,Rear Cowl - FZ-X V1,15,501.0,mid-range,5.0,excellent,Medak,68d135d63952f7cf7dee9120,18.048948,78.269372,baskar Automobiles,rear cowl - fz-x v1 yamaha body parts premium quality corrosion resistant for better handling,Body Parts,2025-08-27T00:00:00.000Z,2019,68d135d63952f7cf7dee911e,modern
,Suzuki,,0.0,4,2025-09-06T00:00:00.000Z,Superior high strength for longer life,https://example.com/images/coolant_filter_burgman_street.jpg,Burgman Street,Coolant Filter - Burgman Street,3,343.0,budget,4.6,excellent,Medak,68d135d63952f7cf7dee9120,18.048948,78.269372,baskar Automobiles,coolant filter - burgman street suzuki filters lightweight fuel efficient for improved comfort,Filters,2025-08-04T00:00:00.000Z,2020,68d135d63952f7cf7dee911e,modern
,Triumph,,0.0,8,2025-08-23T00:00:00.000Z,Durable long lasting for enhanced durability,https://example.com/images/intercooler_triumph_model_339.jpg,Triumph Model 339,Intercooler - Triumph Model 339,12,1788.0,mid-range,4.8,excellent,,68d0c47e09554c358655174d,17.423605,78.546314,Tarun Automobiles,intercooler - triumph model 339 triumph cooling system advanced vibration dampening for increased power,Cooling System,2025-09-10T00:00:00.000Z,2024,68d0c47d09554c358655174b,modern
,TVS,,0.0,21,2025-08-12T00:00:00.000Z,Durable maintenance-free for better fuel economy,https://example.com/images/wheel_balancing_weight_apache_rtr_160.jpg,Apache RTR 160,Wheel Balancing Weight - Apache RTR 160,20,2051.0,premium,4.3,good,Medak,68d135d63952f7cf7dee9120,18.048948,78.269372,baskar Automobiles,wheel balancing weight - apache rtr 160 tvs wheels & tires heavy-duty noise reducing for improved comfort,Wheels & Tires,2025-09-06T00:00:00.000Z,2019,68d135d63952f7cf7dee911e,modern
,Harley-Davidson,,0.0,8,2025-08-15T00:00:00.000Z,OEM quality vibration dampening for longer life,https://example.com/images/brake_hose_harley_davidson_model_735.jpg,Harley-Davidson Model 735,Brake Hose - Harley-Davidson Model 735,4,1207.0,mid-range,4.1,good,Dilshknagar,68d135063952f7cf7dee90f8,17.367642,78.534282,Manoj Automobiles,brake hose - harley-davidson model 735 harley-davidson brakes premium quality long lasting for longer life,Brakes,2025-08-29T00:00:00.000Z,2023,68d135063952f7cf7dee90f6,modern
,Hero,,0.0,17,2025-08-16T00:00:00.000Z,Professional grade high strength for enhanced safety,https://example.com/images/cabin_filter_maestro_edge.jpg,Maestro Edge,Cabin Filter - Maestro Edge,1,181.0,budget,3.7,average,Medak,68d135d63952f7cf7dee9120,18.048948,78.269372,baskar Automobiles,cabin filter - maestro edge hero filters oem quality maintenance-free for enhanced safety,Filters,2025-09-15T00:00:00.000Z,2017,68d135d63952f7cf7dee911e,classic
,KTM,,0.0,20,2025-09-14T00:00:00.000Z,Professional grade high strength for longer life,https://example.com/images/suspension_linkage_rc_200.jpg,RC 200,Suspension Linkage - RC 200,24,6666.0,premium,3.6,average,Bala Nagar,68d1346c3952f7cf7dee90d2,17.475679,78.447328,Kalyan Automobiles,suspension linkage - rc 200 ktm suspension heavy-duty vibration dampening for enhanced safety,Suspension,2025-09-20T00:00:00.000Z,2015,68d1346c3952f7cf7dee90d0,classic
,Bajaj,,0.0,2,2025-09-08T00:00:00.000Z,Lightweight heat treated for enhanced safety,https://example.com/images/gear_box_pulsar_180.jpg,Pulsar 180,Gear Box - Pulsar 180,11,5666.0,premium,4.8,excellent,Medak,68d135d63952f7cf7dee9120,18.048948,78.269372,baskar Automobiles,gear box - pulsar 180 bajaj transmission advanced corrosion resistant for reduced maintenance,Transmission,2025-08-09T00:00:00.000Z,2016,68d135d63952f7cf7dee911e,classic
,TVS,,0.0,13,2025-08-29T00:00:00.000Z,Premium quality high strength for enhanced durability,https://example.com/images/oil_pump_star_city_plus.jpg,Star City Plus,Oil Pump - Star City Plus,4,12659.0,premium,3.6,average,Mahabubabad,68d134ac3952f7cf7dee90e5,17.594209,80.006903,Shiva sai Automobiles,oil pump - star city plus tvs engine heavy-duty eco-friendly for improved comfort,Engine,2025-08-12T00:00:00.000Z,2021,68d134ac3952f7cf7dee90e3,classic
,Triumph,,0.0,22,2025-08-02T00:00:00.000Z,Advanced eco-friendly for increased power,https://example.com/images/rear_cowl_triumph_model_716.jpg,Triumph Model 716,Rear Cowl - Triumph Model 716,19,736.0,mid-range,3.7,average,,68d0c47e09554c358655174d,17.423605,78.546314,Tarun Automobiles,rear cowl - triumph model 716 triumph body parts heavy-duty eco-friendly for better handling,Body Parts,2025-08-30T00:00:00.000Z,2024,68d0c47d09554c358655174b,modern
,Ducati,,0.0,17,2025-08-20T00:00:00.000Z,OEM quality heat treated for improved comfort,https://example.com/images/brake_fluid_reservoir_diavel.jpg,Diavel,Brake Fluid Reservoir - Diavel,29,776.0,mid-range,3.5,average,Hyderabad,68d133bf3952f7cf7dee90b9,17.511409,78.350972,Jyothi Automobiles,brake fluid reservoir - diavel ducati brakes lightweight corrosion resistant for improved performance,Brakes,2025-09-11T00:00:00.000Z,2021,68d133bf3952f7cf7dee90b7,modern
,BMW,,0.0,25,2025-08-26T00:00:00.000Z,Enhanced heat treated for improved comfort,https://example.com/images/tank_cap_bmw_model_745.jpg,BMW Model 745,Tank Cap - BMW Model 745,19,2829.0,premium,3.6,average,Chappal Bazar Road - Kachiguda,68ac2a8f3c73e23c655de054,17.38953,78.491245,Swathi Automobiles,tank cap - bmw model 745 bmw fuel system enhanced heat treated for better handling,Fuel System,2025-09-19T00:00:00.000Z,2025,68ac2a8e3c73e23c655de052,classic
,Triumph,,0.0,19,2025-09-06T00:00:00.000Z,Durable noise reducing for enhanced safety,https://example.com/images/wiring_harness_triumph_model_198.jpg,Triumph Model 198,Wiring Harness - Triumph Model 198,30,1375.0,mid-range,5.0,excellent,Chappal Bazar Road - Kachiguda,68ac2a8f3c73e23c655de054,17.38953,78.491245,Swathi Automobiles,wiring harness - triumph model 198 triumph electrical durable fuel efficient for enhanced safety,Electrical,2025-08-19T00:00:00.000Z,2021,68ac2a8e3c73e23c655de052,classic
,KTM,,0.0,19,2025-09-03T00:00:00.000Z,Superior heat treated for improved comfort,https://example.com/images/tank_bag_duke_200.jpg,Duke 200,Tank Bag - Duke 200,29,945.0,mid-range,3.9,average,Mahabubabad,68d134ac3952f7cf7dee90e5,17.594209,80.006903,Shiva sai Automobiles,tank bag - duke 200 ktm accessories high-performance corrosion resistant for improved performance,Accessories,2025-08-07T00:00:00.000Z,2022,68d134ac3952f7cf7dee90e3,modern
,Aprilia,,0.0,16,2025-08-24T00:00:00.000Z,OEM quality vibration dampening for better fuel economy,https://example.com/images/engine_guard_aprilia_model_753.jpg,Aprilia Model 753,Engine Guard - Aprilia Model 753,28,900.0,mid-range,4.0,good,Khammam,68d136193952f7cf7dee9133,17.249885,80.15615,Mahesh Automobiles,engine guard - aprilia model 753 aprilia accessories enhanced noise reducing for smoother operation,Accessories,2025-08-18T00:00:00.000Z,2025,68d136193952f7cf7dee9131,modern
,Hero,,0.0,9,2025-08-04T00:00:00.000Z,Enhanced eco-friendly for improved comfort,https://example.com/images/master_cylinder_karizma_xmr.jpg,Karizma XMR,Master Cylinder - Karizma XMR,26,2781.0,premium,4.1,good,Dilshknagar,68d135063952f7cf7dee90f8,17.367642,78.534282,Manoj Automobiles,master cylinder - karizma xmr hero brakes high-performance fuel efficient for better fuel economy,Brakes,2025-09-09T00:00:00.000Z,2020,68d135063952f7cf7dee90f6,modern
,Kawasaki,,0.0,16,2025-09-06T00:00:00.000Z,Durable eco-friendly for improved performance,https://example.com/images/pressure_plate_ninja_400.jpg,Ninja 400,Pressure Plate - Ninja 400,19,4265.0,premium,5.0,excellent,Mahabubabad,68d134ac3952f7cf7dee90e5,17.594209,80.006903,Shiva sai Automobiles,pressure plate - ninja 400 kawasaki transmission high-performance fuel efficient for enhanced durability,Transmission,2025-09-06T00:00:00.000Z,2025,68d134ac3952f7cf7dee90e3,classic
,Yamaha,,0.0,4,2025-08-01T00:00:00.000Z,Lightweight heat treated for improved performance,https://example.com/images/regulator_rectifier_saluto_rx.jpg,Saluto RX,Regulator Rectifier - Saluto RX,6,1688.0,mid-range,4.4,good,Karimnagar,68d135833952f7cf7dee910b,18.435781,79.132861,Mounika Automobiles,regulator rectifier - saluto rx yamaha electrical lightweight noise reducing for improved performance,Electrical,2025-08-22T00:00:00.000Z,2022,68d135833952f7cf7dee9109,modern
,Ducati,,0.0,13,2025-09-05T00:00:00.000Z,Heavy-duty noise reducing for better handling,https://example.com/images/reserve_tank_panigale_v4.jpg,Panigale V4,Reserve Tank - Panigale V4,17,843.0,mid-range,4.1,good,Dilshknagar,68d135063952f7cf7dee90f8,17.367642,78.534282,Manoj Automobiles,reserve tank - panigale v4 ducati fuel system high-performance heat treated for reduced maintenance,Fuel System,2025-08-30T00:00:00.000Z,2022,68d135063952f7cf7dee90f6,modern
,KTM,,0.0,7,2025-09-14T00:00:00.000Z,OEM quality vibration dampening for better handling,https://example.com/images/rear_sprocket_1290_super_duke_r.jpg,1290 Super Duke R,Rear Sprocket - 1290 Super Duke R,26,840.0,mid-range,4.6,excellent,Hyderabad,68d133bf3952f7cf7dee90b9,17.511409,78.350972,Jyothi Automobiles,rear sprocket - 1290 super duke r ktm drivetrain high-performance heat treated for longer life,Drivetrain,2025-09-10T00:00:00.000Z,2024,68d133bf3952f7cf7dee90b7,modern
,KTM,,0.0,22,2025-08-24T00:00:00.000Z,Professional grade noise reducing for smoother operation,https://example.com/images/wiring_harness_adventure_250.jpg,Adventure 250,Wiring Harness - Adventure 250,22,4392.0,premium,4.2,good,Karimnagar,68d135833952f7cf7dee910b,18.435781,79.132861,Mounika Automobiles,wiring harness - adventure 250 ktm electrical professional grade eco-friendly for improved comfort,Electrical,2025-08-11T00:00:00.000Z,2015,68d135833952f7cf7dee9109,modern
,Mahindra,,0.0,20,2025-08-04T00:00:00.000Z,Superior vibration dampening for longer life,https://example.com/images/spark_plug_wire_mahindra_model_994.jpg,Mahindra Model 994,Spark Plug Wire - Mahindra Model 994,19,933.0,mid-range,4.9,excellent,Medak,68d135d63952f7cf7dee9120,18.048948,78.269372,baskar Automobiles,spark plug wire - mahindra model 994 mahindra ignition lightweight precision engineered for reduced maintenance,Ignition,2025-09-01T00:00:00.000Z,2021,68d135d63952f7cf7dee911e,classic
,Ducati,,0.0,23,2025-09-04T00:00:00.000Z,Heavy-duty long lasting for improved performance,https://example.com/images/battery_diavel.jpg,Diavel,Battery - Diavel,3,3875.0,premium,3.5,average,Chappal Bazar Road - Kachiguda,68ac2a8f3c73e23c655de054,17.38953,78.491245,Swathi Automobiles,battery - diavel ducati electrical professional grade eco-friendly for improved comfort,Electrical,2025-09-17T00:00:00.000Z,2022,68ac2a8e3c73e23c655de052,modern
,Ducati,,0.0,17,2025-09-04T00:00:00.000Z,Professional grade precision engineered for improved performance,https://example.com/images/radiator_cap_hypermotard.jpg,Hypermotard,Radiator Cap - Hypermotard,12,2922.0,premium,4.8,excellent,Medak,68d135d63952f7cf7dee9120,18.048948,78.269372,baskar Automobiles,radiator cap - hypermotard ducati cooling system high-performance heat treated for longer life,Cooling System,2025-08-06T00:00:00.000Z,2017,68d135d63952f7cf7dee911e,modern
,Hero,,0.0,7,2025-09-05T00:00:00.000Z,Enhanced noise reducing for enhanced durability,https://example.com/images/drive_belt_super_splendor.jpg,Super Splendor,Drive Belt - Super Splendor,30,2737.0,premium,4.9,excellent,Mahabubabad,68d134ac3952f7cf7dee90e5,17.594209,80.006903,Shiva sai Automobiles,drive belt - super splendor hero drivetrain professional grade corrosion resistant for smoother operation,Drivetrain,2025-08-22T00:00:00.000Z,2015,68d134ac3952f7cf7dee90e3,modern
,Royal Enfield,,0.0,23,2025-08-05T00:00:00.000Z,Enhanced corrosion resistant for improved comfort,https://example.com/images/fuel_filter_meteor_350.jpg,Meteor 350,Fuel Filter - Meteor 350,2,4770.0,premium,3.6,average,Mahabubabad,68d134ac3952f7cf7dee90e5,17.594209,80.006903,Shiva sai Automobiles,fuel filter - meteor 350 royal enfield fuel system professional grade fuel efficient for improved comfort,Fuel System,2025-08-24T00:00:00.000Z,2015,68d134ac3952f7cf7dee90e3,modern
,Yamaha,,0.0,23,2025-08-11T00:00:00.000Z,Advanced long lasting for increased power,https://example.com/images/swing_arm_bearing_fz_25.jpg,FZ 25,Swing Arm Bearing - FZ 25,12,2351.0,premium,3.8,average,Hyderabad,68d133bf3952f7cf7dee90b9,17.511409,78.350972,Jyothi Automobiles,swing arm bearing - fz 25 yamaha suspension durable corrosion resistant for better fuel economy,Suspension,2025-08-09T00:00:00.000Z,2021,68d133bf3952f7cf7dee90b7,modern
,Suzuki,,0.0,21,2025-09-11T00:00:00.000Z,Premium quality vibration dampening for improved performance,https://example.com/images/water_pump_gsx_r1000r.jpg,GSX-R1000R,Water Pump - GSX-R1000R,25,11186.0,premium,4.5,excellent,Karimnagar,68d135833952f7cf7dee910b,18.435781,79.132861,Mounika Automobiles,water pump - gsx-r1000r suzuki engine lightweight heat treated for smoother operation,Engine,2025-09-14T00:00:00.000Z,2016,68d135833952f7cf7dee9109,classic
,Benelli,,0.0,23,2025-09-08T00:00:00.000Z,OEM quality corrosion resistant for improved comfort,https://example.com/images/side_stand_benelli_model_697.jpg,Benelli Model 697,Side Stand - Benelli Model 697,15,2060.0,premium,3.6,average,Chappal Bazar Road - Kachiguda,68ac2a8f3c73e23c655de054,17.38953,78.491245,Swathi Automobiles,side stand - benelli model 697 benelli body parts professional grade long lasting for improved comfort,Body Parts,2025-08-30T00:00:00.000Z,2021,68ac2a8e3c73e23c655de052,modern
,Royal Enfield,,0.0,25,2025-09-14T00:00:00.000Z,Durable fuel efficient for better handling,https://example.com/images/front_brake_pad_himalayan.jpg,Himalayan,Front Brake Pad - Himalayan,22,264.0,budget,4.7,excellent,Dilshknagar,68d135063952f7cf7dee90f8,17.367642,78.534282,Manoj Automobiles,front brake pad - himalayan royal enfield brakes superior corrosion resistant for increased power,Brakes,2025-09-11T00:00:00.000Z,2021,68d135063952f7cf7dee90f6,modern
,Suzuki,,0.0,1,2025-08-07T00:00:00.000Z,Superior corrosion resistant for better handling,https://example.com/images/vacuum_filter_hayabusa.jpg,Hayabusa,Vacuum Filter - Hayabusa,28,515.0,mid-range,4.1,good,RAMNAGAR COLONY PEERZADIGUDA UPPAL HYDERABAD,689d6959045c37933826818d,17.390358,78.606729,sai automobiles,vacuum filter - hayabusa suzuki filters lightweight eco-friendly for reduced maintenance,Filters,2025-08-25T00:00:00.000Z,2020,689d6959045c37933826818b,modern
,Bajaj,,0.0,25,2025-08-02T00:00:00.000Z,Lightweight fuel efficient for longer life,https://example.com/images/ignition_coil_avenger_220.jpg,Avenger 220,Ignition Coil - Avenger 220 V1,14,686.0,mid-range,4.9,excellent,Mahabubabad,68d134ac3952f7cf7dee90e5,17.594209,80.006903,Shiva sai Automobiles,ignition coil - avenger 220 v1 bajaj ignition enhanced noise reducing for better fuel economy,Ignition,2025-08-16T00:00:00.000Z,2016,68d134ac3952f7cf7dee90e3,classic
,Harley-Davidson,,0.0,24,2025-09-01T00:00:00.000Z,Heavy-duty high strength for improved performance,https://example.com/images/oil_cooler_harley_davidson_model_420.jpg,Harley-Davidson Model 420,Oil Cooler - Harley-Davidson Model 420,4,2680.0,premium,4.3,good,Dilshknagar,68d135063952f7cf7dee90f8,17.367642,78.534282,Manoj Automobiles,oil cooler - harley-davidson model 420 harley-davidson cooling system high-performance long lasting for better fuel economy,Cooling System,2025-09-07T00:00:00.000Z,2018,68d135063952f7cf7dee90f6,classic
,Yamaha,,0.0,2,2025-09-19T00:00:00.000Z,High-performance fuel efficient for smoother operation,https://example.com/images/hazard_light_switch_ray_zr.jpg,Ray ZR,Hazard Light Switch - Ray ZR,22,3105.0,premium,4.0,good,Hyderabad,68d133bf3952f7cf7dee90b9,17.511409,78.350972,Jyothi Automobiles,hazard light switch - ray zr yamaha lighting advanced maintenance-free for enhanced safety,Lighting,2025-09-01T00:00:00.000Z,2018,68d133bf3952f7cf7dee90b7,modern
,Harley-Davidson,,0.0,2,2025-09-21T00:00:00.000Z,Heavy-duty fuel efficient for increased power,https://example.com/images/swing_arm_bearing_harley_davidson_model_356.jpg,Harley-Davidson Model 356,Swing Arm Bearing - Harley-Davidson Model 356,29,11095.0,premium,4.4,good,Khammam,68d136193952f7cf7dee9133,17.249885,80.15615,Mahesh Automobiles,swing arm bearing - harley-davidson model 356 harley-davidson suspension enhanced noise reducing for reduced maintenance,Suspension,2025-08-20T00:00:00.000Z,2020,68d136193952f7cf7dee9131,modern
,KTM,,0.0,19,2025-08-22T00:00:00.000Z,Premium quality heat treated for improved performance,https://example.com/images/coolant_pump_rc_390.jpg,RC 390,Coolant Pump - RC 390,4,4282.0,premium,4.0,good,Dilshknagar,68d135063952f7cf7dee90f8,17.367642,78.534282,Manoj Automobiles,coolant pump - rc 390 ktm cooling system oem quality high strength for reduced maintenance,Cooling System,2025-09-19T00:00:00.000Z,2022,68d135063952f7cf7dee90f6,modern
,Benelli,,0.0,1,2025-08-30T00:00:00.000Z,Enhanced fuel efficient for improved performance,https://example.com/images/thermostat_benelli_model_777.jpg,Benelli Model 777,Thermostat - Benelli Model 777,20,5014.0,premium,3.5,average,RAMNAGAR COLONY PEERZADIGUDA UPPAL HYDERABAD,689d6959045c37933826818d,17.390358,78.606729,sai automobiles,thermostat - benelli model 777 benelli cooling system oem quality high strength for increased power,Cooling System,2025-09-06T00:00:00.000Z,2025,689d6959045c37933826818b,classic
,Honda,,0.0,18,2025-08-07T00:00:00.000Z,Professional grade corrosion resistant for enhanced safety,https://example.com/images/starter_motor_grazia.jpg,Grazia,Starter Motor - Grazia,15,2819.0,premium,3.9,average,Medak,68d135d63952f7cf7dee9120,18.048948,78.269372,baskar Automobiles,starter motor - grazia honda electrical high-performance vibration dampening for longer life,Electrical,2025-09-21T00:00:00.000Z,2018,68d135d63952f7cf7dee911e,modern
,Harley-Davidson,,0.0,20,2025-08-14T00:00:00.000Z,High-performance eco-friendly for longer life,https://example.com/images/front_brake_pad_harley_davidson_model_330.jpg,Harley-Davidson Model 330,Front Brake Pad - Harley-Davidson Model 330,8,2404.0,premium,4.0,good,Chappal Bazar Road - Kachiguda,68ac2a8f3c73e23c655de054,17.38953,78.491245,Swathi Automobiles,front brake pad - harley-davidson model 330 harley-davidson brakes lightweight precision engineered for reduced maintenance,Brakes,2025-08-24T00:00:00.000Z,2023,68ac2a8e3c73e23c655de052,modern
,Benelli,,0.0,25,2025-09-19T00:00:00.000Z,Lightweight heat treated for improved performance,https://example.com/images/oil_pump_benelli_model_794.jpg,Benelli Model 794,Oil Pump - Benelli Model 794,24,11692.0,premium,5.0,excellent,,68d0c47e09554c358655174d,17.423605,78.546314,Tarun Automobiles,oil pump - benelli model 794 benelli engine high-performance heat treated for reduced maintenance,Engine,2025-09-04T00:00:00.000Z,2025,68d0c47d09554c358655174b,classic
,Hero,,0.0,17,2025-08-21T00:00:00.000Z,Durable vibration dampening for improved comfort,https://example.com/images/parking_light_glamour.jpg,Glamour,Parking Light - Glamour,23,1902.0,mid-range,4.8,excellent,Bala Nagar,68d1346c3952f7cf7dee90d2,17.475679,78.447328,Kalyan Automobiles,parking light - glamour hero lighting superior maintenance-free for increased power,Lighting,2025-09-17T00:00:00.000Z,2018,68d1346c3952f7cf7dee90d0,modern
,Triumph,,0.0,23,2025-08-15T00:00:00.000Z,OEM quality eco-friendly for better fuel economy,https://example.com/images/header_pipe_triumph_model_574.jpg,Triumph Model 574,Header Pipe - Triumph Model 574,6,5362.0,premium,4.5,excellent,RAMNAGAR COLONY PEERZADIGUDA UPPAL HYDERABAD,689d6959045c37933826818d,17.390358,78.606729,sai automobiles,header pipe - triumph model 574 triumph exhaust lightweight long lasting for enhanced durability,Exhaust,2025-09-16T00:00:00.000Z,2025,689d6959045c37933826818b,modern
,Royal Enfield,,0.0,9,2025-09-05T00:00:00.000Z,Lightweight maintenance-free for better handling,https://example.com/images/transmission_oil_bullet_350.jpg,Bullet 350,Transmission Oil - Bullet 350,19,3730.0,premium,3.8,average,Mahabubabad,68d134ac3952f7cf7dee90e5,17.594209,80.006903,Shiva sai Automobiles,transmission oil - bullet 350 royal enfield transmission durable long lasting for reduced maintenance,Transmission,2025-08-29T00:00:00.000Z,2021,68d134ac3952f7cf7dee90e3,classic
,Benelli,,0.0,16,2025-09-20T00:00:00.000Z,Superior eco-friendly for reduced maintenance,https://example.com/images/oil_pump_benelli_model_428.jpg,Benelli Model 428,Oil Pump - Benelli Model 428,19,2529.0,premium,4.7,excellent,Khammam,68d136193952f7cf7dee9133,17.249885,80.15615,Mahesh Automobiles,oil pump - benelli model 428 benelli engine lightweight corrosion resistant for enhanced durability,Engine,2025-08-23T00:00:00.000Z,2015,68d136193952f7cf7dee9131,classic
,Bajaj,,0.0,19,2025-08-11T00:00:00.000Z,Durable precision engineered for reduced maintenance,https://example.com/images/tank_bag_avenger_220.jpg,Avenger 220,Tank Bag - Avenger 220,1,360.0,budget,4.8,excellent,Medak,68d135d63952f7cf7dee9120,18.048948,78.269372,baskar Automobiles,tank bag - avenger 220 bajaj accessories heavy-duty corrosion resistant for better handling,Accessories,2025-08-25T00:00:00.000Z,2023,68d135d63952f7cf7dee911e,classic
,BMW,,0.0,6,2025-08-01T00:00:00.000Z,Superior noise reducing for increased power,https://example.com/images/fuel_filter_bmw_model_830.jpg,BMW Model 830,Fuel Filter - BMW Model 830,8,180.0,budget,3.8,average,,68d0c47e09554c358655174d,17.423605,78.546314,Tarun Automobiles,fuel filter - bmw model 830 bmw filters premium quality high strength for smoother operation,Filters,2025-09-16T00:00:00.000Z,2022,68d0c47d09554c358655174b,modern
,Yamaha,,0.0,16,2025-09-15T00:00:00.000Z,Durable vibration dampening for improved performance,https://example.com/images/silencer_fascino_125.jpg,Fascino 125,Silencer - Fascino 125,16,9439.0,premium,3.5,average,,68d0c47e09554c358655174d,17.423605,78.546314,Tarun Automobiles,silencer - fascino 125 yamaha exhaust superior corrosion resistant for reduced maintenance,Exhaust,2025-09-09T00:00:00.000Z,2019,68d0c47d09554c358655174b,modern
,BMW,,0.0,22,2025-08-09T00:00:00.000Z,OEM quality maintenance-free for enhanced durability,https://example.com/images/performance_exhaust_bmw_model_936.jpg,BMW Model 936,Performance Exhaust - BMW Model 936,5,14491.0,premium,3.5,average,Chappal Bazar Road - Kachiguda,68ac2a8f3c73e23c655de054,17.38953,78.491245,Swathi Automobiles,performance exhaust - bmw model 936 bmw exhaust premium quality precision engineered for reduced maintenance,Exhaust,2025-09-15T00:00:00.000Z,2015,68ac2a8e3c73e23c655de052,modern
,KTM,,0.0,10,2025-09-03T00:00:00.000Z,Advanced vibration dampening for enhanced durability,https://example.com/images/hazard_light_switch_duke_390.jpg,Duke 390,Hazard Light Switch - Duke 390,13,2370.0,premium,4.1,good,RAMNAGAR COLONY PEERZADIGUDA UPPAL HYDERABAD,689d6959045c37933826818d,17.390358,78.606729,sai automobiles,hazard light switch - duke 390 ktm lighting superior noise reducing for enhanced durability,Lighting,2025-08-18T00:00:00.000Z,2024,689d6959045c37933826818b,modern
,Mahindra,,0.0,4,2025-09-18T00:00:00.000Z,High-performance eco-friendly for better handling,https://example.com/images/silencer_mahindra_model_413.jpg,Mahindra Model 413,Silencer - Mahindra Model 413,12,5653.0,premium,3.6,average,,68d0c47e09554c358655174d,17.423605,78.546314,Tarun Automobiles,silencer - mahindra model 413 mahindra exhaust durable fuel efficient for improved performance,Exhaust,2025-08-05T00:00:00.000Z,2022,68d0c47d09554c358655174b,modern
,Royal Enfield,,0.0,23,2025-08-30T00:00:00.000Z,Enhanced heat treated for improved comfort,https://example.com/images/swing_arm_bearing_interceptor_650.jpg,Interceptor 650,Swing Arm Bearing - Interceptor 650,11,1918.0,mid-range,4.6,excellent,Hyderabad,68d133bf3952f7cf7dee90b9,17.511409,78.350972,Jyothi Automobiles,swing arm bearing - interceptor 650 royal enfield suspension durable long lasting for longer life,Suspension,2025-08-26T00:00:00.000Z,2017,68d133bf3952f7cf7dee90b7,modern
,BMW,,0.0,8,2025-08-04T00:00:00.000Z,Enhanced fuel efficient for reduced maintenance,https://example.com/images/rear_sprocket_bmw_model_303.jpg,BMW Model 303,Rear Sprocket - BMW Model 303,2,6000.0,premium,3.7,average,Karimnagar,68d135833952f7cf7dee910b,18.435781,79.132861,Mounika Automobiles,rear sprocket - bmw model 303 bmw drivetrain advanced precision engineered for improved comfort,Drivetrain,2025-09-03T00:00:00.000Z,2021,68d135833952f7cf7dee9109,modern
,BMW,,0.0,16,2025-09-12T00:00:00.000Z,Enhanced fuel efficient for enhanced safety,https://example.com/images/tank_cap_bmw_model_590.jpg,BMW Model 590,Tank Cap - BMW Model 590,20,6778.0,premium,4.2,good,Khammam,68d136193952f7cf7dee9133,17.249885,80.15615,Mahesh Automobiles,tank cap - bmw model 590 bmw fuel system professional grade corrosion resistant for reduced maintenance,Fuel System,2025-08-14T00:00:00.000Z,2024,68d136193952f7cf7dee9131,modern
,Hero,,0.0,24,2025-09-03T00:00:00.000Z,Enhanced high strength for reduced maintenance,https://example.com/images/rear_brake_pad_super_splendor.jpg,Super Splendor,Rear Brake Pad - Super Splendor,7,707.0,mid-range,3.8,average,RAMNAGAR COLONY PEERZADIGUDA UPPAL HYDERABAD,689d6959045c37933826818d,17.390358,78.606729,sai automobiles,rear brake pad - super splendor hero brakes superior eco-friendly for longer life,Brakes,2025-09-08T00:00:00.000Z,2019,689d6959045c37933826818b,modern
,Triumph,,0.0,1,2025-08-15T00:00:00.000Z,Advanced heat treated for improved performance,https://example.com/images/turn_signal_triumph_model_294.jpg,Triumph Model 294,Turn Signal - Triumph Model 294,17,4415.0,premium,4.8,excellent,Dilshknagar,68d135063952f7cf7dee90f8,17.367642,78.534282,Manoj Automobiles,turn signal - triumph model 294 triumph electrical premium quality eco-friendly for enhanced durability,Electrical,2025-08-15T00:00:00.000Z,2017,68d135063952f7cf7dee90f6,modern
,Triumph,,0.0,14,2025-09-16T00:00:00.000Z,Lightweight maintenance-free for enhanced safety,https://example.com/images/spark_plug_triumph_model_111.jpg,Triumph Model 111,Spark Plug - Triumph Model 111,6,944.0,mid-range,4.8,excellent,RAMNAGAR COLONY PEERZADIGUDA UPPAL HYDERABAD,689d6959045c37933826818d,17.390358,78.606729,sai automobiles,spark plug - triumph model 111 triumph ignition enhanced long lasting for longer life,Ignition,2025-08-24T00:00:00.000Z,2021,689d6959045c37933826818b,classic
,Suzuki,,0.0,6,2025-08-21T00:00:00.000Z,High-performance heat treated for improved comfort,https://example.com/images/radiator_gsx_r1000r.jpg,GSX-R1000R,Radiator - GSX-R1000R,13,4343.0,premium,4.7,excellent,RAMNAGAR COLONY PEERZADIGUDA UPPAL HYDERABAD,689d6959045c37933826818d,17.390358,78.606729,sai automobiles,radiator - gsx-r1000r suzuki cooling system lightweight fuel efficient for longer life,Cooling System,2025-08-19T00:00:00.000Z,2015,689d6959045c37933826818b,modern
,Hero,,0.0,20,2025-08-19T00:00:00.000Z,Superior maintenance-free for improved comfort,https://example.com/images/parking_light_hf_deluxe.jpg,HF Deluxe,Parking Light - HF Deluxe,15,3217.0,premium,4.7,excellent,Chappal Bazar Road - Kachiguda,68ac2a8f3c73e23c655de054,17.38953,78.491245,Swathi Automobiles,parking light - hf deluxe hero lighting professional grade noise reducing for enhanced durability,Lighting,2025-08-05T00:00:00.000Z,2024,68ac2a8e3c73e23c655de052,modern
,Honda,,0.0,20,2025-08-20T00:00:00.000Z,Professional grade corrosion resistant for better fuel economy,https://example.com/images/water_pump_dream_yuga.jpg,Dream Yuga,Water Pump - Dream Yuga,21,12804.0,premium,3.9,average,RAMNAGAR COLONY PEERZADIGUDA UPPAL HYDERABAD,689d6959045c37933826818d,17.390358,78.606729,sai automobiles,water pump - dream yuga honda engine enhanced noise reducing for better handling,Engine,2025-09-07T00:00:00.000Z,2021,689d6959045c37933826818b,modern
,Bajaj,,0.0,4,2025-09-20T00:00:00.000Z,High-performance noise reducing for longer life,https://example.com/images/clutch_cable_dominar_400.jpg,Dominar 400,Clutch Cable - Dominar 400,25,3348.0,premium,4.5,excellent,Hyderabad,68d133bf3952f7cf7dee90b9,17.511409,78.350972,Jyothi Automobiles,clutch cable - dominar 400 bajaj transmission premium quality heat treated for smoother operation,Transmission,2025-09-18T00:00:00.000Z,2023,68d133bf3952f7cf7dee90b7,modern
,Harley-Davidson,,0.0,6,2025-08-16T00:00:00.000Z,Lightweight corrosion resistant for reduced maintenance,https://example.com/images/engine_gasket_set_harley_davidson_model_683.jpg,Harley-Davidson Model 683,Engine Gasket Set - Harley-Davidson Model 683,6,20331.0,premium,4.4,good,Mahabubabad,68d134ac3952f7cf7dee90e5,17.594209,80.006903,Shiva sai Automobiles,engine gasket set - harley-davidson model 683 harley-davidson engine oem quality heat treated for increased power,Engine,2025-08-26T00:00:00.000Z,2019,68d134ac3952f7cf7dee90e3,classic
,Triumph,,0.0,23,2025-09-09T00:00:00.000Z,Premium quality heat treated for smoother operation,https://example.com/images/wire_wheel_triumph_model_829.jpg,Triumph Model 829,Wire Wheel - Triumph Model 829,29,6347.0,premium,4.2,good,Hyderabad,68d133bf3952f7cf7dee90b9,17.511409,78.350972,Jyothi Automobiles,wire wheel - triumph model 829 triumph wheels & tires premium quality long lasting for better handling,Wheels & Tires,2025-09-18T00:00:00.000Z,2015,68d133bf3952f7cf7dee90b7,modern
,Royal Enfield,,0.0,21,2025-08-01T00:00:00.000Z,Advanced corrosion resistant for better fuel economy,https://example.com/images/wire_wheel_interceptor_650.jpg,Interceptor 650,Wire Wheel - Interceptor 650,2,1925.0,mid-range,4.6,excellent,Mahabubabad,68d134ac3952f7cf7dee90e5,17.594209,80.006903,Shiva sai Automobiles,wire wheel - interceptor 650 royal enfield wheels & tires lightweight eco-friendly for increased power,Wheels & Tires,2025-09-13T00:00:00.000Z,2021,68d134ac3952f7cf7dee90e3,classic
,Honda,,0.0,24,2025-09-13T00:00:00.000Z,Professional grade fuel efficient for increased power,https://example.com/images/distributor_grazia.jpg,Grazia,Distributor - Grazia,4,842.0,mid-range,4.2,good,Khammam,68d136193952f7cf7dee9133,17.249885,80.15615,Mahesh Automobiles,distributor - grazia honda ignition lightweight high strength for reduced maintenance,Ignition,2025-08-05T00:00:00.000Z,2018,68d136193952f7cf7dee9131,modern
,Mahindra,,0.0,17,2025-08-30T00:00:00.000Z,Heavy-duty high strength for reduced maintenance,https://example.com/images/cdi_unit_mahindra_model_880.jpg,Mahindra Model 880,CDI Unit - Mahindra Model 880,10,620.0,mid-range,4.7,excellent,Chappal Bazar Road - Kachiguda,68ac2a8f3c73e23c655de054,17.38953,78.491245,Swathi Automobiles,cdi unit - mahindra model 880 mahindra electrical professional grade noise reducing for longer life,Electrical,2025-08-13T00:00:00.000Z,2016,68ac2a8e3c73e23c655de052,modern
,Yamaha,,0.0,15,2025-08-03T00:00:00.000Z,Advanced fuel efficient for better fuel economy,https://example.com/images/engine_gasket_set_fz_s.jpg,FZ-S,Engine Gasket Set - FZ-S,15,11635.0,premium,4.4,good,Medak,68d135d63952f7cf7dee9120,18.048948,78.269372,baskar Automobiles,engine gasket set - fz-s yamaha engine advanced fuel efficient for better handling,Engine,2025-09-17T00:00:00.000Z,2024,68d135d63952f7cf7dee911e,modern
,Ducati,,0.0,12,2025-08-14T00:00:00.000Z,Durable fuel efficient for improved performance,https://example.com/images/front_sprocket_monster.jpg,Monster,Front Sprocket - Monster,20,2525.0,premium,3.7,average,Hyderabad,68d133bf3952f7cf7dee90b9,17.511409,78.350972,Jyothi Automobiles,front sprocket - monster ducati drivetrain heavy-duty long lasting for improved performance,Drivetrain,2025-09-13T00:00:00.000Z,2015,68d133bf3952f7cf7dee90b7,modern
,Harley-Davidson,,0.0,17,2025-08-09T00:00:00.000Z,Superior heat treated for reduced maintenance,https://example.com/images/seat_cover_harley_davidson_model_672.jpg,Harley-Davidson Model 672,Seat Cover - Harley-Davidson Model 672,29,2988.0,premium,4.7,excellent,Hyderabad,68d133bf3952f7cf7dee90b9,17.511409,78.350972,Jyothi Automobiles,seat cover - harley-davidson model 672 harley-davidson body parts superior vibration dampening for improved comfort,Body Parts,2025-08-01T00:00:00.000Z,2016,68d133bf3952f7cf7dee90b7,modern
,Aprilia,,0.0,7,2025-08-07T00:00:00.000Z,High-performance high strength for reduced maintenance,https://example.com/images/fog_light_aprilia_model_307.jpg,Aprilia Model 307,Fog Light - Aprilia Model 307,14,3657.0,premium,3.7,average,Mahabubabad,68d134ac3952f7cf7dee90e5,17.594209,80.006903,Shiva sai Automobiles,fog light - aprilia model 307 aprilia lighting oem quality heat treated for enhanced safety,Lighting,2025-09-09T00:00:00.000Z,2024,68d134ac3952f7cf7dee90e3,modern
,Kawasaki,,0.0,3,2025-08-10T00:00:00.000Z,Professional grade high strength for improved comfort,https://example.com/images/fuel_filter_z400.jpg,Z400,Fuel Filter - Z400,26,466.0,budget,4.4,good,Chappal Bazar Road - Kachiguda,68ac2a8f3c73e23c655de054,17.38953,78.491245,Swathi Automobiles,fuel filter - z400 kawasaki filters superior heat treated for better fuel economy,Filters,2025-09-20T00:00:00.000Z,2017,68ac2a8e3c73e23c655de052,modern
,Benelli,,0.0,22,2025-09-10T00:00:00.000Z,High-performance fuel efficient for improved performance,https://example.com/images/radiator_benelli_model_975.jpg,Benelli Model 975,Radiator - Benelli Model 975,16,7477.0,premium,3.8,average,Karimnagar,68d135833952f7cf7dee910b,18.435781,79.132861,Mounika Automobiles,radiator - benelli model 975 benelli cooling system durable eco-friendly for smoother operation,Cooling System,2025-08-15T00:00:00.000Z,2025,68d135833952f7cf7dee9109,modern
,Harley-Davidson,,0.0,20,2025-08-10T00:00:00.000Z,Premium quality corrosion resistant for better handling,https://example.com/images/hub_bearing_harley_davidson_model_358.jpg,Harley-Davidson Model 358,Hub Bearing - Harley-Davidson Model 358,27,3072.0,premium,4.3,good,RAMNAGAR COLONY PEERZADIGUDA UPPAL HYDERABAD,689d6959045c37933826818d,17.390358,78.606729,sai automobiles,hub bearing - harley-davidson model 358 harley-davidson wheels & tires enhanced vibration dampening for better fuel economy,Wheels & Tires,2025-09-08T00:00:00.000Z,2022,689d6959045c37933826818b,modern
,Suzuki,,0.0,15,2025-09-11T00:00:00.000Z,Superior eco-friendly for reduced maintenance,https://example.com/images/swing_arm_bearing_access_125.jpg,Access 125,Swing Arm Bearing - Access 125,27,2793.0,premium,3.7,average,RAMNAGAR COLONY PEERZADIGUDA UPPAL HYDERABAD,689d6959045c37933826818d,17.390358,78.606729,sai automobiles,swing arm bearing - access 125 suzuki suspension superior vibration dampening for better fuel economy,Suspension,2025-08-19T00:00:00.000Z,2021,689d6959045c37933826818b,modern
,Suzuki,,0.0,12,2025-08-14T00:00:00.000Z,Superior corrosion resistant for longer life,https://example.com/images/fork_tube_burgman_street.jpg,Burgman Street,Fork Tube - Burgman Street,19,1952.0,mid-range,4.2,good,Chappal Bazar Road - Kachiguda,68ac2a8f3c73e23c655de054,17.38953,78.491245,Swathi Automobiles,fork tube - burgman street suzuki suspension lightweight high strength for better fuel economy,Suspension,2025-08-25T00:00:00.000Z,2016,68ac2a8e3c73e23c655de052,modern
,BMW,,0.0,18,2025-08-28T00:00:00.000Z,Heavy-duty noise reducing for increased power,https://example.com/images/seat_cover_bmw_model_529.jpg,BMW Model 529,Seat Cover - BMW Model 529,23,2437.0,premium,4.2,good,,68d0c47e09554c358655174d,17.423605,78.546314,Tarun Automobiles,seat cover - bmw model 529 bmw body parts oem quality vibration dampening for increased power,Body Parts,2025-08-31T00:00:00.000Z,2016,68d0c47d09554c358655174b,classic
,Yamaha,,0.0,14,2025-08-13T00:00:00.000Z,Durable noise reducing for increased power,https://example.com/images/carbon_filter_aerox_155.jpg,Aerox 155,Carbon Filter - Aerox 155,29,326.0,budget,3.8,average,,68d0c47e09554c358655174d,17.423605,78.546314,Tarun Automobiles,carbon filter - aerox 155 yamaha filters oem quality heat treated for enhanced durability,Filters,2025-09-11T00:00:00.000Z,2023,68d0c47d09554c358655174b,classic
,Harley-Davidson,,0.0,16,2025-08-09T00:00:00.000Z,High-performance long lasting for better fuel economy,https://example.com/images/cdi_unit_harley_davidson_model_280.jpg,Harley-Davidson Model 280,CDI Unit - Harley-Davidson Model 280,30,1246.0,mid-range,3.7,average,Mahabubabad,68d134ac3952f7cf7dee90e5,17.594209,80.006903,Shiva sai Automobiles,cdi unit - harley-davidson model 280 harley-davidson electrical premium quality precision engineered for smoother operation,Electrical,2025-09-01T00:00:00.000Z,2016,68d134ac3952f7cf7dee90e3,modern
,Suzuki,,0.0,14,2025-09-02T00:00:00.000Z,Superior corrosion resistant for improved performance,https://example.com/images/cabin_filter_access_125.jpg,Access 125,Cabin Filter - Access 125,23,318.0,budget,4.4,good,Khammam,68d136193952f7cf7dee9133,17.249885,80.15615,Mahesh Automobiles,cabin filter - access 125 suzuki filters superior precision engineered for increased power,Filters,2025-08-11T00:00:00.000Z,2024,68d136193952f7cf7dee9131,modern
,Suzuki,,0.0,20,2025-08-16T00:00:00.000Z,Lightweight high strength for enhanced durability,https://example.com/images/tool_kit_hayabusa.jpg,Hayabusa,Tool Kit - Hayabusa,2,379.0,budget,4.1,good,Bala Nagar,68d1346c3952f7cf7dee90d2,17.475679,78.447328,Kalyan Automobiles,tool kit - hayabusa suzuki accessories premium quality eco-friendly for smoother operation,Accessories,2025-09-17T00:00:00.000Z,2016,68d1346c3952f7cf7dee90d0,modern
,Yamaha,,0.0,21,2025-08-15T00:00:00.000Z,Superior noise reducing for improved comfort,https://example.com/images/clutch_plate_fz_s.jpg,FZ-S,Clutch Plate - FZ-S,25,1243.0,mid-range,4.4,good,Chappal Bazar Road - Kachiguda,68ac2a8f3c73e23c655de054,17.38953,78.491245,Swathi Automobiles,clutch plate - fz-s yamaha transmission oem quality heat treated for smoother operation,Transmission,2025-08-16T00:00:00.000Z,2019,68ac2a8e3c73e23c655de052,modern
,Hero,,0.0,25,2025-08-10T00:00:00.000Z,Advanced maintenance-free for improved comfort,https://example.com/images/turn_signal_destini_125.jpg,Destini 125,Turn Signal - Destini 125,26,3572.0,premium,4.2,good,Mahabubabad,68d134ac3952f7cf7dee90e5,17.594209,80.006903,Shiva sai Automobiles,turn signal - destini 125 hero electrical professional grade long lasting for improved performance,Electrical,2025-09-03T00:00:00.000Z,2020,68d134ac3952f7cf7dee90e3,modern
,Triumph,,0.0,15,2025-08-03T00:00:00.000Z,Premium quality fuel efficient for better fuel economy,https://example.com/images/wheel_balancing_weight_triumph_model_358.jpg,Triumph Model 358,Wheel Balancing Weight - Triumph Model 358,1,2316.0,premium,4.8,excellent,Dilshknagar,68d135063952f7cf7dee90f8,17.367642,78.534282,Manoj Automobiles,wheel balancing weight - triumph model 358 triumph wheels & tires oem quality fuel efficient for enhanced safety,Wheels & Tires,2025-08-23T00:00:00.000Z,2025,68d135063952f7cf7dee90f6,modern
,Honda,,0.0,7,2025-08-09T00:00:00.000Z,Advanced maintenance-free for enhanced durability,https://example.com/images/engine_guard_dio.jpg,Dio,Engine Guard - Dio,11,1891.0,mid-range,3.8,average,,68d0c47e09554c358655174d,17.423605,78.546314,Tarun Automobiles,engine guard - dio honda accessories high-performance high strength for improved performance,Accessories,2025-08-09T00:00:00.000Z,2023,68d0c47d09554c358655174b,modern
,Benelli,,0.0,3,2025-08-16T00:00:00.000Z,Enhanced noise reducing for better fuel economy,https://example.com/images/exhaust_pipe_benelli_model_218.jpg,Benelli Model 218,Exhaust Pipe - Benelli Model 218,13,2274.0,premium,4.7,excellent,Chappal Bazar Road - Kachiguda,68ac2a8f3c73e23c655de054,17.38953,78.491245,Swathi Automobiles,exhaust pipe - benelli model 218 benelli exhaust professional grade high strength for improved comfort,Exhaust,2025-09-04T00:00:00.000Z,2015,68ac2a8e3c73e23c655de052,modern
,Harley-Davidson,,0.0,20,2025-08-18T00:00:00.000Z,Durable long lasting for reduced maintenance,https://example.com/images/kick_starter_harley_davidson_model_325.jpg,Harley-Davidson Model 325,Kick Starter - Harley-Davidson Model 325,8,2496.0,premium,4.1,good,Mahabubabad,68d134ac3952f7cf7dee90e5,17.594209,80.006903,Shiva sai Automobiles,kick starter - harley-davidson model 325 harley-davidson transmission lightweight fuel efficient for enhanced durability,Transmission,2025-09-08T00:00:00.000Z,2018,68d134ac3952f7cf7dee90e3,modern
,Honda,,0.0,6,2025-08-18T00:00:00.000Z,Heavy-duty long lasting for reduced maintenance,https://example.com/images/fork_oil_seal_livo.jpg,Livo,Fork Oil Seal - Livo,23,6365.0,premium,4.3,good,Mahabubabad,68d134ac3952f7cf7dee90e5,17.594209,80.006903,Shiva sai Automobiles,fork oil seal - livo honda suspension lightweight precision engineered for better handling,Suspension,2025-09-17T00:00:00.000Z,2024,68d134ac3952f7cf7dee90e3,classic
,Mahindra,,0.0,14,2025-09-03T00:00:00.000Z,Lightweight corrosion resistant for improved performance,https://example.com/images/gear_box_mahindra_model_403.jpg,Mahindra Model 403,Gear Box - Mahindra Model 403,9,3197.0,premium,4.3,good,Khammam,68d136193952f7cf7dee9133,17.249885,80.15615,Mahesh Automobiles,gear box - mahindra model 403 mahindra transmission durable high strength for better fuel economy,Transmission,2025-08-22T00:00:00.000Z,2022,68d136193952f7cf7dee9131,classic
,Honda,,0.0,1,2025-09-01T00:00:00.000Z,Superior maintenance-free for smoother operation,https://example.com/images/brake_caliper_shine.jpg,Shine,Brake Caliper - Shine,26,1619.0,mid-range,3.7,average,RAMNAGAR COLONY PEERZADIGUDA UPPAL HYDERABAD,689d6959045c37933826818d,17.390358,78.606729,sai automobiles,brake caliper - shine honda brakes enhanced corrosion resistant for increased power,Brakes,2025-08-15T00:00:00.000Z,2024,689d6959045c37933826818b,classic
,Ducati,,0.0,6,2025-09-16T00:00:00.000Z,Heavy-duty maintenance-free for better fuel economy,https://example.com/images/transmission_oil_xdiavel.jpg,XDiavel,Transmission Oil - XDiavel,28,2480.0,premium,4.4,good,Karimnagar,68d135833952f7cf7dee910b,18.435781,79.132861,Mounika Automobiles,transmission oil - xdiavel ducati transmission superior eco-friendly for better handling,Transmission,2025-09-17T00:00:00.000Z,2020,68d135833952f7cf7dee9109,modern
,Bajaj,,0.0,25,2025-08-07T00:00:00.000Z,Heavy-duty maintenance-free for better handling,https://example.com/images/parking_light_dominar_400.jpg,Dominar 400,Parking Light - Dominar 400,14,2451.0,premium,3.6,average,Karimnagar,68d135833952f7cf7dee910b,18.435781,79.132861,Mounika Automobiles,parking light - dominar 400 bajaj lighting enhanced noise reducing for enhanced durability,Lighting,2025-08-04T00:00:00.000Z,2021,68d135833952f7cf7dee9109,modern
,Harley-Davidson,,0.0,19,2025-08-20T00:00:00.000Z,Durable corrosion resistant for better fuel economy,https://example.com/images/intercooler_harley_davidson_model_185.jpg,Harley-Davidson Model 185,Intercooler - Harley-Davidson Model 185,26,2568.0,premium,4.0,good,Khammam,68d136193952f7cf7dee9133,17.249885,80.15615,Mahesh Automobiles,intercooler - harley-davidson model 185 harley-davidson cooling system enhanced long lasting for reduced maintenance,Cooling System,2025-08-07T00:00:00.000Z,2024,68d136193952f7cf7dee9131,modern
,Hero,,0.0,2,2025-08-09T00:00:00.000Z,OEM quality corrosion resistant for better fuel economy,https://example.com/images/mobile_holder_destini_125.jpg,Destini 125,Mobile Holder - Destini 125,4,1912.0,mid-range,4.1,good,Karimnagar,68d135833952f7cf7dee910b,18.435781,79.132861,Mounika Automobiles,mobile holder - destini 125 hero accessories professional grade high strength for longer life,Accessories,2025-08-12T00:00:00.000Z,2020,68d135833952f7cf7dee9109,classic
,Ducati,,0.0,14,2025-08-04T00:00:00.000Z,Professional grade noise reducing for longer life,https://example.com/images/clutch_spring_hypermotard.jpg,Hypermotard,Clutch Spring - Hypermotard,8,5919.0,premium,4.9,excellent,,68d0c47e09554c358655174d,17.423605,78.546314,Tarun Automobiles,clutch spring - hypermotard ducati transmission heavy-duty noise reducing for smoother operation,Transmission,2025-09-09T00:00:00.000Z,2023,68d0c47d09554c358655174b,classic
,Ducati,,0.0,24,2025-09-14T00:00:00.000Z,OEM quality heat treated for increased power,https://example.com/images/first_aid_kit_hypermotard.jpg,Hypermotard,First Aid Kit - Hypermotard,14,998.0,mid-range,4.7,excellent,Khammam,68d136193952f7cf7dee9133,17.249885,80.15615,Mahesh Automobiles,first aid kit - hypermotard ducati accessories oem quality long lasting for improved performance,Accessories,2025-08-14T00:00:00.000Z,2023,68d136193952f7cf7dee9131,modern
,Harley-Davidson,,0.0,5,2025-08-07T00:00:00.000Z,High-performance heat treated for increased power,https://example.com/images/fuel_gauge_harley_davidson_model_837.jpg,Harley-Davidson Model 837,Fuel Gauge - Harley-Davidson Model 837,2,2295.0,premium,4.7,excellent,Mahabubabad,68d134ac3952f7cf7dee90e5,17.594209,80.006903,Shiva sai Automobiles,fuel gauge - harley-davidson model 837 harley-davidson fuel system high-performance maintenance-free for better fuel economy,Fuel System,2025-08-06T00:00:00.000Z,2025,68d134ac3952f7cf7dee90e3,modern
,BMW,,0.0,15,2025-08-29T00:00:00.000Z,Lightweight high strength for improved comfort,https://example.com/images/immobilizer_bmw_model_405.jpg,BMW Model 405,Immobilizer - BMW Model 405,14,409.0,budget,4.9,excellent,Medak,68d135d63952f7cf7dee9120,18.048948,78.269372,baskar Automobiles,immobilizer - bmw model 405 bmw ignition durable maintenance-free for smoother operation,Ignition,2025-08-20T00:00:00.000Z,2025,68d135d63952f7cf7dee911e,modern
,Yamaha,,0.0,11,2025-08-07T00:00:00.000Z,Lightweight vibration dampening for smoother operation,https://example.com/images/coolant_filter_ray_zr.jpg,Ray ZR,Coolant Filter - Ray ZR,8,306.0,budget,4.6,excellent,Hyderabad,68d133bf3952f7cf7dee90b9,17.511409,78.350972,Jyothi Automobiles,coolant filter - ray zr yamaha filters durable precision engineered for improved comfort,Filters,2025-08-12T00:00:00.000Z,2024,68d133bf3952f7cf7dee90b7,classic
,Suzuki,,0.0,17,2025-09-10T00:00:00.000Z,OEM quality vibration dampening for enhanced safety,https://example.com/images/side_stand_avenis.jpg,Avenis,Side Stand - Avenis,30,1748.0,mid-range,4.8,excellent,Mahabubabad,68d134ac3952f7cf7dee90e5,17.594209,80.006903,Shiva sai Automobiles,side stand - avenis suzuki body parts advanced precision engineered for increased power,Body Parts,2025-08-11T00:00:00.000Z,2023,68d134ac3952f7cf7dee90e3,modern
,Hero,,0.0,25,2025-08-03T00:00:00.000Z,Premium quality fuel efficient for increased power,https://example.com/images/thermostat_xtreme_160r.jpg,Xtreme 160R,Thermostat - Xtreme 160R,29,2737.0,premium,4.5,excellent,Hyderabad,68d133bf3952f7cf7dee90b9,17.511409,78.350972,Jyothi Automobiles,thermostat - xtreme 160r hero cooling system heavy-duty fuel efficient for improved performance,Cooling System,2025-09-06T00:00:00.000Z,2017,68d133bf3952f7cf7dee90b7,classic
,Kawasaki,,0.0,17,2025-09-11T00:00:00.000Z,High-performance long lasting for reduced maintenance,https://example.com/images/side_panel_versys_x_300.jpg,Versys-X 300,Side Panel - Versys-X 300,12,2413.0,premium,4.7,excellent,Hyderabad,68d133bf3952f7cf7dee90b9,17.511409,78.350972,Jyothi Automobiles,side panel - versys-x 300 kawasaki body parts oem quality long lasting for better handling,Body Parts,2025-08-06T00:00:00.000Z,2018,68d133bf3952f7cf7dee90b7,classic
,Harley-Davidson,,0.0,6,2025-09-04T00:00:00.000Z,Advanced fuel efficient for longer life,https://example.com/images/front_fairing_harley_davidson_model_531.jpg,Harley-Davidson Model 531,Front Fairing - Harley-Davidson Model 531,20,1843.0,mid-range,4.4,good,Hyderabad,68d133bf3952f7cf7dee90b9,17.511409,78.350972,Jyothi Automobiles,front fairing - harley-davidson model 531 harley-davidson body parts oem quality eco-friendly for reduced maintenance,Body Parts,2025-08-31T00:00:00.000Z,2017,68d133bf3952f7cf7dee90b7,classic
,Honda,,0.0,16,2025-09-20T00:00:00.000Z,Enhanced long lasting for better fuel economy,https://example.com/images/tail_light_grazia.jpg,Grazia,Tail Light - Grazia,30,2862.0,premium,5.0,excellent,Mahabubabad,68d134ac3952f7cf7dee90e5,17.594209,80.006903,Shiva sai Automobiles,tail light - grazia honda lighting heavy-duty long lasting for better fuel economy,Lighting,2025-08-25T00:00:00.000Z,2017,68d134ac3952f7cf7dee90e3,modern
,KTM,,0.0,2,2025-08-26T00:00:00.000Z,Heavy-duty noise reducing for improved performance,https://example.com/images/rear_tire_adventure_390.jpg,Adventure 390,Rear Tire - Adventure 390,15,5754.0,premium,4.4,good,,68d0c47e09554c358655174d,17.423605,78.546314,Tarun Automobiles,rear tire - adventure 390 ktm wheels & tires oem quality long lasting for reduced maintenance,Wheels & Tires,2025-08-20T00:00:00.000Z,2016,68d0c47d09554c358655174b,modern
,KTM,,0.0,19,2025-08-21T00:00:00.000Z,Lightweight maintenance-free for longer life,https://example.com/images/hub_bearing_duke_250.jpg,Duke 250,Hub Bearing - Duke 250,24,4990.0,premium,4.4,good,Chappal Bazar Road - Kachiguda,68ac2a8f3c73e23c655de054,17.38953,78.491245,Swathi Automobiles,hub bearing - duke 250 ktm wheels & tires heavy-duty vibration dampening for improved performance,Wheels & Tires,2025-08-10T00:00:00.000Z,2020,68ac2a8e3c73e23c655de052,classic
,Royal Enfield,,0.0,23,2025-09-04T00:00:00.000Z,Professional grade long lasting for better fuel economy,https://example.com/images/valve_set_hunter_350.jpg,Hunter 350,Valve Set - Hunter 350,11,5064.0,premium,4.4,good,RAMNAGAR COLONY PEERZADIGUDA UPPAL HYDERABAD,689d6959045c37933826818d,17.390358,78.606729,sai automobiles,valve set - hunter 350 royal enfield engine advanced fuel efficient for enhanced safety,Engine,2025-08-16T00:00:00.000Z,2018,689d6959045c37933826818b,modern
,Benelli,,0.0,18,2025-08-11T00:00:00.000Z,Premium quality maintenance-free for improved comfort,https://example.com/images/variator_benelli_model_326.jpg,Benelli Model 326,Variator - Benelli Model 326,13,2467.0,premium,3.8,average,Karimnagar,68d135833952f7cf7dee910b,18.435781,79.132861,Mounika Automobiles,variator - benelli model 326 benelli drivetrain enhanced maintenance-free for reduced maintenance,Drivetrain,2025-09-09T00:00:00.000Z,2023,68d135833952f7cf7dee9109,modern
,Bajaj,,0.0,22,2025-08-30T00:00:00.000Z,Professional grade corrosion resistant for longer life,https://example.com/images/pressure_plate_platina_110.jpg,Platina 110,Pressure Plate - Platina 110,25,4314.0,premium,4.8,excellent,Dilshknagar,68d135063952f7cf7dee90f8,17.367642,78.534282,Manoj Automobiles,pressure plate - platina 110 bajaj transmission high-performance eco-friendly for improved performance,Transmission,2025-09-14T00:00:00.000Z,2020,68d135063952f7cf7dee90f6,modern
,Mahindra,,0.0,7,2025-08-06T00:00:00.000Z,Professional grade vibration dampening for increased power,https://example.com/images/carbon_filter_mahindra_model_245.jpg,Mahindra Model 245,Carbon Filter - Mahindra Model 245,3,466.0,budget,4.3,good,RAMNAGAR COLONY PEERZADIGUDA UPPAL HYDERABAD,689d6959045c37933826818d,17.390358,78.606729,sai automobiles,carbon filter - mahindra model 245 mahindra filters superior high strength for increased power,Filters,2025-08-03T00:00:00.000Z,2021,689d6959045c37933826818b,modern
,BMW,,0.0,8,2025-09-19T00:00:00.000Z,Advanced long lasting for improved comfort,https://example.com/images/front_fairing_bmw_model_908.jpg,BMW Model 908,Front Fairing - BMW Model 908,14,840.0,mid-range,4.5,excellent,Karimnagar,68d135833952f7cf7dee910b,18.435781,79.132861,Mounika Automobiles,front fairing - bmw model 908 bmw body parts oem quality precision engineered for better fuel economy,Body Parts,2025-09-06T00:00:00.000Z,2019,68d135833952f7cf7dee9109,modern
,Honda,,0.0,6,2025-08-21T00:00:00.000Z,Lightweight long lasting for reduced maintenance,https://example.com/images/intercooler_shine.jpg,Shine,Intercooler - Shine,16,5821.0,premium,4.2,good,Karimnagar,68d135833952f7cf7dee910b,18.435781,79.132861,Mounika Automobiles,intercooler - shine honda cooling system advanced high strength for better fuel economy,Cooling System,2025-09-18T00:00:00.000Z,2018,68d135833952f7cf7dee9109,modern
,Suzuki,,0.0,4,2025-08-08T00:00:00.000Z,High-performance long lasting for improved comfort,https://example.com/images/hub_bearing_gixxer_sf.jpg,Gixxer SF,Hub Bearing - Gixxer SF,9,1460.0,mid-range,4.6,excellent,Dilshknagar,68d135063952f7cf7dee90f8,17.367642,78.534282,Manoj Automobiles,hub bearing - gixxer sf suzuki wheels & tires heavy-duty noise reducing for increased power,Wheels & Tires,2025-08-02T00:00:00.000Z,2023,68d135063952f7cf7dee90f6,classic
,Royal Enfield,,0.0,14,2025-09-20T00:00:00.000Z,Heavy-duty corrosion resistant for improved performance,https://example.com/images/side_stand_super_meteor_650.jpg,Super Meteor 650,Side Stand - Super Meteor 650,9,2931.0,premium,3.7,average,Medak,68d135d63952f7cf7dee9120,18.048948,78.269372,baskar Automobiles,side stand - super meteor 650 royal enfield body parts durable corrosion resistant for better handling,Body Parts,2025-09-14T00:00:00.000Z,2015,68d135d63952f7cf7dee911e,classic
,BMW,,0.0,16,2025-09-05T00:00:00.000Z,OEM quality fuel efficient for longer life,https://example.com/images/timing_chain_bmw_model_393.jpg,BMW Model 393,Timing Chain - BMW Model 393,21,11530.0,premium,4.9,excellent,Mahabubabad,68d134ac3952f7cf7dee90e5,17.594209,80.006903,Shiva sai Automobiles,timing chain - bmw model 393 bmw engine professional grade high strength for better handling,Engine,2025-09-10T00:00:00.000Z,2019,68d134ac3952f7cf7dee90e3,modern
,Royal Enfield,,0.0,2,2025-08-03T00:00:00.000Z,Advanced eco-friendly for increased power,https://example.com/images/hazard_light_switch_super_meteor_650.jpg,Super Meteor 650,Hazard Light Switch - Super Meteor 650,28,3537.0,premium,4.1,good,Khammam,68d136193952f7cf7dee9133,17.249885,80.15615,Mahesh Automobiles,hazard light switch - super meteor 650 royal enfield lighting premium quality eco-friendly for enhanced durability,Lighting,2025-08-17T00:00:00.000Z,2016,68d136193952f7cf7dee9131,modern
,KTM,,0.0,5,2025-08-18T00:00:00.000Z,OEM quality eco-friendly for improved performance,https://example.com/images/brake_caliper_790_duke.jpg,790 Duke,Brake Caliper - 790 Duke,28,2793.0,premium,4.3,good,Chappal Bazar Road - Kachiguda,68ac2a8f3c73e23c655de054,17.38953,78.491245,Swathi Automobiles,brake caliper - 790 duke ktm brakes enhanced eco-friendly for enhanced durability,Brakes,2025-08-23T00:00:00.000Z,2018,68ac2a8e3c73e23c655de052,modern
,Bajaj,,0.0,16,2025-09-07T00:00:00.000Z,Superior noise reducing for better fuel economy,https://example.com/images/alternator_pulsar_ns200.jpg,Pulsar NS200,Alternator - Pulsar NS200 V1,9,4161.0,premium,3.7,average,,68d0c47e09554c358655174d,17.423605,78.546314,Tarun Automobiles,alternator - pulsar ns200 v1 bajaj electrical superior heat treated for increased power,Electrical,2025-08-30T00:00:00.000Z,2022,68d0c47d09554c358655174b,modern
,Royal Enfield,,0.0,20,2025-08-01T00:00:00.000Z,OEM quality long lasting for better handling,https://example.com/images/cylinder_head_scram_411.jpg,Scram 411,Cylinder Head - Scram 411,24,5041.0,premium,4.8,excellent,Khammam,68d136193952f7cf7dee9133,17.249885,80.15615,Mahesh Automobiles,cylinder head - scram 411 royal enfield engine lightweight fuel efficient for better fuel economy,Engine,2025-08-08T00:00:00.000Z,2020,68d136193952f7cf7dee9131,classic
,Royal Enfield,,0.0,19,2025-08-11T00:00:00.000Z,Heavy-duty high strength for improved performance,https://example.com/images/water_pump_scram_411.jpg,Scram 411,Water Pump - Scram 411,16,7661.0,premium,4.5,excellent,Bala Nagar,68d1346c3952f7cf7dee90d2,17.475679,78.447328,Kalyan Automobiles,water pump - scram 411 royal enfield engine superior heat treated for improved performance,Engine,2025-08-15T00:00:00.000Z,2025,68d1346c3952f7cf7dee90d0,modern
,Benelli,,0.0,7,2025-08-29T00:00:00.000Z,Superior maintenance-free for better handling,https://example.com/images/valve_set_benelli_model_835.jpg,Benelli Model 835,Valve Set - Benelli Model 835,24,7846.0,premium,4.1,good,Khammam,68d136193952f7cf7dee9133,17.249885,80.15615,Mahesh Automobiles,valve set - benelli model 835 benelli engine advanced long lasting for improved performance,Engine,2025-08-22T00:00:00.000Z,2025,68d136193952f7cf7dee9131,classic
,Benelli,,0.0,1,2025-09-06T00:00:00.000Z,High-performance vibration dampening for smoother operation,https://example.com/images/brake_hose_benelli_model_296.jpg,Benelli Model 296,Brake Hose - Benelli Model 296,22,1608.0,mid-range,5.0,excellent,Mahabubabad,68d134ac3952f7cf7dee90e5,17.594209,80.006903,Shiva sai Automobiles,brake hose - benelli model 296 benelli brakes durable long lasting for improved performance,Brakes,2025-09-18T00:00:00.000Z,2020,68d134ac3952f7cf7dee90e3,modern
,Hero,,0.0,23,2025-08-02T00:00:00.000Z,Premium quality corrosion resistant for enhanced safety,https://example.com/images/universal_joint_splendor_plus.jpg,Splendor Plus,Universal Joint - Splendor Plus,30,3679.0,premium,4.8,excellent,,68d0c47e09554c358655174d,17.423605,78.546314,Tarun Automobiles,universal joint - splendor plus hero drivetrain oem quality fuel efficient for improved performance,Drivetrain,2025-08-20T00:00:00.000Z,2016,68d0c47d09554c358655174b,modern
,Hero,,0.0,18,2025-08-02T00:00:00.000Z,Lightweight corrosion resistant for longer life,https://example.com/images/chain_guide_splendor_plus.jpg,Splendor Plus,Chain Guide - Splendor Plus,21,2352.0,premium,4.2,good,RAMNAGAR COLONY PEERZADIGUDA UPPAL HYDERABAD,689d6959045c37933826818d,17.390358,78.606729,sai automobiles,chain guide - splendor plus hero drivetrain high-performance precision engineered for improved comfort,Drivetrain,2025-08-05T00:00:00.000Z,2024,689d6959045c37933826818b,modern
,Harley-Davidson,,0.0,12,2025-09-02T00:00:00.000Z,Enhanced noise reducing for enhanced safety,https://example.com/images/wiring_harness_harley_davidson_model_600.jpg,Harley-Davidson Model 600,Wiring Harness - Harley-Davidson Model 600,29,2628.0,premium,3.8,average,Medak,68d135d63952f7cf7dee9120,18.048948,78.269372,baskar Automobiles,wiring harness - harley-davidson model 600 harley-davidson electrical premium quality fuel efficient for smoother operation,Electrical,2025-08-19T00:00:00.000Z,2018,68d135d63952f7cf7dee911e,modern
,Triumph,,0.0,24,2025-08-08T00:00:00.000Z,Advanced heat treated for smoother operation,https://example.com/images/water_pump_triumph_model_656.jpg,Triumph Model 656,Water Pump - Triumph Model 656,20,11084.0,premium,4.4,good,Bala Nagar,68d1346c3952f7cf7dee90d2,17.475679,78.447328,Kalyan Automobiles,water pump - triumph model 656 triumph engine advanced long lasting for reduced maintenance,Engine,2025-09-12T00:00:00.000Z,2022,68d1346c3952f7cf7dee90d0,modern
,Honda,,0.0,1,2025-08-11T00:00:00.000Z,Professional grade maintenance-free for improved performance,https://example.com/images/throttle_body_cb350rs.jpg,CB350RS,Throttle Body - CB350RS,25,5876.0,premium,4.8,excellent,RAMNAGAR COLONY PEERZADIGUDA UPPAL HYDERABAD,689d6959045c37933826818d,17.390358,78.606729,sai automobiles,throttle body - cb350rs honda fuel system heavy-duty maintenance-free for better handling,Fuel System,2025-09-01T00:00:00.000Z,2021,689d6959045c37933826818b,modern
,Harley-Davidson,,0.0,3,2025-09-01T00:00:00.000Z,Superior precision engineered for improved performance,https://example.com/images/license_plate_light_harley_davidson_model_993.jpg,Harley-Davidson Model 993,License Plate Light - Harley-Davidson Model 993,17,2053.0,premium,4.4,good,Bala Nagar,68d1346c3952f7cf7dee90d2,17.475679,78.447328,Kalyan Automobiles,license plate light - harley-davidson model 993 harley-davidson lighting superior fuel efficient for better fuel economy,Lighting,2025-09-05T00:00:00.000Z,2023,68d1346c3952f7cf7dee90d0,classic
,KTM,,0.0,21,2025-09-21T00:00:00.000Z,Superior high strength for reduced maintenance,https://example.com/images/regulator_rectifier_1290_super_duke_r.jpg,1290 Super Duke R,Regulator Rectifier - 1290 Super Duke R,8,4366.0,premium,4.1,good,Khammam,68d136193952f7cf7dee9133,17.249885,80.15615,Mahesh Automobiles,regulator rectifier - 1290 super duke r ktm electrical superior noise reducing for enhanced safety,Electrical,2025-08-02T00:00:00.000Z,2016,68d136193952f7cf7dee9131,classic
,Mahindra,,0.0,9,2025-09-21T00:00:00.000Z,Professional grade maintenance-free for better handling,https://example.com/images/master_cylinder_mahindra_model_394.jpg,Mahindra Model 394,Master Cylinder - Mahindra Model 394,13,1540.0,mid-range,4.3,good,Karimnagar,68d135833952f7cf7dee910b,18.435781,79.132861,Mounika Automobiles,master cylinder - mahindra model 394 mahindra brakes premium quality long lasting for smoother operation,Brakes,2025-09-14T00:00:00.000Z,2017,68d135833952f7cf7dee9109,modern
,Hero,,0.0,9,2025-09-19T00:00:00.000Z,Professional grade maintenance-free for better handling,https://example.com/images/suspension_linkage_glamour.jpg,Glamour,Suspension Linkage - Glamour,8,2883.0,premium,4.2,good,Dilshknagar,68d135063952f7cf7dee90f8,17.367642,78.534282,Manoj Automobiles,suspension linkage - glamour hero suspension high-performance eco-friendly for increased power,Suspension,2025-09-04T00:00:00.000Z,2021,68d135063952f7cf7dee90f6,modern
,Ducati,,0.0,25,2025-09-13T00:00:00.000Z,Heavy-duty high strength for longer life,https://example.com/images/regulator_rectifier_xdiavel.jpg,XDiavel,Regulator Rectifier - XDiavel,29,1162.0,mid-range,4.9,excellent,Karimnagar,68d135833952f7cf7dee910b,18.435781,79.132861,Mounika Automobiles,regulator rectifier - xdiavel ducati electrical high-performance eco-friendly for better fuel economy,Electrical,2025-08-02T00:00:00.000Z,2021,68d135833952f7cf7dee9109,modern
,Benelli,,0.0,8,2025-08-02T00:00:00.000Z,Advanced heat treated for enhanced safety,https://example.com/images/pressure_plate_benelli_model_705.jpg,Benelli Model 705,Pressure Plate - Benelli Model 705,10,6734.0,premium,3.8,average,Bala Nagar,68d1346c3952f7cf7dee90d2,17.475679,78.447328,Kalyan Automobiles,pressure plate - benelli model 705 benelli transmission high-performance vibration dampening for improved performance,Transmission,2025-08-13T00:00:00.000Z,2019,68d1346c3952f7cf7dee90d0,modern
,Mahindra,,0.0,7,2025-08-03T00:00:00.000Z,Durable fuel efficient for better fuel economy,https://example.com/images/side_stand_mahindra_model_528.jpg,Mahindra Model 528,Side Stand - Mahindra Model 528,27,659.0,mid-range,5.0,excellent,Hyderabad,68d133bf3952f7cf7dee90b9,17.511409,78.350972,Jyothi Automobiles,side stand - mahindra model 528 mahindra body parts premium quality long lasting for smoother operation,Body Parts,2025-09-20T00:00:00.000Z,2017,68d133bf3952f7cf7dee90b7,modern
,Kawasaki,,0.0,20,2025-08-05T00:00:00.000Z,High-performance eco-friendly for smoother operation,https://example.com/images/throttle_body_w175.jpg,W175,Throttle Body - W175,17,2803.0,premium,4.2,good,Khammam,68d136193952f7cf7dee9133,17.249885,80.15615,Mahesh Automobiles,throttle body - w175 kawasaki fuel system superior high strength for improved comfort,Fuel System,2025-09-20T00:00:00.000Z,2025,68d136193952f7cf7dee9131,classic
,Aprilia,,0.0,19,2025-09-12T00:00:00.000Z,Professional grade vibration dampening for longer life,https://example.com/images/heat_shield_aprilia_model_704.jpg,Aprilia Model 704,Heat Shield - Aprilia Model 704,5,11257.0,premium,3.8,average,Chappal Bazar Road - Kachiguda,68ac2a8f3c73e23c655de054,17.38953,78.491245,Swathi Automobiles,heat shield - aprilia model 704 aprilia exhaust oem quality high strength for reduced maintenance,Exhaust,2025-08-16T00:00:00.000Z,2019,68ac2a8e3c73e23c655de052,modern
,Triumph,,0.0,10,2025-09-04T00:00:00.000Z,Professional grade eco-friendly for improved performance,https://example.com/images/brake_hose_triumph_model_420.jpg,Triumph Model 420,Brake Hose - Triumph Model 420,14,1268.0,mid-range,4.4,good,Karimnagar,68d135833952f7cf7dee910b,18.435781,79.132861,Mounika Automobiles,brake hose - triumph model 420 triumph brakes durable corrosion resistant for better handling,Brakes,2025-08-07T00:00:00.000Z,2017,68d135833952f7cf7dee9109,classic
,Ducati,,0.0,24,2025-08-15T00:00:00.000Z,Durable vibration dampening for enhanced durability,https://example.com/images/vacuum_filter_desertx.jpg,DesertX,Vacuum Filter - DesertX,12,445.0,budget,4.7,excellent,Bala Nagar,68d1346c3952f7cf7dee90d2,17.475679,78.447328,Kalyan Automobiles,vacuum filter - desertx ducati filters advanced fuel efficient for smoother operation,Filters,2025-08-04T00:00:00.000Z,2024,68d1346c3952f7cf7dee90d0,modern
,Hero,,0.0,14,2025-08-09T00:00:00.000Z,Advanced high strength for enhanced safety,https://example.com/images/mudguard_xpulse_200.jpg,Xpulse 200,Mudguard - Xpulse 200,15,1678.0,mid-range,3.9,average,Mahabubabad,68d134ac3952f7cf7dee90e5,17.594209,80.006903,Shiva sai Automobiles,mudguard - xpulse 200 hero body parts heavy-duty eco-friendly for smoother operation,Body Parts,2025-08-27T00:00:00.000Z,2016,68d134ac3952f7cf7dee90e3,classic
,Ducati,,0.0,5,2025-09-15T00:00:00.000Z,Lightweight corrosion resistant for better fuel economy,https://example.com/images/chain_panigale_v2.jpg,Panigale V2,Chain - Panigale V2,3,666.0,mid-range,4.7,excellent,Hyderabad,68d133bf3952f7cf7dee90b9,17.511409,78.350972,Jyothi Automobiles,chain - panigale v2 ducati drivetrain lightweight fuel efficient for enhanced durability,Drivetrain,2025-08-18T00:00:00.000Z,2024,68d133bf3952f7cf7dee90b7,modern
,Honda,,0.0,18,2025-09-16T00:00:00.000Z,Advanced precision engineered for better fuel economy,https://example.com/images/coil_cb350rs.jpg,CB350RS,Coil - CB350RS,11,2915.0,premium,4.8,excellent,Dilshknagar,68d135063952f7cf7dee90f8,17.367642,78.534282,Manoj Automobiles,coil - cb350rs honda electrical lightweight eco-friendly for smoother operation,Electrical,2025-09-14T00:00:00.000Z,2022,68d135063952f7cf7dee90f6,modern
,Harley-Davidson,,0.0,16,2025-08-27T00:00:00.000Z,Enhanced vibration dampening for better handling,https://example.com/images/connecting_rod_harley_davidson_model_219.jpg,Harley-Davidson Model 219,Connecting Rod - Harley-Davidson Model 219,22,17062.0,premium,5.0,excellent,Medak,68d135d63952f7cf7dee9120,18.048948,78.269372,baskar Automobiles,connecting rod - harley-davidson model 219 harley-davidson engine premium quality precision engineered for enhanced durability,Engine,2025-08-29T00:00:00.000Z,2023,68d135d63952f7cf7dee911e,modern
,Mahindra,,0.0,6,2025-09-09T00:00:00.000Z,High-performance long lasting for reduced maintenance,https://example.com/images/battery_mahindra_model_740.jpg,Mahindra Model 740,Battery - Mahindra Model 740,25,4699.0,premium,3.8,average,Hyderabad,68d133bf3952f7cf7dee90b9,17.511409,78.350972,Jyothi Automobiles,battery - mahindra model 740 mahindra electrical heavy-duty eco-friendly for increased power,Electrical,2025-09-03T00:00:00.000Z,2020,68d133bf3952f7cf7dee90b7,classic
,Ducati,,0.0,9,2025-09-05T00:00:00.000Z,Professional grade high strength for longer life,https://example.com/images/mudguard_desertx.jpg,DesertX,Mudguard - DesertX,10,623.0,mid-range,4.9,excellent,Hyderabad,68d133bf3952f7cf7dee90b9,17.511409,78.350972,Jyothi Automobiles,mudguard - desertx ducati body parts lightweight eco-friendly for improved comfort,Body Parts,2025-09-01T00:00:00.000Z,2023,68d133bf3952f7cf7dee90b7,modern
,BMW,,0.0,8,2025-09-20T00:00:00.000Z,Professional grade eco-friendly for better fuel economy,https://example.com/images/clutch_spring_bmw_model_598.jpg,BMW Model 598,Clutch Spring - BMW Model 598,19,4515.0,premium,3.6,average,Chappal Bazar Road - Kachiguda,68ac2a8f3c73e23c655de054,17.38953,78.491245,Swathi Automobiles,clutch spring - bmw model 598 bmw transmission advanced maintenance-free for increased power,Transmission,2025-08-18T00:00:00.000Z,2019,68ac2a8e3c73e23c655de052,modern
,Benelli,,0.0,13,2025-09-14T00:00:00.000Z,Advanced long lasting for smoother operation,https://example.com/images/final_drive_benelli_model_613.jpg,Benelli Model 613,Final Drive - Benelli Model 613,7,2643.0,premium,4.9,excellent,,68d0c47e09554c358655174d,17.423605,78.546314,Tarun Automobiles,final drive - benelli model 613 benelli transmission durable corrosion resistant for improved performance,Transmission,2025-09-20T00:00:00.000Z,2020,68d0c47d09554c358655174b,classic
,Mahindra,,0.0,5,2025-08-25T00:00:00.000Z,High-performance maintenance-free for smoother operation,https://example.com/images/master_cylinder_mahindra_model_806.jpg,Mahindra Model 806,Master Cylinder - Mahindra Model 806,11,2185.0,premium,4.2,good,Dilshknagar,68d135063952f7cf7dee90f8,17.367642,78.534282,Manoj Automobiles,master cylinder - mahindra model 806 mahindra brakes advanced fuel efficient for smoother operation,Brakes,2025-08-11T00:00:00.000Z,2018,68d135063952f7cf7dee90f6,modern
,Yamaha,,0.0,14,2025-08-09T00:00:00.000Z,High-performance eco-friendly for smoother operation,https://example.com/images/rear_cowl_ray_zr.jpg,Ray ZR,Rear Cowl - Ray ZR,6,2578.0,premium,4.5,excellent,,68d0c47e09554c358655174d,17.423605,78.546314,Tarun Automobiles,rear cowl - ray zr yamaha body parts professional grade corrosion resistant for improved comfort,Body Parts,2025-08-27T00:00:00.000Z,2017,68d0c47d09554c358655174b,classic
,Aprilia,,0.0,25,2025-09-18T00:00:00.000Z,Heavy-duty high strength for reduced maintenance,https://example.com/images/fuel_injector_aprilia_model_826.jpg,Aprilia Model 826,Fuel Injector - Aprilia Model 826,28,1641.0,mid-range,4.8,excellent,RAMNAGAR COLONY PEERZADIGUDA UPPAL HYDERABAD,689d6959045c37933826818d,17.390358,78.606729,sai automobiles,fuel injector - aprilia model 826 aprilia fuel system lightweight corrosion resistant for longer life,Fuel System,2025-09-08T00:00:00.000Z,2018,689d6959045c37933826818b,modern
,Suzuki,,0.0,20,2025-08-07T00:00:00.000Z,Heavy-duty maintenance-free for better handling,https://example.com/images/brake_caliper_access_125.jpg,Access 125,Brake Caliper - Access 125,14,413.0,budget,4.1,good,Khammam,68d136193952f7cf7dee9133,17.249885,80.15615,Mahesh Automobiles,brake caliper - access 125 suzuki brakes durable eco-friendly for reduced maintenance,Brakes,2025-08-06T00:00:00.000Z,2018,68d136193952f7cf7dee9131,classic
,Suzuki,,0.0,6,2025-08-10T00:00:00.000Z,Heavy-duty vibration dampening for improved comfort,https://example.com/images/starter_motor_boulevard.jpg,Boulevard,Starter Motor - Boulevard,3,2841.0,premium,3.7,average,Karimnagar,68d135833952f7cf7dee910b,18.435781,79.132861,Mounika Automobiles,starter motor - boulevard suzuki electrical superior long lasting for increased power,Electrical,2025-08-18T00:00:00.000Z,2017,68d135833952f7cf7dee9109,classic
,Kawasaki,,0.0,25,2025-08-29T00:00:00.000Z,OEM quality corrosion resistant for increased power,https://example.com/images/radiator_cap_ninja_zx_10r.jpg,Ninja ZX-10R,Radiator Cap - Ninja ZX-10R,15,5892.0,premium,3.5,average,Khammam,68d136193952f7cf7dee9133,17.249885,80.15615,Mahesh Automobiles,radiator cap - ninja zx-10r kawasaki cooling system lightweight long lasting for reduced maintenance,Cooling System,2025-08-29T00:00:00.000Z,2017,68d136193952f7cf7dee9131,modern
,Bajaj,,0.0,7,2025-09-09T00:00:00.000Z,Professional grade corrosion resistant for improved comfort,https://example.com/images/rear_cowl_pulsar_ns200.jpg,Pulsar NS200,Rear Cowl - Pulsar NS200,2,1477.0,mid-range,4.1,good,Hyderabad,68d133bf3952f7cf7dee90b9,17.511409,78.350972,Jyothi Automobiles,rear cowl - pulsar ns200 bajaj body parts premium quality eco-friendly for better handling,Body Parts,2025-08-03T00:00:00.000Z,2018,68d133bf3952f7cf7dee90b7,modern
,Aprilia,,0.0,8,2025-08-02T00:00:00.000Z,High-performance long lasting for longer life,https://example.com/images/engine_gasket_set_aprilia_model_138.jpg,Aprilia Model 138,Engine Gasket Set - Aprilia Model 138,12,2351.0,premium,4.1,good,Hyderabad,68d133bf3952f7cf7dee90b9,17.511409,78.350972,Jyothi Automobiles,engine gasket set - aprilia model 138 aprilia engine durable heat treated for improved performance,Engine,2025-08-25T00:00:00.000Z,2015,68d133bf3952f7cf7dee90b7,classic
,Benelli,,0.0,6,2025-08-04T00:00:00.000Z,Superior eco-friendly for reduced maintenance,https://example.com/images/crankshaft_benelli_model_288.jpg,Benelli Model 288,Crankshaft - Benelli Model 288,13,8194.0,premium,3.6,average,Hyderabad,68d133bf3952f7cf7dee90b9,17.511409,78.350972,Jyothi Automobiles,crankshaft - benelli model 288 benelli engine durable eco-friendly for reduced maintenance,Engine,2025-09-17T00:00:00.000Z,2017,68d133bf3952f7cf7dee90b7,classic
,BMW,,0.0,5,2025-09-18T00:00:00.000Z,Durable corrosion resistant for better fuel economy,https://example.com/images/horn_bmw_model_236.jpg,BMW Model 236,Horn - BMW Model 236,28,2604.0,premium,4.5,excellent,Khammam,68d136193952f7cf7dee9133,17.249885,80.15615,Mahesh Automobiles,horn - bmw model 236 bmw electrical professional grade long lasting for increased power,Electrical,2025-08-21T00:00:00.000Z,2019,68d136193952f7cf7dee9131,classic
,Honda,,0.0,24,2025-08-10T00:00:00.000Z,High-performance long lasting for better fuel economy,https://example.com/images/dashboard_light_shine.jpg,Shine,Dashboard Light - Shine,14,1862.0,mid-range,4.1,good,Chappal Bazar Road - Kachiguda,68ac2a8f3c73e23c655de054,17.38953,78.491245,Swathi Automobiles,dashboard light - shine honda lighting durable precision engineered for increased power,Lighting,2025-09-18T00:00:00.000Z,2022,68ac2a8e3c73e23c655de052,classic
,Kawasaki,,0.0,8,2025-08-20T00:00:00.000Z,High-performance fuel efficient for improved performance,https://example.com/images/distributor_z400.jpg,Z400,Distributor - Z400,30,319.0,budget,4.6,excellent,Karimnagar,68d135833952f7cf7dee910b,18.435781,79.132861,Mounika Automobiles,distributor - z400 kawasaki ignition professional grade heat treated for longer life,Ignition,2025-09-14T00:00:00.000Z,2025,68d135833952f7cf7dee9109,modern
,Ducati,,0.0,20,2025-08-12T00:00:00.000Z,High-performance noise reducing for improved performance,https://example.com/images/tool_kit_panigale_v2.jpg,Panigale V2,Tool Kit - Panigale V2,13,1709.0,mid-range,4.9,excellent,Medak,68d135d63952f7cf7dee9120,18.048948,78.269372,baskar Automobiles,tool kit - panigale v2 ducati accessories advanced fuel efficient for reduced maintenance,Accessories,2025-08-04T00:00:00.000Z,2016,68d135d63952f7cf7dee911e,modern
,Hero,,0.0,12,2025-08-19T00:00:00.000Z,Lightweight corrosion resistant for increased power,https://example.com/images/fuel_gauge_xpulse_200.jpg,Xpulse 200,Fuel Gauge - Xpulse 200,14,5082.0,premium,4.1,good,Karimnagar,68d135833952f7cf7dee910b,18.435781,79.132861,Mounika Automobiles,fuel gauge - xpulse 200 hero fuel system enhanced high strength for enhanced durability,Fuel System,2025-09-02T00:00:00.000Z,2016,68d135833952f7cf7dee9109,classic
,Ducati,,0.0,9,2025-08-07T00:00:00.000Z,Heavy-duty maintenance-free for improved performance,https://example.com/images/connecting_rod_xdiavel.jpg,XDiavel,Connecting Rod - XDiavel,15,8791.0,premium,4.6,excellent,Dilshknagar,68d135063952f7cf7dee90f8,17.367642,78.534282,Manoj Automobiles,connecting rod - xdiavel ducati engine oem quality long lasting for enhanced durability,Engine,2025-09-11T00:00:00.000Z,2015,68d135063952f7cf7dee90f6,modern
,Honda,,0.0,24,2025-09-16T00:00:00.000Z,Enhanced eco-friendly for smoother operation,https://example.com/images/muffler_dream_yuga.jpg,Dream Yuga,Muffler - Dream Yuga,4,9295.0,premium,4.7,excellent,Dilshknagar,68d135063952f7cf7dee90f8,17.367642,78.534282,Manoj Automobiles,muffler - dream yuga honda exhaust oem quality long lasting for enhanced safety,Exhaust,2025-09-04T00:00:00.000Z,2020,68d135063952f7cf7dee90f6,modern
,KTM,,0.0,20,2025-08-19T00:00:00.000Z,Durable noise reducing for enhanced durability,https://example.com/images/tail_light_adventure_390.jpg,Adventure 390,Tail Light - Adventure 390,29,2690.0,premium,4.2,good,Hyderabad,68d133bf3952f7cf7dee90b9,17.511409,78.350972,Jyothi Automobiles,tail light - adventure 390 ktm lighting advanced heat treated for better handling,Lighting,2025-09-13T00:00:00.000Z,2017,68d133bf3952f7cf7dee90b7,modern
,Bajaj,,0.0,8,2025-08-15T00:00:00.000Z,Advanced precision engineered for smoother operation,https://example.com/images/petcock_valve_pulsar_ns200.jpg,Pulsar NS200,Petcock Valve - Pulsar NS200,17,1557.0,mid-range,4.4,good,Karimnagar,68d135833952f7cf7dee910b,18.435781,79.132861,Mounika Automobiles,petcock valve - pulsar ns200 bajaj fuel system enhanced precision engineered for longer life,Fuel System,2025-09-08T00:00:00.000Z,2015,68d135833952f7cf7dee9109,classic
,Triumph,,0.0,15,2025-09-06T00:00:00.000Z,Lightweight fuel efficient for reduced maintenance,https://example.com/images/reserve_tank_triumph_model_631.jpg,Triumph Model 631,Reserve Tank - Triumph Model 631,11,3889.0,premium,4.8,excellent,Bala Nagar,68d1346c3952f7cf7dee90d2,17.475679,78.447328,Kalyan Automobiles,reserve tank - triumph model 631 triumph fuel system heavy-duty precision engineered for reduced maintenance,Fuel System,2025-09-07T00:00:00.000Z,2019,68d1346c3952f7cf7dee90d0,modern
,Kawasaki,,0.0,20,2025-09-04T00:00:00.000Z,Lightweight high strength for longer life,https://example.com/images/cylinder_head_ninja_400.jpg,Ninja 400,Cylinder Head - Ninja 400,30,10347.0,premium,4.3,good,Bala Nagar,68d1346c3952f7cf7dee90d2,17.475679,78.447328,Kalyan Automobiles,cylinder head - ninja 400 kawasaki engine superior long lasting for improved comfort,Engine,2025-08-26T00:00:00.000Z,2016,68d1346c3952f7cf7dee90d0,modern
,KTM,,0.0,19,2025-09-20T00:00:00.000Z,OEM quality noise reducing for improved performance,https://example.com/images/performance_exhaust_adventure_390.jpg,Adventure 390,Performance Exhaust - Adventure 390,5,5876.0,premium,4.2,good,Dilshknagar,68d135063952f7cf7dee90f8,17.367642,78.534282,Manoj Automobiles,performance exhaust - adventure 390 ktm exhaust high-performance vibration dampening for better fuel economy,Exhaust,2025-08-07T00:00:00.000Z,2022,68d135063952f7cf7dee90f6,modern
,Suzuki,,0.0,14,2025-09-17T00:00:00.000Z,Lightweight precision engineered for smoother operation,https://example.com/images/mobile_holder_intruder.jpg,Intruder,Mobile Holder - Intruder,28,1956.0,mid-range,4.8,excellent,Khammam,68d136193952f7cf7dee9133,17.249885,80.15615,Mahesh Automobiles,mobile holder - intruder suzuki accessories enhanced vibration dampening for enhanced safety,Accessories,2025-08-10T00:00:00.000Z,2024,68d136193952f7cf7dee9131,modern
,Honda,,0.0,16,2025-09-10T00:00:00.000Z,OEM quality corrosion resistant for longer life,https://example.com/images/distributor_cb350rs.jpg,CB350RS,Distributor - CB350RS,10,347.0,budget,3.9,average,Chappal Bazar Road - Kachiguda,68ac2a8f3c73e23c655de054,17.38953,78.491245,Swathi Automobiles,distributor - cb350rs honda ignition superior fuel efficient for improved comfort,Ignition,2025-09-08T00:00:00.000Z,2019,68ac2a8e3c73e23c655de052,classic
,Bajaj,,0.0,16,2025-08-29T00:00:00.000Z,Superior high strength for enhanced safety,https://example.com/images/master_cylinder_dominar_400.jpg,Dominar 400,Master Cylinder - Dominar 400,14,596.0,mid-range,3.6,average,Hyderabad,68d133bf3952f7cf7dee90b9,17.511409,78.350972,Jyothi Automobiles,master cylinder - dominar 400 bajaj brakes advanced fuel efficient for increased power,Brakes,2025-09-06T00:00:00.000Z,2025,68d133bf3952f7cf7dee90b7,modern
,Suzuki,,0.0,3,2025-08-09T00:00:00.000Z,Advanced precision engineered for increased power,https://example.com/images/tire_valve_v_strom_sx.jpg,V-Strom SX,Tire Valve - V-Strom SX,30,3357.0,premium,4.7,excellent,Karimnagar,68d135833952f7cf7dee910b,18.435781,79.132861,Mounika Automobiles,tire valve - v-strom sx suzuki wheels & tires durable heat treated for reduced maintenance,Wheels & Tires,2025-09-15T00:00:00.000Z,2020,68d135833952f7cf7dee9109,modern
,KTM,,0.0,4,2025-08-15T00:00:00.000Z,Advanced long lasting for enhanced durability,https://example.com/images/cabin_filter_790_duke.jpg,790 Duke,Cabin Filter - 790 Duke,3,198.0,budget,3.6,average,Chappal Bazar Road - Kachiguda,68ac2a8f3c73e23c655de054,17.38953,78.491245,Swathi Automobiles,cabin filter - 790 duke ktm filters oem quality eco-friendly for enhanced safety,Filters,2025-08-14T00:00:00.000Z,2019,68ac2a8e3c73e23c655de052,modern
,Ducati,,0.0,13,2025-09-06T00:00:00.000Z,Durable eco-friendly for better handling,https://example.com/images/rear_shock_absorber_panigale_v4.jpg,Panigale V4,Rear Shock Absorber - Panigale V4,6,5402.0,premium,4.4,good,Khammam,68d136193952f7cf7dee9133,17.249885,80.15615,Mahesh Automobiles,rear shock absorber - panigale v4 ducati suspension lightweight maintenance-free for enhanced durability,Suspension,2025-09-05T00:00:00.000Z,2023,68d136193952f7cf7dee9131,classic
,Bajaj,,0.0,19,2025-08-15T00:00:00.000Z,Lightweight eco-friendly for improved performance,https://example.com/images/alloy_wheel_platina_110.jpg,Platina 110,Alloy Wheel - Platina 110,10,2893.0,premium,4.3,good,Hyderabad,68d133bf3952f7cf7dee90b9,17.511409,78.350972,Jyothi Automobiles,alloy wheel - platina 110 bajaj wheels & tires enhanced heat treated for improved performance,Wheels & Tires,2025-09-21T00:00:00.000Z,2024,68d133bf3952f7cf7dee90b7,classic
,Triumph,,0.0,17,2025-08-09T00:00:00.000Z,Superior fuel efficient for improved comfort,https://example.com/images/exhaust_gasket_triumph_model_250.jpg,Triumph Model 250,Exhaust Gasket - Triumph Model 250,2,2525.0,premium,4.6,excellent,Dilshknagar,68d135063952f7cf7dee90f8,17.367642,78.534282,Manoj Automobiles,exhaust gasket - triumph model 250 triumph exhaust oem quality vibration dampening for reduced maintenance,Exhaust,2025-08-14T00:00:00.000Z,2019,68d135063952f7cf7dee90f6,modern
,Yamaha,,0.0,25,2025-08-16T00:00:00.000Z,Advanced heat treated for improved performance,https://example.com/images/water_pump_fz_s.jpg,FZ-S,Water Pump - FZ-S,10,12293.0,premium,4.3,good,Mahabubabad,68d134ac3952f7cf7dee90e5,17.594209,80.006903,Shiva sai Automobiles,water pump - fz-s yamaha engine superior precision engineered for increased power,Engine,2025-08-04T00:00:00.000Z,2020,68d134ac3952f7cf7dee90e3,modern
,BMW,,0.0,16,2025-08-04T00:00:00.000Z,Lightweight fuel efficient for better handling,https://example.com/images/fuel_line_bmw_model_489.jpg,BMW Model 489,Fuel Line - BMW Model 489,28,8223.0,premium,4.1,good,Karimnagar,68d135833952f7cf7dee910b,18.435781,79.132861,Mounika Automobiles,fuel line - bmw model 489 bmw fuel system superior precision engineered for better handling,Fuel System,2025-09-11T00:00:00.000Z,2020,68d135833952f7cf7dee9109,classic
,Honda,,0.0,7,2025-08-06T00:00:00.000Z,Enhanced maintenance-free for better fuel economy,https://example.com/images/fuel_injector_dream_yuga.jpg,Dream Yuga,Fuel Injector - Dream Yuga,2,4905.0,premium,4.7,excellent,Hyderabad,68d133bf3952f7cf7dee90b9,17.511409,78.350972,Jyothi Automobiles,fuel injector - dream yuga honda fuel system durable corrosion resistant for improved performance,Fuel System,2025-09-21T00:00:00.000Z,2023,68d133bf3952f7cf7dee90b7,classic
,KTM,,0.0,2,2025-08-18T00:00:00.000Z,Lightweight long lasting for enhanced durability,https://example.com/images/air_filter_duke_390.jpg,Duke 390,Air Filter - Duke 390,5,627.0,mid-range,3.6,average,Karimnagar,68d135833952f7cf7dee910b,18.435781,79.132861,Mounika Automobiles,air filter - duke 390 ktm filters professional grade maintenance-free for improved comfort,Filters,2025-09-11T00:00:00.000Z,2017,68d135833952f7cf7dee9109,modern
,BMW,,0.0,3,2025-08-27T00:00:00.000Z,Premium quality precision engineered for longer life,https://example.com/images/coil_bmw_model_682.jpg,BMW Model 682,Coil - BMW Model 682,24,1915.0,mid-range,4.9,excellent,Dilshknagar,68d135063952f7cf7dee90f8,17.367642,78.534282,Manoj Automobiles,coil - bmw model 682 bmw electrical professional grade vibration dampening for improved performance,Electrical,2025-08-03T00:00:00.000Z,2025,68d135063952f7cf7dee90f6,classic
,Ducati,,0.0,7,2025-08-14T00:00:00.000Z,Premium quality eco-friendly for improved comfort,https://example.com/images/cvt_kit_xdiavel.jpg,XDiavel,CVT Kit - XDiavel,22,1911.0,mid-range,4.8,excellent,Hyderabad,68d133bf3952f7cf7dee90b9,17.511409,78.350972,Jyothi Automobiles,cvt kit - xdiavel ducati drivetrain oem quality heat treated for better handling,Drivetrain,2025-09-15T00:00:00.000Z,2022,68d133bf3952f7cf7dee90b7,classic
,Triumph,,0.0,1,2025-09-03T00:00:00.000Z,OEM quality high strength for reduced maintenance,https://example.com/images/tank_cover_triumph_model_891.jpg,Triumph Model 891,Tank Cover - Triumph Model 891,11,517.0,mid-range,4.7,excellent,Khammam,68d136193952f7cf7dee9133,17.249885,80.15615,Mahesh Automobiles,tank cover - triumph model 891 triumph body parts high-performance maintenance-free for reduced maintenance,Body Parts,2025-08-25T00:00:00.000Z,2017,68d136193952f7cf7dee9131,modern
,Kawasaki,,0.0,24,2025-08-29T00:00:00.000Z,Durable precision engineered for enhanced safety,https://example.com/images/spark_plug_wire_ninja_zx_10r.jpg,Ninja ZX-10R,Spark Plug Wire - Ninja ZX-10R,13,561.0,mid-range,3.6,average,Karimnagar,68d135833952f7cf7dee910b,18.435781,79.132861,Mounika Automobiles,spark plug wire - ninja zx-10r kawasaki ignition high-performance vibration dampening for smoother operation,Ignition,2025-08-11T00:00:00.000Z,2020,68d135833952f7cf7dee9109,modern
,Royal Enfield,,0.0,16,2025-08-13T00:00:00.000Z,Durable precision engineered for longer life,https://example.com/images/hub_bearing_bullet_350.jpg,Bullet 350,Hub Bearing - Bullet 350,10,3693.0,premium,3.8,average,Mahabubabad,68d134ac3952f7cf7dee90e5,17.594209,80.006903,Shiva sai Automobiles,hub bearing - bullet 350 royal enfield wheels & tires advanced high strength for enhanced durability,Wheels & Tires,2025-09-20T00:00:00.000Z,2015,68d134ac3952f7cf7dee90e3,modern
,Bajaj,,0.0,5,2025-08-12T00:00:00.000Z,Professional grade fuel efficient for longer life,https://example.com/images/chain_tensioner_ct_110x.jpg,CT 110X,Chain Tensioner - CT 110X,16,3300.0,premium,4.0,good,Hyderabad,68d133bf3952f7cf7dee90b9,17.511409,78.350972,Jyothi Automobiles,chain tensioner - ct 110x bajaj drivetrain advanced vibration dampening for reduced maintenance,Drivetrain,2025-08-16T00:00:00.000Z,2017,68d133bf3952f7cf7dee90b7,modern
,Honda,,0.0,10,2025-09-18T00:00:00.000Z,Premium quality heat treated for better fuel economy,https://example.com/images/drive_belt_cb350rs.jpg,CB350RS,Drive Belt - CB350RS,3,1309.0,mid-range,4.7,excellent,Khammam,68d136193952f7cf7dee9133,17.249885,80.15615,Mahesh Automobiles,drive belt - cb350rs honda drivetrain high-performance vibration dampening for smoother operation,Drivetrain,2025-08-03T00:00:00.000Z,2023,68d136193952f7cf7dee9131,modern
,Benelli,,0.0,23,2025-08-28T00:00:00.000Z,Premium quality long lasting for reduced maintenance,https://example.com/images/brake_cable_benelli_model_318.jpg,Benelli Model 318,Brake Cable - Benelli Model 318,13,883.0,mid-range,4.5,excellent,Medak,68d135d63952f7cf7dee9120,18.048948,78.269372,baskar Automobiles,brake cable - benelli model 318 benelli brakes durable vibration dampening for better fuel economy,Brakes,2025-09-19T00:00:00.000Z,2015,68d135d63952f7cf7dee911e,modern
,Ducati,,0.0,7,2025-08-07T00:00:00.000Z,Superior heat treated for better handling,https://example.com/images/chain_tensioner_diavel.jpg,Diavel,Chain Tensioner - Diavel,30,3072.0,premium,3.5,average,Dilshknagar,68d135063952f7cf7dee90f8,17.367642,78.534282,Manoj Automobiles,chain tensioner - diavel ducati drivetrain lightweight heat treated for improved comfort,Drivetrain,2025-08-06T00:00:00.000Z,2017,68d135063952f7cf7dee90f6,classic
,Suzuki,,0.0,4,2025-09-21T00:00:00.000Z,Heavy-duty heat treated for better handling,https://example.com/images/universal_joint_gixxer_sf.jpg,Gixxer SF,Universal Joint - Gixxer SF,28,2516.0,premium,4.5,excellent,Khammam,68d136193952f7cf7dee9133,17.249885,80.15615,Mahesh Automobiles,universal joint - gixxer sf suzuki drivetrain advanced corrosion resistant for smoother operation,Drivetrain,2025-09-16T00:00:00.000Z,2024,68d136193952f7cf7dee9131,classic
,BMW,,0.0,8,2025-09-14T00:00:00.000Z,Professional grade precision engineered for better fuel economy,https://example.com/images/turn_signal_bmw_model_446.jpg,BMW Model 446,Turn Signal - BMW Model 446,12,5647.0,premium,4.8,excellent,Chappal Bazar Road - Kachiguda,68ac2a8f3c73e23c655de054,17.38953,78.491245,Swathi Automobiles,turn signal - bmw model 446 bmw electrical professional grade high strength for improved performance,Electrical,2025-08-11T00:00:00.000Z,2025,68ac2a8e3c73e23c655de052,classic
,KTM,,0.0,23,2025-08-31T00:00:00.000Z,Durable maintenance-free for enhanced durability,https://example.com/images/timing_light_duke_200.jpg,Duke 200,Timing Light - Duke 200,15,370.0,budget,3.7,average,,68d0c47e09554c358655174d,17.423605,78.546314,Tarun Automobiles,timing light - duke 200 ktm ignition professional grade precision engineered for better handling,Ignition,2025-08-22T00:00:00.000Z,2018,68d0c47d09554c358655174b,modern
,Benelli,,0.0,11,2025-08-10T00:00:00.000Z,Professional grade heat treated for smoother operation,https://example.com/images/headlight_assembly_benelli_model_665.jpg,Benelli Model 665,Headlight Assembly - Benelli Model 665,17,3857.0,premium,4.7,excellent,Karimnagar,68d135833952f7cf7dee910b,18.435781,79.132861,Mounika Automobiles,headlight assembly - benelli model 665 benelli lighting lightweight fuel efficient for smoother operation,Lighting,2025-08-29T00:00:00.000Z,2022,68d135833952f7cf7dee9109,modern
,Royal Enfield,,0.0,17,2025-09-20T00:00:00.000Z,Heavy-duty fuel efficient for increased power,https://example.com/images/air_filter_scram_411.jpg,Scram 411,Air Filter - Scram 411,28,546.0,mid-range,4.1,good,Karimnagar,68d135833952f7cf7dee910b,18.435781,79.132861,Mounika Automobiles,air filter - scram 411 royal enfield filters professional grade fuel efficient for enhanced durability,Filters,2025-08-27T00:00:00.000Z,2019,68d135833952f7cf7dee9109,modern
,Benelli,,0.0,12,2025-09-14T00:00:00.000Z,OEM quality high strength for smoother operation,https://example.com/images/drl_kit_benelli_model_264.jpg,Benelli Model 264,DRL Kit - Benelli Model 264,30,3806.0,premium,4.4,good,Medak,68d135d63952f7cf7dee9120,18.048948,78.269372,baskar Automobiles,drl kit - benelli model 264 benelli lighting oem quality eco-friendly for improved comfort,Lighting,2025-09-03T00:00:00.000Z,2017,68d135d63952f7cf7dee911e,modern
,Benelli,,0.0,23,2025-09-12T00:00:00.000Z,Enhanced noise reducing for increased power,https://example.com/images/fork_oil_seal_benelli_model_230.jpg,Benelli Model 230,Fork Oil Seal - Benelli Model 230,14,1871.0,mid-range,5.0,excellent,Bala Nagar,68d1346c3952f7cf7dee90d2,17.475679,78.447328,Kalyan Automobiles,fork oil seal - benelli model 230 benelli suspension heavy-duty maintenance-free for reduced maintenance,Suspension,2025-08-03T00:00:00.000Z,2018,68d1346c3952f7cf7dee90d0,modern
,Triumph,,0.0,11,2025-08-31T00:00:00.000Z,Lightweight precision engineered for smoother operation,https://example.com/images/center_stand_triumph_model_941.jpg,Triumph Model 941,Center Stand - Triumph Model 941,1,2572.0,premium,4.2,good,Mahabubabad,68d134ac3952f7cf7dee90e5,17.594209,80.006903,Shiva sai Automobiles,center stand - triumph model 941 triumph body parts high-performance heat treated for improved comfort,Body Parts,2025-09-13T00:00:00.000Z,2020,68d134ac3952f7cf7dee90e3,modern
,Triumph,,0.0,18,2025-09-20T00:00:00.000Z,Durable corrosion resistant for longer life,https://example.com/images/final_drive_oil_triumph_model_896.jpg,Triumph Model 896,Final Drive Oil - Triumph Model 896,17,2756.0,premium,4.8,excellent,Bala Nagar,68d1346c3952f7cf7dee90d2,17.475679,78.447328,Kalyan Automobiles,final drive oil - triumph model 896 triumph drivetrain superior vibration dampening for enhanced durability,Drivetrain,2025-08-11T00:00:00.000Z,2019,68d1346c3952f7cf7dee90d0,classic
,Kawasaki,,0.0,2,2025-09-15T00:00:00.000Z,Advanced long lasting for better handling,https://example.com/images/gear_shift_lever_z650.jpg,Z650,Gear Shift Lever - Z650,7,3943.0,premium,3.8,average,Hyderabad,68d133bf3952f7cf7dee90b9,17.511409,78.350972,Jyothi Automobiles,gear shift lever - z650 kawasaki transmission oem quality eco-friendly for longer life,Transmission,2025-09-12T00:00:00.000Z,2023,68d133bf3952f7cf7dee90b7,modern
,Mahindra,,0.0,8,2025-08-09T00:00:00.000Z,Superior eco-friendly for increased power,https://example.com/images/transmission_oil_mahindra_model_992.jpg,Mahindra Model 992,Transmission Oil - Mahindra Model 992,7,3820.0,premium,4.0,good,RAMNAGAR COLONY PEERZADIGUDA UPPAL HYDERABAD,689d6959045c37933826818d,17.390358,78.606729,sai automobiles,transmission oil - mahindra model 992 mahindra transmission professional grade vibration dampening for increased power,Transmission,2025-08-06T00:00:00.000Z,2018,689d6959045c37933826818b,modern
,Honda,,0.0,3,2025-09-09T00:00:00.000Z,Professional grade precision engineered for improved performance,https://example.com/images/fork_spring_cb350rs.jpg,CB350RS,Fork Spring - CB350RS,20,2252.0,premium,4.5,excellent,Mahabubabad,68d134ac3952f7cf7dee90e5,17.594209,80.006903,Shiva sai Automobiles,fork spring - cb350rs honda suspension superior long lasting for increased power,Suspension,2025-09-04T00:00:00.000Z,2016,68d134ac3952f7cf7dee90e3,modern
,Ducati,,0.0,9,2025-08-22T00:00:00.000Z,Premium quality noise reducing for improved performance,https://example.com/images/mudguard_panigale_v2.jpg,Panigale V2,Mudguard - Panigale V2,13,2188.0,premium,3.7,average,Mahabubabad,68d134ac3952f7cf7dee90e5,17.594209,80.006903,Shiva sai Automobiles,mudguard - panigale v2 ducati body parts premium quality fuel efficient for smoother operation,Body Parts,2025-09-03T00:00:00.000Z,2025,68d134ac3952f7cf7dee90e3,modern
,Mahindra,,0.0,25,2025-08-30T00:00:00.000Z,Superior corrosion resistant for enhanced safety,https://example.com/images/final_drive_oil_mahindra_model_755.jpg,Mahindra Model 755,Final Drive Oil - Mahindra Model 755,25,2960.0,premium,3.7,average,Chappal Bazar Road - Kachiguda,68ac2a8f3c73e23c655de054,17.38953,78.491245,Swathi Automobiles,final drive oil - mahindra model 755 mahindra drivetrain heavy-duty noise reducing for improved performance,Drivetrain,2025-08-06T00:00:00.000Z,2015,68ac2a8e3c73e23c655de052,modern
,Royal Enfield,,0.0,18,2025-08-31T00:00:00.000Z,Superior maintenance-free for better fuel economy,https://example.com/images/final_drive_oil_super_meteor_650.jpg,Super Meteor 650,Final Drive Oil - Super Meteor 650,17,1739.0,mid-range,4.7,excellent,,68d0c47e09554c358655174d,17.423605,78.546314,Tarun Automobiles,final drive oil - super meteor 650 royal enfield drivetrain superior maintenance-free for increased power,Drivetrain,2025-08-01T00:00:00.000Z,2023,68d0c47d09554c358655174b,modern
,Honda,,0.0,12,2025-09-03T00:00:00.000Z,Advanced vibration dampening for better handling,https://example.com/images/spark_plug_cb350rs.jpg,CB350RS,Spark Plug - CB350RS,18,422.0,budget,4.0,good,Khammam,68d136193952f7cf7dee9133,17.249885,80.15615,Mahesh Automobiles,spark plug - cb350rs honda ignition lightweight eco-friendly for enhanced safety,Ignition,2025-08-03T00:00:00.000Z,2025,68d136193952f7cf7dee9131,modern
,Mahindra,,0.0,3,2025-09-11T00:00:00.000Z,OEM quality eco-friendly for enhanced safety,https://example.com/images/vacuum_filter_mahindra_model_798.jpg,Mahindra Model 798,Vacuum Filter - Mahindra Model 798,3,257.0,budget,4.2,good,RAMNAGAR COLONY PEERZADIGUDA UPPAL HYDERABAD,689d6959045c37933826818d,17.390358,78.606729,sai automobiles,vacuum filter - mahindra model 798 mahindra filters high-performance long lasting for increased power,Filters,2025-08-16T00:00:00.000Z,2020,689d6959045c37933826818b,modern
,KTM,,0.0,23,2025-09-02T00:00:00.000Z,High-performance high strength for enhanced safety,https://example.com/images/turn_signal_rc_390.jpg,RC 390,Turn Signal - RC 390,2,1009.0,mid-range,4.7,excellent,Mahabubabad,68d134ac3952f7cf7dee90e5,17.594209,80.006903,Shiva sai Automobiles,turn signal - rc 390 ktm electrical professional grade fuel efficient for longer life,Electrical,2025-08-06T00:00:00.000Z,2017,68d134ac3952f7cf7dee90e3,modern
,Honda,,0.0,11,2025-08-27T00:00:00.000Z,Durable high strength for reduced maintenance,https://example.com/images/brake_caliper_dio.jpg,Dio,Brake Caliper - Dio,8,2662.0,premium,4.2,good,Bala Nagar,68d1346c3952f7cf7dee90d2,17.475679,78.447328,Kalyan Automobiles,brake caliper - dio honda brakes enhanced long lasting for increased power,Brakes,2025-08-28T00:00:00.000Z,2025,68d1346c3952f7cf7dee90d0,modern
,Bajaj,,0.0,23,2025-08-10T00:00:00.000Z,High-performance corrosion resistant for longer life,https://example.com/images/tank_cap_platina_110.jpg,Platina 110,Tank Cap - Platina 110,24,5491.0,premium,3.9,average,Mahabubabad,68d134ac3952f7cf7dee90e5,17.594209,80.006903,Shiva sai Automobiles,tank cap - platina 110 bajaj fuel system oem quality long lasting for improved performance,Fuel System,2025-09-05T00:00:00.000Z,2015,68d134ac3952f7cf7dee90e3,modern
,Kawasaki,,0.0,8,2025-09-13T00:00:00.000Z,Premium quality vibration dampening for increased power,https://example.com/images/clutch_spring_ninja_400.jpg,Ninja 400,Clutch Spring - Ninja 400,5,2119.0,premium,4.7,excellent,Dilshknagar,68d135063952f7cf7dee90f8,17.367642,78.534282,Manoj Automobiles,clutch spring - ninja 400 kawasaki transmission high-performance precision engineered for enhanced safety,Transmission,2025-08-29T00:00:00.000Z,2021,68d135063952f7cf7dee90f6,modern
,Suzuki,,0.0,8,2025-08-26T00:00:00.000Z,Superior corrosion resistant for enhanced safety,https://example.com/images/fuel_filter_access_125.jpg,Access 125,Fuel Filter - Access 125,18,315.0,budget,4.2,good,Khammam,68d136193952f7cf7dee9133,17.249885,80.15615,Mahesh Automobiles,fuel filter - access 125 suzuki filters professional grade maintenance-free for better fuel economy,Filters,2025-09-05T00:00:00.000Z,2017,68d136193952f7cf7dee9131,modern
,Triumph,,0.0,11,2025-08-06T00:00:00.000Z,Professional grade eco-friendly for smoother operation,https://example.com/images/license_plate_light_triumph_model_485.jpg,Triumph Model 485,License Plate Light - Triumph Model 485,21,3976.0,premium,4.1,good,Khammam,68d136193952f7cf7dee9133,17.249885,80.15615,Mahesh Automobiles,license plate light - triumph model 485 triumph lighting professional grade maintenance-free for enhanced safety,Lighting,2025-09-04T00:00:00.000Z,2016,68d136193952f7cf7dee9131,classic
,Harley-Davidson,,0.0,2,2025-08-18T00:00:00.000Z,OEM quality long lasting for reduced maintenance,https://example.com/images/carbon_filter_harley_davidson_model_166.jpg,Harley-Davidson Model 166,Carbon Filter - Harley-Davidson Model 166,14,754.0,mid-range,4.2,good,Bala Nagar,68d1346c3952f7cf7dee90d2,17.475679,78.447328,Kalyan Automobiles,carbon filter - harley-davidson model 166 harley-davidson filters heavy-duty high strength for increased power,Filters,2025-08-29T00:00:00.000Z,2019,68d1346c3952f7cf7dee90d0,classic
,Suzuki,,0.0,8,2025-09-15T00:00:00.000Z,Lightweight precision engineered for better handling,https://example.com/images/hydraulic_filter_gixxer.jpg,Gixxer,Hydraulic Filter - Gixxer,25,161.0,budget,5.0,excellent,RAMNAGAR COLONY PEERZADIGUDA UPPAL HYDERABAD,689d6959045c37933826818d,17.390358,78.606729,sai automobiles,hydraulic filter - gixxer suzuki filters high-performance corrosion resistant for improved performance,Filters,2025-08-01T00:00:00.000Z,2024,689d6959045c37933826818b,modern
,Triumph,,0.0,11,2025-08-14T00:00:00.000Z,Professional grade long lasting for enhanced durability,https://example.com/images/wheel_balancing_weight_triumph_model_510.jpg,Triumph Model 510,Wheel Balancing Weight - Triumph Model 510,21,7674.0,premium,3.6,average,Karimnagar,68d135833952f7cf7dee910b,18.435781,79.132861,Mounika Automobiles,wheel balancing weight - triumph model 510 triumph wheels & tires professional grade precision engineered for reduced maintenance,Wheels & Tires,2025-09-09T00:00:00.000Z,2025,68d135833952f7cf7dee9109,classic
,TVS,,0.0,2,2025-09-17T00:00:00.000Z,Lightweight noise reducing for improved performance,https://example.com/images/tool_kit_apache_rtr_200.jpg,Apache RTR 200,Tool Kit - Apache RTR 200,12,425.0,budget,4.1,good,Khammam,68d136193952f7cf7dee9133,17.249885,80.15615,Mahesh Automobiles,tool kit - apache rtr 200 tvs accessories oem quality noise reducing for enhanced safety,Accessories,2025-09-05T00:00:00.000Z,2018,68d136193952f7cf7dee9131,modern
,Mahindra,,0.0,20,2025-08-25T00:00:00.000Z,Professional grade long lasting for smoother operation,https://example.com/images/brake_lever_mahindra_model_717.jpg,Mahindra Model 717,Brake Lever - Mahindra Model 717,9,1719.0,mid-range,3.6,average,Chappal Bazar Road - Kachiguda,68ac2a8f3c73e23c655de054,17.38953,78.491245,Swathi Automobiles,brake lever - mahindra model 717 mahindra brakes professional grade heat treated for better fuel economy,Brakes,2025-08-26T00:00:00.000Z,2021,68ac2a8e3c73e23c655de052,classic
,Suzuki,,0.0,11,2025-08-09T00:00:00.000Z,Advanced vibration dampening for enhanced safety,https://example.com/images/water_hose_burgman_street.jpg,Burgman Street,Water Hose - Burgman Street V1,12,6145.0,premium,3.6,average,Chappal Bazar Road - Kachiguda,68ac2a8f3c73e23c655de054,17.38953,78.491245,Swathi Automobiles,water hose - burgman street v1 suzuki cooling system heavy-duty heat treated for enhanced safety,Cooling System,2025-08-05T00:00:00.000Z,2021,68ac2a8e3c73e23c655de052,modern
,Ducati,,0.0,16,2025-08-04T00:00:00.000Z,High-performance long lasting for longer life,https://example.com/images/master_cylinder_multistrada_v4.jpg,Multistrada V4,Master Cylinder - Multistrada V4,25,1888.0,mid-range,5.0,excellent,Bala Nagar,68d1346c3952f7cf7dee90d2,17.475679,78.447328,Kalyan Automobiles,master cylinder - multistrada v4 ducati brakes enhanced maintenance-free for increased power,Brakes,2025-08-29T00:00:00.000Z,2019,68d1346c3952f7cf7dee90d0,classic
,Honda,,0.0,25,2025-08-23T00:00:00.000Z,Advanced maintenance-free for smoother operation,https://example.com/images/master_cylinder_livo.jpg,Livo,Master Cylinder - Livo,6,1465.0,mid-range,4.4,good,Hyderabad,68d133bf3952f7cf7dee90b9,17.511409,78.350972,Jyothi Automobiles,master cylinder - livo honda brakes premium quality fuel efficient for better handling,Brakes,2025-09-10T00:00:00.000Z,2025,68d133bf3952f7cf7dee90b7,modern
,Triumph,,0.0,16,2025-08-13T00:00:00.000Z,Professional grade eco-friendly for improved comfort,https://example.com/images/ignition_module_triumph_model_920.jpg,Triumph Model 920,Ignition Module - Triumph Model 920,25,588.0,mid-range,5.0,excellent,Mahabubabad,68d134ac3952f7cf7dee90e5,17.594209,80.006903,Shiva sai Automobiles,ignition module - triumph model 920 triumph ignition advanced noise reducing for increased power,Ignition,2025-08-10T00:00:00.000Z,2018,68d134ac3952f7cf7dee90e3,classic
,Honda,,0.0,14,2025-08-24T00:00:00.000Z,High-performance noise reducing for increased power,https://example.com/images/kick_starter_unicorn.jpg,Unicorn,Kick Starter - Unicorn,23,4266.0,premium,3.5,average,Chappal Bazar Road - Kachiguda,68ac2a8f3c73e23c655de054,17.38953,78.491245,Swathi Automobiles,kick starter - unicorn honda transmission heavy-duty eco-friendly for increased power,Transmission,2025-08-20T00:00:00.000Z,2018,68ac2a8e3c73e23c655de052,modern
,TVS,,0.0,21,2025-08-09T00:00:00.000Z,OEM quality vibration dampening for improved comfort,https://example.com/images/radiator_apache_rtr_180.jpg,Apache RTR 180,Radiator - Apache RTR 180,16,1885.0,mid-range,4.8,excellent,Karimnagar,68d135833952f7cf7dee910b,18.435781,79.132861,Mounika Automobiles,radiator - apache rtr 180 tvs cooling system advanced maintenance-free for longer life,Cooling System,2025-09-06T00:00:00.000Z,2023,68d135833952f7cf7dee9109,modern
,Ducati,,0.0,2,2025-08-15T00:00:00.000Z,Superior heat treated for increased power,https://example.com/images/hub_bearing_diavel.jpg,Diavel,Hub Bearing - Diavel,13,5656.0,premium,3.7,average,,68d0c47e09554c358655174d,17.423605,78.546314,Tarun Automobiles,hub bearing - diavel ducati wheels & tires heavy-duty vibration dampening for longer life,Wheels & Tires,2025-08-20T00:00:00.000Z,2020,68d0c47d09554c358655174b,modern
,Harley-Davidson,,0.0,23,2025-08-02T00:00:00.000Z,Heavy-duty high strength for improved performance,https://example.com/images/coolant_filter_harley_davidson_model_853.jpg,Harley-Davidson Model 853,Coolant Filter - Harley-Davidson Model 853,2,1044.0,mid-range,4.2,good,Chappal Bazar Road - Kachiguda,68ac2a8f3c73e23c655de054,17.38953,78.491245,Swathi Automobiles,coolant filter - harley-davidson model 853 harley-davidson filters advanced eco-friendly for increased power,Filters,2025-08-31T00:00:00.000Z,2019,68ac2a8e3c73e23c655de052,modern
,Benelli,,0.0,10,2025-08-18T00:00:00.000Z,Professional grade corrosion resistant for longer life,https://example.com/images/alternator_benelli_model_612.jpg,Benelli Model 612,Alternator - Benelli Model 612,30,3219.0,premium,3.9,average,Khammam,68d136193952f7cf7dee9133,17.249885,80.15615,Mahesh Automobiles,alternator - benelli model 612 benelli electrical professional grade noise reducing for enhanced safety,Electrical,2025-09-05T00:00:00.000Z,2017,68d136193952f7cf7dee9131,modern
,TVS,,0.0,22,2025-09-13T00:00:00.000Z,Heavy-duty eco-friendly for improved performance,https://example.com/images/valve_set_star_city_plus.jpg,Star City Plus,Valve Set - Star City Plus,22,14761.0,premium,4.3,good,Karimnagar,68d135833952f7cf7dee910b,18.435781,79.132861,Mounika Automobiles,valve set - star city plus tvs engine oem quality precision engineered for smoother operation,Engine,2025-08-21T00:00:00.000Z,2019,68d135833952f7cf7dee9109,classic
,TVS,,0.0,18,2025-09-12T00:00:00.000Z,High-performance noise reducing for better handling,https://example.com/images/tail_light_apache_rr_310.jpg,Apache RR 310,Tail Light - Apache RR 310,24,3436.0,premium,4.5,excellent,Bala Nagar,68d1346c3952f7cf7dee90d2,17.475679,78.447328,Kalyan Automobiles,tail light - apache rr 310 tvs lighting high-performance noise reducing for longer life,Lighting,2025-09-06T00:00:00.000Z,2023,68d1346c3952f7cf7dee90d0,modern
,Royal Enfield,,0.0,3,2025-09-07T00:00:00.000Z,Enhanced long lasting for enhanced safety,https://example.com/images/license_plate_light_bullet_350.jpg,Bullet 350,License Plate Light - Bullet 350,20,808.0,mid-range,3.6,average,Bala Nagar,68d1346c3952f7cf7dee90d2,17.475679,78.447328,Kalyan Automobiles,license plate light - bullet 350 royal enfield lighting advanced high strength for better fuel economy,Lighting,2025-08-29T00:00:00.000Z,2023,68d1346c3952f7cf7dee90d0,modern
,Bajaj,,0.0,2,2025-09-20T00:00:00.000Z,Heavy-duty vibration dampening for enhanced durability,https://example.com/images/pressure_plate_pulsar_180.jpg,Pulsar 180,Pressure Plate - Pulsar 180,16,6156.0,premium,3.9,average,Hyderabad,68d133bf3952f7cf7dee90b9,17.511409,78.350972,Jyothi Automobiles,pressure plate - pulsar 180 bajaj transmission advanced precision engineered for reduced maintenance,Transmission,2025-08-10T00:00:00.000Z,2017,68d133bf3952f7cf7dee90b7,modern
,Kawasaki,,0.0,8,2025-09-14T00:00:00.000Z,Advanced vibration dampening for better handling,https://example.com/images/cdi_unit_vulcan_s.jpg,Vulcan S,CDI Unit - Vulcan S,20,3139.0,premium,4.8,excellent,Chappal Bazar Road - Kachiguda,68ac2a8f3c73e23c655de054,17.38953,78.491245,Swathi Automobiles,cdi unit - vulcan s kawasaki electrical enhanced heat treated for reduced maintenance,Electrical,2025-08-25T00:00:00.000Z,2022,68ac2a8e3c73e23c655de052,modern
,Triumph,,0.0,1,2025-08-10T00:00:00.000Z,Lightweight vibration dampening for longer life,https://example.com/images/clutch_spring_triumph_model_682.jpg,Triumph Model 682,Clutch Spring - Triumph Model 682,6,2972.0,premium,3.8,average,Dilshknagar,68d135063952f7cf7dee90f8,17.367642,78.534282,Manoj Automobiles,clutch spring - triumph model 682 triumph transmission high-performance eco-friendly for improved performance,Transmission,2025-09-21T00:00:00.000Z,2021,68d135063952f7cf7dee90f6,modern
,Triumph,,0.0,8,2025-09-20T00:00:00.000Z,High-performance heat treated for smoother operation,https://example.com/images/performance_exhaust_triumph_model_646.jpg,Triumph Model 646,Performance Exhaust - Triumph Model 646,12,8524.0,premium,3.9,average,Dilshknagar,68d135063952f7cf7dee90f8,17.367642,78.534282,Manoj Automobiles,performance exhaust - triumph model 646 triumph exhaust high-performance heat treated for enhanced safety,Exhaust,2025-09-13T00:00:00.000Z,2020,68d135063952f7cf7dee90f6,classic
,Honda,,0.0,8,2025-09-07T00:00:00.000Z,Superior eco-friendly for reduced maintenance,https://example.com/images/transmission_oil_grazia.jpg,Grazia,Transmission Oil - Grazia,26,2936.0,premium,5.0,excellent,Hyderabad,68d133bf3952f7cf7dee90b9,17.511409,78.350972,Jyothi Automobiles,transmission oil - grazia honda transmission durable precision engineered for reduced maintenance,Transmission,2025-08-30T00:00:00.000Z,2023,68d133bf3952f7cf7dee90b7,classic
,Aprilia,,0.0,9,2025-09-07T00:00:00.000Z,Heavy-duty precision engineered for improved performance,https://example.com/images/tool_kit_aprilia_model_796.jpg,Aprilia Model 796,Tool Kit - Aprilia Model 796,9,692.0,mid-range,4.6,excellent,RAMNAGAR COLONY PEERZADIGUDA UPPAL HYDERABAD,689d6959045c37933826818d,17.390358,78.606729,sai automobiles,tool kit - aprilia model 796 aprilia accessories durable long lasting for increased power,Accessories,2025-08-07T00:00:00.000Z,2020,689d6959045c37933826818b,modern
,Mahindra,,0.0,2,2025-08-18T00:00:00.000Z,High-performance vibration dampening for enhanced safety,https://example.com/images/variator_mahindra_model_464.jpg,Mahindra Model 464,Variator - Mahindra Model 464,5,2850.0,premium,4.4,good,RAMNAGAR COLONY PEERZADIGUDA UPPAL HYDERABAD,689d6959045c37933826818d,17.390358,78.606729,sai automobiles,variator - mahindra model 464 mahindra drivetrain durable noise reducing for increased power,Drivetrain,2025-08-04T00:00:00.000Z,2023,689d6959045c37933826818b,modern
,BMW,,0.0,25,2025-08-31T00:00:00.000Z,High-performance high strength for better handling,https://example.com/images/coolant_pump_bmw_model_950.jpg,BMW Model 950,Coolant Pump - BMW Model 950,29,3447.0,premium,4.3,good,,68d0c47e09554c358655174d,17.423605,78.546314,Tarun Automobiles,coolant pump - bmw model 950 bmw cooling system high-performance eco-friendly for reduced maintenance,Cooling System,2025-08-12T00:00:00.000Z,2022,68d0c47d09554c358655174b,modern
,Benelli,,0.0,4,2025-09-11T00:00:00.000Z,Enhanced noise reducing for better handling,https://example.com/images/gear_shift_lever_benelli_model_650.jpg,Benelli Model 650,Gear Shift Lever - Benelli Model 650,17,6360.0,premium,4.3,good,Dilshknagar,68d135063952f7cf7dee90f8,17.367642,78.534282,Manoj Automobiles,gear shift lever - benelli model 650 benelli transmission lightweight maintenance-free for longer life,Transmission,2025-08-30T00:00:00.000Z,2015,68d135063952f7cf7dee90f6,modern
,KTM,,0.0,18,2025-08-24T00:00:00.000Z,Durable corrosion resistant for improved performance,https://example.com/images/front_tire_790_duke.jpg,790 Duke,Front Tire - 790 Duke,22,5414.0,premium,4.3,good,Dilshknagar,68d135063952f7cf7dee90f8,17.367642,78.534282,Manoj Automobiles,front tire - 790 duke ktm wheels & tires lightweight high strength for smoother operation,Wheels & Tires,2025-08-27T00:00:00.000Z,2017,68d135063952f7cf7dee90f6,modern
,Aprilia,,0.0,7,2025-08-05T00:00:00.000Z,Advanced eco-friendly for smoother operation,https://example.com/images/front_shock_absorber_aprilia_model_541.jpg,Aprilia Model 541,Front Shock Absorber - Aprilia Model 541,6,4746.0,premium,3.6,average,Dilshknagar,68d135063952f7cf7dee90f8,17.367642,78.534282,Manoj Automobiles,front shock absorber - aprilia model 541 aprilia suspension high-performance maintenance-free for smoother operation,Suspension,2025-09-18T00:00:00.000Z,2025,68d135063952f7cf7dee90f6,modern
,Honda,,0.0,14,2025-08-24T00:00:00.000Z,Enhanced precision engineered for increased power,https://example.com/images/mudguard_cb_hornet_2.0.jpg,CB Hornet 2.0,Mudguard - CB Hornet 2.0,24,2666.0,premium,4.6,excellent,,68d0c47e09554c358655174d,17.423605,78.546314,Tarun Automobiles,mudguard - cb hornet 2.0 honda body parts heavy-duty precision engineered for improved performance,Body Parts,2025-08-29T00:00:00.000Z,2022,68d0c47d09554c358655174b,modern
,BMW,,0.0,23,2025-08-29T00:00:00.000Z,Advanced corrosion resistant for longer life,https://example.com/images/wire_wheel_bmw_model_351.jpg,BMW Model 351,Wire Wheel - BMW Model 351,2,9336.0,premium,4.6,excellent,Dilshknagar,68d135063952f7cf7dee90f8,17.367642,78.534282,Manoj Automobiles,wire wheel - bmw model 351 bmw wheels & tires advanced fuel efficient for enhanced durability,Wheels & Tires,2025-09-06T00:00:00.000Z,2015,68d135063952f7cf7dee90f6,modern
,BMW,,0.0,25,2025-08-13T00:00:00.000Z,Lightweight precision engineered for enhanced safety,https://example.com/images/performance_exhaust_bmw_model_225.jpg,BMW Model 225,Performance Exhaust - BMW Model 225,15,12786.0,premium,3.6,average,Hyderabad,68d133bf3952f7cf7dee90b9,17.511409,78.350972,Jyothi Automobiles,performance exhaust - bmw model 225 bmw exhaust lightweight fuel efficient for smoother operation,Exhaust,2025-09-01T00:00:00.000Z,2015,68d133bf3952f7cf7dee90b7,modern
,Ducati,,0.0,4,2025-08-04T00:00:00.000Z,Durable noise reducing for smoother operation,https://example.com/images/cdi_unit_hypermotard.jpg,Hypermotard,CDI Unit - Hypermotard,25,1442.0,mid-range,3.7,average,Hyderabad,68d133bf3952f7cf7dee90b9,17.511409,78.350972,Jyothi Automobiles,cdi unit - hypermotard ducati electrical lightweight precision engineered for improved comfort,Electrical,2025-08-26T00:00:00.000Z,2015,68d133bf3952f7cf7dee90b7,modern
,KTM,,0.0,4,2025-08-16T00:00:00.000Z,Premium quality heat treated for enhanced durability,https://example.com/images/engine_guard_790_duke.jpg,790 Duke,Engine Guard - 790 Duke V1,11,1553.0,mid-range,4.3,good,Hyderabad,68d133bf3952f7cf7dee90b9,17.511409,78.350972,Jyothi Automobiles,engine guard - 790 duke v1 ktm accessories advanced eco-friendly for improved comfort,Accessories,2025-08-14T00:00:00.000Z,2018,68d133bf3952f7cf7dee90b7,modern
,Harley-Davidson,,0.0,19,2025-09-17T00:00:00.000Z,Advanced corrosion resistant for better fuel economy,https://example.com/images/breather_filter_harley_davidson_model_682.jpg,Harley-Davidson Model 682,Breather Filter - Harley-Davidson Model 682,11,639.0,mid-range,4.1,good,Karimnagar,68d135833952f7cf7dee910b,18.435781,79.132861,Mounika Automobiles,breather filter - harley-davidson model 682 harley-davidson filters durable high strength for longer life,Filters,2025-09-16T00:00:00.000Z,2015,68d135833952f7cf7dee9109,classic
,Hero,,0.0,20,2025-08-29T00:00:00.000Z,High-performance vibration dampening for improved comfort,https://example.com/images/rim_glamour.jpg,Glamour,Rim - Glamour,15,7262.0,premium,4.3,good,Mahabubabad,68d134ac3952f7cf7dee90e5,17.594209,80.006903,Shiva sai Automobiles,rim - glamour hero wheels & tires superior fuel efficient for reduced maintenance,Wheels & Tires,2025-08-16T00:00:00.000Z,2022,68d134ac3952f7cf7dee90e3,classic
,Triumph,,0.0,11,2025-09-19T00:00:00.000Z,Durable long lasting for enhanced durability,https://example.com/images/sprocket_cover_triumph_model_855.jpg,Triumph Model 855,Sprocket Cover - Triumph Model 855,1,1623.0,mid-range,3.7,average,RAMNAGAR COLONY PEERZADIGUDA UPPAL HYDERABAD,689d6959045c37933826818d,17.390358,78.606729,sai automobiles,sprocket cover - triumph model 855 triumph transmission lightweight long lasting for improved performance,Transmission,2025-09-17T00:00:00.000Z,2016,689d6959045c37933826818b,modern
,Triumph,,0.0,12,2025-08-25T00:00:00.000Z,Heavy-duty noise reducing for improved comfort,https://example.com/images/steering_head_bearing_triumph_model_688.jpg,Triumph Model 688,Steering Head Bearing - Triumph Model 688,11,4552.0,premium,3.8,average,Hyderabad,68d133bf3952f7cf7dee90b9,17.511409,78.350972,Jyothi Automobiles,steering head bearing - triumph model 688 triumph suspension lightweight vibration dampening for enhanced durability,Suspension,2025-09-14T00:00:00.000Z,2025,68d133bf3952f7cf7dee90b7,modern
,BMW,,0.0,10,2025-09-05T00:00:00.000Z,Professional grade precision engineered for smoother operation,https://example.com/images/fork_tube_bmw_model_609.jpg,BMW Model 609,Fork Tube - BMW Model 609,21,2644.0,premium,4.2,good,Medak,68d135d63952f7cf7dee9120,18.048948,78.269372,baskar Automobiles,fork tube - bmw model 609 bmw suspension durable corrosion resistant for enhanced safety,Suspension,2025-08-22T00:00:00.000Z,2021,68d135d63952f7cf7dee911e,modern
,Suzuki,,0.0,9,2025-08-08T00:00:00.000Z,High-performance corrosion resistant for enhanced durability,https://example.com/images/dashboard_light_v_strom_sx.jpg,V-Strom SX,Dashboard Light - V-Strom SX,21,2412.0,premium,3.9,average,Dilshknagar,68d135063952f7cf7dee90f8,17.367642,78.534282,Manoj Automobiles,dashboard light - v-strom sx suzuki lighting professional grade maintenance-free for increased power,Lighting,2025-08-24T00:00:00.000Z,2022,68d135063952f7cf7dee90f6,classic
,Yamaha,,0.0,20,2025-08-02T00:00:00.000Z,OEM quality long lasting for better fuel economy,https://example.com/images/fuel_gauge_mt_15.jpg,MT-15,Fuel Gauge - MT-15,8,1281.0,mid-range,3.8,average,Hyderabad,68d133bf3952f7cf7dee90b9,17.511409,78.350972,Jyothi Automobiles,fuel gauge - mt-15 yamaha fuel system superior corrosion resistant for better handling,Fuel System,2025-09-09T00:00:00.000Z,2017,68d133bf3952f7cf7dee90b7,modern
,Bajaj,,0.0,19,2025-09-10T00:00:00.000Z,Enhanced maintenance-free for enhanced safety,https://example.com/images/rear_sprocket_pulsar_rs200.jpg,Pulsar RS200,Rear Sprocket - Pulsar RS200,9,1677.0,mid-range,4.5,excellent,RAMNAGAR COLONY PEERZADIGUDA UPPAL HYDERABAD,689d6959045c37933826818d,17.390358,78.606729,sai automobiles,rear sprocket - pulsar rs200 bajaj drivetrain professional grade eco-friendly for improved performance,Drivetrain,2025-08-30T00:00:00.000Z,2019,689d6959045c37933826818b,modern
,Harley-Davidson,,0.0,1,2025-08-18T00:00:00.000Z,Lightweight high strength for increased power,https://example.com/images/spoke_set_harley_davidson_model_636.jpg,Harley-Davidson Model 636,Spoke Set - Harley-Davidson Model 636,11,8322.0,premium,3.8,average,Bala Nagar,68d1346c3952f7cf7dee90d2,17.475679,78.447328,Kalyan Automobiles,spoke set - harley-davidson model 636 harley-davidson wheels & tires advanced vibration dampening for better fuel economy,Wheels & Tires,2025-09-16T00:00:00.000Z,2019,68d1346c3952f7cf7dee90d0,modern
,Bajaj,,0.0,5,2025-08-09T00:00:00.000Z,Enhanced heat treated for enhanced durability,https://example.com/images/brake_fluid_reservoir_dominar_400.jpg,Dominar 400,Brake Fluid Reservoir - Dominar 400,10,1119.0,mid-range,4.4,good,Karimnagar,68d135833952f7cf7dee910b,18.435781,79.132861,Mounika Automobiles,brake fluid reservoir - dominar 400 bajaj brakes advanced noise reducing for increased power,Brakes,2025-09-17T00:00:00.000Z,2025,68d135833952f7cf7dee9109,classic
,Hero,,0.0,5,2025-08-26T00:00:00.000Z,OEM quality fuel efficient for improved performance,https://example.com/images/led_strip_super_splendor.jpg,Super Splendor,LED Strip - Super Splendor,4,1117.0,mid-range,4.7,excellent,Karimnagar,68d135833952f7cf7dee910b,18.435781,79.132861,Mounika Automobiles,led strip - super splendor hero lighting superior eco-friendly for better handling,Lighting,2025-08-09T00:00:00.000Z,2024,68d135833952f7cf7dee9109,classic
,Honda,,0.0,2,2025-08-18T00:00:00.000Z,Lightweight precision engineered for reduced maintenance,https://example.com/images/kick_starter_activa_6g.jpg,Activa 6G,Kick Starter - Activa 6G,11,4774.0,premium,4.6,excellent,Bala Nagar,68d1346c3952f7cf7dee90d2,17.475679,78.447328,Kalyan Automobiles,kick starter - activa 6g honda transmission superior vibration dampening for improved comfort,Transmission,2025-08-04T00:00:00.000Z,2015,68d1346c3952f7cf7dee90d0,classic
,Hero,,0.0,2,2025-09-21T00:00:00.000Z,OEM quality fuel efficient for improved comfort,https://example.com/images/hub_bearing_maestro_edge.jpg,Maestro Edge,Hub Bearing - Maestro Edge,22,4196.0,premium,4.5,excellent,Mahabubabad,68d134ac3952f7cf7dee90e5,17.594209,80.006903,Shiva sai Automobiles,hub bearing - maestro edge hero wheels & tires durable precision engineered for better fuel economy,Wheels & Tires,2025-09-03T00:00:00.000Z,2019,68d134ac3952f7cf7dee90e3,modern
,Triumph,,0.0,2,2025-09-04T00:00:00.000Z,Premium quality long lasting for better handling,https://example.com/images/drive_belt_triumph_model_521.jpg,Triumph Model 521,Drive Belt - Triumph Model 521,11,2448.0,premium,4.5,excellent,Bala Nagar,68d1346c3952f7cf7dee90d2,17.475679,78.447328,Kalyan Automobiles,drive belt - triumph model 521 triumph drivetrain heavy-duty precision engineered for reduced maintenance,Drivetrain,2025-08-18T00:00:00.000Z,2025,68d1346c3952f7cf7dee90d0,classic
,Royal Enfield,,0.0,19,2025-09-17T00:00:00.000Z,Enhanced high strength for better fuel economy,https://example.com/images/variator_super_meteor_650.jpg,Super Meteor 650,Variator - Super Meteor 650,11,1357.0,mid-range,3.6,average,Khammam,68d136193952f7cf7dee9133,17.249885,80.15615,Mahesh Automobiles,variator - super meteor 650 royal enfield drivetrain lightweight long lasting for enhanced safety,Drivetrain,2025-08-03T00:00:00.000Z,2016,68d136193952f7cf7dee9131,modern
,Harley-Davidson,,0.0,22,2025-08-28T00:00:00.000Z,Durable precision engineered for better handling,https://example.com/images/thermostat_harley_davidson_model_768.jpg,Harley-Davidson Model 768,Thermostat - Harley-Davidson Model 768,30,10732.0,premium,4.1,good,Khammam,68d136193952f7cf7dee9133,17.249885,80.15615,Mahesh Automobiles,thermostat - harley-davidson model 768 harley-davidson cooling system lightweight high strength for enhanced safety,Cooling System,2025-08-18T00:00:00.000Z,2021,68d136193952f7cf7dee9131,classic
,Aprilia,,0.0,11,2025-08-21T00:00:00.000Z,Advanced fuel efficient for improved performance,https://example.com/images/spark_plug_wire_aprilia_model_838.jpg,Aprilia Model 838,Spark Plug Wire - Aprilia Model 838,18,588.0,mid-range,4.8,excellent,Dilshknagar,68d135063952f7cf7dee90f8,17.367642,78.534282,Manoj Automobiles,spark plug wire - aprilia model 838 aprilia ignition lightweight noise reducing for longer life,Ignition,2025-08-10T00:00:00.000Z,2018,68d135063952f7cf7dee90f6,modern
,Bajaj,,0.0,4,2025-09-18T00:00:00.000Z,Professional grade long lasting for longer life,https://example.com/images/heat_shield_pulsar_ns200.jpg,Pulsar NS200,Heat Shield - Pulsar NS200,8,8946.0,premium,4.0,good,Khammam,68d136193952f7cf7dee9133,17.249885,80.15615,Mahesh Automobiles,heat shield - pulsar ns200 bajaj exhaust lightweight maintenance-free for improved performance,Exhaust,2025-08-25T00:00:00.000Z,2015,68d136193952f7cf7dee9131,modern
,Yamaha,,0.0,12,2025-09-10T00:00:00.000Z,Durable precision engineered for reduced maintenance,https://example.com/images/universal_joint_aerox_155.jpg,Aerox 155,Universal Joint - Aerox 155,28,2364.0,premium,3.5,average,Karimnagar,68d135833952f7cf7dee910b,18.435781,79.132861,Mounika Automobiles,universal joint - aerox 155 yamaha drivetrain enhanced corrosion resistant for smoother operation,Drivetrain,2025-09-05T00:00:00.000Z,2021,68d135833952f7cf7dee9109,modern
,Kawasaki,,0.0,25,2025-08-27T00:00:00.000Z,High-performance fuel efficient for reduced maintenance,https://example.com/images/vacuum_filter_ninja_400.jpg,Ninja 400,Vacuum Filter - Ninja 400,1,494.0,budget,3.9,average,Karimnagar,68d135833952f7cf7dee910b,18.435781,79.132861,Mounika Automobiles,vacuum filter - ninja 400 kawasaki filters advanced high strength for better handling,Filters,2025-09-17T00:00:00.000Z,2024,68d135833952f7cf7dee9109,classic
,Royal Enfield,,0.0,20,2025-08-01T00:00:00.000Z,Enhanced corrosion resistant for better fuel economy,https://example.com/images/center_stand_hunter_350.jpg,Hunter 350,Center Stand - Hunter 350,14,1688.0,mid-range,4.6,excellent,Karimnagar,68d135833952f7cf7dee910b,18.435781,79.132861,Mounika Automobiles,center stand - hunter 350 royal enfield body parts heavy-duty long lasting for enhanced safety,Body Parts,2025-08-20T00:00:00.000Z,2024,68d135833952f7cf7dee9109,modern
,Yamaha,,0.0,5,2025-09-01T00:00:00.000Z,Enhanced noise reducing for improved performance,https://example.com/images/transmission_oil_fz_s.jpg,FZ-S,Transmission Oil - FZ-S,23,6530.0,premium,4.8,excellent,Khammam,68d136193952f7cf7dee9133,17.249885,80.15615,Mahesh Automobiles,transmission oil - fz-s yamaha transmission enhanced corrosion resistant for improved comfort,Transmission,2025-08-16T00:00:00.000Z,2015,68d136193952f7cf7dee9131,modern
,KTM,,0.0,3,2025-09-13T00:00:00.000Z,Durable precision engineered for increased power,https://example.com/images/front_shock_absorber_duke_390.jpg,Duke 390,Front Shock Absorber - Duke 390,5,4606.0,premium,4.8,excellent,Chappal Bazar Road - Kachiguda,68ac2a8f3c73e23c655de054,17.38953,78.491245,Swathi Automobiles,front shock absorber - duke 390 ktm suspension high-performance high strength for improved comfort,Suspension,2025-08-25T00:00:00.000Z,2016,68ac2a8e3c73e23c655de052,modern
,Benelli,,0.0,2,2025-08-23T00:00:00.000Z,Superior vibration dampening for reduced maintenance,https://example.com/images/starter_relay_benelli_model_750.jpg,Benelli Model 750,Starter Relay - Benelli Model 750,18,875.0,mid-range,4.8,excellent,Hyderabad,68d133bf3952f7cf7dee90b9,17.511409,78.350972,Jyothi Automobiles,starter relay - benelli model 750 benelli ignition high-performance long lasting for better handling,Ignition,2025-09-06T00:00:00.000Z,2017,68d133bf3952f7cf7dee90b7,modern
,Yamaha,,0.0,3,2025-09-06T00:00:00.000Z,Lightweight noise reducing for longer life,https://example.com/images/tool_kit_aerox_155.jpg,Aerox 155,Tool Kit - Aerox 155,17,949.0,mid-range,3.9,average,Khammam,68d136193952f7cf7dee9133,17.249885,80.15615,Mahesh Automobiles,tool kit - aerox 155 yamaha accessories superior heat treated for improved performance,Accessories,2025-08-14T00:00:00.000Z,2017,68d136193952f7cf7dee9131,modern
,Bajaj,,0.0,21,2025-08-30T00:00:00.000Z,Premium quality corrosion resistant for longer life,https://example.com/images/cylinder_head_ct_110x.jpg,CT 110X,Cylinder Head - CT 110X,12,9449.0,premium,3.8,average,,68d0c47e09554c358655174d,17.423605,78.546314,Tarun Automobiles,cylinder head - ct 110x bajaj engine heavy-duty heat treated for reduced maintenance,Engine,2025-08-14T00:00:00.000Z,2020,68d0c47d09554c358655174b,modern
,Suzuki,,0.0,21,2025-08-22T00:00:00.000Z,Premium quality high strength for longer life,https://example.com/images/side_stand_burgman_street.jpg,Burgman Street,Side Stand - Burgman Street,27,1857.0,mid-range,5.0,excellent,Karimnagar,68d135833952f7cf7dee910b,18.435781,79.132861,Mounika Automobiles,side stand - burgman street suzuki body parts superior precision engineered for enhanced durability,Body Parts,2025-09-08T00:00:00.000Z,2016,68d135833952f7cf7dee9109,modern
,Triumph,,0.0,17,2025-09-01T00:00:00.000Z,Premium quality maintenance-free for reduced maintenance,https://example.com/images/tube_triumph_model_450.jpg,Triumph Model 450,Tube - Triumph Model 450,16,1844.0,mid-range,4.0,good,Mahabubabad,68d134ac3952f7cf7dee90e5,17.594209,80.006903,Shiva sai Automobiles,tube - triumph model 450 triumph wheels & tires lightweight long lasting for reduced maintenance,Wheels & Tires,2025-08-04T00:00:00.000Z,2015,68d134ac3952f7cf7dee90e3,modern
,Royal Enfield,,0.0,17,2025-09-11T00:00:00.000Z,Lightweight vibration dampening for improved comfort,https://example.com/images/spoke_set_shotgun_650.jpg,Shotgun 650,Spoke Set - Shotgun 650,23,3134.0,premium,3.9,average,Khammam,68d136193952f7cf7dee9133,17.249885,80.15615,Mahesh Automobiles,spoke set - shotgun 650 royal enfield wheels & tires advanced long lasting for enhanced safety,Wheels & Tires,2025-08-21T00:00:00.000Z,2025,68d136193952f7cf7dee9131,modern
,Yamaha,,0.0,19,2025-08-21T00:00:00.000Z,Lightweight high strength for improved performance,https://example.com/images/clutch_plate_mt_15.jpg,MT-15,Clutch Plate - MT-15,5,2914.0,premium,4.9,excellent,RAMNAGAR COLONY PEERZADIGUDA UPPAL HYDERABAD,689d6959045c37933826818d,17.390358,78.606729,sai automobiles,clutch plate - mt-15 yamaha transmission premium quality high strength for improved performance,Transmission,2025-08-26T00:00:00.000Z,2015,689d6959045c37933826818b,modern
,Harley-Davidson,,0.0,25,2025-08-21T00:00:00.000Z,Heavy-duty eco-friendly for better handling,https://example.com/images/crash_guard_harley_davidson_model_683.jpg,Harley-Davidson Model 683,Crash Guard - Harley-Davidson Model 683,1,793.0,mid-range,4.9,excellent,Karimnagar,68d135833952f7cf7dee910b,18.435781,79.132861,Mounika Automobiles,crash guard - harley-davidson model 683 harley-davidson accessories enhanced noise reducing for better handling,Accessories,2025-09-17T00:00:00.000Z,2020,68d135833952f7cf7dee9109,classic
,Triumph,,0.0,24,2025-08-30T00:00:00.000Z,Durable heat treated for increased power,https://example.com/images/universal_joint_triumph_model_759.jpg,Triumph Model 759,Universal Joint - Triumph Model 759,5,1416.0,mid-range,3.7,average,Dilshknagar,68d135063952f7cf7dee90f8,17.367642,78.534282,Manoj Automobiles,universal joint - triumph model 759 triumph drivetrain durable maintenance-free for better fuel economy,Drivetrain,2025-09-03T00:00:00.000Z,2024,68d135063952f7cf7dee90f6,modern
,Ducati,,0.0,3,2025-09-09T00:00:00.000Z,OEM quality noise reducing for smoother operation,https://example.com/images/spark_plug_multistrada_v4.jpg,Multistrada V4,Spark Plug - Multistrada V4 V1,29,677.0,mid-range,4.7,excellent,Bala Nagar,68d1346c3952f7cf7dee90d2,17.475679,78.447328,Kalyan Automobiles,spark plug - multistrada v4 v1 ducati ignition advanced precision engineered for better handling,Ignition,2025-08-24T00:00:00.000Z,2015,68d1346c3952f7cf7dee90d0,modern
,TVS,,0.0,24,2025-09-03T00:00:00.000Z,High-performance vibration dampening for better fuel economy,https://example.com/images/gear_shift_lever_star_city_plus.jpg,Star City Plus,Gear Shift Lever - Star City Plus,19,6391.0,premium,4.2,good,Mahabubabad,68d134ac3952f7cf7dee90e5,17.594209,80.006903,Shiva sai Automobiles,gear shift lever - star city plus tvs transmission superior corrosion resistant for improved comfort,Transmission,2025-08-06T00:00:00.000Z,2025,68d134ac3952f7cf7dee90e3,classic
,Suzuki,,0.0,22,2025-08-02T00:00:00.000Z,Heavy-duty heat treated for reduced maintenance,https://example.com/images/license_plate_light_hayabusa.jpg,Hayabusa,License Plate Light - Hayabusa,14,2239.0,premium,4.0,good,Medak,68d135d63952f7cf7dee9120,18.048948,78.269372,baskar Automobiles,license plate light - hayabusa suzuki lighting professional grade fuel efficient for better handling,Lighting,2025-09-03T00:00:00.000Z,2020,68d135d63952f7cf7dee911e,classic
,Yamaha,,0.0,10,2025-08-13T00:00:00.000Z,Heavy-duty fuel efficient for improved performance,https://example.com/images/crankshaft_fz_x.jpg,FZ-X,Crankshaft - FZ-X,10,11001.0,premium,4.9,excellent,Karimnagar,68d135833952f7cf7dee910b,18.435781,79.132861,Mounika Automobiles,crankshaft - fz-x yamaha engine professional grade high strength for enhanced safety,Engine,2025-08-02T00:00:00.000Z,2024,68d135833952f7cf7dee9109,modern
,Harley-Davidson,,0.0,13,2025-09-07T00:00:00.000Z,OEM quality high strength for better fuel economy,https://example.com/images/variator_harley_davidson_model_420.jpg,Harley-Davidson Model 420,Variator - Harley-Davidson Model 420,12,2115.0,premium,4.1,good,Karimnagar,68d135833952f7cf7dee910b,18.435781,79.132861,Mounika Automobiles,variator - harley-davidson model 420 harley-davidson drivetrain premium quality maintenance-free for improved performance,Drivetrain,2025-09-06T00:00:00.000Z,2017,68d135833952f7cf7dee9109,modern
,Ducati,,0.0,4,2025-08-05T00:00:00.000Z,Durable maintenance-free for longer life,https://example.com/images/fuel_gauge_hypermotard.jpg,Hypermotard,Fuel Gauge - Hypermotard,17,3492.0,premium,4.8,excellent,Karimnagar,68d135833952f7cf7dee910b,18.435781,79.132861,Mounika Automobiles,fuel gauge - hypermotard ducati fuel system heavy-duty corrosion resistant for better fuel economy,Fuel System,2025-08-20T00:00:00.000Z,2017,68d135833952f7cf7dee9109,classic
,Bajaj,,0.0,17,2025-08-20T00:00:00.000Z,Advanced high strength for smoother operation,https://example.com/images/cylinder_head_platina_110.jpg,Platina 110,Cylinder Head - Platina 110,15,4332.0,premium,3.7,average,Karimnagar,68d135833952f7cf7dee910b,18.435781,79.132861,Mounika Automobiles,cylinder head - platina 110 bajaj engine enhanced vibration dampening for enhanced safety,Engine,2025-08-31T00:00:00.000Z,2018,68d135833952f7cf7dee9109,modern
,Royal Enfield,,0.0,3,2025-08-28T00:00:00.000Z,Advanced fuel efficient for increased power,https://example.com/images/spoke_set_bullet_350.jpg,Bullet 350,Spoke Set - Bullet 350,8,6823.0,premium,4.8,excellent,Khammam,68d136193952f7cf7dee9133,17.249885,80.15615,Mahesh Automobiles,spoke set - bullet 350 royal enfield wheels & tires oem quality eco-friendly for better fuel economy,Wheels & Tires,2025-08-06T00:00:00.000Z,2018,68d136193952f7cf7dee9131,modern
,Benelli,,0.0,5,2025-09-02T00:00:00.000Z,OEM quality maintenance-free for smoother operation,https://example.com/images/seat_cover_benelli_model_298.jpg,Benelli Model 298,Seat Cover - Benelli Model 298,28,699.0,mid-range,4.0,good,Khammam,68d136193952f7cf7dee9133,17.249885,80.15615,Mahesh Automobiles,seat cover - benelli model 298 benelli body parts oem quality corrosion resistant for longer life,Body Parts,2025-08-22T00:00:00.000Z,2018,68d136193952f7cf7dee9131,modern
,Yamaha,,0.0,19,2025-09-18T00:00:00.000Z,Advanced eco-friendly for smoother operation,https://example.com/images/fuel_filter_aerox_155.jpg,Aerox 155,Fuel Filter - Aerox 155,11,654.0,mid-range,5.0,excellent,Mahabubabad,68d134ac3952f7cf7dee90e5,17.594209,80.006903,Shiva sai Automobiles,fuel filter - aerox 155 yamaha filters professional grade high strength for improved comfort,Filters,2025-09-20T00:00:00.000Z,2018,68d134ac3952f7cf7dee90e3,modern
,Royal Enfield,,0.0,1,2025-09-02T00:00:00.000Z,Premium quality corrosion resistant for better handling,https://example.com/images/air_filter_continental_gt_650.jpg,Continental GT 650,Air Filter - Continental GT 650,29,493.0,budget,4.3,good,,68d0c47e09554c358655174d,17.423605,78.546314,Tarun Automobiles,air filter - continental gt 650 royal enfield filters professional grade eco-friendly for smoother operation,Filters,2025-09-01T00:00:00.000Z,2018,68d0c47d09554c358655174b,modern
,Benelli,,0.0,18,2025-08-19T00:00:00.000Z,OEM quality fuel efficient for enhanced durability,https://example.com/images/intercooler_benelli_model_931.jpg,Benelli Model 931,Intercooler - Benelli Model 931,30,4690.0,premium,4.7,excellent,Chappal Bazar Road - Kachiguda,68ac2a8f3c73e23c655de054,17.38953,78.491245,Swathi Automobiles,intercooler - benelli model 931 benelli cooling system premium quality high strength for improved comfort,Cooling System,2025-08-30T00:00:00.000Z,2024,68ac2a8e3c73e23c655de052,classic
,Triumph,,0.0,13,2025-09-20T00:00:00.000Z,Enhanced fuel efficient for smoother operation,https://example.com/images/fork_tube_triumph_model_467.jpg,Triumph Model 467,Fork Tube - Triumph Model 467,10,2837.0,premium,4.0,good,,68d0c47e09554c358655174d,17.423605,78.546314,Tarun Automobiles,fork tube - triumph model 467 triumph suspension superior noise reducing for increased power,Suspension,2025-09-09T00:00:00.000Z,2016,68d0c47d09554c358655174b,classic
,Suzuki,,0.0,12,2025-09-14T00:00:00.000Z,Enhanced fuel efficient for better handling,https://example.com/images/fuel_tank_gixxer.jpg,Gixxer,Fuel Tank - Gixxer,24,5818.0,premium,4.2,good,Bala Nagar,68d1346c3952f7cf7dee90d2,17.475679,78.447328,Kalyan Automobiles,fuel tank - gixxer suzuki fuel system oem quality vibration dampening for enhanced safety,Fuel System,2025-08-24T00:00:00.000Z,2019,68d1346c3952f7cf7dee90d0,classic
,Hero,,0.0,3,2025-09-07T00:00:00.000Z,Advanced maintenance-free for improved performance,https://example.com/images/led_strip_passion_pro.jpg,Passion Pro,LED Strip - Passion Pro,7,1555.0,mid-range,4.0,good,Khammam,68d136193952f7cf7dee9133,17.249885,80.15615,Mahesh Automobiles,led strip - passion pro hero lighting lightweight vibration dampening for better fuel economy,Lighting,2025-08-14T00:00:00.000Z,2023,68d136193952f7cf7dee9131,modern
,Mahindra,,0.0,21,2025-08-05T00:00:00.000Z,Heavy-duty high strength for increased power,https://example.com/images/pressure_plate_mahindra_model_852.jpg,Mahindra Model 852,Pressure Plate - Mahindra Model 852,21,3205.0,premium,4.7,excellent,Khammam,68d136193952f7cf7dee9133,17.249885,80.15615,Mahesh Automobiles,pressure plate - mahindra model 852 mahindra transmission lightweight eco-friendly for improved comfort,Transmission,2025-09-13T00:00:00.000Z,2016,68d136193952f7cf7dee9131,modern
,Royal Enfield,,0.0,12,2025-09-20T00:00:00.000Z,High-performance maintenance-free for better fuel economy,https://example.com/images/piston_kit_continental_gt_650.jpg,Continental GT 650,Piston Kit - Continental GT 650,2,9195.0,premium,4.9,excellent,RAMNAGAR COLONY PEERZADIGUDA UPPAL HYDERABAD,689d6959045c37933826818d,17.390358,78.606729,sai automobiles,piston kit - continental gt 650 royal enfield engine enhanced heat treated for longer life,Engine,2025-09-05T00:00:00.000Z,2023,689d6959045c37933826818b,modern
,Suzuki,,0.0,3,2025-08-12T00:00:00.000Z,OEM quality noise reducing for better fuel economy,https://example.com/images/number_plate_holder_gixxer.jpg,Gixxer,Number Plate Holder - Gixxer,24,1998.0,mid-range,4.3,good,Hyderabad,68d133bf3952f7cf7dee90b9,17.511409,78.350972,Jyothi Automobiles,number plate holder - gixxer suzuki body parts advanced vibration dampening for improved performance,Body Parts,2025-09-13T00:00:00.000Z,2015,68d133bf3952f7cf7dee90b7,modern
,Benelli,,0.0,19,2025-08-07T00:00:00.000Z,Professional grade eco-friendly for enhanced durability,https://example.com/images/air_filter_benelli_model_196.jpg,Benelli Model 196,Air Filter - Benelli Model 196,10,317.0,budget,4.3,good,Dilshknagar,68d135063952f7cf7dee90f8,17.367642,78.534282,Manoj Automobiles,air filter - benelli model 196 benelli filters high-performance noise reducing for smoother operation,Filters,2025-08-17T00:00:00.000Z,2020,68d135063952f7cf7dee90f6,modern
,Benelli,,0.0,14,2025-09-18T00:00:00.000Z,Advanced maintenance-free for increased power,https://example.com/images/fog_light_benelli_model_922.jpg,Benelli Model 922,Fog Light - Benelli Model 922,21,3836.0,premium,4.1,good,RAMNAGAR COLONY PEERZADIGUDA UPPAL HYDERABAD,689d6959045c37933826818d,17.390358,78.606729,sai automobiles,fog light - benelli model 922 benelli lighting durable maintenance-free for better handling,Lighting,2025-08-16T00:00:00.000Z,2019,689d6959045c37933826818b,modern
,TVS,,0.0,15,2025-08-22T00:00:00.000Z,Premium quality maintenance-free for better handling,https://example.com/images/brake_hose_star_city_plus.jpg,Star City Plus,Brake Hose - Star City Plus,10,422.0,budget,3.9,average,Dilshknagar,68d135063952f7cf7dee90f8,17.367642,78.534282,Manoj Automobiles,brake hose - star city plus tvs brakes advanced long lasting for better handling,Brakes,2025-08-30T00:00:00.000Z,2024,68d135063952f7cf7dee90f6,classic
,Triumph,,0.0,24,2025-09-13T00:00:00.000Z,Heavy-duty precision engineered for smoother operation,https://example.com/images/vacuum_filter_triumph_model_648.jpg,Triumph Model 648,Vacuum Filter - Triumph Model 648,12,492.0,budget,4.9,excellent,RAMNAGAR COLONY PEERZADIGUDA UPPAL HYDERABAD,689d6959045c37933826818d,17.390358,78.606729,sai automobiles,vacuum filter - triumph model 648 triumph filters lightweight noise reducing for improved performance,Filters,2025-09-12T00:00:00.000Z,2020,689d6959045c37933826818b,classic
,Mahindra,,0.0,23,2025-09-19T00:00:00.000Z,High-performance vibration dampening for increased power,https://example.com/images/spark_plug_wire_mahindra_model_483.jpg,Mahindra Model 483,Spark Plug Wire - Mahindra Model 483,16,371.0,budget,4.9,excellent,Mahabubabad,68d134ac3952f7cf7dee90e5,17.594209,80.006903,Shiva sai Automobiles,spark plug wire - mahindra model 483 mahindra ignition premium quality corrosion resistant for better fuel economy,Ignition,2025-08-14T00:00:00.000Z,2021,68d134ac3952f7cf7dee90e3,modern
,BMW,,0.0,5,2025-08-25T00:00:00.000Z,High-performance precision engineered for increased power,https://example.com/images/wheel_balancing_weight_bmw_model_834.jpg,BMW Model 834,Wheel Balancing Weight - BMW Model 834,6,9571.0,premium,4.5,excellent,Hyderabad,68d133bf3952f7cf7dee90b9,17.511409,78.350972,Jyothi Automobiles,wheel balancing weight - bmw model 834 bmw wheels & tires high-performance precision engineered for improved comfort,Wheels & Tires,2025-08-14T00:00:00.000Z,2018,68d133bf3952f7cf7dee90b7,modern
,Royal Enfield,,0.0,10,2025-09-21T00:00:00.000Z,Heavy-duty vibration dampening for enhanced durability,https://example.com/images/suspension_linkage_classic_350.jpg,Classic 350,Suspension Linkage - Classic 350,22,1954.0,mid-range,3.7,average,Khammam,68d136193952f7cf7dee9133,17.249885,80.15615,Mahesh Automobiles,suspension linkage - classic 350 royal enfield suspension high-performance long lasting for longer life,Suspension,2025-08-30T00:00:00.000Z,2021,68d136193952f7cf7dee9131,modern
,Mahindra,,0.0,16,2025-09-14T00:00:00.000Z,Heavy-duty eco-friendly for increased power,https://example.com/images/water_pump_mahindra_model_726.jpg,Mahindra Model 726,Water Pump - Mahindra Model 726,26,7701.0,premium,3.7,average,Dilshknagar,68d135063952f7cf7dee90f8,17.367642,78.534282,Manoj Automobiles,water pump - mahindra model 726 mahindra engine heavy-duty heat treated for reduced maintenance,Engine,2025-09-18T00:00:00.000Z,2024,68d135063952f7cf7dee90f6,modern
,Yamaha,,0.0,5,2025-08-14T00:00:00.000Z,Superior corrosion resistant for better handling,https://example.com/images/performance_exhaust_yzf_r3.jpg,YZF-R3,Performance Exhaust - YZF-R3,17,3754.0,premium,4.7,excellent,RAMNAGAR COLONY PEERZADIGUDA UPPAL HYDERABAD,689d6959045c37933826818d,17.390358,78.606729,sai automobiles,performance exhaust - yzf-r3 yamaha exhaust lightweight precision engineered for increased power,Exhaust,2025-08-31T00:00:00.000Z,2021,689d6959045c37933826818b,modern
,Honda,,0.0,24,2025-08-29T00:00:00.000Z,Premium quality maintenance-free for improved comfort,https://example.com/images/exhaust_gasket_livo.jpg,Livo,Exhaust Gasket - Livo,30,3514.0,premium,4.6,excellent,Medak,68d135d63952f7cf7dee9120,18.048948,78.269372,baskar Automobiles,exhaust gasket - livo honda exhaust lightweight heat treated for better fuel economy,Exhaust,2025-08-11T00:00:00.000Z,2023,68d135d63952f7cf7dee911e,modern
,Triumph,,0.0,6,2025-09-19T00:00:00.000Z,Professional grade vibration dampening for reduced maintenance,https://example.com/images/fuel_pump_triumph_model_135.jpg,Triumph Model 135,Fuel Pump - Triumph Model 135,25,5742.0,premium,4.2,good,,68d0c47e09554c358655174d,17.423605,78.546314,Tarun Automobiles,fuel pump - triumph model 135 triumph fuel system enhanced heat treated for better fuel economy,Fuel System,2025-09-16T00:00:00.000Z,2015,68d0c47d09554c358655174b,modern
,BMW,,0.0,5,2025-09-19T00:00:00.000Z,Lightweight long lasting for enhanced durability,https://example.com/images/ignition_module_bmw_model_806.jpg,BMW Model 806,Ignition Module - BMW Model 806,8,1557.0,mid-range,4.4,good,Medak,68d135d63952f7cf7dee9120,18.048948,78.269372,baskar Automobiles,ignition module - bmw model 806 bmw ignition oem quality precision engineered for longer life,Ignition,2025-09-20T00:00:00.000Z,2015,68d135d63952f7cf7dee911e,modern
,KTM,,0.0,16,2025-08-05T00:00:00.000Z,Professional grade long lasting for improved performance,https://example.com/images/battery_duke_200.jpg,Duke 200,Battery - Duke 200,15,1146.0,mid-range,4.3,good,Medak,68d135d63952f7cf7dee9120,18.048948,78.269372,baskar Automobiles,battery - duke 200 ktm electrical enhanced noise reducing for better fuel economy,Electrical,2025-08-31T00:00:00.000Z,2016,68d135d63952f7cf7dee911e,modern
,Ducati,,0.0,23,2025-08-15T00:00:00.000Z,Durable noise reducing for reduced maintenance,https://example.com/images/carbon_filter_panigale_v4.jpg,Panigale V4,Carbon Filter - Panigale V4,6,271.0,budget,3.5,average,Khammam,68d136193952f7cf7dee9133,17.249885,80.15615,Mahesh Automobiles,carbon filter - panigale v4 ducati filters enhanced long lasting for enhanced safety,Filters,2025-08-24T00:00:00.000Z,2016,68d136193952f7cf7dee9131,modern
,Yamaha,,0.0,24,2025-08-22T00:00:00.000Z,Advanced heat treated for longer life,https://example.com/images/hazard_light_switch_fz_s.jpg,FZ-S,Hazard Light Switch - FZ-S,4,933.0,mid-range,3.9,average,Hyderabad,68d133bf3952f7cf7dee90b9,17.511409,78.350972,Jyothi Automobiles,hazard light switch - fz-s yamaha lighting professional grade long lasting for enhanced safety,Lighting,2025-09-10T00:00:00.000Z,2017,68d133bf3952f7cf7dee90b7,modern
,Mahindra,,0.0,13,2025-09-13T00:00:00.000Z,Premium quality vibration dampening for enhanced durability,https://example.com/images/starter_relay_mahindra_model_755.jpg,Mahindra Model 755,Starter Relay - Mahindra Model 755,9,1195.0,mid-range,4.5,excellent,Mahabubabad,68d134ac3952f7cf7dee90e5,17.594209,80.006903,Shiva sai Automobiles,starter relay - mahindra model 755 mahindra ignition heavy-duty maintenance-free for better fuel economy,Ignition,2025-09-19T00:00:00.000Z,2024,68d134ac3952f7cf7dee90e3,modern
,KTM,,0.0,17,2025-08-24T00:00:00.000Z,Advanced precision engineered for longer life,https://example.com/images/brake_caliper_1290_super_duke_r.jpg,1290 Super Duke R,Brake Caliper - 1290 Super Duke R,10,1779.0,mid-range,4.0,good,Khammam,68d136193952f7cf7dee9133,17.249885,80.15615,Mahesh Automobiles,brake caliper - 1290 super duke r ktm brakes durable high strength for longer life,Brakes,2025-09-07T00:00:00.000Z,2019,68d136193952f7cf7dee9131,modern
,Yamaha,,0.0,6,2025-08-20T00:00:00.000Z,Advanced long lasting for enhanced durability,https://example.com/images/first_aid_kit_fz_s.jpg,FZ-S,First Aid Kit - FZ-S,18,864.0,mid-range,5.0,excellent,Karimnagar,68d135833952f7cf7dee910b,18.435781,79.132861,Mounika Automobiles,first aid kit - fz-s yamaha accessories lightweight precision engineered for enhanced safety,Accessories,2025-08-18T00:00:00.000Z,2017,68d135833952f7cf7dee9109,modern
,Aprilia,,0.0,14,2025-08-02T00:00:00.000Z,Durable fuel efficient for better fuel economy,https://example.com/images/ignition_module_aprilia_model_431.jpg,Aprilia Model 431,Ignition Module - Aprilia Model 431,23,925.0,mid-range,4.8,excellent,Khammam,68d136193952f7cf7dee9133,17.249885,80.15615,Mahesh Automobiles,ignition module - aprilia model 431 aprilia ignition professional grade maintenance-free for longer life,Ignition,2025-08-25T00:00:00.000Z,2020,68d136193952f7cf7dee9131,modern
,Suzuki,,0.0,5,2025-09-04T00:00:00.000Z,Premium quality high strength for enhanced safety,https://example.com/images/muffler_boulevard.jpg,Boulevard,Muffler - Boulevard,28,4305.0,premium,4.1,good,RAMNAGAR COLONY PEERZADIGUDA UPPAL HYDERABAD,689d6959045c37933826818d,17.390358,78.606729,sai automobiles,muffler - boulevard suzuki exhaust oem quality heat treated for increased power,Exhaust,2025-08-11T00:00:00.000Z,2024,689d6959045c37933826818b,classic
,Aprilia,,0.0,22,2025-08-03T00:00:00.000Z,Lightweight precision engineered for enhanced safety,https://example.com/images/abs_module_aprilia_model_547.jpg,Aprilia Model 547,ABS Module - Aprilia Model 547,20,1127.0,mid-range,4.0,good,,68d0c47e09554c358655174d,17.423605,78.546314,Tarun Automobiles,abs module - aprilia model 547 aprilia brakes professional grade fuel efficient for reduced maintenance,Brakes,2025-08-07T00:00:00.000Z,2018,68d0c47d09554c358655174b,classic
,Suzuki,,0.0,14,2025-08-21T00:00:00.000Z,OEM quality precision engineered for better handling,https://example.com/images/silencer_gsx_r1000r.jpg,GSX-R1000R,Silencer - GSX-R1000R,13,2868.0,premium,4.1,good,Mahabubabad,68d134ac3952f7cf7dee90e5,17.594209,80.006903,Shiva sai Automobiles,silencer - gsx-r1000r suzuki exhaust high-performance high strength for increased power,Exhaust,2025-09-18T00:00:00.000Z,2024,68d134ac3952f7cf7dee90e3,classic
,BMW,,0.0,10,2025-09-15T00:00:00.000Z,Durable eco-friendly for enhanced durability,https://example.com/images/first_aid_kit_bmw_model_784.jpg,BMW Model 784,First Aid Kit - BMW Model 784,6,759.0,mid-range,4.3,good,Khammam,68d136193952f7cf7dee9133,17.249885,80.15615,Mahesh Automobiles,first aid kit - bmw model 784 bmw accessories enhanced vibration dampening for longer life,Accessories,2025-08-20T00:00:00.000Z,2025,68d136193952f7cf7dee9131,classic
,Bajaj,,0.0,21,2025-09-12T00:00:00.000Z,Professional grade eco-friendly for enhanced safety,https://example.com/images/headlight_assembly_avenger_160.jpg,Avenger 160,Headlight Assembly - Avenger 160,3,3965.0,premium,3.6,average,,68d0c47e09554c358655174d,17.423605,78.546314,Tarun Automobiles,headlight assembly - avenger 160 bajaj lighting enhanced eco-friendly for reduced maintenance,Lighting,2025-08-29T00:00:00.000Z,2017,68d0c47d09554c358655174b,modern
,Mahindra,,0.0,19,2025-08-10T00:00:00.000Z,Advanced vibration dampening for enhanced safety,https://example.com/images/seat_cover_mahindra_model_728.jpg,Mahindra Model 728,Seat Cover - Mahindra Model 728,3,1384.0,mid-range,3.9,average,,68d0c47e09554c358655174d,17.423605,78.546314,Tarun Automobiles,seat cover - mahindra model 728 mahindra body parts heavy-duty fuel efficient for better handling,Body Parts,2025-08-05T00:00:00.000Z,2017,68d0c47d09554c358655174b,modern
,Mahindra,,0.0,21,2025-09-13T00:00:00.000Z,Durable vibration dampening for enhanced durability,https://example.com/images/air_filter_mahindra_model_805.jpg,Mahindra Model 805,Air Filter - Mahindra Model 805,4,533.0,mid-range,4.4,good,Karimnagar,68d135833952f7cf7dee910b,18.435781,79.132861,Mounika Automobiles,air filter - mahindra model 805 mahindra filters advanced high strength for improved performance,Filters,2025-09-07T00:00:00.000Z,2024,68d135833952f7cf7dee9109,classic
,Mahindra,,0.0,1,2025-08-15T00:00:00.000Z,Premium quality precision engineered for better handling,https://example.com/images/turn_signal_mahindra_model_428.jpg,Mahindra Model 428,Turn Signal - Mahindra Model 428,23,1176.0,mid-range,3.9,average,Mahabubabad,68d134ac3952f7cf7dee90e5,17.594209,80.006903,Shiva sai Automobiles,turn signal - mahindra model 428 mahindra electrical lightweight heat treated for enhanced safety,Electrical,2025-08-29T00:00:00.000Z,2016,68d134ac3952f7cf7dee90e3,modern
,Ducati,,0.0,8,2025-08-15T00:00:00.000Z,High-performance heat treated for better fuel economy,https://example.com/images/horn_scrambler.jpg,Scrambler,Horn - Scrambler,27,4117.0,premium,4.0,good,RAMNAGAR COLONY PEERZADIGUDA UPPAL HYDERABAD,689d6959045c37933826818d,17.390358,78.606729,sai automobiles,horn - scrambler ducati electrical professional grade maintenance-free for improved performance,Electrical,2025-09-09T00:00:00.000Z,2024,689d6959045c37933826818b,classic
,KTM,,0.0,16,2025-09-17T00:00:00.000Z,Enhanced vibration dampening for better handling,https://example.com/images/rear_sprocket_duke_200.jpg,Duke 200,Rear Sprocket - Duke 200,25,1671.0,mid-range,4.6,excellent,,68d0c47e09554c358655174d,17.423605,78.546314,Tarun Automobiles,rear sprocket - duke 200 ktm drivetrain heavy-duty maintenance-free for increased power,Drivetrain,2025-08-27T00:00:00.000Z,2018,68d0c47d09554c358655174b,classic
,Kawasaki,,0.0,15,2025-09-15T00:00:00.000Z,Enhanced heat treated for improved comfort,https://example.com/images/timing_light_z900.jpg,Z900,Timing Light - Z900,8,514.0,mid-range,3.9,average,Hyderabad,68d133bf3952f7cf7dee90b9,17.511409,78.350972,Jyothi Automobiles,timing light - z900 kawasaki ignition superior corrosion resistant for enhanced durability,Ignition,2025-09-14T00:00:00.000Z,2025,68d133bf3952f7cf7dee90b7,modern
,Harley-Davidson,,0.0,22,2025-09-01T00:00:00.000Z,Professional grade fuel efficient for improved comfort,https://example.com/images/clutch_spring_harley_davidson_model_984.jpg,Harley-Davidson Model 984,Clutch Spring - Harley-Davidson Model 984,12,2166.0,premium,4.6,excellent,Medak,68d135d63952f7cf7dee9120,18.048948,78.269372,baskar Automobiles,clutch spring - harley-davidson model 984 harley-davidson transmission oem quality maintenance-free for enhanced durability,Transmission,2025-09-18T00:00:00.000Z,2022,68d135d63952f7cf7dee911e,modern
,Triumph,,0.0,10,2025-09-18T00:00:00.000Z,High-performance high strength for reduced maintenance,https://example.com/images/final_drive_triumph_model_160.jpg,Triumph Model 160,Final Drive - Triumph Model 160,23,4750.0,premium,3.9,average,Medak,68d135d63952f7cf7dee9120,18.048948,78.269372,baskar Automobiles,final drive - triumph model 160 triumph transmission professional grade long lasting for reduced maintenance,Transmission,2025-08-01T00:00:00.000Z,2016,68d135d63952f7cf7dee911e,modern
,Kawasaki,,0.0,5,2025-08-30T00:00:00.000Z,Premium quality long lasting for improved comfort,https://example.com/images/final_drive_oil_vulcan_s.jpg,Vulcan S,Final Drive Oil - Vulcan S,29,1072.0,mid-range,4.9,excellent,Karimnagar,68d135833952f7cf7dee910b,18.435781,79.132861,Mounika Automobiles,final drive oil - vulcan s kawasaki drivetrain enhanced fuel efficient for enhanced durability,Drivetrain,2025-08-01T00:00:00.000Z,2018,68d135833952f7cf7dee9109,modern
,TVS,,0.0,15,2025-09-18T00:00:00.000Z,Professional grade corrosion resistant for longer life,https://example.com/images/gear_box_star_city_plus.jpg,Star City Plus,Gear Box - Star City Plus V1,18,2684.0,premium,3.8,average,Khammam,68d136193952f7cf7dee9133,17.249885,80.15615,Mahesh Automobiles,gear box - star city plus v1 tvs transmission premium quality noise reducing for better handling,Transmission,2025-08-30T00:00:00.000Z,2023,68d136193952f7cf7dee9131,classic
,Bajaj,,0.0,6,2025-08-09T00:00:00.000Z,OEM quality high strength for smoother operation,https://example.com/images/coil_dominar_400.jpg,Dominar 400,Coil - Dominar 400,28,4413.0,premium,4.9,excellent,Khammam,68d136193952f7cf7dee9133,17.249885,80.15615,Mahesh Automobiles,coil - dominar 400 bajaj electrical premium quality fuel efficient for longer life,Electrical,2025-09-14T00:00:00.000Z,2017,68d136193952f7cf7dee9131,classic
,TVS,,0.0,14,2025-08-08T00:00:00.000Z,Lightweight corrosion resistant for enhanced durability,https://example.com/images/tank_bag_radeon.jpg,Radeon,Tank Bag - Radeon,22,1965.0,mid-range,4.7,excellent,Medak,68d135d63952f7cf7dee9120,18.048948,78.269372,baskar Automobiles,tank bag - radeon tvs accessories superior maintenance-free for smoother operation,Accessories,2025-09-09T00:00:00.000Z,2017,68d135d63952f7cf7dee911e,modern
,Aprilia,,0.0,17,2025-08-12T00:00:00.000Z,OEM quality precision engineered for better handling,https://example.com/images/rear_spring_aprilia_model_663.jpg,Aprilia Model 663,Rear Spring - Aprilia Model 663,30,2013.0,premium,3.5,average,Medak,68d135d63952f7cf7dee9120,18.048948,78.269372,baskar Automobiles,rear spring - aprilia model 663 aprilia suspension superior vibration dampening for improved performance,Suspension,2025-08-13T00:00:00.000Z,2025,68d135d63952f7cf7dee911e,classic
,Honda,,0.0,25,2025-09-10T00:00:00.000Z,Premium quality long lasting for better fuel economy,https://example.com/images/universal_joint_cb_hornet_2.0.jpg,CB Hornet 2.0,Universal Joint - CB Hornet 2.0,20,1843.0,mid-range,4.6,excellent,Chappal Bazar Road - Kachiguda,68ac2a8f3c73e23c655de054,17.38953,78.491245,Swathi Automobiles,universal joint - cb hornet 2.0 honda drivetrain premium quality precision engineered for reduced maintenance,Drivetrain,2025-09-20T00:00:00.000Z,2025,68ac2a8e3c73e23c655de052,modern
,Kawasaki,,0.0,8,2025-09-15T00:00:00.000Z,High-performance maintenance-free for improved performance,https://example.com/images/thermostat_z900.jpg,Z900,Thermostat - Z900,11,5931.0,premium,4.3,good,Bala Nagar,68d1346c3952f7cf7dee90d2,17.475679,78.447328,Kalyan Automobiles,thermostat - z900 kawasaki cooling system durable precision engineered for reduced maintenance,Cooling System,2025-08-11T00:00:00.000Z,2022,68d1346c3952f7cf7dee90d0,classic
,TVS,,0.0,6,2025-08-06T00:00:00.000Z,Lightweight eco-friendly for enhanced safety,https://example.com/images/coolant_pump_apache_rtr_180.jpg,Apache RTR 180,Coolant Pump - Apache RTR 180,23,4496.0,premium,4.2,good,Khammam,68d136193952f7cf7dee9133,17.249885,80.15615,Mahesh Automobiles,coolant pump - apache rtr 180 tvs cooling system advanced corrosion resistant for better handling,Cooling System,2025-08-06T00:00:00.000Z,2021,68d136193952f7cf7dee9131,modern
,Benelli,,0.0,16,2025-08-07T00:00:00.000Z,Heavy-duty noise reducing for better fuel economy,https://example.com/images/tire_valve_benelli_model_852.jpg,Benelli Model 852,Tire Valve - Benelli Model 852,26,4471.0,premium,3.8,average,Medak,68d135d63952f7cf7dee9120,18.048948,78.269372,baskar Automobiles,tire valve - benelli model 852 benelli wheels & tires lightweight vibration dampening for better fuel economy,Wheels & Tires,2025-09-10T00:00:00.000Z,2022,68d135d63952f7cf7dee911e,modern
,Hero,,0.0,18,2025-08-17T00:00:00.000Z,Enhanced chemical resistant for superior reliability,https://example.com/images/tire_iron_vida_v1_electric.jpg,Vida V1 Electric,Racing Tire Iron - Vida V1 Electric,39,13363.0,premium,4.4,good,RAMNAGAR COLONY PEERZADIGUDA UPPAL HYDERABAD,689d6959045c37933826818d,17.390358,78.606729,sai automobiles,racing tire iron - vida v1 electric hero wheels & tires advanced long lasting for better handling,Wheels & Tires,2025-08-09T00:00:00.000Z,2025,689d6959045c37933826818b,modern
,Suzuki,,0.0,14,2025-07-16T00:00:00.000Z,Long-lasting chemical resistant for enhanced stability,https://example.com/images/number_plate_holder_sv650.jpg,SV650,Heavy Duty Number Plate Holder - SV650,33,547.0,mid-range,4.1,good,Chappal Bazar Road - Kachiguda,68ac2a8f3c73e23c655de054,17.38953,78.491245,Swathi Automobiles,heavy duty number plate holder - sv650 suzuki body parts high-performance fuel efficient for better fuel economy,Body Parts,2025-08-20T00:00:00.000Z,2015,68ac2a8e3c73e23c655de052,classic
,Jawa,,0.0,10,2025-08-01T00:00:00.000Z,Premium quality precision engineered for enhanced safety,https://example.com/images/fuel_filter_cl_300.jpg,CL 300,OEM Fuel Filter - CL 300,26,858.0,mid-range,4.2,good,,68d0c47e09554c358655174d,17.423605,78.546314,Tarun Automobiles,oem fuel filter - cl 300 jawa filters enhanced eco-friendly for enhanced safety,Filters,2025-09-19T00:00:00.000Z,2023,68d0c47d09554c358655174b,classic
,Aprilia,,0.0,9,2025-09-09T00:00:00.000Z,Heavy-duty corrosion resistant for better handling,https://example.com/images/brake_shoe_shiver_900.jpg,Shiver 900,OEM Brake Shoe - Shiver 900,32,3380.0,premium,3.6,average,Hyderabad,68d133bf3952f7cf7dee90b9,17.511409,78.350972,Jyothi Automobiles,oem brake shoe - shiver 900 aprilia brakes enhanced precision engineered for enhanced stability,Brakes,2025-07-03T00:00:00.000Z,2020,68d133bf3952f7cf7dee90b7,classic
,Harley-Davidson,,0.0,1,2025-09-14T00:00:00.000Z,High-performance wear resistant for longer life,https://example.com/images/header_pipe_road_king.jpg,Road King,Racing Header Pipe - Road King,23,18334.0,premium,5.0,excellent,Bala Nagar,68d1346c3952f7cf7dee90d2,17.475679,78.447328,Kalyan Automobiles,racing header pipe - road king harley-davidson exhaust premium quality corrosion resistant for reduced maintenance,Exhaust,2025-08-26T00:00:00.000Z,2020,68d1346c3952f7cf7dee90d0,classic
,MV Agusta,,0.0,19,2025-07-25T00:00:00.000Z,Heavy-duty chemical resistant for better handling,https://example.com/images/trigger_coil_dragster_800.jpg,Dragster 800,Genuine Trigger Coil - Dragster 800,36,1138.0,mid-range,4.3,good,Mahabubabad,68d134ac3952f7cf7dee90e5,17.594209,80.006903,Shiva sai Automobiles,genuine trigger coil - dragster 800 mv agusta ignition professional grade chemical resistant for optimal efficiency,Ignition,2025-07-21T00:00:00.000Z,2013,68d134ac3952f7cf7dee90e3,classic
,Indian,,0.0,4,2025-09-15T00:00:00.000Z,OEM quality precision engineered for enhanced safety,https://example.com/images/cylinder_block_scout_bobber.jpg,Scout Bobber,Racing Cylinder Block - Scout Bobber,31,21010.0,premium,3.3,poor,Dilshknagar,68d135063952f7cf7dee90f8,17.367642,78.534282,Manoj Automobiles,racing cylinder block - scout bobber indian engine premium quality corrosion resistant for better fuel economy,Engine,2025-09-20T00:00:00.000Z,2011,68d135063952f7cf7dee90f6,classic
,Aprilia,,0.0,2,2025-07-20T00:00:00.000Z,Durable long lasting for optimal efficiency,https://example.com/images/master_cylinder_caponord_1200.jpg,Caponord 1200,Premium Master Cylinder for Caponord 1200,47,3778.0,premium,4.6,excellent,Karimnagar,68d135833952f7cf7dee910b,18.435781,79.132861,Mounika Automobiles,premium master cylinder for caponord 1200 aprilia brakes superior high strength for enhanced stability,Brakes,2025-09-20T00:00:00.000Z,2023,68d135833952f7cf7dee9109,modern
,KTM,,0.0,11,2025-08-06T00:00:00.000Z,Durable noise reducing for enhanced durability,https://example.com/images/belly_pan_duke_200.jpg,Duke 200,Duke 200 Belly Pan,7,3426.0,premium,3.4,poor,Medak,68d135d63952f7cf7dee9120,18.048948,78.269372,baskar Automobiles,duke 200 belly pan ktm body parts premium quality precision engineered for superior reliability,Body Parts,2025-07-22T00:00:00.000Z,2013,68d135d63952f7cf7dee911e,classic
,Harley-Davidson,,0.0,15,2025-08-19T00:00:00.000Z,Advanced fuel efficient for enhanced safety,https://example.com/images/clutch_plate_street_750.jpg,Street 750,Street 750 Clutch Plate,0,11230.0,premium,3.5,average,Khammam,68d136193952f7cf7dee9133,17.249885,80.15615,Mahesh Automobiles,street 750 clutch plate harley-davidson transmission durable wear resistant for improved performance,Transmission,2025-07-23T00:00:00.000Z,2018,68d136193952f7cf7dee9131,classic
,Kawasaki,,0.0,8,2025-09-01T00:00:00.000Z,Racing quality heat treated for reduced maintenance,https://example.com/images/indicator_bulb_zx_6r.jpg,ZX-6R,Indicator Bulb Assembly - ZX-6R,32,1381.0,mid-range,4.6,excellent,RAMNAGAR COLONY PEERZADIGUDA UPPAL HYDERABAD,689d6959045c37933826818d,17.390358,78.606729,sai automobiles,indicator bulb assembly - zx-6r kawasaki lighting street performance chemical resistant for reduced maintenance,Lighting,2025-07-01T00:00:00.000Z,2024,689d6959045c37933826818b,classic
,Triumph,,0.0,7,2025-09-17T00:00:00.000Z,Industrial grade wear resistant for superior reliability,https://example.com/images/exhaust_clamp_scrambler_1200.jpg,Scrambler 1200,Exhaust Clamp Assembly - Scrambler 1200,11,15688.0,premium,3.2,poor,Chappal Bazar Road - Kachiguda,68ac2a8f3c73e23c655de054,17.38953,78.491245,Swathi Automobiles,exhaust clamp assembly - scrambler 1200 triumph exhaust lightweight vibration dampening for reduced maintenance,Exhaust,2025-07-16T00:00:00.000Z,2012,68ac2a8e3c73e23c655de052,modern
,Hero,,0.0,8,2025-08-20T00:00:00.000Z,Precision-made wear resistant for enhanced stability,https://example.com/images/safety_triangle_maestro_edge.jpg,Maestro Edge,Hero Safety Triangle for Maestro Edge,41,3258.0,premium,3.3,poor,,68d0c47e09554c358655174d,17.423605,78.546314,Tarun Automobiles,hero safety triangle for maestro edge hero safety lightweight impact resistant for better handling,Safety,2025-08-25T00:00:00.000Z,2016,68d0c47d09554c358655174b,classic
,Yamaha,,0.0,6,2025-08-10T00:00:00.000Z,Premium quality weather resistant for smoother operation,https://example.com/images/rear_shock_absorber_r15_v4.jpg,R15 V4,Performance Rear Shock Absorber - R15 V4,14,11769.0,premium,4.8,excellent,Hyderabad,68d133bf3952f7cf7dee90b9,17.511409,78.350972,Jyothi Automobiles,performance rear shock absorber - r15 v4 yamaha suspension professional grade temperature stable for reduced maintenance,Suspension,2025-07-19T00:00:00.000Z,2011,68d133bf3952f7cf7dee90b7,modern
,Yezdi,,0.0,30,2025-09-10T00:00:00.000Z,High-performance fuel efficient for superior reliability,https://example.com/images/protective_pants_roadking.jpg,Roadking,Heavy Duty Protective Pants - Roadking,46,6765.0,premium,4.9,excellent,Bala Nagar,68d1346c3952f7cf7dee90d2,17.475679,78.447328,Kalyan Automobiles,heavy duty protective pants - roadking yezdi safety racing quality impact resistant for improved performance,Safety,2025-09-08T00:00:00.000Z,2014,68d1346c3952f7cf7dee90d0,classic
,Bajaj,,0.0,1,2025-08-28T00:00:00.000Z,Industrial grade fuel efficient for better handling,https://example.com/images/brake_light_bulb_avenger_220.jpg,Avenger 220,Brake Light Bulb Assembly - Avenger 220,8,2220.0,mid-range,4.2,good,Mahabubabad,68d134ac3952f7cf7dee90e5,17.594209,80.006903,Shiva sai Automobiles,brake light bulb assembly - avenger 220 bajaj lighting lightweight corrosion resistant for maximum protection,Lighting,2025-07-24T00:00:00.000Z,2013,68d134ac3952f7cf7dee90e3,modern
,Indian,,0.0,29,2025-08-03T00:00:00.000Z,Street performance high strength for optimal efficiency,https://example.com/images/ignition_coil_ftr_1200.jpg,FTR 1200,Genuine Ignition Coil - FTR 1200,34,620.0,mid-range,3.9,average,Dilshknagar,68d135063952f7cf7dee90f8,17.367642,78.534282,Manoj Automobiles,genuine ignition coil - ftr 1200 indian ignition advanced maintenance-free for enhanced stability,Ignition,2025-07-27T00:00:00.000Z,2022,68d135063952f7cf7dee90f6,modern
,Triumph,,0.0,8,2025-07-05T00:00:00.000Z,Professional grade temperature stable for reduced maintenance,https://example.com/images/engine_mount_thruxton_rs.jpg,Thruxton RS,OEM Engine Mount - Thruxton RS,12,2327.0,mid-range,4.1,good,Karimnagar,68d135833952f7cf7dee910b,18.435781,79.132861,Mounika Automobiles,oem engine mount - thruxton rs triumph engine premium quality vibration dampening for smoother operation,Engine,2025-07-04T00:00:00.000Z,2019,68d135833952f7cf7dee9109,classic
,TVS,,0.0,23,2025-09-14T00:00:00.000Z,Advanced corrosion resistant for better handling,https://example.com/images/dashboard_light_xl100.jpg,XL100,Performance Dashboard Light - XL100,20,2247.0,mid-range,4.4,good,Medak,68d135d63952f7cf7dee9120,18.048948,78.269372,baskar Automobiles,performance dashboard light - xl100 tvs lighting long-lasting corrosion resistant for better control,Lighting,2025-09-21T00:00:00.000Z,2020,68d135d63952f7cf7dee911e,classic
,Indian,,0.0,13,2025-09-02T00:00:00.000Z,Professional grade wear resistant for better control,https://example.com/images/turn_signal_light_chief_vintage.jpg,Chief Vintage,Turn Signal Light - Chief Vintage,25,629.0,mid-range,4.0,good,Khammam,68d136193952f7cf7dee9133,17.249885,80.15615,Mahesh Automobiles,turn signal light - chief vintage indian lighting heavy-duty corrosion resistant for enhanced stability,Lighting,2025-07-22T00:00:00.000Z,2012,68d136193952f7cf7dee9131,classic
,Royal Enfield,,0.0,18,2025-07-12T00:00:00.000Z,Advanced precision engineered for better control,https://example.com/images/paper_filter_thunderbird_500.jpg,Thunderbird 500,OEM Paper Filter - Thunderbird 500,43,761.0,mid-range,3.7,average,RAMNAGAR COLONY PEERZADIGUDA UPPAL HYDERABAD,689d6959045c37933826818d,17.390358,78.606729,sai automobiles,oem paper filter - thunderbird 500 royal enfield filters high-performance eco-friendly for improved comfort,Filters,2025-07-09T00:00:00.000Z,2012,689d6959045c37933826818b,modern
,Ducati,,0.0,12,2025-09-08T00:00:00.000Z,High-performance precision engineered for optimal efficiency,https://example.com/images/luggage_rack_panigale_v4.jpg,Panigale V4,Luggage Rack - Panigale V4,18,4813.0,premium,3.8,average,Chappal Bazar Road - Kachiguda,68ac2a8f3c73e23c655de054,17.38953,78.491245,Swathi Automobiles,luggage rack - panigale v4 ducati accessories long-lasting chemical resistant for improved performance,Accessories,2025-07-13T00:00:00.000Z,2012,68ac2a8e3c73e23c655de052,modern
,Honda,,0.0,18,2025-07-27T00:00:00.000Z,High-performance impact resistant for improved performance,https://example.com/images/helmet_dream_yuga.jpg,Dream Yuga,Honda Helmet for Dream Yuga,38,4913.0,premium,4.2,good,,68d0c47e09554c358655174d,17.423605,78.546314,Tarun Automobiles,honda helmet for dream yuga honda safety industrial grade high strength for enhanced durability,Safety,2025-07-08T00:00:00.000Z,2017,68d0c47d09554c358655174b,classic
,MV Agusta,,0.0,8,2025-09-07T00:00:00.000Z,Precision-made weather resistant for better control,https://example.com/images/engine_gasket_set_brutale_1000.jpg,Brutale 1000,Genuine Engine Gasket Set - Brutale 1000,1,9269.0,premium,3.5,average,Hyderabad,68d133bf3952f7cf7dee90b9,17.511409,78.350972,Jyothi Automobiles,genuine engine gasket set - brutale 1000 mv agusta engine street performance maintenance-free for better control,Engine,2025-07-17T00:00:00.000Z,2021,68d133bf3952f7cf7dee90b7,classic
,Triumph,,0.0,13,2025-08-31T00:00:00.000Z,Durable long lasting for maximum protection,https://example.com/images/ground_wire_tiger_900.jpg,Tiger 900,Premium Ground Wire for Tiger 900,6,6357.0,premium,3.9,average,Bala Nagar,68d1346c3952f7cf7dee90d2,17.475679,78.447328,Kalyan Automobiles,premium ground wire for tiger 900 triumph electrical lightweight maintenance-free for enhanced stability,Electrical,2025-09-13T00:00:00.000Z,2024,68d1346c3952f7cf7dee90d0,classic
,Benelli,,0.0,9,2025-09-18T00:00:00.000Z,Precision-made fuel efficient for enhanced durability,https://example.com/images/torque_converter_tnt_1130r.jpg,TNT 1130R,Benelli Torque Converter for TNT 1130R,3,6839.0,premium,3.9,average,Mahabubabad,68d134ac3952f7cf7dee90e5,17.594209,80.006903,Shiva sai Automobiles,benelli torque converter for tnt 1130r benelli drivetrain professional grade wear resistant for enhanced durability,Drivetrain,2025-09-08T00:00:00.000Z,2024,68d134ac3952f7cf7dee90e3,classic
,MV Agusta,,0.0,26,2025-07-30T00:00:00.000Z,Lightweight heat treated for reduced maintenance,https://example.com/images/tube_dragster_800.jpg,Dragster 800,OEM Tube - Dragster 800,25,14603.0,premium,4.0,good,Dilshknagar,68d135063952f7cf7dee90f8,17.367642,78.534282,Manoj Automobiles,oem tube - dragster 800 mv agusta wheels & tires precision-made impact resistant for better fuel economy,Wheels & Tires,2025-09-17T00:00:00.000Z,2024,68d135063952f7cf7dee90f6,modern
,MV Agusta,,0.0,25,2025-09-10T00:00:00.000Z,Advanced corrosion resistant for better fuel economy,https://example.com/images/elbow_guard_rush_1000.jpg,Rush 1000,OEM Elbow Guard - Rush 1000,29,619.0,mid-range,4.5,excellent,Karimnagar,68d135833952f7cf7dee910b,18.435781,79.132861,Mounika Automobiles,oem elbow guard - rush 1000 mv agusta safety durable wear resistant for superior reliability,Safety,2025-07-04T00:00:00.000Z,2011,68d135833952f7cf7dee9109,classic
,TVS,,0.0,12,2025-07-04T00:00:00.000Z,Durable fuel efficient for improved comfort,https://example.com/images/ground_wire_iqube_electric.jpg,iQube Electric,OEM Ground Wire - iQube Electric,17,7724.0,premium,3.9,average,Medak,68d135d63952f7cf7dee9120,18.048948,78.269372,baskar Automobiles,oem ground wire - iqube electric tvs electrical high-performance maintenance-free for increased power,Electrical,2025-08-03T00:00:00.000Z,2024,68d135d63952f7cf7dee911e,classic
,Kawasaki,,0.0,3,2025-09-12T00:00:00.000Z,Enhanced maintenance-free for optimal efficiency,https://example.com/images/starter_relay_ninja_h2.jpg,Ninja H2,Performance Starter Relay - Ninja H2,37,3761.0,premium,4.4,good,Khammam,68d136193952f7cf7dee9133,17.249885,80.15615,Mahesh Automobiles,performance starter relay - ninja h2 kawasaki electrical premium quality precision engineered for reduced maintenance,Electrical,2025-07-24T00:00:00.000Z,2021,68d136193952f7cf7dee9131,modern
,KTM,,0.0,6,2025-08-14T00:00:00.000Z,Durable fuel efficient for improved comfort,https://example.com/images/coolant_pump_duke_200.jpg,Duke 200,Racing Coolant Pump - Duke 200,9,9790.0,premium,4.3,good,RAMNAGAR COLONY PEERZADIGUDA UPPAL HYDERABAD,689d6959045c37933826818d,17.390358,78.606729,sai automobiles,racing coolant pump - duke 200 ktm cooling system superior wear resistant for enhanced stability,Cooling System,2025-08-20T00:00:00.000Z,2012,689d6959045c37933826818b,classic
,MV Agusta,,0.0,27,2025-08-15T00:00:00.000Z,Heavy-duty high strength for improved comfort,https://example.com/images/tool_box_brutale_1000.jpg,Brutale 1000,MV Agusta Tool Box for Brutale 1000,40,2440.0,mid-range,3.7,average,Chappal Bazar Road - Kachiguda,68ac2a8f3c73e23c655de054,17.38953,78.491245,Swathi Automobiles,mv agusta tool box for brutale 1000 mv agusta body parts industrial grade wear resistant for enhanced stability,Body Parts,2025-07-09T00:00:00.000Z,2021,68ac2a8e3c73e23c655de052,classic
,Yezdi,,0.0,11,2025-09-10T00:00:00.000Z,Lightweight maintenance-free for smoother operation,https://example.com/images/safety_triangle_oilking.jpg,Oilking,OEM Safety Triangle - Oilking,40,493.0,budget,4.4,good,,68d0c47e09554c358655174d,17.423605,78.546314,Tarun Automobiles,oem safety triangle - oilking yezdi safety lightweight wear resistant for improved comfort,Safety,2025-09-02T00:00:00.000Z,2011,68d0c47d09554c358655174b,modern
,Jawa,,0.0,14,2025-09-13T00:00:00.000Z,Long-lasting chemical resistant for longer life,https://example.com/images/emergency_kit_cl_300.jpg,CL 300,Emergency Kit Assembly - CL 300,3,5108.0,premium,3.7,average,Hyderabad,68d133bf3952f7cf7dee90b9,17.511409,78.350972,Jyothi Automobiles,emergency kit assembly - cl 300 jawa safety lightweight impact resistant for increased power,Safety,2025-09-20T00:00:00.000Z,2015,68d133bf3952f7cf7dee90b7,classic
,MV Agusta,,0.0,12,2025-08-15T00:00:00.000Z,Superior impact resistant for increased power,https://example.com/images/coil_rush_1000.jpg,Rush 1000,Heavy Duty Coil - Rush 1000,12,7138.0,premium,3.6,average,Bala Nagar,68d1346c3952f7cf7dee90d2,17.475679,78.447328,Kalyan Automobiles,heavy duty coil - rush 1000 mv agusta electrical precision-made impact resistant for longer life,Electrical,2025-08-16T00:00:00.000Z,2018,68d1346c3952f7cf7dee90d0,modern
,Yezdi,,0.0,12,2025-07-07T00:00:00.000Z,Lightweight heat treated for longer life,https://example.com/images/hazard_light_switch_deluxe.jpg,Deluxe,Yezdi Hazard Light Switch for Deluxe,39,3904.0,premium,4.0,good,Mahabubabad,68d134ac3952f7cf7dee90e5,17.594209,80.006903,Shiva sai Automobiles,yezdi hazard light switch for deluxe yezdi lighting enhanced eco-friendly for enhanced safety,Lighting,2025-09-06T00:00:00.000Z,2013,68d134ac3952f7cf7dee90e3,classic
,KTM,,0.0,1,2025-07-13T00:00:00.000Z,High-performance maintenance-free for superior reliability,https://example.com/images/tank_cover_rc_8c.jpg,RC 8C,Heavy Duty Tank Cover - RC 8C,13,3169.0,premium,3.5,average,Dilshknagar,68d135063952f7cf7dee90f8,17.367642,78.534282,Manoj Automobiles,heavy duty tank cover - rc 8c ktm body parts durable fuel efficient for superior reliability,Body Parts,2025-07-08T00:00:00.000Z,2019,68d135063952f7cf7dee90f6,classic
,TVS,,0.0,26,2025-08-17T00:00:00.000Z,High-performance noise reducing for smoother operation,https://example.com/images/mesh_filter_iqube_electric.jpg,iQube Electric,Premium Mesh Filter for iQube Electric,35,494.0,budget,3.3,poor,Karimnagar,68d135833952f7cf7dee910b,18.435781,79.132861,Mounika Automobiles,premium mesh filter for iqube electric tvs filters durable precision engineered for better control,Filters,2025-09-20T00:00:00.000Z,2011,68d135833952f7cf7dee9109,classic
,Yezdi,,0.0,25,2025-07-12T00:00:00.000Z,OEM quality wear resistant for reduced maintenance,https://example.com/images/radiator_roadking.jpg,Roadking,Radiator - Roadking,21,1708.0,mid-range,3.4,poor,Medak,68d135d63952f7cf7dee9120,18.048948,78.269372,baskar Automobiles,radiator - roadking yezdi cooling system racing quality maintenance-free for optimal efficiency,Cooling System,2025-08-20T00:00:00.000Z,2014,68d135d63952f7cf7dee911e,classic
,Aprilia,,0.0,6,2025-07-24T00:00:00.000Z,Durable chemical resistant for maximum protection,https://example.com/images/mid_pipe_sxr_160.jpg,SXR 160,Racing Mid Pipe - SXR 160,22,13542.0,premium,4.7,excellent,Khammam,68d136193952f7cf7dee9133,17.249885,80.15615,Mahesh Automobiles,racing mid pipe - sxr 160 aprilia exhaust long-lasting wear resistant for reduced maintenance,Exhaust,2025-07-12T00:00:00.000Z,2017,68d136193952f7cf7dee9131,classic
,Royal Enfield,,0.0,2,2025-07-03T00:00:00.000Z,Durable long lasting for reduced maintenance,https://example.com/images/riding_jacket_machismo.jpg,Machismo,Royal Enfield Riding Jacket for Machismo,38,8229.0,premium,3.5,average,RAMNAGAR COLONY PEERZADIGUDA UPPAL HYDERABAD,689d6959045c37933826818d,17.390358,78.606729,sai automobiles,royal enfield riding jacket for machismo royal enfield safety racing quality weather resistant for increased power,Safety,2025-08-23T00:00:00.000Z,2013,689d6959045c37933826818b,modern
,Yezdi,,0.0,16,2025-07-29T00:00:00.000Z,Durable long lasting for enhanced durability,https://example.com/images/windshield_roadster.jpg,Roadster,Heavy Duty Windshield - Roadster,38,3319.0,premium,3.8,average,Chappal Bazar Road - Kachiguda,68ac2a8f3c73e23c655de054,17.38953,78.491245,Swathi Automobiles,heavy duty windshield - roadster yezdi accessories enhanced chemical resistant for enhanced durability,Accessories,2025-09-18T00:00:00.000Z,2017,68ac2a8e3c73e23c655de052,modern
,Benelli,,0.0,7,2025-09-01T00:00:00.000Z,Advanced impact resistant for improved performance,https://example.com/images/belt_guard_leoncino_500.jpg,Leoncino 500,Leoncino 500 Belt Guard,33,6078.0,premium,4.7,excellent,,68d0c47e09554c358655174d,17.423605,78.546314,Tarun Automobiles,leoncino 500 belt guard benelli drivetrain professional grade corrosion resistant for longer life,Drivetrain,2025-07-12T00:00:00.000Z,2014,68d0c47d09554c358655174b,modern
,Aprilia,,0.0,12,2025-08-17T00:00:00.000Z,High-performance vibration dampening for enhanced safety,https://example.com/images/turn_signal_light_tuono_660.jpg,Tuono 660,Aprilia Turn Signal Light for Tuono 660,24,1417.0,mid-range,4.4,good,Hyderabad,68d133bf3952f7cf7dee90b9,17.511409,78.350972,Jyothi Automobiles,aprilia turn signal light for tuono 660 aprilia lighting precision-made noise reducing for enhanced durability,Lighting,2025-08-16T00:00:00.000Z,2025,68d133bf3952f7cf7dee90b7,modern
,Benelli,,0.0,8,2025-07-19T00:00:00.000Z,Heavy-duty wear resistant for enhanced safety,https://example.com/images/brake_drum_tnt_135.jpg,TNT 135,Racing Brake Drum - TNT 135,26,3796.0,premium,4.8,excellent,Bala Nagar,68d1346c3952f7cf7dee90d2,17.475679,78.447328,Kalyan Automobiles,racing brake drum - tnt 135 benelli brakes high-performance chemical resistant for better handling,Brakes,2025-08-13T00:00:00.000Z,2014,68d1346c3952f7cf7dee90d0,modern
,Aprilia,,0.0,24,2025-07-28T00:00:00.000Z,Premium quality wear resistant for improved performance,https://example.com/images/compression_adjuster_rsv4.jpg,RSV4,Compression Adjuster - RSV4,7,6856.0,premium,3.6,average,Mahabubabad,68d134ac3952f7cf7dee90e5,17.594209,80.006903,Shiva sai Automobiles,compression adjuster - rsv4 aprilia suspension street performance temperature stable for reduced maintenance,Suspension,2025-07-16T00:00:00.000Z,2021,68d134ac3952f7cf7dee90e3,modern
,Hero,,0.0,19,2025-08-18T00:00:00.000Z,Professional grade precision engineered for optimal efficiency,https://example.com/images/engine_guard_xtreme_160r.jpg,Xtreme 160R,OEM Engine Guard - Xtreme 160R,9,488.0,budget,3.3,poor,Dilshknagar,68d135063952f7cf7dee90f8,17.367642,78.534282,Manoj Automobiles,oem engine guard - xtreme 160r hero accessories street performance wear resistant for better handling,Accessories,2025-07-12T00:00:00.000Z,2014,68d135063952f7cf7dee90f6,modern
,Honda,,0.0,28,2025-08-31T00:00:00.000Z,High-performance maintenance-free for smoother operation,https://example.com/images/tubeless_valve_pcx_150.jpg,PCX 150,Heavy Duty Tubeless Valve - PCX 150,7,12036.0,premium,3.8,average,Karimnagar,68d135833952f7cf7dee910b,18.435781,79.132861,Mounika Automobiles,heavy duty tubeless valve - pcx 150 honda wheels & tires street performance high strength for smoother operation,Wheels & Tires,2025-07-30T00:00:00.000Z,2015,68d135833952f7cf7dee9109,classic
,Ducati,,0.0,11,2025-09-05T00:00:00.000Z,Heavy-duty chemical resistant for better control,https://example.com/images/gasket_maker_scrambler.jpg,Scrambler,Racing Gasket Maker - Scrambler,46,846.0,mid-range,4.2,good,Medak,68d135d63952f7cf7dee9120,18.048948,78.269372,baskar Automobiles,racing gasket maker - scrambler ducati maintenance premium quality corrosion resistant for smoother operation,Maintenance,2025-07-17T00:00:00.000Z,2023,68d135d63952f7cf7dee911e,modern
,KTM,,0.0,18,2025-07-28T00:00:00.000Z,OEM quality maintenance-free for enhanced durability,https://example.com/images/mobile_holder_450_rally.jpg,450 Rally,Performance Mobile Holder - 450 Rally,2,3305.0,premium,5.0,excellent,Khammam,68d136193952f7cf7dee9133,17.249885,80.15615,Mahesh Automobiles,performance mobile holder - 450 rally ktm accessories superior noise reducing for better fuel economy,Accessories,2025-09-01T00:00:00.000Z,2013,68d136193952f7cf7dee9131,modern
,Yezdi,,0.0,23,2025-08-16T00:00:00.000Z,Advanced maintenance-free for maximum protection,https://example.com/images/magnetic_filter_scrambler.jpg,Scrambler,Performance Magnetic Filter - Scrambler,12,580.0,mid-range,4.0,good,RAMNAGAR COLONY PEERZADIGUDA UPPAL HYDERABAD,689d6959045c37933826818d,17.390358,78.606729,sai automobiles,performance magnetic filter - scrambler yezdi filters street performance high strength for reduced maintenance,Filters,2025-09-14T00:00:00.000Z,2012,689d6959045c37933826818b,modern
,Harley-Davidson,,0.0,3,2025-09-10T00:00:00.000Z,Precision-made fuel efficient for enhanced safety,https://example.com/images/tire_iron_sportster_s.jpg,Sportster S,Tire Iron - Sportster S,2,10372.0,premium,3.9,average,Chappal Bazar Road - Kachiguda,68ac2a8f3c73e23c655de054,17.38953,78.491245,Swathi Automobiles,tire iron - sportster s harley-davidson wheels & tires professional grade weather resistant for longer life,Wheels & Tires,2025-08-11T00:00:00.000Z,2012,68ac2a8e3c73e23c655de052,modern
,Harley-Davidson,,0.0,8,2025-09-07T00:00:00.000Z,Advanced chemical resistant for longer life,https://example.com/images/distributor_road_king.jpg,Road King,OEM Distributor - Road King,15,1326.0,mid-range,4.6,excellent,,68d0c47e09554c358655174d,17.423605,78.546314,Tarun Automobiles,oem distributor - road king harley-davidson ignition professional grade high strength for superior reliability,Ignition,2025-07-01T00:00:00.000Z,2012,68d0c47d09554c358655174b,classic
,Benelli,,0.0,23,2025-09-13T00:00:00.000Z,Long-lasting eco-friendly for increased power,https://example.com/images/air_filter_tnt_300.jpg,TNT 300,Air Filter Assembly - TNT 300,14,1265.0,mid-range,3.9,average,Hyderabad,68d133bf3952f7cf7dee90b9,17.511409,78.350972,Jyothi Automobiles,air filter assembly - tnt 300 benelli filters durable precision engineered for enhanced safety,Filters,2025-08-04T00:00:00.000Z,2013,68d133bf3952f7cf7dee90b7,classic
,Triumph,,0.0,17,2025-08-24T00:00:00.000Z,Premium quality eco-friendly for smoother operation,https://example.com/images/wheel_hub_tiger_1200.jpg,Tiger 1200,Racing Wheel Hub - Tiger 1200,45,7113.0,premium,4.4,good,Bala Nagar,68d1346c3952f7cf7dee90d2,17.475679,78.447328,Kalyan Automobiles,racing wheel hub - tiger 1200 triumph wheels & tires professional grade temperature stable for better handling,Wheels & Tires,2025-09-09T00:00:00.000Z,2012,68d1346c3952f7cf7dee90d0,classic
,Mahindra,,0.0,10,2025-08-12T00:00:00.000Z,Superior heat treated for smoother operation,https://example.com/images/timing_chain_mojo.jpg,Mojo,Racing Timing Chain - Mojo,20,17649.0,premium,4.5,excellent,Mahabubabad,68d134ac3952f7cf7dee90e5,17.594209,80.006903,Shiva sai Automobiles,racing timing chain - mojo mahindra engine heavy-duty impact resistant for better handling,Engine,2025-07-14T00:00:00.000Z,2013,68d134ac3952f7cf7dee90e3,classic
,Harley-Davidson,,0.0,21,2025-07-02T00:00:00.000Z,Racing quality high strength for enhanced stability,https://example.com/images/sprocket_bolt_fat_bob.jpg,Fat Bob,Genuine Sprocket Bolt - Fat Bob,8,6251.0,premium,4.2,good,Dilshknagar,68d135063952f7cf7dee90f8,17.367642,78.534282,Manoj Automobiles,genuine sprocket bolt - fat bob harley-davidson drivetrain long-lasting long lasting for superior reliability,Drivetrain,2025-07-16T00:00:00.000Z,2018,68d135063952f7cf7dee90f6,classic
,Yezdi,,0.0,22,2025-08-24T00:00:00.000Z,Industrial grade eco-friendly for improved comfort,https://example.com/images/emergency_blanket_roadking.jpg,Roadking,Emergency Blanket - Roadking,17,1451.0,mid-range,4.7,excellent,Karimnagar,68d135833952f7cf7dee910b,18.435781,79.132861,Mounika Automobiles,emergency blanket - roadking yezdi safety durable fuel efficient for improved comfort,Safety,2025-07-20T00:00:00.000Z,2024,68d135833952f7cf7dee9109,classic
,BMW,,0.0,26,2025-08-09T00:00:00.000Z,Long-lasting eco-friendly for better control,https://example.com/images/cylinder_head_c_400_x.jpg,C 400 X,Premium Cylinder Head for C 400 X,25,8415.0,premium,4.4,good,Medak,68d135d63952f7cf7dee9120,18.048948,78.269372,baskar Automobiles,premium cylinder head for c 400 x bmw engine racing quality corrosion resistant for longer life,Engine,2025-08-24T00:00:00.000Z,2012,68d135d63952f7cf7dee911e,classic
,Kawasaki,,0.0,2,2025-08-17T00:00:00.000Z,Long-lasting vibration dampening for increased power,https://example.com/images/chain_lube_versys_x_300.jpg,Versys-X 300,Chain Lube Assembly - Versys-X 300,20,588.0,mid-range,4.2,good,Khammam,68d136193952f7cf7dee9133,17.249885,80.15615,Mahesh Automobiles,chain lube assembly - versys-x 300 kawasaki maintenance industrial grade corrosion resistant for improved performance,Maintenance,2025-09-06T00:00:00.000Z,2014,68d136193952f7cf7dee9131,modern
,BMW,,0.0,1,2025-07-12T00:00:00.000Z,Premium quality chemical resistant for enhanced stability,https://example.com/images/piston_kit_r_ninet.jpg,R nineT,Performance Piston Kit - R nineT,33,24471.0,premium,4.9,excellent,RAMNAGAR COLONY PEERZADIGUDA UPPAL HYDERABAD,689d6959045c37933826818d,17.390358,78.606729,sai automobiles,performance piston kit - r ninet bmw engine lightweight long lasting for better handling,Engine,2025-08-04T00:00:00.000Z,2019,689d6959045c37933826818b,modern
,Suzuki,,0.0,18,2025-08-25T00:00:00.000Z,High-performance noise reducing for reduced maintenance,https://example.com/images/chest_protector_v_strom_sx.jpg,V-Strom SX,Racing Chest Protector - V-Strom SX,3,5783.0,premium,4.3,good,Chappal Bazar Road - Kachiguda,68ac2a8f3c73e23c655de054,17.38953,78.491245,Swathi Automobiles,racing chest protector - v-strom sx suzuki safety long-lasting high strength for maximum protection,Safety,2025-08-26T00:00:00.000Z,2012,68ac2a8e3c73e23c655de052,modern
,Benelli,,0.0,10,2025-08-05T00:00:00.000Z,Lightweight vibration dampening for better control,https://example.com/images/spark_plug_cap_trk_502.jpg,TRK 502,Performance Spark Plug Cap - TRK 502,23,943.0,mid-range,3.4,poor,,68d0c47e09554c358655174d,17.423605,78.546314,Tarun Automobiles,performance spark plug cap - trk 502 benelli ignition oem quality noise reducing for enhanced durability,Ignition,2025-07-21T00:00:00.000Z,2013,68d0c47d09554c358655174b,modern
,Mahindra,,0.0,13,2025-09-18T00:00:00.000Z,Racing quality chemical resistant for superior reliability,https://example.com/images/side_stand_gusto.jpg,Gusto,Genuine Side Stand - Gusto,28,4166.0,premium,3.6,average,Hyderabad,68d133bf3952f7cf7dee90b9,17.511409,78.350972,Jyothi Automobiles,genuine side stand - gusto mahindra body parts street performance long lasting for improved comfort,Body Parts,2025-08-02T00:00:00.000Z,2013,68d133bf3952f7cf7dee90b7,classic
,Kawasaki,,0.0,16,2025-07-15T00:00:00.000Z,Durable precision engineered for improved comfort,https://example.com/images/air_box_versys_x_300.jpg,Versys-X 300,Performance Air Box - Versys-X 300,19,4066.0,premium,4.0,good,Bala Nagar,68d1346c3952f7cf7dee90d2,17.475679,78.447328,Kalyan Automobiles,performance air box - versys-x 300 kawasaki fuel system street performance high strength for improved performance,Fuel System,2025-08-16T00:00:00.000Z,2023,68d1346c3952f7cf7dee90d0,modern
,Suzuki,,0.0,14,2025-09-09T00:00:00.000Z,Premium quality fuel efficient for superior reliability,https://example.com/images/capacitor_gixxer.jpg,Gixxer,Capacitor Assembly - Gixxer,4,5041.0,premium,4.7,excellent,Mahabubabad,68d134ac3952f7cf7dee90e5,17.594209,80.006903,Shiva sai Automobiles,capacitor assembly - gixxer suzuki electrical precision-made wear resistant for superior reliability,Electrical,2025-08-15T00:00:00.000Z,2015,68d134ac3952f7cf7dee90e3,classic
,Aprilia,,0.0,27,2025-08-06T00:00:00.000Z,Superior fuel efficient for longer life,https://example.com/images/horn_dorsoduro_900.jpg,Dorsoduro 900,Premium Horn for Dorsoduro 900,26,1845.0,mid-range,4.5,excellent,Dilshknagar,68d135063952f7cf7dee90f8,17.367642,78.534282,Manoj Automobiles,premium horn for dorsoduro 900 aprilia electrical advanced impact resistant for better handling,Electrical,2025-08-03T00:00:00.000Z,2015,68d135063952f7cf7dee90f6,classic
,Harley-Davidson,,0.0,3,2025-07-21T00:00:00.000Z,Street performance maintenance-free for superior reliability,https://example.com/images/penetrating_oil_road_king.jpg,Road King,Penetrating Oil Assembly - Road King,22,498.0,budget,4.4,good,Karimnagar,68d135833952f7cf7dee910b,18.435781,79.132861,Mounika Automobiles,penetrating oil assembly - road king harley-davidson maintenance street performance fuel efficient for smoother operation,Maintenance,2025-07-29T00:00:00.000Z,2012,68d135833952f7cf7dee9109,modern
,MV Agusta,,0.0,22,2025-08-26T00:00:00.000Z,Racing quality vibration dampening for reduced maintenance,https://example.com/images/emergency_blanket_f3_rosso.jpg,F3 Rosso,Genuine Emergency Blanket - F3 Rosso,19,1594.0,mid-range,4.6,excellent,Medak,68d135d63952f7cf7dee9120,18.048948,78.269372,baskar Automobiles,genuine emergency blanket - f3 rosso mv agusta safety high-performance heat treated for maximum protection,Safety,2025-07-26T00:00:00.000Z,2017,68d135d63952f7cf7dee911e,modern
,Indian,,0.0,9,2025-09-15T00:00:00.000Z,Enhanced high strength for optimal efficiency,https://example.com/images/coil_roadmaster.jpg,Roadmaster,Heavy Duty Coil - Roadmaster,49,5797.0,premium,3.9,average,Khammam,68d136193952f7cf7dee9133,17.249885,80.15615,Mahesh Automobiles,heavy duty coil - roadmaster indian electrical heavy-duty precision engineered for reduced maintenance,Electrical,2025-07-09T00:00:00.000Z,2011,68d136193952f7cf7dee9131,modern
,Royal Enfield,,0.0,1,2025-08-19T00:00:00.000Z,Durable impact resistant for optimal efficiency,https://example.com/images/tail_box_super_meteor_650.jpg,Super Meteor 650,Genuine Tail Box - Super Meteor 650,20,4905.0,premium,4.3,good,RAMNAGAR COLONY PEERZADIGUDA UPPAL HYDERABAD,689d6959045c37933826818d,17.390358,78.606729,sai automobiles,genuine tail box - super meteor 650 royal enfield accessories enhanced eco-friendly for maximum protection,Accessories,2025-09-08T00:00:00.000Z,2017,689d6959045c37933826818b,modern
,Yezdi,,0.0,7,2025-07-05T00:00:00.000Z,Superior long lasting for enhanced stability,https://example.com/images/road_flare_oilking.jpg,Oilking,Genuine Road Flare - Oilking,19,7621.0,premium,4.0,good,Chappal Bazar Road - Kachiguda,68ac2a8f3c73e23c655de054,17.38953,78.491245,Swathi Automobiles,genuine road flare - oilking yezdi safety heavy-duty heat treated for superior reliability,Safety,2025-09-01T00:00:00.000Z,2018,68ac2a8e3c73e23c655de052,classic
,Bajaj,,0.0,9,2025-07-16T00:00:00.000Z,Enhanced vibration dampening for reduced maintenance,https://example.com/images/distributor_cap_pulsar_f250.jpg,Pulsar F250,Premium Distributor Cap for Pulsar F250,43,210.0,budget,4.2,good,,68d0c47e09554c358655174d,17.423605,78.546314,Tarun Automobiles,premium distributor cap for pulsar f250 bajaj ignition street performance vibration dampening for better control,Ignition,2025-08-03T00:00:00.000Z,2018,68d0c47d09554c358655174b,classic
,Suzuki,,0.0,13,2025-08-16T00:00:00.000Z,Enhanced maintenance-free for maximum protection,https://example.com/images/engine_oil_access_125.jpg,Access 125,Genuine Engine Oil - Access 125,32,816.0,mid-range,3.2,poor,Hyderabad,68d133bf3952f7cf7dee90b9,17.511409,78.350972,Jyothi Automobiles,genuine engine oil - access 125 suzuki maintenance durable heat treated for enhanced stability,Maintenance,2025-08-09T00:00:00.000Z,2019,68d133bf3952f7cf7dee90b7,classic
,Triumph,,0.0,28,2025-08-14T00:00:00.000Z,Precision-made weather resistant for better fuel economy,https://example.com/images/temperature_gauge_bonneville_t120.jpg,Bonneville T120,Performance Temperature Gauge - Bonneville T120,25,4248.0,premium,3.3,poor,Bala Nagar,68d1346c3952f7cf7dee90d2,17.475679,78.447328,Kalyan Automobiles,performance temperature gauge - bonneville t120 triumph cooling system racing quality temperature stable for longer life,Cooling System,2025-08-25T00:00:00.000Z,2010,68d1346c3952f7cf7dee90d0,classic
,KTM,,0.0,10,2025-09-10T00:00:00.000Z,Long-lasting weather resistant for reduced maintenance,https://example.com/images/turn_signal_1290_super_duke_r.jpg,1290 Super Duke R,Performance Turn Signal - 1290 Super Duke R,6,6943.0,premium,3.4,poor,Mahabubabad,68d134ac3952f7cf7dee90e5,17.594209,80.006903,Shiva sai Automobiles,performance turn signal - 1290 super duke r ktm electrical racing quality fuel efficient for improved performance,Electrical,2025-09-03T00:00:00.000Z,2010,68d134ac3952f7cf7dee90e3,classic
,Suzuki,,0.0,24,2025-07-11T00:00:00.000Z,Lightweight high strength for smoother operation,https://example.com/images/battery_gsx_s750.jpg,GSX-S750,Premium Battery for GSX-S750,5,5801.0,premium,4.8,excellent,Dilshknagar,68d135063952f7cf7dee90f8,17.367642,78.534282,Manoj Automobiles,premium battery for gsx-s750 suzuki electrical high-performance corrosion resistant for better handling,Electrical,2025-09-06T00:00:00.000Z,2024,68d135063952f7cf7dee90f6,classic
,Bajaj,,0.0,4,2025-08-24T00:00:00.000Z,Lightweight weather resistant for superior reliability,https://example.com/images/fuel_pump_pulsar_ns160.jpg,Pulsar NS160,Fuel Pump Assembly - Pulsar NS160,17,9277.0,premium,3.8,average,Karimnagar,68d135833952f7cf7dee910b,18.435781,79.132861,Mounika Automobiles,fuel pump assembly - pulsar ns160 bajaj fuel system industrial grade weather resistant for enhanced durability,Fuel System,2025-09-02T00:00:00.000Z,2022,68d135833952f7cf7dee9109,modern
,Mahindra,,0.0,7,2025-07-05T00:00:00.000Z,Professional grade chemical resistant for improved performance,https://example.com/images/compression_ring_kine.jpg,Kine,Performance Compression Ring - Kine,5,19358.0,premium,3.6,average,Medak,68d135d63952f7cf7dee9120,18.048948,78.269372,baskar Automobiles,performance compression ring - kine mahindra engine heavy-duty vibration dampening for maximum protection,Engine,2025-07-30T00:00:00.000Z,2013,68d135d63952f7cf7dee911e,modern
,Hero,,0.0,21,2025-09-10T00:00:00.000Z,Racing quality temperature stable for enhanced durability,https://example.com/images/handlebar_grip_karizma_xmr.jpg,Karizma XMR,Racing Handlebar Grip - Karizma XMR,28,3959.0,premium,4.3,good,Khammam,68d136193952f7cf7dee9133,17.249885,80.15615,Mahesh Automobiles,racing handlebar grip - karizma xmr hero accessories heavy-duty fuel efficient for better control,Accessories,2025-08-15T00:00:00.000Z,2013,68d136193952f7cf7dee9131,modern
,Honda,,0.0,26,2025-08-11T00:00:00.000Z,Precision-made precision engineered for maximum protection,https://example.com/images/ignition_coil_cbr250r.jpg,CBR250R,Honda Ignition Coil for CBR250R,0,774.0,mid-range,3.5,average,RAMNAGAR COLONY PEERZADIGUDA UPPAL HYDERABAD,689d6959045c37933826818d,17.390358,78.606729,sai automobiles,honda ignition coil for cbr250r honda ignition precision-made corrosion resistant for enhanced safety,Ignition,2025-08-23T00:00:00.000Z,2017,689d6959045c37933826818b,modern
,Royal Enfield,,0.0,29,2025-08-28T00:00:00.000Z,Industrial grade weather resistant for increased power,https://example.com/images/riding_boots_interceptor_650.jpg,Interceptor 650,Heavy Duty Riding Boots - Interceptor 650,10,7431.0,premium,4.8,excellent,Chappal Bazar Road - Kachiguda,68ac2a8f3c73e23c655de054,17.38953,78.491245,Swathi Automobiles,heavy duty riding boots - interceptor 650 royal enfield safety industrial grade long lasting for reduced maintenance,Safety,2025-07-04T00:00:00.000Z,2019,68ac2a8e3c73e23c655de052,modern
,Yezdi,,0.0,24,2025-08-21T00:00:00.000Z,Precision-made noise reducing for enhanced durability,https://example.com/images/carbon_filter_scrambler.jpg,Scrambler,Carbon Filter - Scrambler,29,1008.0,mid-range,4.4,good,,68d0c47e09554c358655174d,17.423605,78.546314,Tarun Automobiles,carbon filter - scrambler yezdi filters industrial grade wear resistant for better fuel economy,Filters,2025-09-17T00:00:00.000Z,2012,68d0c47d09554c358655174b,modern
,MV Agusta,,0.0,26,2025-07-24T00:00:00.000Z,Durable temperature stable for smoother operation,https://example.com/images/riding_gloves_turismo_veloce.jpg,Turismo Veloce,Performance Riding Gloves - Turismo Veloce,40,1780.0,mid-range,3.6,average,Hyderabad,68d133bf3952f7cf7dee90b9,17.511409,78.350972,Jyothi Automobiles,performance riding gloves - turismo veloce mv agusta safety high-performance precision engineered for improved performance,Safety,2025-08-23T00:00:00.000Z,2025,68d133bf3952f7cf7dee90b7,modern
,Suzuki,,0.0,30,2025-08-02T00:00:00.000Z,Premium quality temperature stable for longer life,https://example.com/images/hydraulic_filter_gsx_s750.jpg,GSX-S750,Hydraulic Filter - GSX-S750,5,146.0,budget,4.8,excellent,Bala Nagar,68d1346c3952f7cf7dee90d2,17.475679,78.447328,Kalyan Automobiles,hydraulic filter - gsx-s750 suzuki filters high-performance corrosion resistant for better handling,Filters,2025-07-21T00:00:00.000Z,2012,68d1346c3952f7cf7dee90d0,classic
,Ducati,,0.0,17,2025-08-19T00:00:00.000Z,High-performance precision engineered for better handling,https://example.com/images/rear_cowl_panigale_v2.jpg,Panigale V2,OEM Rear Cowl - Panigale V2,33,1791.0,mid-range,4.9,excellent,Mahabubabad,68d134ac3952f7cf7dee90e5,17.594209,80.006903,Shiva sai Automobiles,oem rear cowl - panigale v2 ducati body parts oem quality temperature stable for increased power,Body Parts,2025-07-12T00:00:00.000Z,2024,68d134ac3952f7cf7dee90e3,modern
,Benelli,,0.0,8,2025-08-10T00:00:00.000Z,Lightweight noise reducing for superior reliability,https://example.com/images/seat_cover_tnt_300.jpg,TNT 300,TNT 300 Seat Cover,27,4575.0,premium,3.3,poor,Dilshknagar,68d135063952f7cf7dee90f8,17.367642,78.534282,Manoj Automobiles,tnt 300 seat cover benelli body parts enhanced noise reducing for optimal efficiency,Body Parts,2025-08-27T00:00:00.000Z,2014,68d135063952f7cf7dee90f6,modern
,Harley-Davidson,,0.0,6,2025-09-03T00:00:00.000Z,Advanced chemical resistant for reduced maintenance,https://example.com/images/air_box_cover_fat_bob.jpg,Fat Bob,Heavy Duty Air Box Cover - Fat Bob,43,4875.0,premium,3.2,poor,Karimnagar,68d135833952f7cf7dee910b,18.435781,79.132861,Mounika Automobiles,heavy duty air box cover - fat bob harley-davidson body parts long-lasting vibration dampening for longer life,Body Parts,2025-08-20T00:00:00.000Z,2025,68d135833952f7cf7dee9109,classic
,Benelli,,0.0,24,2025-09-16T00:00:00.000Z,Superior precision engineered for improved performance,https://example.com/images/suspension_bolt_trk_502.jpg,TRK 502,Suspension Bolt Assembly - TRK 502,47,11910.0,premium,4.3,good,Medak,68d135d63952f7cf7dee9120,18.048948,78.269372,baskar Automobiles,suspension bolt assembly - trk 502 benelli suspension enhanced maintenance-free for reduced maintenance,Suspension,2025-08-27T00:00:00.000Z,2010,68d135d63952f7cf7dee911e,modern
,Bajaj,,0.0,28,2025-07-13T00:00:00.000Z,High-performance eco-friendly for enhanced durability,https://example.com/images/number_plate_holder_avenger_220.jpg,Avenger 220,Number Plate Holder Assembly - Avenger 220,28,1984.0,mid-range,4.5,excellent,Khammam,68d136193952f7cf7dee9133,17.249885,80.15615,Mahesh Automobiles,number plate holder assembly - avenger 220 bajaj body parts oem quality maintenance-free for enhanced safety,Body Parts,2025-08-12T00:00:00.000Z,2015,68d136193952f7cf7dee9131,classic
,Hero,,0.0,3,2025-07-09T00:00:00.000Z,Precision-made corrosion resistant for improved performance,https://example.com/images/headlight_assembly_xtreme_160r.jpg,Xtreme 160R,OEM Headlight Assembly - Xtreme 160R,50,5840.0,premium,3.6,average,RAMNAGAR COLONY PEERZADIGUDA UPPAL HYDERABAD,689d6959045c37933826818d,17.390358,78.606729,sai automobiles,oem headlight assembly - xtreme 160r hero lighting durable fuel efficient for enhanced stability,Lighting,2025-08-18T00:00:00.000Z,2019,689d6959045c37933826818b,classic
,BMW,,0.0,21,2025-09-10T00:00:00.000Z,Heavy-duty fuel efficient for enhanced durability,https://example.com/images/battery_k_1600_gtl.jpg,K 1600 GTL,Genuine Battery - K 1600 GTL,18,7740.0,premium,3.5,average,Chappal Bazar Road - Kachiguda,68ac2a8f3c73e23c655de054,17.38953,78.491245,Swathi Automobiles,genuine battery - k 1600 gtl bmw electrical racing quality vibration dampening for smoother operation,Electrical,2025-09-02T00:00:00.000Z,2017,68ac2a8e3c73e23c655de052,classic
,Jawa,,0.0,25,2025-07-30T00:00:00.000Z,Enhanced precision engineered for smoother operation,https://example.com/images/polish_yezdi_roadster.jpg,Yezdi Roadster,OEM Polish - Yezdi Roadster,32,890.0,mid-range,4.2,good,,68d0c47e09554c358655174d,17.423605,78.546314,Tarun Automobiles,oem polish - yezdi roadster jawa maintenance superior impact resistant for enhanced durability,Maintenance,2025-07-22T00:00:00.000Z,2021,68d0c47d09554c358655174b,classic
,Benelli,,0.0,11,2025-09-17T00:00:00.000Z,Advanced temperature stable for maximum protection,https://example.com/images/starter_relay_tnt_899.jpg,TNT 899,Performance Starter Relay - TNT 899,25,5161.0,premium,4.8,excellent,Hyderabad,68d133bf3952f7cf7dee90b9,17.511409,78.350972,Jyothi Automobiles,performance starter relay - tnt 899 benelli electrical racing quality chemical resistant for superior reliability,Electrical,2025-09-21T00:00:00.000Z,2016,68d133bf3952f7cf7dee90b7,modern
,Bajaj,,0.0,6,2025-08-10T00:00:00.000Z,Professional grade chemical resistant for enhanced safety,https://example.com/images/radiator_cap_v12.jpg,V12,Heavy Duty Radiator Cap - V12,47,5135.0,premium,3.5,average,Bala Nagar,68d1346c3952f7cf7dee90d2,17.475679,78.447328,Kalyan Automobiles,heavy duty radiator cap - v12 bajaj cooling system professional grade weather resistant for better control,Cooling System,2025-09-12T00:00:00.000Z,2021,68d1346c3952f7cf7dee90d0,modern
,KTM,,0.0,9,2025-09-08T00:00:00.000Z,Superior weather resistant for better fuel economy,https://example.com/images/tubeless_valve_890_adventure.jpg,890 Adventure,Genuine Tubeless Valve - 890 Adventure,10,7220.0,premium,4.2,good,Mahabubabad,68d134ac3952f7cf7dee90e5,17.594209,80.006903,Shiva sai Automobiles,genuine tubeless valve - 890 adventure ktm wheels & tires long-lasting high strength for superior reliability,Wheels & Tires,2025-08-17T00:00:00.000Z,2017,68d134ac3952f7cf7dee90e3,modern
,Jawa,,0.0,23,2025-08-25T00:00:00.000Z,OEM quality heat treated for longer life,https://example.com/images/gear_oil_café_racer.jpg,Café Racer,Premium Gear Oil for Café Racer,4,675.0,mid-range,4.1,good,Dilshknagar,68d135063952f7cf7dee90f8,17.367642,78.534282,Manoj Automobiles,premium gear oil for café racer jawa maintenance premium quality eco-friendly for superior reliability,Maintenance,2025-07-28T00:00:00.000Z,2010,68d135063952f7cf7dee90f6,classic
,Mahindra,,0.0,12,2025-07-23T00:00:00.000Z,Precision-made impact resistant for better control,https://example.com/images/temperature_gauge_duro_dz.jpg,Duro DZ,Mahindra Temperature Gauge for Duro DZ,28,2703.0,premium,4.8,excellent,Karimnagar,68d135833952f7cf7dee910b,18.435781,79.132861,Mounika Automobiles,mahindra temperature gauge for duro dz mahindra cooling system advanced fuel efficient for optimal efficiency,Cooling System,2025-09-01T00:00:00.000Z,2017,68d135833952f7cf7dee9109,classic
,Yamaha,,0.0,9,2025-08-06T00:00:00.000Z,Street performance impact resistant for superior reliability,https://example.com/images/chain_guard_alpha.jpg,Alpha,Performance Chain Guard - Alpha,8,6428.0,premium,3.8,average,Medak,68d135d63952f7cf7dee9120,18.048948,78.269372,baskar Automobiles,performance chain guard - alpha yamaha body parts advanced noise reducing for improved comfort,Body Parts,2025-07-13T00:00:00.000Z,2025,68d135d63952f7cf7dee911e,classic
,Mahindra,,0.0,7,2025-09-02T00:00:00.000Z,Street performance impact resistant for longer life,https://example.com/images/variator_mojo.jpg,Mojo,Racing Variator - Mojo,26,5586.0,premium,3.7,average,Khammam,68d136193952f7cf7dee9133,17.249885,80.15615,Mahesh Automobiles,racing variator - mojo mahindra drivetrain long-lasting chemical resistant for improved comfort,Drivetrain,2025-09-04T00:00:00.000Z,2019,68d136193952f7cf7dee9131,classic
,Kawasaki,,0.0,25,2025-07-28T00:00:00.000Z,Street performance maintenance-free for enhanced durability,https://example.com/images/cylinder_block_z900.jpg,Z900,Heavy Duty Cylinder Block - Z900,14,22675.0,premium,4.4,good,RAMNAGAR COLONY PEERZADIGUDA UPPAL HYDERABAD,689d6959045c37933826818d,17.390358,78.606729,sai automobiles,heavy duty cylinder block - z900 kawasaki engine precision-made vibration dampening for improved performance,Engine,2025-07-25T00:00:00.000Z,2019,689d6959045c37933826818b,modern
,Mahindra,,0.0,23,2025-07-16T00:00:00.000Z,Heavy-duty vibration dampening for enhanced stability,https://example.com/images/tool_box_mojo.jpg,Mojo,Racing Tool Box - Mojo,38,7766.0,premium,4.7,excellent,Chappal Bazar Road - Kachiguda,68ac2a8f3c73e23c655de054,17.38953,78.491245,Swathi Automobiles,racing tool box - mojo mahindra body parts durable long lasting for superior reliability,Body Parts,2025-07-31T00:00:00.000Z,2017,68ac2a8e3c73e23c655de052,modern
,BMW,,0.0,11,2025-09-02T00:00:00.000Z,Premium quality weather resistant for enhanced safety,https://example.com/images/rear_sprocket_s_1000_xr.jpg,S 1000 XR,Heavy Duty Rear Sprocket - S 1000 XR,41,7116.0,premium,4.4,good,,68d0c47e09554c358655174d,17.423605,78.546314,Tarun Automobiles,heavy duty rear sprocket - s 1000 xr bmw drivetrain heavy-duty temperature stable for reduced maintenance,Drivetrain,2025-08-14T00:00:00.000Z,2016,68d0c47d09554c358655174b,classic
,Suzuki,,0.0,9,2025-07-28T00:00:00.000Z,High-performance impact resistant for increased power,https://example.com/images/front_shock_absorber_hayabusa.jpg,Hayabusa,Suzuki Front Shock Absorber for Hayabusa,3,14219.0,premium,4.0,good,Hyderabad,68d133bf3952f7cf7dee90b9,17.511409,78.350972,Jyothi Automobiles,suzuki front shock absorber for hayabusa suzuki suspension lightweight heat treated for enhanced stability,Suspension,2025-07-09T00:00:00.000Z,2021,68d133bf3952f7cf7dee90b7,modern
,Kawasaki,,0.0,26,2025-07-02T00:00:00.000Z,OEM quality weather resistant for better control,https://example.com/images/baffle_ninja_650.jpg,Ninja 650,Kawasaki Baffle for Ninja 650,38,15993.0,premium,4.3,good,Bala Nagar,68d1346c3952f7cf7dee90d2,17.475679,78.447328,Kalyan Automobiles,kawasaki baffle for ninja 650 kawasaki exhaust precision-made fuel efficient for enhanced safety,Exhaust,2025-08-07T00:00:00.000Z,2014,68d1346c3952f7cf7dee90d0,classic
,TVS,,0.0,26,2025-09-08T00:00:00.000Z,Long-lasting weather resistant for enhanced durability,https://example.com/images/variator_iqube_electric.jpg,iQube Electric,Variator - iQube Electric,5,4905.0,premium,4.5,excellent,Mahabubabad,68d134ac3952f7cf7dee90e5,17.594209,80.006903,Shiva sai Automobiles,variator - iqube electric tvs drivetrain superior high strength for improved performance,Drivetrain,2025-09-10T00:00:00.000Z,2015,68d134ac3952f7cf7dee90e3,classic
,Mahindra,,0.0,5,2025-09-11T00:00:00.000Z,Industrial grade impact resistant for longer life,https://example.com/images/battery_cable_flyte.jpg,Flyte,Racing Battery Cable - Flyte,22,1082.0,mid-range,4.1,good,Dilshknagar,68d135063952f7cf7dee90f8,17.367642,78.534282,Manoj Automobiles,racing battery cable - flyte mahindra electrical industrial grade corrosion resistant for better fuel economy,Electrical,2025-09-12T00:00:00.000Z,2025,68d135063952f7cf7dee90f6,modern
,Yamaha,,0.0,29,2025-08-18T00:00:00.000Z,Premium quality precision engineered for enhanced safety,https://example.com/images/mesh_filter_saluto_rx.jpg,Saluto RX,Mesh Filter Assembly - Saluto RX,24,463.0,budget,4.4,good,Karimnagar,68d135833952f7cf7dee910b,18.435781,79.132861,Mounika Automobiles,mesh filter assembly - saluto rx yamaha filters lightweight temperature stable for reduced maintenance,Filters,2025-09-03T00:00:00.000Z,2019,68d135833952f7cf7dee9109,modern
,Jawa,,0.0,11,2025-07-01T00:00:00.000Z,Heavy-duty impact resistant for better control,https://example.com/images/petcock_valve_cl_300.jpg,CL 300,Performance Petcock Valve - CL 300,45,9672.0,premium,3.6,average,Medak,68d135d63952f7cf7dee9120,18.048948,78.269372,baskar Automobiles,performance petcock valve - cl 300 jawa fuel system precision-made long lasting for enhanced safety,Fuel System,2025-08-14T00:00:00.000Z,2011,68d135d63952f7cf7dee911e,modern
,Bajaj,,0.0,2,2025-09-11T00:00:00.000Z,OEM quality weather resistant for better control,https://example.com/images/rotor_platina_110.jpg,Platina 110,Racing Rotor - Platina 110,28,475.0,budget,4.4,good,Khammam,68d136193952f7cf7dee9133,17.249885,80.15615,Mahesh Automobiles,racing rotor - platina 110 bajaj ignition lightweight impact resistant for better control,Ignition,2025-07-22T00:00:00.000Z,2025,68d136193952f7cf7dee9131,classic
,Honda,,0.0,13,2025-07-11T00:00:00.000Z,Lightweight vibration dampening for enhanced stability,https://example.com/images/spacer_x_blade.jpg,X-Blade,Heavy Duty Spacer - X-Blade,34,7462.0,premium,3.7,average,RAMNAGAR COLONY PEERZADIGUDA UPPAL HYDERABAD,689d6959045c37933826818d,17.390358,78.606729,sai automobiles,heavy duty spacer - x-blade honda wheels & tires heavy-duty weather resistant for better control,Wheels & Tires,2025-08-18T00:00:00.000Z,2023,689d6959045c37933826818b,classic
,Triumph,,0.0,7,2025-08-06T00:00:00.000Z,Superior noise reducing for smoother operation,https://example.com/images/rebound_adjuster_speed_twin.jpg,Speed Twin,Speed Twin Rebound Adjuster,34,8032.0,premium,4.9,excellent,Chappal Bazar Road - Kachiguda,68ac2a8f3c73e23c655de054,17.38953,78.491245,Swathi Automobiles,speed twin rebound adjuster triumph suspension professional grade weather resistant for better control,Suspension,2025-08-05T00:00:00.000Z,2022,68ac2a8e3c73e23c655de052,modern
,BMW,,0.0,28,2025-09-04T00:00:00.000Z,Superior high strength for better control,https://example.com/images/clutch_hub_r_1250_gs.jpg,R 1250 GS,Clutch Hub - R 1250 GS,32,3137.0,premium,3.8,average,,68d0c47e09554c358655174d,17.423605,78.546314,Tarun Automobiles,clutch hub - r 1250 gs bmw transmission street performance eco-friendly for better control,Transmission,2025-07-18T00:00:00.000Z,2022,68d0c47d09554c358655174b,modern
,MV Agusta,,0.0,16,2025-07-09T00:00:00.000Z,Superior impact resistant for longer life,https://example.com/images/exhaust_spring_dragster_800.jpg,Dragster 800,Exhaust Spring - Dragster 800,27,13626.0,premium,4.8,excellent,Hyderabad,68d133bf3952f7cf7dee90b9,17.511409,78.350972,Jyothi Automobiles,exhaust spring - dragster 800 mv agusta exhaust heavy-duty noise reducing for improved comfort,Exhaust,2025-09-09T00:00:00.000Z,2023,68d133bf3952f7cf7dee90b7,modern
,Kawasaki,,0.0,6,2025-08-28T00:00:00.000Z,Long-lasting heat treated for superior reliability,https://example.com/images/push_rod_z650.jpg,Z650,Premium Push Rod for Z650,1,24196.0,premium,4.9,excellent,Bala Nagar,68d1346c3952f7cf7dee90d2,17.475679,78.447328,Kalyan Automobiles,premium push rod for z650 kawasaki engine oem quality impact resistant for increased power,Engine,2025-07-19T00:00:00.000Z,2017,68d1346c3952f7cf7dee90d0,modern
,Yezdi,,0.0,22,2025-09-14T00:00:00.000Z,Professional grade chemical resistant for enhanced durability,https://example.com/images/rear_brake_pad_roadster.jpg,Roadster,Racing Rear Brake Pad - Roadster,20,2877.0,premium,3.6,average,Mahabubabad,68d134ac3952f7cf7dee90e5,17.594209,80.006903,Shiva sai Automobiles,racing rear brake pad - roadster yezdi brakes industrial grade chemical resistant for improved performance,Brakes,2025-07-09T00:00:00.000Z,2015,68d134ac3952f7cf7dee90e3,classic
,Harley-Davidson,,0.0,17,2025-08-20T00:00:00.000Z,Heavy-duty precision engineered for reduced maintenance,https://example.com/images/starter_motor_forty_eight.jpg,Forty-Eight,Genuine Starter Motor - Forty-Eight,11,1528.0,mid-range,4.7,excellent,Dilshknagar,68d135063952f7cf7dee90f8,17.367642,78.534282,Manoj Automobiles,genuine starter motor - forty-eight harley-davidson electrical street performance chemical resistant for smoother operation,Electrical,2025-09-07T00:00:00.000Z,2014,68d135063952f7cf7dee90f6,classic
,Royal Enfield,,0.0,7,2025-08-18T00:00:00.000Z,Industrial grade fuel efficient for better control,https://example.com/images/brake_fluid_meteor_350.jpg,Meteor 350,OEM Brake Fluid - Meteor 350,4,138.0,budget,3.4,poor,Karimnagar,68d135833952f7cf7dee910b,18.435781,79.132861,Mounika Automobiles,oem brake fluid - meteor 350 royal enfield maintenance long-lasting vibration dampening for better control,Maintenance,2025-07-30T00:00:00.000Z,2011,68d135833952f7cf7dee9109,modern
,Harley-Davidson,,0.0,20,2025-08-07T00:00:00.000Z,Precision-made heat treated for superior reliability,https://example.com/images/radiator_mount_forty_eight.jpg,Forty-Eight,Performance Radiator Mount - Forty-Eight,45,11028.0,premium,3.9,average,Medak,68d135d63952f7cf7dee9120,18.048948,78.269372,baskar Automobiles,performance radiator mount - forty-eight harley-davidson cooling system professional grade eco-friendly for improved performance,Cooling System,2025-09-11T00:00:00.000Z,2023,68d135d63952f7cf7dee911e,modern
,Jawa,,0.0,29,2025-07-02T00:00:00.000Z,Enhanced corrosion resistant for optimal efficiency,https://example.com/images/crank_position_sensor_forty_two.jpg,Forty Two,Racing Crank Position Sensor - Forty Two,13,155.0,budget,4.7,excellent,Khammam,68d136193952f7cf7dee9133,17.249885,80.15615,Mahesh Automobiles,racing crank position sensor - forty two jawa ignition enhanced noise reducing for reduced maintenance,Ignition,2025-07-31T00:00:00.000Z,2012,68d136193952f7cf7dee9131,classic
,Yezdi,,0.0,10,2025-07-15T00:00:00.000Z,Long-lasting long lasting for improved performance,https://example.com/images/cooling_fan_deluxe.jpg,Deluxe,Genuine Cooling Fan - Deluxe,9,1937.0,mid-range,5.0,excellent,RAMNAGAR COLONY PEERZADIGUDA UPPAL HYDERABAD,689d6959045c37933826818d,17.390358,78.606729,sai automobiles,genuine cooling fan - deluxe yezdi cooling system superior heat treated for smoother operation,Cooling System,2025-09-21T00:00:00.000Z,2017,689d6959045c37933826818b,modern
,Yamaha,,0.0,7,2025-07-19T00:00:00.000Z,Premium quality wear resistant for enhanced safety,https://example.com/images/tire_pressure_sensor_ybr_125.jpg,YBR 125,Performance Tire Pressure Sensor - YBR 125,8,11878.0,premium,3.9,average,Chappal Bazar Road - Kachiguda,68ac2a8f3c73e23c655de054,17.38953,78.491245,Swathi Automobiles,performance tire pressure sensor - ybr 125 yamaha wheels & tires long-lasting corrosion resistant for improved comfort,Wheels & Tires,2025-08-23T00:00:00.000Z,2016,68ac2a8e3c73e23c655de052,modern
,Triumph,,0.0,7,2025-07-14T00:00:00.000Z,Street performance high strength for reduced maintenance,https://example.com/images/tire_valve_bonneville_t120.jpg,Bonneville T120,Premium Tire Valve for Bonneville T120,50,5845.0,premium,3.4,poor,,68d0c47e09554c358655174d,17.423605,78.546314,Tarun Automobiles,premium tire valve for bonneville t120 triumph wheels & tires premium quality chemical resistant for improved performance,Wheels & Tires,2025-09-09T00:00:00.000Z,2017,68d0c47d09554c358655174b,classic
,Harley-Davidson,,0.0,25,2025-07-31T00:00:00.000Z,High-performance wear resistant for maximum protection,https://example.com/images/upper_triple_tree_iron_883.jpg,Iron 883,OEM Upper Triple Tree - Iron 883,48,1777.0,mid-range,3.9,average,Hyderabad,68d133bf3952f7cf7dee90b9,17.511409,78.350972,Jyothi Automobiles,oem upper triple tree - iron 883 harley-davidson suspension premium quality precision engineered for reduced maintenance,Suspension,2025-08-30T00:00:00.000Z,2016,68d133bf3952f7cf7dee90b7,classic
,Yezdi,,0.0,7,2025-09-14T00:00:00.000Z,Street performance noise reducing for maximum protection,https://example.com/images/coolant_hose_cl2.jpg,CL2,Coolant Hose Assembly - CL2,41,9553.0,premium,3.6,average,Bala Nagar,68d1346c3952f7cf7dee90d2,17.475679,78.447328,Kalyan Automobiles,coolant hose assembly - cl2 yezdi cooling system professional grade precision engineered for increased power,Cooling System,2025-07-11T00:00:00.000Z,2010,68d1346c3952f7cf7dee90d0,modern
,Royal Enfield,,0.0,17,2025-07-19T00:00:00.000Z,Premium quality long lasting for better control,https://example.com/images/first_aid_kit_machismo.jpg,Machismo,Genuine First Aid Kit - Machismo,47,3545.0,premium,5.0,excellent,Mahabubabad,68d134ac3952f7cf7dee90e5,17.594209,80.006903,Shiva sai Automobiles,genuine first aid kit - machismo royal enfield accessories durable chemical resistant for improved performance,Accessories,2025-07-19T00:00:00.000Z,2019,68d134ac3952f7cf7dee90e3,modern
,Indian,,0.0,5,2025-08-27T00:00:00.000Z,Street performance noise reducing for smoother operation,https://example.com/images/baffle_chief.jpg,Chief,OEM Baffle - Chief,25,4507.0,premium,3.8,average,Dilshknagar,68d135063952f7cf7dee90f8,17.367642,78.534282,Manoj Automobiles,oem baffle - chief indian exhaust precision-made temperature stable for enhanced safety,Exhaust,2025-09-11T00:00:00.000Z,2025,68d135063952f7cf7dee90f6,modern
,Jawa,,0.0,15,2025-08-06T00:00:00.000Z,High-performance high strength for enhanced stability,https://example.com/images/tool_box_cl_300.jpg,CL 300,Tool Box - CL 300,6,5722.0,premium,4.6,excellent,Karimnagar,68d135833952f7cf7dee910b,18.435781,79.132861,Mounika Automobiles,tool box - cl 300 jawa body parts street performance noise reducing for better fuel economy,Body Parts,2025-07-07T00:00:00.000Z,2021,68d135833952f7cf7dee9109,modern
,KTM,,0.0,8,2025-08-11T00:00:00.000Z,Racing quality eco-friendly for improved performance,https://example.com/images/fuse_box_890_adventure.jpg,890 Adventure,Fuse Box - 890 Adventure,4,5656.0,premium,3.9,average,Medak,68d135d63952f7cf7dee9120,18.048948,78.269372,baskar Automobiles,fuse box - 890 adventure ktm electrical racing quality impact resistant for maximum protection,Electrical,2025-09-09T00:00:00.000Z,2016,68d135d63952f7cf7dee911e,modern
,Ducati,,0.0,13,2025-08-28T00:00:00.000Z,Racing quality fuel efficient for improved performance,https://example.com/images/fork_oil_seal_scrambler_icon.jpg,Scrambler Icon,Genuine Fork Oil Seal - Scrambler Icon,36,8378.0,premium,4.1,good,Khammam,68d136193952f7cf7dee9133,17.249885,80.15615,Mahesh Automobiles,genuine fork oil seal - scrambler icon ducati suspension precision-made long lasting for better handling,Suspension,2025-08-03T00:00:00.000Z,2015,68d136193952f7cf7dee9131,modern
,Jawa,,0.0,28,2025-07-06T00:00:00.000Z,Enhanced weather resistant for better fuel economy,https://example.com/images/input_shaft_bobber.jpg,Bobber,Performance Input Shaft - Bobber,22,5755.0,premium,3.4,poor,RAMNAGAR COLONY PEERZADIGUDA UPPAL HYDERABAD,689d6959045c37933826818d,17.390358,78.606729,sai automobiles,performance input shaft - bobber jawa transmission long-lasting noise reducing for optimal efficiency,Transmission,2025-07-23T00:00:00.000Z,2018,689d6959045c37933826818b,classic
,MV Agusta,,0.0,7,2025-08-07T00:00:00.000Z,Professional grade wear resistant for longer life,https://example.com/images/oil_ring_rivale_800.jpg,Rivale 800,Rivale 800 Oil Ring,5,6725.0,premium,4.4,good,Chappal Bazar Road - Kachiguda,68ac2a8f3c73e23c655de054,17.38953,78.491245,Swathi Automobiles,rivale 800 oil ring mv agusta engine long-lasting vibration dampening for reduced maintenance,Engine,2025-07-07T00:00:00.000Z,2018,68ac2a8e3c73e23c655de052,modern
,Aprilia,,0.0,19,2025-08-15T00:00:00.000Z,Long-lasting fuel efficient for increased power,https://example.com/images/exhaust_clamp_caponord_1200.jpg,Caponord 1200,Premium Exhaust Clamp for Caponord 1200,32,9987.0,premium,3.3,poor,,68d0c47e09554c358655174d,17.423605,78.546314,Tarun Automobiles,premium exhaust clamp for caponord 1200 aprilia exhaust superior eco-friendly for longer life,Exhaust,2025-08-01T00:00:00.000Z,2011,68d0c47d09554c358655174b,modern
,Yamaha,,0.0,7,2025-07-21T00:00:00.000Z,OEM quality impact resistant for optimal efficiency,https://example.com/images/radiator_guard_fz_x.jpg,FZ-X,Performance Radiator Guard - FZ-X,32,2985.0,premium,4.0,good,Hyderabad,68d133bf3952f7cf7dee90b9,17.511409,78.350972,Jyothi Automobiles,performance radiator guard - fz-x yamaha cooling system street performance temperature stable for longer life,Cooling System,2025-09-08T00:00:00.000Z,2013,68d133bf3952f7cf7dee90b7,classic
,Mahindra,,0.0,18,2025-09-11T00:00:00.000Z,Industrial grade wear resistant for better fuel economy,https://example.com/images/output_shaft_zesto.jpg,Zesto,Mahindra Output Shaft for Zesto,41,7547.0,premium,3.9,average,Bala Nagar,68d1346c3952f7cf7dee90d2,17.475679,78.447328,Kalyan Automobiles,mahindra output shaft for zesto mahindra transmission superior heat treated for maximum protection,Transmission,2025-07-07T00:00:00.000Z,2010,68d1346c3952f7cf7dee90d0,classic
,MV Agusta,,0.0,21,2025-07-20T00:00:00.000Z,Heavy-duty fuel efficient for better handling,https://example.com/images/clutch_cable_brutale_800.jpg,Brutale 800,Heavy Duty Clutch Cable - Brutale 800,47,11456.0,premium,3.5,average,Mahabubabad,68d134ac3952f7cf7dee90e5,17.594209,80.006903,Shiva sai Automobiles,heavy duty clutch cable - brutale 800 mv agusta transmission industrial grade impact resistant for enhanced safety,Transmission,2025-07-27T00:00:00.000Z,2019,68d134ac3952f7cf7dee90e3,modern
,Kawasaki,,0.0,29,2025-09-08T00:00:00.000Z,Racing quality eco-friendly for improved comfort,https://example.com/images/key_set_z900.jpg,Z900,Key Set - Z900,13,247.0,budget,3.9,average,Dilshknagar,68d135063952f7cf7dee90f8,17.367642,78.534282,Manoj Automobiles,key set - z900 kawasaki ignition high-performance impact resistant for enhanced durability,Ignition,2025-08-31T00:00:00.000Z,2018,68d135063952f7cf7dee90f6,modern
,Indian,,0.0,3,2025-08-14T00:00:00.000Z,Professional grade long lasting for better handling,https://example.com/images/headlight_lens_springfield.jpg,Springfield,OEM Headlight Lens - Springfield,42,4016.0,premium,4.5,excellent,Karimnagar,68d135833952f7cf7dee910b,18.435781,79.132861,Mounika Automobiles,oem headlight lens - springfield indian lighting oem quality wear resistant for increased power,Lighting,2025-08-29T00:00:00.000Z,2013,68d135833952f7cf7dee9109,classic
,Indian,,0.0,5,2025-07-18T00:00:00.000Z,Premium quality fuel efficient for better control,https://example.com/images/master_cylinder_scout_rogue.jpg,Scout Rogue,Heavy Duty Master Cylinder - Scout Rogue,45,3411.0,premium,3.8,average,Medak,68d135d63952f7cf7dee9120,18.048948,78.269372,baskar Automobiles,heavy duty master cylinder - scout rogue indian brakes superior precision engineered for enhanced safety,Brakes,2025-07-18T00:00:00.000Z,2024,68d135d63952f7cf7dee911e,modern
,MV Agusta,,0.0,27,2025-07-10T00:00:00.000Z,Precision-made chemical resistant for improved comfort,https://example.com/images/clutch_plate_brutale_1000.jpg,Brutale 1000,Premium Clutch Plate for Brutale 1000,4,9598.0,premium,4.8,excellent,Khammam,68d136193952f7cf7dee9133,17.249885,80.15615,Mahesh Automobiles,premium clutch plate for brutale 1000 mv agusta transmission enhanced corrosion resistant for enhanced safety,Transmission,2025-08-07T00:00:00.000Z,2020,68d136193952f7cf7dee9131,modern
,Mahindra,,0.0,22,2025-08-01T00:00:00.000Z,Precision-made high strength for enhanced durability,https://example.com/images/spark_plug_duro_dz.jpg,Duro DZ,Spark Plug Assembly - Duro DZ,5,783.0,mid-range,3.8,average,RAMNAGAR COLONY PEERZADIGUDA UPPAL HYDERABAD,689d6959045c37933826818d,17.390358,78.606729,sai automobiles,spark plug assembly - duro dz mahindra ignition industrial grade corrosion resistant for improved performance,Ignition,2025-09-10T00:00:00.000Z,2010,689d6959045c37933826818b,modern
,Royal Enfield,,0.0,21,2025-08-16T00:00:00.000Z,High-performance impact resistant for better control,https://example.com/images/turn_signal_light_continental_gt_650.jpg,Continental GT 650,Turn Signal Light Assembly - Continental GT 650,50,5725.0,premium,3.3,poor,Chappal Bazar Road - Kachiguda,68ac2a8f3c73e23c655de054,17.38953,78.491245,Swathi Automobiles,turn signal light assembly - continental gt 650 royal enfield lighting oem quality vibration dampening for enhanced stability,Lighting,2025-08-04T00:00:00.000Z,2016,68ac2a8e3c73e23c655de052,classic
,BMW,,0.0,19,2025-08-12T00:00:00.000Z,Lightweight fuel efficient for smoother operation,https://example.com/images/flywheel_g_310_r.jpg,G 310 R,OEM Flywheel - G 310 R,27,4709.0,premium,3.8,average,,68d0c47e09554c358655174d,17.423605,78.546314,Tarun Automobiles,oem flywheel - g 310 r bmw engine superior fuel efficient for enhanced stability,Engine,2025-07-11T00:00:00.000Z,2010,68d0c47d09554c358655174b,classic
,Indian,,0.0,2,2025-08-06T00:00:00.000Z,Precision-made corrosion resistant for optimal efficiency,https://example.com/images/low_beam_bulb_ftr_1200.jpg,FTR 1200,OEM Low Beam Bulb - FTR 1200,23,3036.0,premium,4.0,good,Hyderabad,68d133bf3952f7cf7dee90b9,17.511409,78.350972,Jyothi Automobiles,oem low beam bulb - ftr 1200 indian lighting industrial grade corrosion resistant for longer life,Lighting,2025-08-05T00:00:00.000Z,2021,68d133bf3952f7cf7dee90b7,modern
,Honda,,0.0,23,2025-07-28T00:00:00.000Z,Industrial grade maintenance-free for enhanced durability,https://example.com/images/capacitor_x_blade.jpg,X-Blade,Genuine Capacitor - X-Blade,22,4254.0,premium,4.3,good,Bala Nagar,68d1346c3952f7cf7dee90d2,17.475679,78.447328,Kalyan Automobiles,genuine capacitor - x-blade honda electrical superior corrosion resistant for enhanced safety,Electrical,2025-07-03T00:00:00.000Z,2023,68d1346c3952f7cf7dee90d0,classic
,Kawasaki,,0.0,1,2025-07-04T00:00:00.000Z,OEM quality corrosion resistant for enhanced safety,https://example.com/images/carburetor_vulcan_s.jpg,Vulcan S,Carburetor - Vulcan S,36,9979.0,premium,3.9,average,Mahabubabad,68d134ac3952f7cf7dee90e5,17.594209,80.006903,Shiva sai Automobiles,carburetor - vulcan s kawasaki fuel system high-performance fuel efficient for maximum protection,Fuel System,2025-07-23T00:00:00.000Z,2016,68d134ac3952f7cf7dee90e3,modern
,Ducati,,0.0,19,2025-07-04T00:00:00.000Z,Durable weather resistant for enhanced stability,https://example.com/images/shift_drum_panigale_v4.jpg,Panigale V4,Ducati Shift Drum for Panigale V4,19,15668.0,premium,4.1,good,Dilshknagar,68d135063952f7cf7dee90f8,17.367642,78.534282,Manoj Automobiles,ducati shift drum for panigale v4 ducati transmission lightweight weather resistant for maximum protection,Transmission,2025-08-09T00:00:00.000Z,2015,68d135063952f7cf7dee90f6,classic
,BMW,,0.0,4,2025-08-28T00:00:00.000Z,Street performance precision engineered for better fuel economy,https://example.com/images/k&n_filter_k_1600_gtl.jpg,K 1600 GTL,K&N Filter Assembly - K 1600 GTL,23,758.0,mid-range,3.3,poor,Karimnagar,68d135833952f7cf7dee910b,18.435781,79.132861,Mounika Automobiles,k&n filter assembly - k 1600 gtl bmw filters long-lasting high strength for enhanced durability,Filters,2025-08-17T00:00:00.000Z,2017,68d135833952f7cf7dee9109,modern
,Jawa,,0.0,1,2025-08-07T00:00:00.000Z,Racing quality eco-friendly for increased power,https://example.com/images/phone_mount_cl_300.jpg,CL 300,OEM Phone Mount - CL 300,28,4092.0,premium,5.0,excellent,Medak,68d135d63952f7cf7dee9120,18.048948,78.269372,baskar Automobiles,oem phone mount - cl 300 jawa accessories industrial grade weather resistant for improved performance,Accessories,2025-07-19T00:00:00.000Z,2016,68d135d63952f7cf7dee911e,modern
,KTM,,0.0,3,2025-08-21T00:00:00.000Z,Long-lasting impact resistant for improved performance,https://example.com/images/brake_cable_1290_super_duke_r.jpg,1290 Super Duke R,Brake Cable Assembly - 1290 Super Duke R,23,866.0,mid-range,3.4,poor,Khammam,68d136193952f7cf7dee9133,17.249885,80.15615,Mahesh Automobiles,brake cable assembly - 1290 super duke r ktm brakes street performance weather resistant for superior reliability,Brakes,2025-07-08T00:00:00.000Z,2020,68d136193952f7cf7dee9131,classic
,Yamaha,,0.0,1,2025-07-01T00:00:00.000Z,Heavy-duty heat treated for improved comfort,https://example.com/images/timing_light_alpha.jpg,Alpha,Heavy Duty Timing Light - Alpha,14,743.0,mid-range,3.7,average,RAMNAGAR COLONY PEERZADIGUDA UPPAL HYDERABAD,689d6959045c37933826818d,17.390358,78.606729,sai automobiles,heavy duty timing light - alpha yamaha ignition precision-made maintenance-free for enhanced safety,Ignition,2025-07-24T00:00:00.000Z,2020,689d6959045c37933826818b,modern
,MV Agusta,,0.0,9,2025-08-06T00:00:00.000Z,Advanced fuel efficient for maximum protection,https://example.com/images/exhaust_flange_turismo_veloce.jpg,Turismo Veloce,OEM Exhaust Flange - Turismo Veloce,15,8858.0,premium,3.9,average,Chappal Bazar Road - Kachiguda,68ac2a8f3c73e23c655de054,17.38953,78.491245,Swathi Automobiles,oem exhaust flange - turismo veloce mv agusta exhaust oem quality noise reducing for better handling,Exhaust,2025-09-02T00:00:00.000Z,2014,68ac2a8e3c73e23c655de052,modern
,Royal Enfield,,0.0,28,2025-08-01T00:00:00.000Z,High-performance weather resistant for optimal efficiency,https://example.com/images/wiring_harness_electra.jpg,Electra,Electra Wiring Harness,12,2054.0,mid-range,4.1,good,,68d0c47e09554c358655174d,17.423605,78.546314,Tarun Automobiles,electra wiring harness royal enfield electrical enhanced heat treated for superior reliability,Electrical,2025-08-24T00:00:00.000Z,2018,68d0c47d09554c358655174b,classic
,Royal Enfield,,0.0,7,2025-09-21T00:00:00.000Z,Premium quality temperature stable for maximum protection,https://example.com/images/ht_lead_super_meteor_650.jpg,Super Meteor 650,HT Lead Assembly - Super Meteor 650,12,508.0,mid-range,3.7,average,Hyderabad,68d133bf3952f7cf7dee90b9,17.511409,78.350972,Jyothi Automobiles,ht lead assembly - super meteor 650 royal enfield ignition oem quality chemical resistant for optimal efficiency,Ignition,2025-08-01T00:00:00.000Z,2012,68d133bf3952f7cf7dee90b7,modern
,Indian,,0.0,1,2025-08-07T00:00:00.000Z,Precision-made temperature stable for better control,https://example.com/images/penetrating_oil_chief.jpg,Chief,Genuine Penetrating Oil - Chief,37,847.0,mid-range,4.9,excellent,Bala Nagar,68d1346c3952f7cf7dee90d2,17.475679,78.447328,Kalyan Automobiles,genuine penetrating oil - chief indian maintenance industrial grade impact resistant for optimal efficiency,Maintenance,2025-07-24T00:00:00.000Z,2024,68d1346c3952f7cf7dee90d0,modern
,Hero,,0.0,24,2025-08-15T00:00:00.000Z,OEM quality precision engineered for better control,https://example.com/images/diode_glamour.jpg,Glamour,Premium Diode for Glamour,33,3135.0,premium,4.1,good,Mahabubabad,68d134ac3952f7cf7dee90e5,17.594209,80.006903,Shiva sai Automobiles,premium diode for glamour hero electrical premium quality high strength for better fuel economy,Electrical,2025-07-04T00:00:00.000Z,2014,68d134ac3952f7cf7dee90e3,modern
,Suzuki,,0.0,24,2025-07-07T00:00:00.000Z,Precision-made maintenance-free for improved performance,https://example.com/images/side_stand_intruder.jpg,Intruder,OEM Side Stand - Intruder,28,4719.0,premium,3.7,average,Dilshknagar,68d135063952f7cf7dee90f8,17.367642,78.534282,Manoj Automobiles,oem side stand - intruder suzuki body parts professional grade eco-friendly for enhanced stability,Body Parts,2025-08-18T00:00:00.000Z,2011,68d135063952f7cf7dee90f6,classic
,Jawa,,0.0,28,2025-09-02T00:00:00.000Z,Durable weather resistant for increased power,https://example.com/images/fuel_filter_perak.jpg,Perak,Perak Fuel Filter,14,728.0,mid-range,4.6,excellent,Karimnagar,68d135833952f7cf7dee910b,18.435781,79.132861,Mounika Automobiles,perak fuel filter jawa filters high-performance temperature stable for improved comfort,Filters,2025-09-04T00:00:00.000Z,2023,68d135833952f7cf7dee9109,classic
,Bajaj,,0.0,9,2025-08-24T00:00:00.000Z,OEM quality high strength for enhanced durability,https://example.com/images/front_sprocket_avenger_street_160.jpg,Avenger Street 160,Front Sprocket Assembly - Avenger Street 160,50,5444.0,premium,4.1,good,Medak,68d135d63952f7cf7dee9120,18.048948,78.269372,baskar Automobiles,front sprocket assembly - avenger street 160 bajaj drivetrain industrial grade noise reducing for superior reliability,Drivetrain,2025-09-12T00:00:00.000Z,2014,68d135d63952f7cf7dee911e,modern
,Harley-Davidson,,0.0,17,2025-09-02T00:00:00.000Z,Lightweight eco-friendly for enhanced safety,https://example.com/images/hub_bearing_fat_bob.jpg,Fat Bob,Harley-Davidson Hub Bearing for Fat Bob,37,12971.0,premium,3.6,average,Khammam,68d136193952f7cf7dee9133,17.249885,80.15615,Mahesh Automobiles,harley-davidson hub bearing for fat bob harley-davidson wheels & tires advanced corrosion resistant for enhanced stability,Wheels & Tires,2025-08-08T00:00:00.000Z,2012,68d136193952f7cf7dee9131,classic
,Bajaj,,0.0,20,2025-08-07T00:00:00.000Z,Street performance long lasting for optimal efficiency,https://example.com/images/foam_filter_v15.jpg,V15,Heavy Duty Foam Filter - V15,45,1414.0,mid-range,3.8,average,RAMNAGAR COLONY PEERZADIGUDA UPPAL HYDERABAD,689d6959045c37933826818d,17.390358,78.606729,sai automobiles,heavy duty foam filter - v15 bajaj filters street performance eco-friendly for improved performance,Filters,2025-09-20T00:00:00.000Z,2012,689d6959045c37933826818b,modern
,Mahindra,,0.0,27,2025-07-03T00:00:00.000Z,Superior impact resistant for superior reliability,https://example.com/images/tail_box_rodeo_rz.jpg,Rodeo RZ,Tail Box - Rodeo RZ,31,4539.0,premium,3.9,average,Chappal Bazar Road - Kachiguda,68ac2a8f3c73e23c655de054,17.38953,78.491245,Swathi Automobiles,tail box - rodeo rz mahindra accessories precision-made heat treated for enhanced durability,Accessories,2025-08-26T00:00:00.000Z,2022,68ac2a8e3c73e23c655de052,modern
,Jawa,,0.0,5,2025-08-20T00:00:00.000Z,Racing quality heat treated for smoother operation,https://example.com/images/shock_absorber_oil_café_racer.jpg,Café Racer,Shock Absorber Oil - Café Racer,22,7631.0,premium,4.5,excellent,,68d0c47e09554c358655174d,17.423605,78.546314,Tarun Automobiles,shock absorber oil - café racer jawa suspension street performance precision engineered for superior reliability,Suspension,2025-08-09T00:00:00.000Z,2025,68d0c47d09554c358655174b,classic
,Kawasaki,,0.0,17,2025-09-08T00:00:00.000Z,Enhanced wear resistant for better fuel economy,https://example.com/images/bypass_filter_ninja_650.jpg,Ninja 650,Bypass Filter - Ninja 650,16,1387.0,mid-range,4.5,excellent,Hyderabad,68d133bf3952f7cf7dee90b9,17.511409,78.350972,Jyothi Automobiles,bypass filter - ninja 650 kawasaki filters industrial grade long lasting for superior reliability,Filters,2025-07-26T00:00:00.000Z,2015,68d133bf3952f7cf7dee90b7,modern
,MV Agusta,,0.0,6,2025-08-03T00:00:00.000Z,Long-lasting wear resistant for superior reliability,https://example.com/images/riding_jacket_f3_800.jpg,F3 800,Riding Jacket - F3 800,4,5871.0,premium,3.9,average,Bala Nagar,68d1346c3952f7cf7dee90d2,17.475679,78.447328,Kalyan Automobiles,riding jacket - f3 800 mv agusta safety oem quality fuel efficient for enhanced safety,Safety,2025-08-11T00:00:00.000Z,2024,68d1346c3952f7cf7dee90d0,modern
,Hero,,0.0,19,2025-09-18T00:00:00.000Z,Durable heat treated for increased power,https://example.com/images/pressure_plate_pleasure_plus.jpg,Pleasure Plus,Genuine Pressure Plate - Pleasure Plus,44,3961.0,premium,3.6,average,Mahabubabad,68d134ac3952f7cf7dee90e5,17.594209,80.006903,Shiva sai Automobiles,genuine pressure plate - pleasure plus hero transmission enhanced heat treated for superior reliability,Transmission,2025-07-24T00:00:00.000Z,2012,68d134ac3952f7cf7dee90e3,classic
,MV Agusta,,0.0,7,2025-08-20T00:00:00.000Z,Long-lasting high strength for enhanced stability,https://example.com/images/front_brake_pad_f3_800.jpg,F3 800,Premium Front Brake Pad for F3 800,35,3681.0,premium,4.4,good,Dilshknagar,68d135063952f7cf7dee90f8,17.367642,78.534282,Manoj Automobiles,premium front brake pad for f3 800 mv agusta brakes long-lasting chemical resistant for enhanced stability,Brakes,2025-08-26T00:00:00.000Z,2011,68d135063952f7cf7dee90f6,modern
,TVS,,0.0,4,2025-07-22T00:00:00.000Z,Racing quality chemical resistant for better handling,https://example.com/images/safety_triangle_apache_rtr_200_4v.jpg,Apache RTR 200 4V,Genuine Safety Triangle - Apache RTR 200 4V,40,5984.0,premium,4.3,good,Karimnagar,68d135833952f7cf7dee910b,18.435781,79.132861,Mounika Automobiles,genuine safety triangle - apache rtr 200 4v tvs safety professional grade chemical resistant for better handling,Safety,2025-07-29T00:00:00.000Z,2014,68d135833952f7cf7dee9109,classic
,Indian,,0.0,4,2025-08-02T00:00:00.000Z,Durable noise reducing for enhanced stability,https://example.com/images/handlebar_roadmaster.jpg,Roadmaster,Roadmaster Handlebar,3,1094.0,mid-range,4.5,excellent,Medak,68d135d63952f7cf7dee9120,18.048948,78.269372,baskar Automobiles,roadmaster handlebar indian body parts street performance impact resistant for improved comfort,Body Parts,2025-07-30T00:00:00.000Z,2014,68d135d63952f7cf7dee911e,modern
,Royal Enfield,,0.0,26,2025-08-06T00:00:00.000Z,Street performance weather resistant for superior reliability,https://example.com/images/belly_pan_himalayan.jpg,Himalayan,Belly Pan - Himalayan,29,6878.0,premium,4.7,excellent,Khammam,68d136193952f7cf7dee9133,17.249885,80.15615,Mahesh Automobiles,belly pan - himalayan royal enfield body parts high-performance eco-friendly for better control,Body Parts,2025-07-31T00:00:00.000Z,2014,68d136193952f7cf7dee9131,modern
,KTM,,0.0,17,2025-08-08T00:00:00.000Z,Industrial grade wear resistant for reduced maintenance,https://example.com/images/baffle_duke_250.jpg,Duke 250,Baffle - Duke 250,43,11501.0,premium,4.2,good,RAMNAGAR COLONY PEERZADIGUDA UPPAL HYDERABAD,689d6959045c37933826818d,17.390358,78.606729,sai automobiles,baffle - duke 250 ktm exhaust street performance chemical resistant for improved comfort,Exhaust,2025-07-04T00:00:00.000Z,2023,689d6959045c37933826818b,modern
,Aprilia,,0.0,23,2025-07-09T00:00:00.000Z,High-performance fuel efficient for improved comfort,https://example.com/images/clutch_basket_caponord_1200.jpg,Caponord 1200,Clutch Basket Assembly - Caponord 1200,41,7673.0,premium,3.6,average,Chappal Bazar Road - Kachiguda,68ac2a8f3c73e23c655de054,17.38953,78.491245,Swathi Automobiles,clutch basket assembly - caponord 1200 aprilia transmission high-performance precision engineered for superior reliability,Transmission,2025-08-24T00:00:00.000Z,2016,68ac2a8e3c73e23c655de052,classic
,Indian,,0.0,21,2025-09-08T00:00:00.000Z,Premium quality chemical resistant for reduced maintenance,https://example.com/images/engine_guard_scout_bobber.jpg,Scout Bobber,Heavy Duty Engine Guard - Scout Bobber,49,1698.0,mid-range,3.7,average,,68d0c47e09554c358655174d,17.423605,78.546314,Tarun Automobiles,heavy duty engine guard - scout bobber indian accessories superior long lasting for better control,Accessories,2025-08-31T00:00:00.000Z,2022,68d0c47d09554c358655174b,modern
,BMW,,0.0,2,2025-07-16T00:00:00.000Z,Premium quality impact resistant for maximum protection,https://example.com/images/safety_cone_f_850_gs.jpg,F 850 GS,Performance Safety Cone - F 850 GS,3,4434.0,premium,4.0,good,Hyderabad,68d133bf3952f7cf7dee90b9,17.511409,78.350972,Jyothi Automobiles,performance safety cone - f 850 gs bmw safety advanced heat treated for enhanced stability,Safety,2025-07-30T00:00:00.000Z,2025,68d133bf3952f7cf7dee90b7,modern
,Benelli,,0.0,12,2025-08-03T00:00:00.000Z,Heavy-duty eco-friendly for improved performance,https://example.com/images/reflective_vest_imperiale_400.jpg,Imperiale 400,Racing Reflective Vest - Imperiale 400,5,2008.0,mid-range,3.9,average,Bala Nagar,68d1346c3952f7cf7dee90d2,17.475679,78.447328,Kalyan Automobiles,racing reflective vest - imperiale 400 benelli safety high-performance fuel efficient for superior reliability,Safety,2025-09-14T00:00:00.000Z,2021,68d1346c3952f7cf7dee90d0,modern
,MV Agusta,,0.0,18,2025-09-09T00:00:00.000Z,Advanced vibration dampening for optimal efficiency,https://example.com/images/front_tire_rivale_800.jpg,Rivale 800,Premium Front Tire for Rivale 800,29,1017.0,mid-range,3.4,poor,Mahabubabad,68d134ac3952f7cf7dee90e5,17.594209,80.006903,Shiva sai Automobiles,premium front tire for rivale 800 mv agusta wheels & tires professional grade impact resistant for enhanced safety,Wheels & Tires,2025-07-28T00:00:00.000Z,2017,68d134ac3952f7cf7dee90e3,modern
,Indian,,0.0,27,2025-08-20T00:00:00.000Z,Superior heat treated for maximum protection,https://example.com/images/swing_arm_bearing_ftr_1200.jpg,FTR 1200,FTR 1200 Swing Arm Bearing,45,13683.0,premium,3.7,average,Dilshknagar,68d135063952f7cf7dee90f8,17.367642,78.534282,Manoj Automobiles,ftr 1200 swing arm bearing indian suspension industrial grade temperature stable for enhanced durability,Suspension,2025-07-18T00:00:00.000Z,2018,68d135063952f7cf7dee90f6,modern
,Hero,,0.0,13,2025-09-18T00:00:00.000Z,Long-lasting vibration dampening for better fuel economy,https://example.com/images/usb_charger_cbz_xtreme.jpg,CBZ Xtreme,Performance USB Charger - CBZ Xtreme,40,2259.0,mid-range,5.0,excellent,Karimnagar,68d135833952f7cf7dee910b,18.435781,79.132861,Mounika Automobiles,performance usb charger - cbz xtreme hero accessories advanced impact resistant for smoother operation,Accessories,2025-09-04T00:00:00.000Z,2020,68d135833952f7cf7dee9109,modern
,Royal Enfield,,0.0,3,2025-09-20T00:00:00.000Z,Industrial grade vibration dampening for optimal efficiency,https://example.com/images/tool_kit_shotgun_650.jpg,Shotgun 650,Racing Tool Kit - Shotgun 650,36,2716.0,premium,4.4,good,Medak,68d135d63952f7cf7dee9120,18.048948,78.269372,baskar Automobiles,racing tool kit - shotgun 650 royal enfield accessories advanced noise reducing for better fuel economy,Accessories,2025-09-10T00:00:00.000Z,2012,68d135d63952f7cf7dee911e,classic
,Ducati,,0.0,10,2025-08-04T00:00:00.000Z,Premium quality impact resistant for improved comfort,https://example.com/images/side_panel_scrambler_icon.jpg,Scrambler Icon,Side Panel - Scrambler Icon,7,2408.0,mid-range,4.1,good,Khammam,68d136193952f7cf7dee9133,17.249885,80.15615,Mahesh Automobiles,side panel - scrambler icon ducati body parts premium quality heat treated for improved comfort,Body Parts,2025-08-23T00:00:00.000Z,2010,68d136193952f7cf7dee9131,classic
,BMW,,0.0,1,2025-08-17T00:00:00.000Z,Premium quality temperature stable for reduced maintenance,https://example.com/images/engine_guard_c_400_x.jpg,C 400 X,Premium Engine Guard for C 400 X,1,2235.0,mid-range,3.9,average,RAMNAGAR COLONY PEERZADIGUDA UPPAL HYDERABAD,689d6959045c37933826818d,17.390358,78.606729,sai automobiles,premium engine guard for c 400 x bmw accessories industrial grade vibration dampening for smoother operation,Accessories,2025-08-03T00:00:00.000Z,2012,689d6959045c37933826818b,modern
,Mahindra,,0.0,29,2025-08-11T00:00:00.000Z,Enhanced long lasting for optimal efficiency,https://example.com/images/axle_mojo.jpg,Mojo,Performance Axle - Mojo,5,6754.0,premium,3.7,average,Chappal Bazar Road - Kachiguda,68ac2a8f3c73e23c655de054,17.38953,78.491245,Swathi Automobiles,performance axle - mojo mahindra wheels & tires racing quality weather resistant for longer life,Wheels & Tires,2025-07-12T00:00:00.000Z,2022,68ac2a8e3c73e23c655de052,modern
,Indian,,0.0,22,2025-09-18T00:00:00.000Z,Durable maintenance-free for smoother operation,https://example.com/images/fuel_tank_scout.jpg,Scout,Heavy Duty Fuel Tank - Scout,16,8643.0,premium,4.3,good,,68d0c47e09554c358655174d,17.423605,78.546314,Tarun Automobiles,heavy duty fuel tank - scout indian fuel system durable temperature stable for maximum protection,Fuel System,2025-09-14T00:00:00.000Z,2011,68d0c47d09554c358655174b,modern
,BMW,,0.0,14,2025-07-04T00:00:00.000Z,Enhanced heat treated for improved comfort,https://example.com/images/racing_filter_k_1600_gtl.jpg,K 1600 GTL,OEM Racing Filter - K 1600 GTL,10,901.0,mid-range,3.7,average,Hyderabad,68d133bf3952f7cf7dee90b9,17.511409,78.350972,Jyothi Automobiles,oem racing filter - k 1600 gtl bmw filters enhanced corrosion resistant for optimal efficiency,Filters,2025-09-21T00:00:00.000Z,2024,68d133bf3952f7cf7dee90b7,classic
,BMW,,0.0,27,2025-07-28T00:00:00.000Z,Enhanced corrosion resistant for enhanced stability,https://example.com/images/fuel_gauge_r_ninet.jpg,R nineT,Fuel Gauge - R nineT,27,1977.0,mid-range,4.9,excellent,Bala Nagar,68d1346c3952f7cf7dee90d2,17.475679,78.447328,Kalyan Automobiles,fuel gauge - r ninet bmw fuel system advanced impact resistant for improved comfort,Fuel System,2025-08-31T00:00:00.000Z,2017,68d1346c3952f7cf7dee90d0,classic
,Yamaha,,0.0,22,2025-07-24T00:00:00.000Z,Advanced eco-friendly for better handling,https://example.com/images/fork_oil_seal_aerox_155.jpg,Aerox 155,Performance Fork Oil Seal - Aerox 155,43,13481.0,premium,3.2,poor,Mahabubabad,68d134ac3952f7cf7dee90e5,17.594209,80.006903,Shiva sai Automobiles,performance fork oil seal - aerox 155 yamaha suspension lightweight long lasting for increased power,Suspension,2025-09-04T00:00:00.000Z,2013,68d134ac3952f7cf7dee90e3,classic
,Honda,,0.0,27,2025-07-05T00:00:00.000Z,OEM quality noise reducing for increased power,https://example.com/images/output_shaft_sp_125.jpg,SP 125,OEM Output Shaft - SP 125,37,11596.0,premium,3.4,poor,Dilshknagar,68d135063952f7cf7dee90f8,17.367642,78.534282,Manoj Automobiles,oem output shaft - sp 125 honda transmission street performance corrosion resistant for better handling,Transmission,2025-07-10T00:00:00.000Z,2010,68d135063952f7cf7dee90f6,classic
,Yezdi,,0.0,3,2025-07-25T00:00:00.000Z,OEM quality heat treated for improved performance,https://example.com/images/rear_cowl_scrambler.jpg,Scrambler,Genuine Rear Cowl - Scrambler,5,6543.0,premium,4.2,good,Karimnagar,68d135833952f7cf7dee910b,18.435781,79.132861,Mounika Automobiles,genuine rear cowl - scrambler yezdi body parts heavy-duty maintenance-free for improved comfort,Body Parts,2025-09-17T00:00:00.000Z,2012,68d135833952f7cf7dee9109,modern
,Suzuki,,0.0,8,2025-09-16T00:00:00.000Z,Long-lasting heat treated for superior reliability,https://example.com/images/axle_gsx_s750.jpg,GSX-S750,Axle Assembly - GSX-S750,40,5178.0,premium,4.8,excellent,Medak,68d135d63952f7cf7dee9120,18.048948,78.269372,baskar Automobiles,axle assembly - gsx-s750 suzuki wheels & tires street performance weather resistant for enhanced stability,Wheels & Tires,2025-08-27T00:00:00.000Z,2019,68d135d63952f7cf7dee911e,modern
,Jawa,,0.0,15,2025-09-03T00:00:00.000Z,Advanced eco-friendly for improved performance,https://example.com/images/vacuum_filter_standard.jpg,Standard,Vacuum Filter - Standard,48,196.0,budget,3.8,average,Khammam,68d136193952f7cf7dee9133,17.249885,80.15615,Mahesh Automobiles,vacuum filter - standard jawa filters industrial grade eco-friendly for smoother operation,Filters,2025-07-14T00:00:00.000Z,2024,68d136193952f7cf7dee9131,classic
,Indian,,0.0,22,2025-09-17T00:00:00.000Z,Superior corrosion resistant for enhanced durability,https://example.com/images/assembly_paste_scout.jpg,Scout,Assembly Paste Assembly - Scout,28,373.0,budget,4.1,good,RAMNAGAR COLONY PEERZADIGUDA UPPAL HYDERABAD,689d6959045c37933826818d,17.390358,78.606729,sai automobiles,assembly paste assembly - scout indian maintenance street performance fuel efficient for better control,Maintenance,2025-08-07T00:00:00.000Z,2022,689d6959045c37933826818b,modern
,Aprilia,,0.0,4,2025-08-14T00:00:00.000Z,OEM quality eco-friendly for increased power,https://example.com/images/tank_cap_dorsoduro_900.jpg,Dorsoduro 900,Racing Tank Cap - Dorsoduro 900,15,9288.0,premium,3.6,average,Chappal Bazar Road - Kachiguda,68ac2a8f3c73e23c655de054,17.38953,78.491245,Swathi Automobiles,racing tank cap - dorsoduro 900 aprilia fuel system precision-made vibration dampening for better control,Fuel System,2025-07-10T00:00:00.000Z,2012,68ac2a8e3c73e23c655de052,classic
,Jawa,,0.0,5,2025-08-04T00:00:00.000Z,High-performance vibration dampening for reduced maintenance,https://example.com/images/safety_cone_forty_two.jpg,Forty Two,Forty Two Safety Cone,6,1574.0,mid-range,4.3,good,,68d0c47e09554c358655174d,17.423605,78.546314,Tarun Automobiles,forty two safety cone jawa safety advanced vibration dampening for enhanced safety,Safety,2025-07-05T00:00:00.000Z,2018,68d0c47d09554c358655174b,modern
,Indian,,0.0,16,2025-09-13T00:00:00.000Z,Durable impact resistant for better handling,https://example.com/images/trigger_coil_ftr_1200.jpg,FTR 1200,Trigger Coil Assembly - FTR 1200,19,1952.0,mid-range,4.7,excellent,Hyderabad,68d133bf3952f7cf7dee90b9,17.511409,78.350972,Jyothi Automobiles,trigger coil assembly - ftr 1200 indian ignition durable fuel efficient for optimal efficiency,Ignition,2025-08-01T00:00:00.000Z,2023,68d133bf3952f7cf7dee90b7,classic
,Kawasaki,,0.0,4,2025-08-15T00:00:00.000Z,Industrial grade wear resistant for better handling,https://example.com/images/gear_shift_lever_klx_230.jpg,KLX 230,Racing Gear Shift Lever - KLX 230,38,8516.0,premium,4.6,excellent,Bala Nagar,68d1346c3952f7cf7dee90d2,17.475679,78.447328,Kalyan Automobiles,racing gear shift lever - klx 230 kawasaki transmission heavy-duty maintenance-free for better control,Transmission,2025-08-11T00:00:00.000Z,2024,68d1346c3952f7cf7dee90d0,modern
,Harley-Davidson,,0.0,6,2025-09-03T00:00:00.000Z,Enhanced heat treated for enhanced safety,https://example.com/images/emergency_blanket_street_glide.jpg,Street Glide,Emergency Blanket - Street Glide,27,7635.0,premium,4.8,excellent,Mahabubabad,68d134ac3952f7cf7dee90e5,17.594209,80.006903,Shiva sai Automobiles,emergency blanket - street glide harley-davidson safety precision-made temperature stable for better handling,Safety,2025-07-20T00:00:00.000Z,2025,68d134ac3952f7cf7dee90e3,classic
,BMW,,0.0,30,2025-07-16T00:00:00.000Z,OEM quality maintenance-free for better control,https://example.com/images/footpeg_set_k_1600_gtl.jpg,K 1600 GTL,Racing Footpeg Set - K 1600 GTL,39,4274.0,premium,3.7,average,Dilshknagar,68d135063952f7cf7dee90f8,17.367642,78.534282,Manoj Automobiles,racing footpeg set - k 1600 gtl bmw accessories advanced eco-friendly for optimal efficiency,Accessories,2025-09-08T00:00:00.000Z,2016,68d135063952f7cf7dee90f6,modern
,Royal Enfield,,0.0,15,2025-08-25T00:00:00.000Z,Superior impact resistant for enhanced durability,https://example.com/images/grab_rail_classic_350.jpg,Classic 350,Performance Grab Rail - Classic 350,10,7306.0,premium,3.7,average,Karimnagar,68d135833952f7cf7dee910b,18.435781,79.132861,Mounika Automobiles,performance grab rail - classic 350 royal enfield body parts high-performance heat treated for enhanced safety,Body Parts,2025-07-26T00:00:00.000Z,2023,68d135833952f7cf7dee9109,modern
,MV Agusta,,0.0,17,2025-09-14T00:00:00.000Z,Precision-made fuel efficient for better fuel economy,https://example.com/images/brake_light_bulb_dragster_800.jpg,Dragster 800,Heavy Duty Brake Light Bulb - Dragster 800,50,1770.0,mid-range,4.2,good,Medak,68d135d63952f7cf7dee9120,18.048948,78.269372,baskar Automobiles,heavy duty brake light bulb - dragster 800 mv agusta lighting heavy-duty weather resistant for better fuel economy,Lighting,2025-07-21T00:00:00.000Z,2022,68d135d63952f7cf7dee911e,modern
,Hero,,0.0,14,2025-09-10T00:00:00.000Z,Heavy-duty high strength for enhanced stability,https://example.com/images/wind_screen_super_splendor.jpg,Super Splendor,Genuine Wind Screen - Super Splendor,18,3046.0,premium,3.4,poor,Khammam,68d136193952f7cf7dee9133,17.249885,80.15615,Mahesh Automobiles,genuine wind screen - super splendor hero body parts long-lasting weather resistant for optimal efficiency,Body Parts,2025-08-09T00:00:00.000Z,2016,68d136193952f7cf7dee9131,modern
,Jawa,,0.0,30,2025-08-07T00:00:00.000Z,Durable wear resistant for improved comfort,https://example.com/images/exhaust_clamp_classic.jpg,Classic,Heavy Duty Exhaust Clamp - Classic,41,16343.0,premium,3.6,average,RAMNAGAR COLONY PEERZADIGUDA UPPAL HYDERABAD,689d6959045c37933826818d,17.390358,78.606729,sai automobiles,heavy duty exhaust clamp - classic jawa exhaust superior weather resistant for superior reliability,Exhaust,2025-07-25T00:00:00.000Z,2023,689d6959045c37933826818b,modern
,Triumph,,0.0,4,2025-07-10T00:00:00.000Z,Premium quality high strength for longer life,https://example.com/images/riding_jacket_speed_triple.jpg,Speed Triple,OEM Riding Jacket - Speed Triple,19,548.0,mid-range,4.8,excellent,Chappal Bazar Road - Kachiguda,68ac2a8f3c73e23c655de054,17.38953,78.491245,Swathi Automobiles,oem riding jacket - speed triple triumph safety superior noise reducing for better handling,Safety,2025-08-30T00:00:00.000Z,2014,68ac2a8e3c73e23c655de052,classic
,KTM,,0.0,6,2025-07-04T00:00:00.000Z,Long-lasting maintenance-free for smoother operation,https://example.com/images/swing_arm_bearing_adventure_390.jpg,Adventure 390,Racing Swing Arm Bearing - Adventure 390,2,8073.0,premium,4.4,good,,68d0c47e09554c358655174d,17.423605,78.546314,Tarun Automobiles,racing swing arm bearing - adventure 390 ktm suspension advanced temperature stable for improved performance,Suspension,2025-07-10T00:00:00.000Z,2016,68d0c47d09554c358655174b,classic
,TVS,,0.0,12,2025-08-06T00:00:00.000Z,Industrial grade heat treated for increased power,https://example.com/images/chest_protector_radeon.jpg,Radeon,Premium Chest Protector for Radeon,37,6606.0,premium,4.2,good,Hyderabad,68d133bf3952f7cf7dee90b9,17.511409,78.350972,Jyothi Automobiles,premium chest protector for radeon tvs safety high-performance temperature stable for improved comfort,Safety,2025-09-21T00:00:00.000Z,2011,68d133bf3952f7cf7dee90b7,modern
,Ducati,,0.0,23,2025-07-12T00:00:00.000Z,Street performance long lasting for improved comfort,https://example.com/images/drive_shaft_monster_821.jpg,Monster 821,Drive Shaft - Monster 821,17,1896.0,mid-range,3.3,poor,Bala Nagar,68d1346c3952f7cf7dee90d2,17.475679,78.447328,Kalyan Automobiles,drive shaft - monster 821 ducati drivetrain long-lasting temperature stable for better control,Drivetrain,2025-07-13T00:00:00.000Z,2024,68d1346c3952f7cf7dee90d0,modern
,Bajaj,,0.0,28,2025-07-25T00:00:00.000Z,Precision-made wear resistant for smoother operation,https://example.com/images/tank_cap_avenger_220.jpg,Avenger 220,Racing Tank Cap - Avenger 220,8,8737.0,premium,4.7,excellent,Mahabubabad,68d134ac3952f7cf7dee90e5,17.594209,80.006903,Shiva sai Automobiles,racing tank cap - avenger 220 bajaj fuel system oem quality eco-friendly for enhanced safety,Fuel System,2025-09-06T00:00:00.000Z,2014,68d134ac3952f7cf7dee90e3,modern
,Honda,,0.0,4,2025-09-12T00:00:00.000Z,Heavy-duty temperature stable for reduced maintenance,https://example.com/images/wiring_harness_dream_yuga.jpg,Dream Yuga,Premium Wiring Harness for Dream Yuga,19,4899.0,premium,3.5,average,Dilshknagar,68d135063952f7cf7dee90f8,17.367642,78.534282,Manoj Automobiles,premium wiring harness for dream yuga honda electrical superior vibration dampening for enhanced stability,Electrical,2025-08-02T00:00:00.000Z,2020,68d135063952f7cf7dee90f6,modern
,Aprilia,,0.0,9,2025-08-11T00:00:00.000Z,Racing quality wear resistant for better control,https://example.com/images/valve_set_tuono_660.jpg,Tuono 660,Valve Set Assembly - Tuono 660,9,5307.0,premium,3.6,average,Karimnagar,68d135833952f7cf7dee910b,18.435781,79.132861,Mounika Automobiles,valve set assembly - tuono 660 aprilia engine enhanced temperature stable for smoother operation,Engine,2025-08-07T00:00:00.000Z,2018,68d135833952f7cf7dee9109,modern
,Ducati,,0.0,20,2025-08-09T00:00:00.000Z,Enhanced maintenance-free for better fuel economy,https://example.com/images/shock_absorber_oil_supersport.jpg,SuperSport,Performance Shock Absorber Oil - SuperSport,10,3493.0,premium,4.6,excellent,Medak,68d135d63952f7cf7dee9120,18.048948,78.269372,baskar Automobiles,performance shock absorber oil - supersport ducati suspension lightweight long lasting for better handling,Suspension,2025-07-08T00:00:00.000Z,2017,68d135d63952f7cf7dee911e,classic
,Royal Enfield,,0.0,23,2025-07-01T00:00:00.000Z,Professional grade noise reducing for smoother operation,https://example.com/images/ignition_coil_classic_500.jpg,Classic 500,OEM Ignition Coil - Classic 500,50,1972.0,mid-range,3.4,poor,Khammam,68d136193952f7cf7dee9133,17.249885,80.15615,Mahesh Automobiles,oem ignition coil - classic 500 royal enfield ignition heavy-duty eco-friendly for better handling,Ignition,2025-09-18T00:00:00.000Z,2017,68d136193952f7cf7dee9131,modern
,TVS,,0.0,12,2025-07-23T00:00:00.000Z,Lightweight temperature stable for reduced maintenance,https://example.com/images/gear_shift_lever_xl100.jpg,XL100,OEM Gear Shift Lever - XL100,33,10812.0,premium,4.7,excellent,RAMNAGAR COLONY PEERZADIGUDA UPPAL HYDERABAD,689d6959045c37933826818d,17.390358,78.606729,sai automobiles,oem gear shift lever - xl100 tvs transmission lightweight long lasting for improved comfort,Transmission,2025-08-19T00:00:00.000Z,2011,689d6959045c37933826818b,modern
,Ducati,,0.0,28,2025-08-14T00:00:00.000Z,Premium quality weather resistant for enhanced safety,https://example.com/images/throttle_cable_monster.jpg,Monster,Premium Throttle Cable for Monster,23,8936.0,premium,3.3,poor,Chappal Bazar Road - Kachiguda,68ac2a8f3c73e23c655de054,17.38953,78.491245,Swathi Automobiles,premium throttle cable for monster ducati fuel system industrial grade wear resistant for better control,Fuel System,2025-08-23T00:00:00.000Z,2021,68ac2a8e3c73e23c655de052,modern
,MV Agusta,,0.0,18,2025-08-21T00:00:00.000Z,Enhanced precision engineered for improved comfort,https://example.com/images/gear_selector_brutale_1000.jpg,Brutale 1000,MV Agusta Gear Selector for Brutale 1000,0,8457.0,premium,4.0,good,,68d0c47e09554c358655174d,17.423605,78.546314,Tarun Automobiles,mv agusta gear selector for brutale 1000 mv agusta transmission industrial grade maintenance-free for longer life,Transmission,2025-09-10T00:00:00.000Z,2014,68d0c47d09554c358655174b,classic
,Yamaha,,0.0,11,2025-07-06T00:00:00.000Z,Precision-made maintenance-free for reduced maintenance,https://example.com/images/knee_guard_ybr_125.jpg,YBR 125,OEM Knee Guard - YBR 125,26,3474.0,premium,4.6,excellent,Hyderabad,68d133bf3952f7cf7dee90b9,17.511409,78.350972,Jyothi Automobiles,oem knee guard - ybr 125 yamaha safety advanced chemical resistant for improved comfort,Safety,2025-08-22T00:00:00.000Z,2020,68d133bf3952f7cf7dee90b7,modern
,Ducati,,0.0,10,2025-07-25T00:00:00.000Z,Industrial grade impact resistant for increased power,https://example.com/images/clutch_hub_streetfighter_v4.jpg,Streetfighter V4,Premium Clutch Hub for Streetfighter V4,26,1548.0,mid-range,3.6,average,Bala Nagar,68d1346c3952f7cf7dee90d2,17.475679,78.447328,Kalyan Automobiles,premium clutch hub for streetfighter v4 ducati transmission oem quality impact resistant for better fuel economy,Transmission,2025-09-19T00:00:00.000Z,2023,68d1346c3952f7cf7dee90d0,classic
,Honda,,0.0,30,2025-08-30T00:00:00.000Z,Superior fuel efficient for increased power,https://example.com/images/tail_light_sp_125.jpg,SP 125,Racing Tail Light - SP 125,25,1278.0,mid-range,4.3,good,Mahabubabad,68d134ac3952f7cf7dee90e5,17.594209,80.006903,Shiva sai Automobiles,racing tail light - sp 125 honda lighting durable wear resistant for optimal efficiency,Lighting,2025-07-13T00:00:00.000Z,2023,68d134ac3952f7cf7dee90e3,classic
,Aprilia,,0.0,4,2025-09-16T00:00:00.000Z,Industrial grade long lasting for better handling,https://example.com/images/fan_shroud_rsv4.jpg,RSV4,Premium Fan Shroud for RSV4,20,2886.0,premium,4.1,good,Dilshknagar,68d135063952f7cf7dee90f8,17.367642,78.534282,Manoj Automobiles,premium fan shroud for rsv4 aprilia cooling system racing quality weather resistant for enhanced safety,Cooling System,2025-08-19T00:00:00.000Z,2016,68d135063952f7cf7dee90f6,classic
,Ducati,,0.0,10,2025-07-10T00:00:00.000Z,Street performance long lasting for enhanced stability,https://example.com/images/brake_lever_multistrada_v4.jpg,Multistrada V4,OEM Brake Lever - Multistrada V4,48,4998.0,premium,4.7,excellent,Karimnagar,68d135833952f7cf7dee910b,18.435781,79.132861,Mounika Automobiles,oem brake lever - multistrada v4 ducati brakes durable wear resistant for better fuel economy,Brakes,2025-09-19T00:00:00.000Z,2025,68d135833952f7cf7dee9109,classic
,Mahindra,,0.0,14,2025-08-13T00:00:00.000Z,Precision-made corrosion resistant for superior reliability,https://example.com/images/main_relay_pantero.jpg,Pantero,Mahindra Main Relay for Pantero,32,2668.0,premium,4.4,good,Medak,68d135d63952f7cf7dee9120,18.048948,78.269372,baskar Automobiles,mahindra main relay for pantero mahindra electrical industrial grade maintenance-free for improved performance,Electrical,2025-08-18T00:00:00.000Z,2023,68d135d63952f7cf7dee911e,classic
,Yezdi,,0.0,12,2025-09-09T00:00:00.000Z,Premium quality eco-friendly for longer life,https://example.com/images/transmission_oil_classic.jpg,Classic,Yezdi Transmission Oil for Classic,19,8949.0,premium,3.4,poor,Khammam,68d136193952f7cf7dee9133,17.249885,80.15615,Mahesh Automobiles,yezdi transmission oil for classic yezdi transmission advanced wear resistant for maximum protection,Transmission,2025-09-03T00:00:00.000Z,2019,68d136193952f7cf7dee9131,classic
,BMW,,0.0,27,2025-07-10T00:00:00.000Z,Superior heat treated for enhanced stability,https://example.com/images/ignition_switch_r_1250_gs.jpg,R 1250 GS,R 1250 GS Ignition Switch,45,84.0,budget,4.6,excellent,RAMNAGAR COLONY PEERZADIGUDA UPPAL HYDERABAD,689d6959045c37933826818d,17.390358,78.606729,sai automobiles,r 1250 gs ignition switch bmw ignition long-lasting vibration dampening for better control,Ignition,2025-07-31T00:00:00.000Z,2014,689d6959045c37933826818b,modern
,Royal Enfield,,0.0,13,2025-08-31T00:00:00.000Z,Superior precision engineered for increased power,https://example.com/images/crank_position_sensor_meteor_350.jpg,Meteor 350,Royal Enfield Crank Position Sensor for Meteor 350,16,2049.0,mid-range,4.2,good,Chappal Bazar Road - Kachiguda,68ac2a8f3c73e23c655de054,17.38953,78.491245,Swathi Automobiles,royal enfield crank position sensor for meteor 350 royal enfield ignition long-lasting high strength for superior reliability,Ignition,2025-07-21T00:00:00.000Z,2020,68ac2a8e3c73e23c655de052,modern
,Honda,,0.0,18,2025-07-28T00:00:00.000Z,Heavy-duty long lasting for maximum protection,https://example.com/images/voltage_regulator_dream_yuga.jpg,Dream Yuga,Heavy Duty Voltage Regulator - Dream Yuga,45,6664.0,premium,3.9,average,,68d0c47e09554c358655174d,17.423605,78.546314,Tarun Automobiles,heavy duty voltage regulator - dream yuga honda electrical racing quality impact resistant for improved performance,Electrical,2025-08-16T00:00:00.000Z,2014,68d0c47d09554c358655174b,classic
,Hero,,0.0,27,2025-08-23T00:00:00.000Z,Racing quality corrosion resistant for better fuel economy,https://example.com/images/fog_light_splendor_plus.jpg,Splendor Plus,Fog Light - Splendor Plus,38,1796.0,mid-range,4.5,excellent,Hyderabad,68d133bf3952f7cf7dee90b9,17.511409,78.350972,Jyothi Automobiles,fog light - splendor plus hero lighting precision-made vibration dampening for enhanced durability,Lighting,2025-09-03T00:00:00.000Z,2016,68d133bf3952f7cf7dee90b7,modern
,Yamaha,,0.0,2,2025-07-29T00:00:00.000Z,Advanced eco-friendly for optimal efficiency,https://example.com/images/shift_drum_fazer_25.jpg,Fazer 25,Shift Drum - Fazer 25,49,6939.0,premium,4.4,good,Bala Nagar,68d1346c3952f7cf7dee90d2,17.475679,78.447328,Kalyan Automobiles,shift drum - fazer 25 yamaha transmission precision-made heat treated for optimal efficiency,Transmission,2025-07-13T00:00:00.000Z,2025,68d1346c3952f7cf7dee90d0,modern
,BMW,,0.0,28,2025-08-23T00:00:00.000Z,Professional grade high strength for better fuel economy,https://example.com/images/brake_hose_r_1250_gs.jpg,R 1250 GS,Performance Brake Hose - R 1250 GS,1,4809.0,premium,4.2,good,Mahabubabad,68d134ac3952f7cf7dee90e5,17.594209,80.006903,Shiva sai Automobiles,performance brake hose - r 1250 gs bmw brakes precision-made vibration dampening for better fuel economy,Brakes,2025-07-28T00:00:00.000Z,2012,68d134ac3952f7cf7dee90e3,modern
,Benelli,,0.0,12,2025-07-27T00:00:00.000Z,Enhanced maintenance-free for improved performance,https://example.com/images/dimmer_switch_leoncino_500.jpg,Leoncino 500,Heavy Duty Dimmer Switch - Leoncino 500,6,3121.0,premium,4.1,good,Dilshknagar,68d135063952f7cf7dee90f8,17.367642,78.534282,Manoj Automobiles,heavy duty dimmer switch - leoncino 500 benelli lighting street performance temperature stable for better fuel economy,Lighting,2025-07-23T00:00:00.000Z,2021,68d135063952f7cf7dee90f6,classic
,BMW,,0.0,20,2025-09-06T00:00:00.000Z,Advanced impact resistant for reduced maintenance,https://example.com/images/full_system_exhaust_s_1000_rr.jpg,S 1000 RR,S 1000 RR Full System Exhaust,45,13785.0,premium,4.3,good,Karimnagar,68d135833952f7cf7dee910b,18.435781,79.132861,Mounika Automobiles,s 1000 rr full system exhaust bmw exhaust lightweight precision engineered for smoother operation,Exhaust,2025-09-18T00:00:00.000Z,2019,68d135833952f7cf7dee9109,modern
,Bajaj,,0.0,12,2025-09-18T00:00:00.000Z,Durable temperature stable for better handling,https://example.com/images/timing_light_platina_110.jpg,Platina 110,Timing Light - Platina 110,31,1742.0,mid-range,4.0,good,Medak,68d135d63952f7cf7dee9120,18.048948,78.269372,baskar Automobiles,timing light - platina 110 bajaj ignition advanced eco-friendly for superior reliability,Ignition,2025-08-29T00:00:00.000Z,2016,68d135d63952f7cf7dee911e,modern
,Harley-Davidson,,0.0,19,2025-09-04T00:00:00.000Z,Lightweight temperature stable for improved comfort,https://example.com/images/crash_guard_forty_eight.jpg,Forty-Eight,Heavy Duty Crash Guard - Forty-Eight,5,2268.0,mid-range,5.0,excellent,Khammam,68d136193952f7cf7dee9133,17.249885,80.15615,Mahesh Automobiles,heavy duty crash guard - forty-eight harley-davidson accessories high-performance temperature stable for enhanced durability,Accessories,2025-08-28T00:00:00.000Z,2013,68d136193952f7cf7dee9131,modern
,BMW,,0.0,17,2025-09-17T00:00:00.000Z,Durable eco-friendly for optimal efficiency,https://example.com/images/wheel_bolt_s_1000_rr.jpg,S 1000 RR,Genuine Wheel Bolt - S 1000 RR,17,1599.0,mid-range,4.8,excellent,RAMNAGAR COLONY PEERZADIGUDA UPPAL HYDERABAD,689d6959045c37933826818d,17.390358,78.606729,sai automobiles,genuine wheel bolt - s 1000 rr bmw wheels & tires heavy-duty fuel efficient for enhanced safety,Wheels & Tires,2025-08-11T00:00:00.000Z,2022,689d6959045c37933826818b,classic
,Indian,,0.0,11,2025-07-07T00:00:00.000Z,Superior high strength for enhanced stability,https://example.com/images/cylinder_head_ftr_1200.jpg,FTR 1200,Genuine Cylinder Head - FTR 1200,0,21181.0,premium,4.0,good,Chappal Bazar Road - Kachiguda,68ac2a8f3c73e23c655de054,17.38953,78.491245,Swathi Automobiles,genuine cylinder head - ftr 1200 indian engine racing quality heat treated for enhanced safety,Engine,2025-08-24T00:00:00.000Z,2016,68ac2a8e3c73e23c655de052,modern
,Ducati,,0.0,5,2025-08-01T00:00:00.000Z,OEM quality wear resistant for reduced maintenance,https://example.com/images/spoke_set_desertx.jpg,DesertX,DesertX Spoke Set,29,12823.0,premium,4.7,excellent,,68d0c47e09554c358655174d,17.423605,78.546314,Tarun Automobiles,desertx spoke set ducati wheels & tires heavy-duty precision engineered for optimal efficiency,Wheels & Tires,2025-09-13T00:00:00.000Z,2017,68d0c47d09554c358655174b,classic
,BMW,,0.0,17,2025-07-30T00:00:00.000Z,OEM quality impact resistant for better handling,https://example.com/images/choke_cable_s_1000_rr.jpg,S 1000 RR,Genuine Choke Cable - S 1000 RR,39,9728.0,premium,4.8,excellent,Hyderabad,68d133bf3952f7cf7dee90b9,17.511409,78.350972,Jyothi Automobiles,genuine choke cable - s 1000 rr bmw fuel system durable corrosion resistant for longer life,Fuel System,2025-08-05T00:00:00.000Z,2015,68d133bf3952f7cf7dee90b7,classic
,KTM,,0.0,27,2025-08-14T00:00:00.000Z,High-performance heat treated for superior reliability,https://example.com/images/riding_gloves_rc_390.jpg,RC 390,Premium Riding Gloves for RC 390,50,5074.0,premium,4.7,excellent,Bala Nagar,68d1346c3952f7cf7dee90d2,17.475679,78.447328,Kalyan Automobiles,premium riding gloves for rc 390 ktm safety racing quality maintenance-free for better handling,Safety,2025-08-20T00:00:00.000Z,2022,68d1346c3952f7cf7dee90d0,modern
,Triumph,,0.0,20,2025-07-11T00:00:00.000Z,Precision-made corrosion resistant for smoother operation,https://example.com/images/head_gasket_thruxton_rs.jpg,Thruxton RS,Genuine Head Gasket - Thruxton RS,28,3740.0,premium,4.9,excellent,Mahabubabad,68d134ac3952f7cf7dee90e5,17.594209,80.006903,Shiva sai Automobiles,genuine head gasket - thruxton rs triumph engine heavy-duty heat treated for superior reliability,Engine,2025-08-16T00:00:00.000Z,2018,68d134ac3952f7cf7dee90e3,modern
,Hero,,0.0,20,2025-08-16T00:00:00.000Z,Professional grade wear resistant for enhanced stability,https://example.com/images/tail_light_vida_v1_electric.jpg,Vida V1 Electric,Tail Light - Vida V1 Electric,45,2463.0,mid-range,3.4,poor,Dilshknagar,68d135063952f7cf7dee90f8,17.367642,78.534282,Manoj Automobiles,tail light - vida v1 electric hero lighting street performance high strength for better handling,Lighting,2025-09-20T00:00:00.000Z,2022,68d135063952f7cf7dee90f6,classic
,Yezdi,,0.0,4,2025-07-11T00:00:00.000Z,Premium quality temperature stable for improved comfort,https://example.com/images/pulley_deluxe.jpg,Deluxe,Pulley Assembly - Deluxe,4,4921.0,premium,4.5,excellent,Karimnagar,68d135833952f7cf7dee910b,18.435781,79.132861,Mounika Automobiles,pulley assembly - deluxe yezdi drivetrain enhanced vibration dampening for longer life,Drivetrain,2025-08-19T00:00:00.000Z,2023,68d135833952f7cf7dee9109,modern
,BMW,,0.0,30,2025-07-03T00:00:00.000Z,Precision-made maintenance-free for optimal efficiency,https://example.com/images/polish_s_1000_xr.jpg,S 1000 XR,Polish - S 1000 XR,39,206.0,budget,4.4,good,Medak,68d135d63952f7cf7dee9120,18.048948,78.269372,baskar Automobiles,polish - s 1000 xr bmw maintenance superior weather resistant for improved comfort,Maintenance,2025-09-08T00:00:00.000Z,2017,68d135d63952f7cf7dee911e,modern
,Kawasaki,,0.0,27,2025-07-20T00:00:00.000Z,Long-lasting noise reducing for enhanced safety,https://example.com/images/fuel_rail_klx_230.jpg,KLX 230,Fuel Rail - KLX 230,19,8974.0,premium,3.7,average,Khammam,68d136193952f7cf7dee9133,17.249885,80.15615,Mahesh Automobiles,fuel rail - klx 230 kawasaki fuel system heavy-duty fuel efficient for increased power,Fuel System,2025-08-09T00:00:00.000Z,2024,68d136193952f7cf7dee9131,classic
,KTM,,0.0,12,2025-09-21T00:00:00.000Z,High-performance eco-friendly for increased power,https://example.com/images/key_set_duke_390.jpg,Duke 390,OEM Key Set - Duke 390,28,1914.0,mid-range,4.2,good,RAMNAGAR COLONY PEERZADIGUDA UPPAL HYDERABAD,689d6959045c37933826818d,17.390358,78.606729,sai automobiles,oem key set - duke 390 ktm ignition long-lasting noise reducing for enhanced durability,Ignition,2025-08-25T00:00:00.000Z,2025,689d6959045c37933826818b,classic
,Aprilia,,0.0,25,2025-09-07T00:00:00.000Z,Long-lasting eco-friendly for reduced maintenance,https://example.com/images/horn_dorsoduro_900.jpg,Dorsoduro 900,OEM Horn - Dorsoduro 900,36,5635.0,premium,3.7,average,Chappal Bazar Road - Kachiguda,68ac2a8f3c73e23c655de054,17.38953,78.491245,Swathi Automobiles,oem horn - dorsoduro 900 aprilia electrical precision-made high strength for increased power,Electrical,2025-07-29T00:00:00.000Z,2011,68ac2a8e3c73e23c655de052,modern
,Suzuki,,0.0,22,2025-07-25T00:00:00.000Z,OEM quality precision engineered for superior reliability,https://example.com/images/thread_locker_gsx_r1000r.jpg,GSX-R1000R,Suzuki Thread Locker for GSX-R1000R,24,786.0,mid-range,4.4,good,,68d0c47e09554c358655174d,17.423605,78.546314,Tarun Automobiles,suzuki thread locker for gsx-r1000r suzuki maintenance industrial grade fuel efficient for reduced maintenance,Maintenance,2025-07-03T00:00:00.000Z,2021,68d0c47d09554c358655174b,classic
,Harley-Davidson,,0.0,21,2025-09-03T00:00:00.000Z,Lightweight fuel efficient for longer life,https://example.com/images/fire_extinguisher_street_glide.jpg,Street Glide,Performance Fire Extinguisher - Street Glide,26,2094.0,mid-range,3.5,average,Hyderabad,68d133bf3952f7cf7dee90b9,17.511409,78.350972,Jyothi Automobiles,performance fire extinguisher - street glide harley-davidson safety high-performance noise reducing for reduced maintenance,Safety,2025-07-13T00:00:00.000Z,2021,68d133bf3952f7cf7dee90b7,classic
,Kawasaki,,0.0,2,2025-07-25T00:00:00.000Z,Enhanced long lasting for better handling,https://example.com/images/degreaser_zx_6r.jpg,ZX-6R,Kawasaki Degreaser for ZX-6R,0,433.0,budget,4.0,good,Bala Nagar,68d1346c3952f7cf7dee90d2,17.475679,78.447328,Kalyan Automobiles,kawasaki degreaser for zx-6r kawasaki maintenance lightweight fuel efficient for smoother operation,Maintenance,2025-08-03T00:00:00.000Z,2024,68d1346c3952f7cf7dee90d0,classic
,BMW,,0.0,26,2025-09-10T00:00:00.000Z,Durable weather resistant for improved comfort,https://example.com/images/fuel_rail_k_1600_gtl.jpg,K 1600 GTL,Performance Fuel Rail - K 1600 GTL,5,5779.0,premium,3.3,poor,Mahabubabad,68d134ac3952f7cf7dee90e5,17.594209,80.006903,Shiva sai Automobiles,performance fuel rail - k 1600 gtl bmw fuel system lightweight wear resistant for smoother operation,Fuel System,2025-07-10T00:00:00.000Z,2011,68d134ac3952f7cf7dee90e3,modern
,BMW,,0.0,11,2025-08-17T00:00:00.000Z,Industrial grade heat treated for increased power,https://example.com/images/radiator_cap_r_1250_gs.jpg,R 1250 GS,Heavy Duty Radiator Cap - R 1250 GS,4,5405.0,premium,4.0,good,Dilshknagar,68d135063952f7cf7dee90f8,17.367642,78.534282,Manoj Automobiles,heavy duty radiator cap - r 1250 gs bmw cooling system long-lasting precision engineered for better handling,Cooling System,2025-08-28T00:00:00.000Z,2020,68d135063952f7cf7dee90f6,classic
,Indian,,0.0,7,2025-08-21T00:00:00.000Z,Precision-made maintenance-free for better fuel economy,https://example.com/images/reserve_tank_scout_rogue.jpg,Scout Rogue,Scout Rogue Reserve Tank,5,5064.0,premium,3.2,poor,Karimnagar,68d135833952f7cf7dee910b,18.435781,79.132861,Mounika Automobiles,scout rogue reserve tank indian fuel system oem quality wear resistant for better control,Fuel System,2025-07-22T00:00:00.000Z,2010,68d135833952f7cf7dee9109,classic
,KTM,,0.0,1,2025-09-05T00:00:00.000Z,Industrial grade heat treated for superior reliability,https://example.com/images/front_sprocket_duke_200.jpg,Duke 200,Duke 200 Front Sprocket,42,3936.0,premium,4.5,excellent,Medak,68d135d63952f7cf7dee9120,18.048948,78.269372,baskar Automobiles,duke 200 front sprocket ktm drivetrain lightweight fuel efficient for reduced maintenance,Drivetrain,2025-07-06T00:00:00.000Z,2020,68d135d63952f7cf7dee911e,modern
,Honda,,0.0,3,2025-09-10T00:00:00.000Z,Lightweight chemical resistant for reduced maintenance,https://example.com/images/rear_spring_x_blade.jpg,X-Blade,Premium Rear Spring for X-Blade,48,2433.0,mid-range,4.7,excellent,Khammam,68d136193952f7cf7dee9133,17.249885,80.15615,Mahesh Automobiles,premium rear spring for x-blade honda suspension lightweight temperature stable for enhanced stability,Suspension,2025-07-17T00:00:00.000Z,2010,68d136193952f7cf7dee9131,classic
,Hero,,0.0,11,2025-07-30T00:00:00.000Z,Advanced precision engineered for improved performance,https://example.com/images/front_shock_absorber_super_splendor.jpg,Super Splendor,Front Shock Absorber - Super Splendor,6,5108.0,premium,3.9,average,RAMNAGAR COLONY PEERZADIGUDA UPPAL HYDERABAD,689d6959045c37933826818d,17.390358,78.606729,sai automobiles,front shock absorber - super splendor hero suspension premium quality wear resistant for maximum protection,Suspension,2025-08-27T00:00:00.000Z,2021,689d6959045c37933826818b,modern
,MV Agusta,,0.0,11,2025-09-19T00:00:00.000Z,Racing quality fuel efficient for superior reliability,https://example.com/images/fan_shroud_brutale_800.jpg,Brutale 800,Premium Fan Shroud for Brutale 800,19,9849.0,premium,4.2,good,Chappal Bazar Road - Kachiguda,68ac2a8f3c73e23c655de054,17.38953,78.491245,Swathi Automobiles,premium fan shroud for brutale 800 mv agusta cooling system precision-made corrosion resistant for better control,Cooling System,2025-08-10T00:00:00.000Z,2010,68ac2a8e3c73e23c655de052,classic
,Indian,,0.0,28,2025-07-14T00:00:00.000Z,Lightweight chemical resistant for enhanced safety,https://example.com/images/flasher_relay_challenger.jpg,Challenger,Racing Flasher Relay - Challenger,8,3132.0,premium,4.4,good,,68d0c47e09554c358655174d,17.423605,78.546314,Tarun Automobiles,racing flasher relay - challenger indian electrical durable high strength for smoother operation,Electrical,2025-09-05T00:00:00.000Z,2021,68d0c47d09554c358655174b,classic
,Triumph,,0.0,11,2025-07-11T00:00:00.000Z,Superior maintenance-free for smoother operation,https://example.com/images/fork_oil_seal_speed_twin.jpg,Speed Twin,Speed Twin Fork Oil Seal,42,5456.0,premium,3.7,average,Hyderabad,68d133bf3952f7cf7dee90b9,17.511409,78.350972,Jyothi Automobiles,speed twin fork oil seal triumph suspension enhanced chemical resistant for better control,Suspension,2025-08-07T00:00:00.000Z,2010,68d133bf3952f7cf7dee90b7,classic
,TVS,,0.0,20,2025-08-08T00:00:00.000Z,Superior noise reducing for better control,https://example.com/images/bypass_filter_wego.jpg,Wego,TVS Bypass Filter for Wego,25,1420.0,mid-range,4.4,good,Bala Nagar,68d1346c3952f7cf7dee90d2,17.475679,78.447328,Kalyan Automobiles,tvs bypass filter for wego tvs filters racing quality vibration dampening for enhanced stability,Filters,2025-08-22T00:00:00.000Z,2020,68d1346c3952f7cf7dee90d0,modern
,Bajaj,,0.0,13,2025-09-05T00:00:00.000Z,Long-lasting chemical resistant for improved performance,https://example.com/images/rotor_pulsar_f250.jpg,Pulsar F250,Bajaj Rotor for Pulsar F250,16,451.0,budget,3.9,average,Mahabubabad,68d134ac3952f7cf7dee90e5,17.594209,80.006903,Shiva sai Automobiles,bajaj rotor for pulsar f250 bajaj ignition durable high strength for better control,Ignition,2025-07-11T00:00:00.000Z,2021,68d134ac3952f7cf7dee90e3,classic
,Triumph,,0.0,9,2025-07-06T00:00:00.000Z,Durable fuel efficient for better fuel economy,https://example.com/images/fuel_pump_street_twin.jpg,Street Twin,Performance Fuel Pump - Street Twin,38,4020.0,premium,4.0,good,Dilshknagar,68d135063952f7cf7dee90f8,17.367642,78.534282,Manoj Automobiles,performance fuel pump - street twin triumph fuel system durable weather resistant for optimal efficiency,Fuel System,2025-07-18T00:00:00.000Z,2021,68d135063952f7cf7dee90f6,classic
,MV Agusta,,0.0,19,2025-09-05T00:00:00.000Z,OEM quality high strength for better handling,https://example.com/images/heat_shield_rush_1000.jpg,Rush 1000,MV Agusta Heat Shield for Rush 1000,26,2019.0,mid-range,4.3,good,Karimnagar,68d135833952f7cf7dee910b,18.435781,79.132861,Mounika Automobiles,mv agusta heat shield for rush 1000 mv agusta exhaust street performance noise reducing for longer life,Exhaust,2025-07-23T00:00:00.000Z,2013,68d135833952f7cf7dee9109,classic
,Mahindra,,0.0,9,2025-07-19T00:00:00.000Z,Enhanced eco-friendly for longer life,https://example.com/images/belt_guard_kine.jpg,Kine,Mahindra Belt Guard for Kine,18,6060.0,premium,3.8,average,Medak,68d135d63952f7cf7dee9120,18.048948,78.269372,baskar Automobiles,mahindra belt guard for kine mahindra drivetrain precision-made long lasting for better handling,Drivetrain,2025-08-31T00:00:00.000Z,2019,68d135d63952f7cf7dee911e,classic
,Bajaj,,0.0,4,2025-08-30T00:00:00.000Z,Professional grade wear resistant for optimal efficiency,https://example.com/images/axle_ct_110x.jpg,CT 110X,Bajaj Axle for CT 110X,1,11581.0,premium,4.4,good,Khammam,68d136193952f7cf7dee9133,17.249885,80.15615,Mahesh Automobiles,bajaj axle for ct 110x bajaj wheels & tires lightweight heat treated for improved comfort,Wheels & Tires,2025-07-24T00:00:00.000Z,2024,68d136193952f7cf7dee9131,modern
,Jawa,,0.0,2,2025-07-18T00:00:00.000Z,Racing quality precision engineered for improved performance,https://example.com/images/fuel_cock_forty_two.jpg,Forty Two,OEM Fuel Cock - Forty Two,36,6544.0,premium,3.4,poor,RAMNAGAR COLONY PEERZADIGUDA UPPAL HYDERABAD,689d6959045c37933826818d,17.390358,78.606729,sai automobiles,oem fuel cock - forty two jawa fuel system industrial grade impact resistant for smoother operation,Fuel System,2025-07-17T00:00:00.000Z,2021,689d6959045c37933826818b,modern
,Benelli,,0.0,25,2025-08-29T00:00:00.000Z,Advanced impact resistant for enhanced stability,https://example.com/images/phone_mount_leoncino_500.jpg,Leoncino 500,Phone Mount Assembly - Leoncino 500,16,2722.0,premium,4.2,good,Chappal Bazar Road - Kachiguda,68ac2a8f3c73e23c655de054,17.38953,78.491245,Swathi Automobiles,phone mount assembly - leoncino 500 benelli accessories heavy-duty weather resistant for enhanced stability,Accessories,2025-09-04T00:00:00.000Z,2016,68ac2a8e3c73e23c655de052,modern
,Kawasaki,,0.0,25,2025-07-15T00:00:00.000Z,Professional grade weather resistant for improved comfort,https://example.com/images/helmet_lock_versys_x_300.jpg,Versys-X 300,OEM Helmet Lock - Versys-X 300,33,2479.0,mid-range,4.7,excellent,,68d0c47e09554c358655174d,17.423605,78.546314,Tarun Automobiles,oem helmet lock - versys-x 300 kawasaki accessories durable corrosion resistant for smoother operation,Accessories,2025-08-29T00:00:00.000Z,2017,68d0c47d09554c358655174b,modern
,Royal Enfield,,0.0,1,2025-08-30T00:00:00.000Z,Enhanced fuel efficient for reduced maintenance,https://example.com/images/cylinder_block_hunter_350.jpg,Hunter 350,Heavy Duty Cylinder Block - Hunter 350,45,19309.0,premium,4.9,excellent,Hyderabad,68d133bf3952f7cf7dee90b9,17.511409,78.350972,Jyothi Automobiles,heavy duty cylinder block - hunter 350 royal enfield engine street performance high strength for longer life,Engine,2025-09-16T00:00:00.000Z,2025,68d133bf3952f7cf7dee90b7,modern
,Benelli,,0.0,28,2025-07-13T00:00:00.000Z,Heavy-duty corrosion resistant for superior reliability,https://example.com/images/side_light_leoncino_500.jpg,Leoncino 500,Leoncino 500 Side Light,36,848.0,mid-range,4.6,excellent,Bala Nagar,68d1346c3952f7cf7dee90d2,17.475679,78.447328,Kalyan Automobiles,leoncino 500 side light benelli lighting oem quality eco-friendly for improved performance,Lighting,2025-09-13T00:00:00.000Z,2015,68d1346c3952f7cf7dee90d0,modern
,Indian,,0.0,10,2025-07-20T00:00:00.000Z,Professional grade corrosion resistant for improved comfort,https://example.com/images/shift_drum_ftr_1200.jpg,FTR 1200,Racing Shift Drum - FTR 1200,13,7727.0,premium,4.8,excellent,Mahabubabad,68d134ac3952f7cf7dee90e5,17.594209,80.006903,Shiva sai Automobiles,racing shift drum - ftr 1200 indian transmission premium quality long lasting for smoother operation,Transmission,2025-08-06T00:00:00.000Z,2024,68d134ac3952f7cf7dee90e3,classic
,KTM,,0.0,7,2025-07-06T00:00:00.000Z,Racing quality weather resistant for enhanced durability,https://example.com/images/cabin_filter_duke_125.jpg,Duke 125,Racing Cabin Filter - Duke 125,31,349.0,budget,4.1,good,Dilshknagar,68d135063952f7cf7dee90f8,17.367642,78.534282,Manoj Automobiles,racing cabin filter - duke 125 ktm filters high-performance corrosion resistant for increased power,Filters,2025-07-21T00:00:00.000Z,2022,68d135063952f7cf7dee90f6,classic
,Suzuki,,0.0,10,2025-07-13T00:00:00.000Z,Superior noise reducing for reduced maintenance,https://example.com/images/wheel_hub_avenis.jpg,Avenis,Suzuki Wheel Hub for Avenis,47,5002.0,premium,4.4,good,Karimnagar,68d135833952f7cf7dee910b,18.435781,79.132861,Mounika Automobiles,suzuki wheel hub for avenis suzuki wheels & tires professional grade precision engineered for superior reliability,Wheels & Tires,2025-07-27T00:00:00.000Z,2015,68d135833952f7cf7dee9109,modern
,Benelli,,0.0,26,2025-07-23T00:00:00.000Z,Advanced high strength for enhanced safety,https://example.com/images/kick_starter_trk_502.jpg,TRK 502,Premium Kick Starter for TRK 502,48,4924.0,premium,3.7,average,Medak,68d135d63952f7cf7dee9120,18.048948,78.269372,baskar Automobiles,premium kick starter for trk 502 benelli transmission lightweight impact resistant for superior reliability,Transmission,2025-07-30T00:00:00.000Z,2025,68d135d63952f7cf7dee911e,classic
,TVS,,0.0,2,2025-09-10T00:00:00.000Z,High-performance precision engineered for improved performance,https://example.com/images/starter_relay_scooty_pep_plus.jpg,Scooty Pep Plus,Heavy Duty Starter Relay - Scooty Pep Plus,43,6385.0,premium,4.9,excellent,Khammam,68d136193952f7cf7dee9133,17.249885,80.15615,Mahesh Automobiles,heavy duty starter relay - scooty pep plus tvs electrical professional grade high strength for enhanced safety,Electrical,2025-07-13T00:00:00.000Z,2011,68d136193952f7cf7dee9131,modern
,Royal Enfield,,0.0,12,2025-09-03T00:00:00.000Z,Industrial grade vibration dampening for improved performance,https://example.com/images/coolant_drain_plug_thunderbird_350.jpg,Thunderbird 350,Genuine Coolant Drain Plug - Thunderbird 350,29,1936.0,mid-range,4.1,good,RAMNAGAR COLONY PEERZADIGUDA UPPAL HYDERABAD,689d6959045c37933826818d,17.390358,78.606729,sai automobiles,genuine coolant drain plug - thunderbird 350 royal enfield cooling system industrial grade chemical resistant for optimal efficiency,Cooling System,2025-07-05T00:00:00.000Z,2014,689d6959045c37933826818b,modern
,Harley-Davidson,,0.0,9,2025-07-08T00:00:00.000Z,Superior chemical resistant for enhanced durability,https://example.com/images/high_vis_jacket_sportster_s.jpg,Sportster S,Harley-Davidson High Vis Jacket for Sportster S,46,7312.0,premium,4.4,good,Chappal Bazar Road - Kachiguda,68ac2a8f3c73e23c655de054,17.38953,78.491245,Swathi Automobiles,harley-davidson high vis jacket for sportster s harley-davidson safety street performance corrosion resistant for reduced maintenance,Safety,2025-07-21T00:00:00.000Z,2021,68ac2a8e3c73e23c655de052,classic
,BMW,,0.0,11,2025-07-24T00:00:00.000Z,Racing quality wear resistant for reduced maintenance,https://example.com/images/exhaust_flange_k_1600_gtl.jpg,K 1600 GTL,Heavy Duty Exhaust Flange - K 1600 GTL,47,2426.0,mid-range,3.7,average,,68d0c47e09554c358655174d,17.423605,78.546314,Tarun Automobiles,heavy duty exhaust flange - k 1600 gtl bmw exhaust lightweight long lasting for enhanced durability,Exhaust,2025-08-28T00:00:00.000Z,2015,68d0c47d09554c358655174b,classic
,Ducati,,0.0,22,2025-08-16T00:00:00.000Z,Enhanced precision engineered for better fuel economy,https://example.com/images/front_fairing_panigale_v4.jpg,Panigale V4,Ducati Front Fairing for Panigale V4,29,1801.0,mid-range,3.6,average,Hyderabad,68d133bf3952f7cf7dee90b9,17.511409,78.350972,Jyothi Automobiles,ducati front fairing for panigale v4 ducati body parts superior noise reducing for maximum protection,Body Parts,2025-09-10T00:00:00.000Z,2024,68d133bf3952f7cf7dee90b7,modern
,Royal Enfield,,0.0,17,2025-07-10T00:00:00.000Z,Premium quality noise reducing for better handling,https://example.com/images/steering_head_bearing_meteor_350.jpg,Meteor 350,Heavy Duty Steering Head Bearing - Meteor 350,47,2302.0,mid-range,4.5,excellent,Bala Nagar,68d1346c3952f7cf7dee90d2,17.475679,78.447328,Kalyan Automobiles,heavy duty steering head bearing - meteor 350 royal enfield suspension professional grade noise reducing for increased power,Suspension,2025-07-23T00:00:00.000Z,2013,68d1346c3952f7cf7dee90d0,modern
,Royal Enfield,,0.0,19,2025-09-06T00:00:00.000Z,Enhanced fuel efficient for better fuel economy,https://example.com/images/bypass_filter_interceptor_650.jpg,Interceptor 650,Heavy Duty Bypass Filter - Interceptor 650,23,551.0,mid-range,4.8,excellent,Mahabubabad,68d134ac3952f7cf7dee90e5,17.594209,80.006903,Shiva sai Automobiles,heavy duty bypass filter - interceptor 650 royal enfield filters enhanced vibration dampening for maximum protection,Filters,2025-09-12T00:00:00.000Z,2020,68d134ac3952f7cf7dee90e3,modern
,Hero,,0.0,6,2025-09-12T00:00:00.000Z,Lightweight chemical resistant for enhanced safety,https://example.com/images/knee_guard_glamour.jpg,Glamour,Premium Knee Guard for Glamour,29,3513.0,premium,3.3,poor,Dilshknagar,68d135063952f7cf7dee90f8,17.367642,78.534282,Manoj Automobiles,premium knee guard for glamour hero safety industrial grade eco-friendly for superior reliability,Safety,2025-09-07T00:00:00.000Z,2010,68d135063952f7cf7dee90f6,modern
,Aprilia,,0.0,1,2025-07-06T00:00:00.000Z,Advanced high strength for longer life,https://example.com/images/steering_head_bearing_sr_160.jpg,SR 160,Performance Steering Head Bearing - SR 160,49,10490.0,premium,3.7,average,Karimnagar,68d135833952f7cf7dee910b,18.435781,79.132861,Mounika Automobiles,performance steering head bearing - sr 160 aprilia suspension oem quality heat treated for enhanced stability,Suspension,2025-07-07T00:00:00.000Z,2020,68d135833952f7cf7dee9109,modern
,Benelli,,0.0,9,2025-09-07T00:00:00.000Z,Street performance temperature stable for better control,https://example.com/images/battery_box_tnt_600i.jpg,TNT 600i,Benelli Battery Box for TNT 600i,40,4254.0,premium,3.3,poor,Medak,68d135d63952f7cf7dee9120,18.048948,78.269372,baskar Automobiles,benelli battery box for tnt 600i benelli body parts lightweight fuel efficient for better fuel economy,Body Parts,2025-08-20T00:00:00.000Z,2013,68d135d63952f7cf7dee911e,modern
,Triumph,,0.0,30,2025-07-25T00:00:00.000Z,Superior eco-friendly for better control,https://example.com/images/spark_plug_speed_triple.jpg,Speed Triple,Heavy Duty Spark Plug - Speed Triple,2,468.0,budget,3.6,average,Khammam,68d136193952f7cf7dee9133,17.249885,80.15615,Mahesh Automobiles,heavy duty spark plug - speed triple triumph ignition long-lasting precision engineered for better fuel economy,Ignition,2025-08-16T00:00:00.000Z,2014,68d136193952f7cf7dee9131,classic
,Honda,,0.0,28,2025-08-20T00:00:00.000Z,Enhanced temperature stable for better control,https://example.com/images/exhaust_clamp_grazia.jpg,Grazia,Racing Exhaust Clamp - Grazia,0,18320.0,premium,3.4,poor,RAMNAGAR COLONY PEERZADIGUDA UPPAL HYDERABAD,689d6959045c37933826818d,17.390358,78.606729,sai automobiles,racing exhaust clamp - grazia honda exhaust precision-made eco-friendly for enhanced safety,Exhaust,2025-08-20T00:00:00.000Z,2017,689d6959045c37933826818b,modern
,Jawa,,0.0,13,2025-09-06T00:00:00.000Z,Professional grade impact resistant for reduced maintenance,https://example.com/images/suspension_bolt_bobber.jpg,Bobber,Premium Suspension Bolt for Bobber,35,12489.0,premium,3.7,average,Chappal Bazar Road - Kachiguda,68ac2a8f3c73e23c655de054,17.38953,78.491245,Swathi Automobiles,premium suspension bolt for bobber jawa suspension racing quality vibration dampening for enhanced durability,Suspension,2025-09-03T00:00:00.000Z,2020,68ac2a8e3c73e23c655de052,classic
,Yamaha,,0.0,11,2025-07-10T00:00:00.000Z,Lightweight vibration dampening for enhanced safety,https://example.com/images/coolant_pump_fz_s.jpg,FZ-S,FZ-S Coolant Pump,17,7040.0,premium,4.2,good,,68d0c47e09554c358655174d,17.423605,78.546314,Tarun Automobiles,fz-s coolant pump yamaha cooling system long-lasting wear resistant for longer life,Cooling System,2025-08-30T00:00:00.000Z,2025,68d0c47d09554c358655174b,classic
,Yezdi,,0.0,30,2025-07-26T00:00:00.000Z,Premium quality precision engineered for maximum protection,https://example.com/images/cdi_unit_roadster.jpg,Roadster,OEM CDI Unit - Roadster,29,2001.0,mid-range,4.2,good,Hyderabad,68d133bf3952f7cf7dee90b9,17.511409,78.350972,Jyothi Automobiles,oem cdi unit - roadster yezdi electrical high-performance vibration dampening for maximum protection,Electrical,2025-08-22T00:00:00.000Z,2010,68d133bf3952f7cf7dee90b7,modern
,TVS,,0.0,15,2025-09-19T00:00:00.000Z,Street performance heat treated for optimal efficiency,https://example.com/images/circuit_breaker_max_125.jpg,Max 125,OEM Circuit Breaker - Max 125,45,3075.0,premium,4.6,excellent,Bala Nagar,68d1346c3952f7cf7dee90d2,17.475679,78.447328,Kalyan Automobiles,oem circuit breaker - max 125 tvs electrical heavy-duty fuel efficient for smoother operation,Electrical,2025-07-30T00:00:00.000Z,2018,68d1346c3952f7cf7dee90d0,classic
,Suzuki,,0.0,24,2025-07-11T00:00:00.000Z,Racing quality maintenance-free for longer life,https://example.com/images/water_pump_intruder.jpg,Intruder,Water Pump Assembly - Intruder,36,14244.0,premium,4.3,good,Mahabubabad,68d134ac3952f7cf7dee90e5,17.594209,80.006903,Shiva sai Automobiles,water pump assembly - intruder suzuki engine advanced maintenance-free for smoother operation,Engine,2025-08-20T00:00:00.000Z,2011,68d134ac3952f7cf7dee90e3,classic
,Yamaha,,0.0,9,2025-09-09T00:00:00.000Z,Professional grade temperature stable for enhanced stability,https://example.com/images/centrifugal_filter_fz_25.jpg,FZ 25,Premium Centrifugal Filter for FZ 25,44,1144.0,mid-range,5.0,excellent,Dilshknagar,68d135063952f7cf7dee90f8,17.367642,78.534282,Manoj Automobiles,premium centrifugal filter for fz 25 yamaha filters lightweight noise reducing for optimal efficiency,Filters,2025-08-01T00:00:00.000Z,2022,68d135063952f7cf7dee90f6,classic
,Suzuki,,0.0,22,2025-09-16T00:00:00.000Z,Durable eco-friendly for longer life,https://example.com/images/connecting_rod_gixxer_sf.jpg,Gixxer SF,Connecting Rod - Gixxer SF,20,24765.0,premium,4.6,excellent,Karimnagar,68d135833952f7cf7dee910b,18.435781,79.132861,Mounika Automobiles,connecting rod - gixxer sf suzuki engine advanced chemical resistant for longer life,Engine,2025-07-24T00:00:00.000Z,2021,68d135833952f7cf7dee9109,modern
,Royal Enfield,,0.0,22,2025-09-18T00:00:00.000Z,Enhanced eco-friendly for maximum protection,https://example.com/images/rotor_himalayan.jpg,Himalayan,Premium Rotor for Himalayan,9,448.0,budget,3.9,average,Medak,68d135d63952f7cf7dee9120,18.048948,78.269372,baskar Automobiles,premium rotor for himalayan royal enfield ignition advanced high strength for superior reliability,Ignition,2025-09-17T00:00:00.000Z,2025,68d135d63952f7cf7dee911e,modern
,Ducati,,0.0,12,2025-07-07T00:00:00.000Z,Long-lasting noise reducing for enhanced safety,https://example.com/images/windshield_panigale_v2.jpg,Panigale V2,Premium Windshield for Panigale V2,31,4421.0,premium,4.6,excellent,Khammam,68d136193952f7cf7dee9133,17.249885,80.15615,Mahesh Automobiles,premium windshield for panigale v2 ducati accessories superior impact resistant for enhanced stability,Accessories,2025-09-18T00:00:00.000Z,2019,68d136193952f7cf7dee9131,modern
,Jawa,,0.0,19,2025-08-20T00:00:00.000Z,Lightweight precision engineered for superior reliability,https://example.com/images/fuel_tank_forty_two.jpg,Forty Two,Heavy Duty Fuel Tank - Forty Two,30,7267.0,premium,3.9,average,RAMNAGAR COLONY PEERZADIGUDA UPPAL HYDERABAD,689d6959045c37933826818d,17.390358,78.606729,sai automobiles,heavy duty fuel tank - forty two jawa body parts racing quality precision engineered for superior reliability,Body Parts,2025-08-29T00:00:00.000Z,2020,689d6959045c37933826818b,classic
,Triumph,,0.0,6,2025-09-13T00:00:00.000Z,Professional grade heat treated for longer life,https://example.com/images/carburetor_cleaner_tiger_900.jpg,Tiger 900,Genuine Carburetor Cleaner - Tiger 900,38,555.0,mid-range,3.7,average,Chappal Bazar Road - Kachiguda,68ac2a8f3c73e23c655de054,17.38953,78.491245,Swathi Automobiles,genuine carburetor cleaner - tiger 900 triumph maintenance long-lasting heat treated for optimal efficiency,Maintenance,2025-09-02T00:00:00.000Z,2012,68ac2a8e3c73e23c655de052,classic
,Triumph,,0.0,20,2025-09-10T00:00:00.000Z,Precision-made weather resistant for longer life,https://example.com/images/tail_box_speed_triple.jpg,Speed Triple,Tail Box Assembly - Speed Triple,41,3012.0,premium,3.8,average,,68d0c47e09554c358655174d,17.423605,78.546314,Tarun Automobiles,tail box assembly - speed triple triumph accessories enhanced temperature stable for better fuel economy,Accessories,2025-07-13T00:00:00.000Z,2020,68d0c47d09554c358655174b,classic
,Royal Enfield,,0.0,21,2025-08-08T00:00:00.000Z,OEM quality impact resistant for optimal efficiency,https://example.com/images/temperature_sensor_thunderbird_350.jpg,Thunderbird 350,Racing Temperature Sensor - Thunderbird 350,20,9729.0,premium,3.9,average,Hyderabad,68d133bf3952f7cf7dee90b9,17.511409,78.350972,Jyothi Automobiles,racing temperature sensor - thunderbird 350 royal enfield cooling system superior weather resistant for better control,Cooling System,2025-08-07T00:00:00.000Z,2015,68d133bf3952f7cf7dee90b7,classic
,Benelli,,0.0,25,2025-07-12T00:00:00.000Z,Heavy-duty eco-friendly for improved performance,https://example.com/images/fork_spring_bn_125.jpg,BN 125,OEM Fork Spring - BN 125,35,14621.0,premium,3.8,average,Bala Nagar,68d1346c3952f7cf7dee90d2,17.475679,78.447328,Kalyan Automobiles,oem fork spring - bn 125 benelli suspension professional grade precision engineered for improved comfort,Suspension,2025-07-01T00:00:00.000Z,2025,68d1346c3952f7cf7dee90d0,modern
,Yamaha,,0.0,16,2025-07-12T00:00:00.000Z,Superior chemical resistant for smoother operation,https://example.com/images/clutch_plate_fz_25.jpg,FZ 25,OEM Clutch Plate - FZ 25,46,1200.0,mid-range,4.7,excellent,Mahabubabad,68d134ac3952f7cf7dee90e5,17.594209,80.006903,Shiva sai Automobiles,oem clutch plate - fz 25 yamaha transmission enhanced vibration dampening for smoother operation,Transmission,2025-07-16T00:00:00.000Z,2022,68d134ac3952f7cf7dee90e3,modern
,Mahindra,,0.0,29,2025-09-01T00:00:00.000Z,Durable precision engineered for improved performance,https://example.com/images/clutch_plate_flyte.jpg,Flyte,Racing Clutch Plate - Flyte,38,5039.0,premium,3.7,average,Dilshknagar,68d135063952f7cf7dee90f8,17.367642,78.534282,Manoj Automobiles,racing clutch plate - flyte mahindra transmission oem quality high strength for better handling,Transmission,2025-08-16T00:00:00.000Z,2023,68d135063952f7cf7dee90f6,modern
,Triumph,,0.0,10,2025-08-01T00:00:00.000Z,Enhanced weather resistant for improved performance,https://example.com/images/gear_oil_scrambler_1200.jpg,Scrambler 1200,Heavy Duty Gear Oil - Scrambler 1200,36,90.0,budget,4.4,good,Karimnagar,68d135833952f7cf7dee910b,18.435781,79.132861,Mounika Automobiles,heavy duty gear oil - scrambler 1200 triumph maintenance heavy-duty fuel efficient for enhanced stability,Maintenance,2025-09-09T00:00:00.000Z,2012,68d135833952f7cf7dee9109,classic
,Jawa,,0.0,24,2025-08-03T00:00:00.000Z,OEM quality chemical resistant for increased power,https://example.com/images/gear_box_42.jpg,42,Premium Gear Box for 42,21,9661.0,premium,4.9,excellent,Medak,68d135d63952f7cf7dee9120,18.048948,78.269372,baskar Automobiles,premium gear box for 42 jawa transmission premium quality high strength for better fuel economy,Transmission,2025-08-08T00:00:00.000Z,2018,68d135d63952f7cf7dee911e,modern
,Kawasaki,,0.0,9,2025-08-23T00:00:00.000Z,Long-lasting eco-friendly for improved comfort,https://example.com/images/rear_spring_w175.jpg,W175,W175 Rear Spring,0,9569.0,premium,3.7,average,Khammam,68d136193952f7cf7dee9133,17.249885,80.15615,Mahesh Automobiles,w175 rear spring kawasaki suspension premium quality weather resistant for smoother operation,Suspension,2025-09-20T00:00:00.000Z,2020,68d136193952f7cf7dee9131,classic
,Aprilia,,0.0,29,2025-07-31T00:00:00.000Z,Industrial grade heat treated for superior reliability,https://example.com/images/timing_chain_rs_660.jpg,RS 660,Genuine Timing Chain - RS 660,5,4314.0,premium,3.8,average,RAMNAGAR COLONY PEERZADIGUDA UPPAL HYDERABAD,689d6959045c37933826818d,17.390358,78.606729,sai automobiles,genuine timing chain - rs 660 aprilia engine professional grade wear resistant for better control,Engine,2025-09-14T00:00:00.000Z,2019,689d6959045c37933826818b,classic
,BMW,,0.0,6,2025-07-30T00:00:00.000Z,Lightweight wear resistant for improved performance,https://example.com/images/fuel_rail_r_1250_gs.jpg,R 1250 GS,Racing Fuel Rail - R 1250 GS,39,3370.0,premium,4.5,excellent,Chappal Bazar Road - Kachiguda,68ac2a8f3c73e23c655de054,17.38953,78.491245,Swathi Automobiles,racing fuel rail - r 1250 gs bmw fuel system superior wear resistant for enhanced durability,Fuel System,2025-07-02T00:00:00.000Z,2018,68ac2a8e3c73e23c655de052,modern
,Royal Enfield,,0.0,7,2025-07-05T00:00:00.000Z,Industrial grade noise reducing for increased power,https://example.com/images/first_aid_kit_machismo.jpg,Machismo,Machismo First Aid Kit,32,2209.0,mid-range,3.8,average,,68d0c47e09554c358655174d,17.423605,78.546314,Tarun Automobiles,machismo first aid kit royal enfield accessories superior noise reducing for increased power,Accessories,2025-07-25T00:00:00.000Z,2012,68d0c47d09554c358655174b,classic
,Indian,,0.0,19,2025-07-23T00:00:00.000Z,High-performance fuel efficient for smoother operation,https://example.com/images/fuel_injector_challenger.jpg,Challenger,Racing Fuel Injector - Challenger,8,7737.0,premium,4.1,good,Hyderabad,68d133bf3952f7cf7dee90b9,17.511409,78.350972,Jyothi Automobiles,racing fuel injector - challenger indian fuel system heavy-duty chemical resistant for smoother operation,Fuel System,2025-08-12T00:00:00.000Z,2010,68d133bf3952f7cf7dee90b7,classic
,Suzuki,,0.0,3,2025-07-21T00:00:00.000Z,OEM quality heat treated for superior reliability,https://example.com/images/heater_core_gsx_s750.jpg,GSX-S750,GSX-S750 Heater Core,21,4462.0,premium,3.6,average,Bala Nagar,68d1346c3952f7cf7dee90d2,17.475679,78.447328,Kalyan Automobiles,gsx-s750 heater core suzuki cooling system long-lasting high strength for superior reliability,Cooling System,2025-08-07T00:00:00.000Z,2014,68d1346c3952f7cf7dee90d0,classic
,Kawasaki,,0.0,23,2025-09-19T00:00:00.000Z,Lightweight noise reducing for smoother operation,https://example.com/images/rebound_adjuster_w175.jpg,W175,W175 Rebound Adjuster,32,4106.0,premium,3.8,average,Mahabubabad,68d134ac3952f7cf7dee90e5,17.594209,80.006903,Shiva sai Automobiles,w175 rebound adjuster kawasaki suspension oem quality vibration dampening for maximum protection,Suspension,2025-08-13T00:00:00.000Z,2011,68d134ac3952f7cf7dee90e3,modern
,Mahindra,,0.0,28,2025-08-24T00:00:00.000Z,Professional grade long lasting for enhanced stability,https://example.com/images/center_stand_rodeo_rz.jpg,Rodeo RZ,Premium Center Stand for Rodeo RZ,21,4740.0,premium,4.2,good,Dilshknagar,68d135063952f7cf7dee90f8,17.367642,78.534282,Manoj Automobiles,premium center stand for rodeo rz mahindra body parts high-performance precision engineered for enhanced stability,Body Parts,2025-07-16T00:00:00.000Z,2016,68d135063952f7cf7dee90f6,modern
,KTM,,0.0,30,2025-09-16T00:00:00.000Z,OEM quality weather resistant for maximum protection,https://example.com/images/intercooler_450_rally.jpg,450 Rally,Racing Intercooler - 450 Rally,9,6499.0,premium,4.8,excellent,Karimnagar,68d135833952f7cf7dee910b,18.435781,79.132861,Mounika Automobiles,racing intercooler - 450 rally ktm cooling system durable precision engineered for better handling,Cooling System,2025-07-13T00:00:00.000Z,2022,68d135833952f7cf7dee9109,modern
,KTM,,0.0,13,2025-07-11T00:00:00.000Z,Industrial grade noise reducing for smoother operation,https://example.com/images/compression_ring_adventure_390.jpg,Adventure 390,OEM Compression Ring - Adventure 390,49,9435.0,premium,3.7,average,Medak,68d135d63952f7cf7dee9120,18.048948,78.269372,baskar Automobiles,oem compression ring - adventure 390 ktm engine premium quality long lasting for smoother operation,Engine,2025-09-09T00:00:00.000Z,2024,68d135d63952f7cf7dee911e,modern
,Harley-Davidson,,0.0,5,2025-07-06T00:00:00.000Z,Advanced fuel efficient for enhanced safety,https://example.com/images/exhaust_gasket_street_glide.jpg,Street Glide,Harley-Davidson Exhaust Gasket for Street Glide,10,26399.0,premium,3.2,poor,Khammam,68d136193952f7cf7dee9133,17.249885,80.15615,Mahesh Automobiles,harley-davidson exhaust gasket for street glide harley-davidson exhaust heavy-duty chemical resistant for better control,Exhaust,2025-08-13T00:00:00.000Z,2021,68d136193952f7cf7dee9131,modern
,BMW,,0.0,6,2025-08-07T00:00:00.000Z,Superior corrosion resistant for enhanced safety,https://example.com/images/carbon_filter_k_1600_gtl.jpg,K 1600 GTL,Carbon Filter - K 1600 GTL,45,705.0,mid-range,4.9,excellent,RAMNAGAR COLONY PEERZADIGUDA UPPAL HYDERABAD,689d6959045c37933826818d,17.390358,78.606729,sai automobiles,carbon filter - k 1600 gtl bmw filters superior noise reducing for improved performance,Filters,2025-08-28T00:00:00.000Z,2011,689d6959045c37933826818b,modern
,Mahindra,,0.0,13,2025-08-24T00:00:00.000Z,High-performance noise reducing for reduced maintenance,https://example.com/images/coolant_filter_stallio.jpg,Stallio,Heavy Duty Coolant Filter - Stallio,27,196.0,budget,4.4,good,Chappal Bazar Road - Kachiguda,68ac2a8f3c73e23c655de054,17.38953,78.491245,Swathi Automobiles,heavy duty coolant filter - stallio mahindra filters long-lasting weather resistant for enhanced stability,Filters,2025-07-15T00:00:00.000Z,2023,68ac2a8e3c73e23c655de052,classic
,Jawa,,0.0,21,2025-09-07T00:00:00.000Z,High-performance temperature stable for better handling,https://example.com/images/high_beam_bulb_perak.jpg,Perak,Jawa High Beam Bulb for Perak,4,1162.0,mid-range,3.5,average,,68d0c47e09554c358655174d,17.423605,78.546314,Tarun Automobiles,jawa high beam bulb for perak jawa lighting street performance weather resistant for superior reliability,Lighting,2025-08-11T00:00:00.000Z,2015,68d0c47d09554c358655174b,classic
,Yamaha,,0.0,12,2025-07-18T00:00:00.000Z,Lightweight corrosion resistant for enhanced stability,https://example.com/images/centrifugal_filter_r15m.jpg,R15M,Performance Centrifugal Filter - R15M,26,1215.0,mid-range,4.5,excellent,Hyderabad,68d133bf3952f7cf7dee90b9,17.511409,78.350972,Jyothi Automobiles,performance centrifugal filter - r15m yamaha filters high-performance noise reducing for enhanced durability,Filters,2025-09-05T00:00:00.000Z,2025,68d133bf3952f7cf7dee90b7,modern
,Mahindra,,0.0,7,2025-08-12T00:00:00.000Z,Long-lasting corrosion resistant for better handling,https://example.com/images/cylinder_head_gusto.jpg,Gusto,OEM Cylinder Head - Gusto,34,23533.0,premium,4.3,good,Bala Nagar,68d1346c3952f7cf7dee90d2,17.475679,78.447328,Kalyan Automobiles,oem cylinder head - gusto mahindra engine high-performance noise reducing for enhanced stability,Engine,2025-09-21T00:00:00.000Z,2020,68d1346c3952f7cf7dee90d0,modern
,KTM,,0.0,24,2025-08-05T00:00:00.000Z,Durable maintenance-free for maximum protection,https://example.com/images/rear_cowl_adventure_390.jpg,Adventure 390,Racing Rear Cowl - Adventure 390,27,1596.0,mid-range,3.5,average,Mahabubabad,68d134ac3952f7cf7dee90e5,17.594209,80.006903,Shiva sai Automobiles,racing rear cowl - adventure 390 ktm body parts heavy-duty heat treated for increased power,Body Parts,2025-08-14T00:00:00.000Z,2015,68d134ac3952f7cf7dee90e3,classic
,Triumph,,0.0,9,2025-08-07T00:00:00.000Z,Enhanced eco-friendly for better fuel economy,https://example.com/images/water_hose_bonneville_t120.jpg,Bonneville T120,Heavy Duty Water Hose - Bonneville T120,7,7005.0,premium,4.3,good,Dilshknagar,68d135063952f7cf7dee90f8,17.367642,78.534282,Manoj Automobiles,heavy duty water hose - bonneville t120 triumph cooling system heavy-duty long lasting for better control,Cooling System,2025-08-28T00:00:00.000Z,2019,68d135063952f7cf7dee90f6,modern
,Ducati,,0.0,5,2025-08-07T00:00:00.000Z,Superior high strength for superior reliability,https://example.com/images/header_pipe_multistrada_v4.jpg,Multistrada V4,Genuine Header Pipe - Multistrada V4,31,5629.0,premium,3.7,average,Karimnagar,68d135833952f7cf7dee910b,18.435781,79.132861,Mounika Automobiles,genuine header pipe - multistrada v4 ducati exhaust heavy-duty maintenance-free for enhanced durability,Exhaust,2025-07-14T00:00:00.000Z,2012,68d135833952f7cf7dee9109,classic
,Indian,,0.0,10,2025-08-18T00:00:00.000Z,Superior eco-friendly for better control,https://example.com/images/radiator_scout.jpg,Scout,Scout Radiator,22,11963.0,premium,4.8,excellent,Medak,68d135d63952f7cf7dee9120,18.048948,78.269372,baskar Automobiles,scout radiator indian cooling system industrial grade weather resistant for longer life,Cooling System,2025-07-25T00:00:00.000Z,2017,68d135d63952f7cf7dee911e,modern
,Honda,,0.0,27,2025-08-23T00:00:00.000Z,Precision-made noise reducing for increased power,https://example.com/images/chest_protector_pcx_150.jpg,PCX 150,OEM Chest Protector - PCX 150,46,6933.0,premium,3.4,poor,Khammam,68d136193952f7cf7dee9133,17.249885,80.15615,Mahesh Automobiles,oem chest protector - pcx 150 honda safety durable maintenance-free for improved comfort,Safety,2025-07-11T00:00:00.000Z,2023,68d136193952f7cf7dee9131,modern
,Harley-Davidson,,0.0,30,2025-09-16T00:00:00.000Z,Industrial grade chemical resistant for superior reliability,https://example.com/images/spark_plug_street_750.jpg,Street 750,Harley-Davidson Spark Plug for Street 750,45,456.0,budget,4.7,excellent,RAMNAGAR COLONY PEERZADIGUDA UPPAL HYDERABAD,689d6959045c37933826818d,17.390358,78.606729,sai automobiles,harley-davidson spark plug for street 750 harley-davidson ignition industrial grade wear resistant for maximum protection,Ignition,2025-07-27T00:00:00.000Z,2016,689d6959045c37933826818b,classic
,Aprilia,,0.0,1,2025-09-07T00:00:00.000Z,Premium quality weather resistant for optimal efficiency,https://example.com/images/upper_triple_tree_rsv4.jpg,RSV4,Aprilia Upper Triple Tree for RSV4,39,18716.0,premium,4.9,excellent,Chappal Bazar Road - Kachiguda,68ac2a8f3c73e23c655de054,17.38953,78.491245,Swathi Automobiles,aprilia upper triple tree for rsv4 aprilia suspension street performance wear resistant for increased power,Suspension,2025-07-29T00:00:00.000Z,2025,68ac2a8e3c73e23c655de052,modern
,Mahindra,,0.0,21,2025-07-04T00:00:00.000Z,Superior heat treated for increased power,https://example.com/images/engine_oil_kine.jpg,Kine,OEM Engine Oil - Kine,27,190.0,budget,4.8,excellent,,68d0c47e09554c358655174d,17.423605,78.546314,Tarun Automobiles,oem engine oil - kine mahindra maintenance long-lasting long lasting for optimal efficiency,Maintenance,2025-07-22T00:00:00.000Z,2011,68d0c47d09554c358655174b,modern
,Yezdi,,0.0,8,2025-09-07T00:00:00.000Z,High-performance precision engineered for improved performance,https://example.com/images/fuel_pump_oilking.jpg,Oilking,Genuine Fuel Pump - Oilking,32,1800.0,mid-range,4.8,excellent,Hyderabad,68d133bf3952f7cf7dee90b9,17.511409,78.350972,Jyothi Automobiles,genuine fuel pump - oilking yezdi fuel system industrial grade chemical resistant for better handling,Fuel System,2025-07-11T00:00:00.000Z,2010,68d133bf3952f7cf7dee90b7,modern
,Benelli,,0.0,20,2025-08-17T00:00:00.000Z,Industrial grade corrosion resistant for better control,https://example.com/images/mobile_holder_tnt_899.jpg,TNT 899,Racing Mobile Holder - TNT 899,26,4647.0,premium,3.5,average,Bala Nagar,68d1346c3952f7cf7dee90d2,17.475679,78.447328,Kalyan Automobiles,racing mobile holder - tnt 899 benelli accessories industrial grade high strength for enhanced safety,Accessories,2025-08-11T00:00:00.000Z,2017,68d1346c3952f7cf7dee90d0,classic
,Ducati,,0.0,12,2025-09-02T00:00:00.000Z,Professional grade fuel efficient for maximum protection,https://example.com/images/led_strip_scrambler.jpg,Scrambler,Premium LED Strip for Scrambler,10,2540.0,premium,4.8,excellent,Mahabubabad,68d134ac3952f7cf7dee90e5,17.594209,80.006903,Shiva sai Automobiles,premium led strip for scrambler ducati lighting long-lasting maintenance-free for enhanced stability,Lighting,2025-07-30T00:00:00.000Z,2011,68d134ac3952f7cf7dee90e3,modern
,Bajaj,,0.0,25,2025-08-10T00:00:00.000Z,Racing quality maintenance-free for enhanced safety,https://example.com/images/distributor_platina_110.jpg,Platina 110,Premium Distributor for Platina 110,48,1622.0,mid-range,3.5,average,Dilshknagar,68d135063952f7cf7dee90f8,17.367642,78.534282,Manoj Automobiles,premium distributor for platina 110 bajaj ignition long-lasting weather resistant for increased power,Ignition,2025-07-23T00:00:00.000Z,2018,68d135063952f7cf7dee90f6,classic
,Aprilia,,0.0,16,2025-09-01T00:00:00.000Z,Long-lasting noise reducing for improved performance,https://example.com/images/brake_drum_sr_160.jpg,SR 160,Brake Drum Assembly - SR 160,30,3469.0,premium,4.2,good,Karimnagar,68d135833952f7cf7dee910b,18.435781,79.132861,Mounika Automobiles,brake drum assembly - sr 160 aprilia brakes professional grade noise reducing for improved comfort,Brakes,2025-08-04T00:00:00.000Z,2013,68d135833952f7cf7dee9109,modern
,Aprilia,,0.0,10,2025-08-15T00:00:00.000Z,Durable long lasting for enhanced durability,https://example.com/images/distributor_rs_660.jpg,RS 660,Aprilia Distributor for RS 660,41,694.0,mid-range,4.2,good,Medak,68d135d63952f7cf7dee9120,18.048948,78.269372,baskar Automobiles,aprilia distributor for rs 660 aprilia ignition industrial grade high strength for reduced maintenance,Ignition,2025-07-19T00:00:00.000Z,2019,68d135d63952f7cf7dee911e,modern
,Honda,,0.0,2,2025-07-15T00:00:00.000Z,Heavy-duty wear resistant for enhanced safety,https://example.com/images/cylinder_block_livo.jpg,Livo,Racing Cylinder Block - Livo,35,10616.0,premium,4.8,excellent,Khammam,68d136193952f7cf7dee9133,17.249885,80.15615,Mahesh Automobiles,racing cylinder block - livo honda engine oem quality chemical resistant for better handling,Engine,2025-08-25T00:00:00.000Z,2012,68d136193952f7cf7dee9131,modern
,Hero,,0.0,27,2025-07-09T00:00:00.000Z,Heavy-duty weather resistant for increased power,https://example.com/images/protective_pants_maestro_edge.jpg,Maestro Edge,Performance Protective Pants - Maestro Edge,29,7587.0,premium,4.6,excellent,RAMNAGAR COLONY PEERZADIGUDA UPPAL HYDERABAD,689d6959045c37933826818d,17.390358,78.606729,sai automobiles,performance protective pants - maestro edge hero safety high-performance corrosion resistant for reduced maintenance,Safety,2025-08-01T00:00:00.000Z,2010,689d6959045c37933826818b,classic
,TVS,,0.0,4,2025-08-22T00:00:00.000Z,Heavy-duty noise reducing for superior reliability,https://example.com/images/emergency_blanket_sport.jpg,Sport,Premium Emergency Blanket for Sport,40,675.0,mid-range,4.9,excellent,Chappal Bazar Road - Kachiguda,68ac2a8f3c73e23c655de054,17.38953,78.491245,Swathi Automobiles,premium emergency blanket for sport tvs safety durable precision engineered for improved performance,Safety,2025-07-15T00:00:00.000Z,2023,68ac2a8e3c73e23c655de052,modern
,KTM,,0.0,5,2025-07-12T00:00:00.000Z,Advanced temperature stable for maximum protection,https://example.com/images/reflective_vest_450_rally.jpg,450 Rally,OEM Reflective Vest - 450 Rally,18,2251.0,mid-range,4.9,excellent,,68d0c47e09554c358655174d,17.423605,78.546314,Tarun Automobiles,oem reflective vest - 450 rally ktm safety racing quality wear resistant for superior reliability,Safety,2025-07-07T00:00:00.000Z,2020,68d0c47d09554c358655174b,classic
,Royal Enfield,,0.0,29,2025-07-20T00:00:00.000Z,Superior eco-friendly for improved comfort,https://example.com/images/condenser_hunter_350.jpg,Hunter 350,Condenser - Hunter 350,15,1868.0,mid-range,4.8,excellent,Hyderabad,68d133bf3952f7cf7dee90b9,17.511409,78.350972,Jyothi Automobiles,condenser - hunter 350 royal enfield ignition superior heat treated for enhanced stability,Ignition,2025-08-09T00:00:00.000Z,2013,68d133bf3952f7cf7dee90b7,modern
,KTM,,0.0,3,2025-07-14T00:00:00.000Z,Lightweight noise reducing for optimal efficiency,https://example.com/images/head_gasket_duke_250.jpg,Duke 250,KTM Head Gasket for Duke 250,27,20980.0,premium,4.5,excellent,Bala Nagar,68d1346c3952f7cf7dee90d2,17.475679,78.447328,Kalyan Automobiles,ktm head gasket for duke 250 ktm engine street performance heat treated for better handling,Engine,2025-09-07T00:00:00.000Z,2022,68d1346c3952f7cf7dee90d0,classic
,Yamaha,,0.0,14,2025-09-13T00:00:00.000Z,Racing quality wear resistant for increased power,https://example.com/images/coolant_reservoir_fz_x.jpg,FZ-X,FZ-X Coolant Reservoir,44,7265.0,premium,4.3,good,Mahabubabad,68d134ac3952f7cf7dee90e5,17.594209,80.006903,Shiva sai Automobiles,fz-x coolant reservoir yamaha cooling system street performance weather resistant for reduced maintenance,Cooling System,2025-08-01T00:00:00.000Z,2021,68d134ac3952f7cf7dee90e3,classic
,Honda,,0.0,10,2025-09-12T00:00:00.000Z,Long-lasting corrosion resistant for improved comfort,https://example.com/images/wiring_harness_cb_hornet_2.0.jpg,CB Hornet 2.0,CB Hornet 2.0 Wiring Harness,21,5155.0,premium,4.7,excellent,Dilshknagar,68d135063952f7cf7dee90f8,17.367642,78.534282,Manoj Automobiles,cb hornet 2.0 wiring harness honda electrical industrial grade chemical resistant for better control,Electrical,2025-07-08T00:00:00.000Z,2015,68d135063952f7cf7dee90f6,classic
,Indian,,0.0,19,2025-08-28T00:00:00.000Z,OEM quality high strength for superior reliability,https://example.com/images/brake_cable_chief_vintage.jpg,Chief Vintage,Premium Brake Cable for Chief Vintage,29,4577.0,premium,4.9,excellent,Karimnagar,68d135833952f7cf7dee910b,18.435781,79.132861,Mounika Automobiles,premium brake cable for chief vintage indian brakes enhanced wear resistant for longer life,Brakes,2025-07-09T00:00:00.000Z,2013,68d135833952f7cf7dee9109,classic
,Honda,,0.0,6,2025-07-30T00:00:00.000Z,Heavy-duty impact resistant for improved performance,https://example.com/images/rear_brake_pad_sp_125.jpg,SP 125,SP 125 Rear Brake Pad,8,3870.0,premium,4.6,excellent,Medak,68d135d63952f7cf7dee9120,18.048948,78.269372,baskar Automobiles,sp 125 rear brake pad honda brakes premium quality weather resistant for increased power,Brakes,2025-09-18T00:00:00.000Z,2019,68d135d63952f7cf7dee911e,classic
,Yezdi,,0.0,11,2025-08-06T00:00:00.000Z,Advanced noise reducing for better handling,https://example.com/images/wheel_hub_classic.jpg,Classic,Yezdi Wheel Hub for Classic,25,8461.0,premium,4.5,excellent,Khammam,68d136193952f7cf7dee9133,17.249885,80.15615,Mahesh Automobiles,yezdi wheel hub for classic yezdi wheels & tires advanced chemical resistant for reduced maintenance,Wheels & Tires,2025-07-20T00:00:00.000Z,2017,68d136193952f7cf7dee9131,classic
,Mahindra,,0.0,24,2025-08-13T00:00:00.000Z,Superior high strength for increased power,https://example.com/images/fuel_injector_rodeo_rz.jpg,Rodeo RZ,Mahindra Fuel Injector for Rodeo RZ,5,3081.0,premium,3.6,average,RAMNAGAR COLONY PEERZADIGUDA UPPAL HYDERABAD,689d6959045c37933826818d,17.390358,78.606729,sai automobiles,mahindra fuel injector for rodeo rz mahindra fuel system durable corrosion resistant for improved comfort,Fuel System,2025-08-15T00:00:00.000Z,2016,689d6959045c37933826818b,modern
,KTM,,0.0,10,2025-07-10T00:00:00.000Z,Durable long lasting for enhanced stability,https://example.com/images/axle_1290_super_duke_r.jpg,1290 Super Duke R,Premium Axle for 1290 Super Duke R,45,5642.0,premium,3.5,average,Chappal Bazar Road - Kachiguda,68ac2a8f3c73e23c655de054,17.38953,78.491245,Swathi Automobiles,premium axle for 1290 super duke r ktm wheels & tires professional grade heat treated for better control,Wheels & Tires,2025-08-29T00:00:00.000Z,2019,68ac2a8e3c73e23c655de052,modern
,BMW,,0.0,28,2025-07-12T00:00:00.000Z,Industrial grade impact resistant for improved performance,https://example.com/images/water_pipe_r_1250_gs.jpg,R 1250 GS,Racing Water Pipe - R 1250 GS,45,10856.0,premium,3.3,poor,,68d0c47e09554c358655174d,17.423605,78.546314,Tarun Automobiles,racing water pipe - r 1250 gs bmw cooling system durable precision engineered for enhanced safety,Cooling System,2025-09-12T00:00:00.000Z,2011,68d0c47d09554c358655174b,classic
,TVS,,0.0,14,2025-09-04T00:00:00.000Z,Lightweight noise reducing for increased power,https://example.com/images/spark_plug_cap_apache_rtr_160.jpg,Apache RTR 160,Performance Spark Plug Cap - Apache RTR 160,2,1540.0,mid-range,4.9,excellent,Hyderabad,68d133bf3952f7cf7dee90b9,17.511409,78.350972,Jyothi Automobiles,performance spark plug cap - apache rtr 160 tvs ignition enhanced wear resistant for improved comfort,Ignition,2025-09-16T00:00:00.000Z,2020,68d133bf3952f7cf7dee90b7,modern
,KTM,,0.0,12,2025-08-30T00:00:00.000Z,Superior heat treated for maximum protection,https://example.com/images/fork_spring_450_rally.jpg,450 Rally,Performance Fork Spring - 450 Rally,34,2723.0,premium,4.4,good,Bala Nagar,68d1346c3952f7cf7dee90d2,17.475679,78.447328,Kalyan Automobiles,performance fork spring - 450 rally ktm suspension oem quality impact resistant for smoother operation,Suspension,2025-08-24T00:00:00.000Z,2012,68d1346c3952f7cf7dee90d0,modern
,Mahindra,,0.0,18,2025-07-08T00:00:00.000Z,Long-lasting chemical resistant for superior reliability,https://example.com/images/trigger_coil_mojo.jpg,Mojo,Genuine Trigger Coil - Mojo,33,1681.0,mid-range,4.2,good,Mahabubabad,68d134ac3952f7cf7dee90e5,17.594209,80.006903,Shiva sai Automobiles,genuine trigger coil - mojo mahindra ignition street performance temperature stable for enhanced stability,Ignition,2025-09-05T00:00:00.000Z,2020,68d134ac3952f7cf7dee90e3,classic
,Benelli,,0.0,1,2025-07-02T00:00:00.000Z,Street performance fuel efficient for enhanced safety,https://example.com/images/differential_tnt_1130r.jpg,TNT 1130R,Differential Assembly - TNT 1130R,37,1893.0,mid-range,4.8,excellent,Dilshknagar,68d135063952f7cf7dee90f8,17.367642,78.534282,Manoj Automobiles,differential assembly - tnt 1130r benelli drivetrain lightweight wear resistant for better handling,Drivetrain,2025-08-24T00:00:00.000Z,2014,68d135063952f7cf7dee90f6,modern
,Suzuki,,0.0,26,2025-08-10T00:00:00.000Z,Industrial grade wear resistant for enhanced safety,https://example.com/images/fog_light_sv650.jpg,SV650,Racing Fog Light - SV650,35,3450.0,premium,4.3,good,Karimnagar,68d135833952f7cf7dee910b,18.435781,79.132861,Mounika Automobiles,racing fog light - sv650 suzuki lighting street performance wear resistant for better fuel economy,Lighting,2025-08-31T00:00:00.000Z,2018,68d135833952f7cf7dee9109,modern
,Bajaj,,0.0,30,2025-08-21T00:00:00.000Z,Racing quality long lasting for better fuel economy,https://example.com/images/muffler_discover_125.jpg,Discover 125,Muffler - Discover 125,11,7324.0,premium,3.7,average,Medak,68d135d63952f7cf7dee9120,18.048948,78.269372,baskar Automobiles,muffler - discover 125 bajaj exhaust oem quality temperature stable for optimal efficiency,Exhaust,2025-07-16T00:00:00.000Z,2021,68d135d63952f7cf7dee911e,modern
,Suzuki,,0.0,26,2025-08-11T00:00:00.000Z,Premium quality chemical resistant for enhanced stability,https://example.com/images/centrifugal_filter_burgman_street.jpg,Burgman Street,Burgman Street Centrifugal Filter,50,481.0,budget,4.4,good,Khammam,68d136193952f7cf7dee9133,17.249885,80.15615,Mahesh Automobiles,burgman street centrifugal filter suzuki filters premium quality eco-friendly for enhanced safety,Filters,2025-09-20T00:00:00.000Z,2020,68d136193952f7cf7dee9131,classic
,KTM,,0.0,4,2025-07-31T00:00:00.000Z,OEM quality weather resistant for enhanced safety,https://example.com/images/assembly_paste_1290_super_adventure_s.jpg,1290 Super Adventure S,Performance Assembly Paste - 1290 Super Adventure S,23,704.0,mid-range,3.9,average,RAMNAGAR COLONY PEERZADIGUDA UPPAL HYDERABAD,689d6959045c37933826818d,17.390358,78.606729,sai automobiles,performance assembly paste - 1290 super adventure s ktm maintenance oem quality wear resistant for increased power,Maintenance,2025-08-10T00:00:00.000Z,2018,689d6959045c37933826818b,modern
,Yamaha,,0.0,19,2025-08-29T00:00:00.000Z,Advanced impact resistant for improved performance,https://example.com/images/chain_adjuster_r15_v4.jpg,R15 V4,OEM Chain Adjuster - R15 V4,25,3088.0,premium,4.5,excellent,Chappal Bazar Road - Kachiguda,68ac2a8f3c73e23c655de054,17.38953,78.491245,Swathi Automobiles,oem chain adjuster - r15 v4 yamaha drivetrain high-performance long lasting for enhanced safety,Drivetrain,2025-07-10T00:00:00.000Z,2019,68ac2a8e3c73e23c655de052,classic
,Indian,,0.0,22,2025-09-08T00:00:00.000Z,Durable noise reducing for enhanced durability,https://example.com/images/circuit_breaker_scout_bobber.jpg,Scout Bobber,Performance Circuit Breaker - Scout Bobber,30,1769.0,mid-range,4.4,good,,68d0c47e09554c358655174d,17.423605,78.546314,Tarun Automobiles,performance circuit breaker - scout bobber indian electrical industrial grade corrosion resistant for optimal efficiency,Electrical,2025-09-01T00:00:00.000Z,2014,68d0c47d09554c358655174b,modern
,Benelli,,0.0,10,2025-08-18T00:00:00.000Z,Enhanced weather resistant for improved performance,https://example.com/images/tire_sealant_tnt_300.jpg,TNT 300,Performance Tire Sealant - TNT 300,36,9158.0,premium,3.4,poor,Hyderabad,68d133bf3952f7cf7dee90b9,17.511409,78.350972,Jyothi Automobiles,performance tire sealant - tnt 300 benelli wheels & tires racing quality impact resistant for improved performance,Wheels & Tires,2025-08-24T00:00:00.000Z,2024,68d133bf3952f7cf7dee90b7,modern
,TVS,,0.0,2,2025-07-02T00:00:00.000Z,Street performance fuel efficient for enhanced stability,https://example.com/images/steering_head_bearing_sport.jpg,Sport,Heavy Duty Steering Head Bearing - Sport,45,3506.0,premium,4.3,good,Bala Nagar,68d1346c3952f7cf7dee90d2,17.475679,78.447328,Kalyan Automobiles,heavy duty steering head bearing - sport tvs suspension durable impact resistant for longer life,Suspension,2025-07-04T00:00:00.000Z,2025,68d1346c3952f7cf7dee90d0,classic
,Yamaha,,0.0,22,2025-09-19T00:00:00.000Z,High-performance heat treated for longer life,https://example.com/images/tail_pipe_r15_v4.jpg,R15 V4,Tail Pipe Assembly - R15 V4,29,13856.0,premium,3.3,poor,Mahabubabad,68d134ac3952f7cf7dee90e5,17.594209,80.006903,Shiva sai Automobiles,tail pipe assembly - r15 v4 yamaha exhaust professional grade impact resistant for maximum protection,Exhaust,2025-09-05T00:00:00.000Z,2010,68d134ac3952f7cf7dee90e3,classic
,Royal Enfield,,0.0,6,2025-08-26T00:00:00.000Z,OEM quality impact resistant for reduced maintenance,https://example.com/images/air_box_cover_thunderbird_350.jpg,Thunderbird 350,Thunderbird 350 Air Box Cover,17,1984.0,mid-range,4.6,excellent,Dilshknagar,68d135063952f7cf7dee90f8,17.367642,78.534282,Manoj Automobiles,thunderbird 350 air box cover royal enfield body parts premium quality fuel efficient for better handling,Body Parts,2025-09-09T00:00:00.000Z,2022,68d135063952f7cf7dee90f6,modern
,TVS,,0.0,18,2025-08-03T00:00:00.000Z,Premium quality impact resistant for enhanced safety,https://example.com/images/anti-seize_ntorq_125.jpg,Ntorq 125,Genuine Anti-Seize - Ntorq 125,10,498.0,budget,4.6,excellent,Karimnagar,68d135833952f7cf7dee910b,18.435781,79.132861,Mounika Automobiles,genuine anti-seize - ntorq 125 tvs maintenance enhanced impact resistant for maximum protection,Maintenance,2025-07-05T00:00:00.000Z,2011,68d135833952f7cf7dee9109,classic
,Benelli,,0.0,20,2025-09-05T00:00:00.000Z,Lightweight temperature stable for enhanced durability,https://example.com/images/hydraulic_filter_bn_302.jpg,BN 302,Hydraulic Filter - BN 302,19,193.0,budget,3.3,poor,Medak,68d135d63952f7cf7dee9120,18.048948,78.269372,baskar Automobiles,hydraulic filter - bn 302 benelli filters professional grade temperature stable for better control,Filters,2025-08-07T00:00:00.000Z,2014,68d135d63952f7cf7dee911e,modern
,Aprilia,,0.0,26,2025-08-31T00:00:00.000Z,OEM quality precision engineered for better handling,https://example.com/images/wheel_lock_storm_125.jpg,Storm 125,Wheel Lock Assembly - Storm 125,20,13870.0,premium,4.1,good,Khammam,68d136193952f7cf7dee9133,17.249885,80.15615,Mahesh Automobiles,wheel lock assembly - storm 125 aprilia wheels & tires durable corrosion resistant for longer life,Wheels & Tires,2025-07-04T00:00:00.000Z,2020,68d136193952f7cf7dee9131,classic
,BMW,,0.0,18,2025-09-03T00:00:00.000Z,Advanced fuel efficient for reduced maintenance,https://example.com/images/emergency_brake_r_1250_gs.jpg,R 1250 GS,Racing Emergency Brake - R 1250 GS,10,1342.0,mid-range,4.9,excellent,RAMNAGAR COLONY PEERZADIGUDA UPPAL HYDERABAD,689d6959045c37933826818d,17.390358,78.606729,sai automobiles,racing emergency brake - r 1250 gs bmw brakes industrial grade wear resistant for improved comfort,Brakes,2025-07-05T00:00:00.000Z,2011,689d6959045c37933826818b,classic
,TVS,,0.0,25,2025-08-07T00:00:00.000Z,Industrial grade temperature stable for superior reliability,https://example.com/images/wheel_hub_iqube_electric.jpg,iQube Electric,Performance Wheel Hub - iQube Electric,15,6623.0,premium,4.0,good,Chappal Bazar Road - Kachiguda,68ac2a8f3c73e23c655de054,17.38953,78.491245,Swathi Automobiles,performance wheel hub - iqube electric tvs wheels & tires heavy-duty impact resistant for superior reliability,Wheels & Tires,2025-07-25T00:00:00.000Z,2023,68ac2a8e3c73e23c655de052,classic
,Hero,,0.0,23,2025-09-08T00:00:00.000Z,Street performance noise reducing for maximum protection,https://example.com/images/cv_joint_ignitor.jpg,Ignitor,CV Joint - Ignitor,8,5568.0,premium,3.3,poor,,68d0c47e09554c358655174d,17.423605,78.546314,Tarun Automobiles,cv joint - ignitor hero drivetrain long-lasting heat treated for better control,Drivetrain,2025-07-26T00:00:00.000Z,2013,68d0c47d09554c358655174b,modern
,Ducati,,0.0,3,2025-07-23T00:00:00.000Z,Enhanced chemical resistant for better control,https://example.com/images/fork_oil_seal_panigale_v2.jpg,Panigale V2,Genuine Fork Oil Seal - Panigale V2,19,11959.0,premium,3.7,average,Hyderabad,68d133bf3952f7cf7dee90b9,17.511409,78.350972,Jyothi Automobiles,genuine fork oil seal - panigale v2 ducati suspension long-lasting high strength for optimal efficiency,Suspension,2025-08-12T00:00:00.000Z,2016,68d133bf3952f7cf7dee90b7,classic
,Kawasaki,,0.0,14,2025-07-13T00:00:00.000Z,Long-lasting chemical resistant for maximum protection,https://example.com/images/riding_boots_z400.jpg,Z400,Premium Riding Boots for Z400,31,2146.0,mid-range,3.5,average,Bala Nagar,68d1346c3952f7cf7dee90d2,17.475679,78.447328,Kalyan Automobiles,premium riding boots for z400 kawasaki safety professional grade corrosion resistant for improved performance,Safety,2025-07-29T00:00:00.000Z,2018,68d1346c3952f7cf7dee90d0,classic
,Benelli,,0.0,6,2025-09-03T00:00:00.000Z,Advanced eco-friendly for optimal efficiency,https://example.com/images/mid_pipe_tnt_600i.jpg,TNT 600i,Performance Mid Pipe - TNT 600i,31,5118.0,premium,4.3,good,Mahabubabad,68d134ac3952f7cf7dee90e5,17.594209,80.006903,Shiva sai Automobiles,performance mid pipe - tnt 600i benelli exhaust lightweight chemical resistant for increased power,Exhaust,2025-07-02T00:00:00.000Z,2012,68d134ac3952f7cf7dee90e3,classic
,BMW,,0.0,3,2025-08-03T00:00:00.000Z,Precision-made high strength for smoother operation,https://example.com/images/brake_light_bulb_r_ninet.jpg,R nineT,Heavy Duty Brake Light Bulb - R nineT,16,3384.0,premium,4.4,good,Dilshknagar,68d135063952f7cf7dee90f8,17.367642,78.534282,Manoj Automobiles,heavy duty brake light bulb - r ninet bmw lighting lightweight weather resistant for optimal efficiency,Lighting,2025-07-30T00:00:00.000Z,2024,68d135063952f7cf7dee90f6,modern
,Bajaj,,0.0,5,2025-08-27T00:00:00.000Z,Lightweight weather resistant for enhanced stability,https://example.com/images/gear_box_avenger_160.jpg,Avenger 160,Racing Gear Box - Avenger 160,45,9587.0,premium,3.5,average,Karimnagar,68d135833952f7cf7dee910b,18.435781,79.132861,Mounika Automobiles,racing gear box - avenger 160 bajaj transmission high-performance long lasting for increased power,Transmission,2025-08-17T00:00:00.000Z,2020,68d135833952f7cf7dee9109,modern
,Jawa,,0.0,25,2025-09-09T00:00:00.000Z,Enhanced temperature stable for better handling,https://example.com/images/hand_guards_42.jpg,42,Hand Guards Assembly - 42,22,1503.0,mid-range,4.8,excellent,Medak,68d135d63952f7cf7dee9120,18.048948,78.269372,baskar Automobiles,hand guards assembly - 42 jawa accessories lightweight maintenance-free for better fuel economy,Accessories,2025-08-11T00:00:00.000Z,2024,68d135d63952f7cf7dee911e,classic
,Mahindra,,0.0,16,2025-08-18T00:00:00.000Z,Heavy-duty maintenance-free for enhanced durability,https://example.com/images/spacer_gusto.jpg,Gusto,Premium Spacer for Gusto,37,13070.0,premium,4.7,excellent,Khammam,68d136193952f7cf7dee9133,17.249885,80.15615,Mahesh Automobiles,premium spacer for gusto mahindra wheels & tires industrial grade corrosion resistant for better fuel economy,Wheels & Tires,2025-08-31T00:00:00.000Z,2021,68d136193952f7cf7dee9131,modern
,Triumph,,0.0,11,2025-09-10T00:00:00.000Z,Superior maintenance-free for superior reliability,https://example.com/images/ignition_module_street_triple.jpg,Street Triple,Triumph Ignition Module for Street Triple,42,803.0,mid-range,4.5,excellent,RAMNAGAR COLONY PEERZADIGUDA UPPAL HYDERABAD,689d6959045c37933826818d,17.390358,78.606729,sai automobiles,triumph ignition module for street triple triumph ignition durable fuel efficient for smoother operation,Ignition,2025-07-06T00:00:00.000Z,2019,689d6959045c37933826818b,modern
,Kawasaki,,0.0,16,2025-08-19T00:00:00.000Z,Superior eco-friendly for superior reliability,https://example.com/images/warning_light_z400.jpg,Z400,Performance Warning Light - Z400,33,7735.0,premium,4.7,excellent,Chappal Bazar Road - Kachiguda,68ac2a8f3c73e23c655de054,17.38953,78.491245,Swathi Automobiles,performance warning light - z400 kawasaki safety long-lasting long lasting for improved performance,Safety,2025-07-03T00:00:00.000Z,2012,68ac2a8e3c73e23c655de052,modern
,Honda,,0.0,4,2025-08-12T00:00:00.000Z,OEM quality vibration dampening for increased power,https://example.com/images/gear_box_dream_yuga.jpg,Dream Yuga,Gear Box - Dream Yuga,38,4982.0,premium,4.5,excellent,,68d0c47e09554c358655174d,17.423605,78.546314,Tarun Automobiles,gear box - dream yuga honda transmission street performance eco-friendly for maximum protection,Transmission,2025-08-19T00:00:00.000Z,2017,68d0c47d09554c358655174b,modern
,Yezdi,,0.0,13,2025-08-16T00:00:00.000Z,Long-lasting vibration dampening for increased power,https://example.com/images/differential_roadking.jpg,Roadking,Racing Differential - Roadking,0,5254.0,premium,4.3,good,Hyderabad,68d133bf3952f7cf7dee90b9,17.511409,78.350972,Jyothi Automobiles,racing differential - roadking yezdi drivetrain precision-made precision engineered for better handling,Drivetrain,2025-07-04T00:00:00.000Z,2017,68d133bf3952f7cf7dee90b7,modern
,Aprilia,,0.0,21,2025-09-14T00:00:00.000Z,Premium quality wear resistant for longer life,https://example.com/images/spark_plug_wire_tuono_660.jpg,Tuono 660,Premium Spark Plug Wire for Tuono 660,22,1359.0,mid-range,4.5,excellent,Bala Nagar,68d1346c3952f7cf7dee90d2,17.475679,78.447328,Kalyan Automobiles,premium spark plug wire for tuono 660 aprilia ignition advanced long lasting for enhanced durability,Ignition,2025-07-19T00:00:00.000Z,2015,68d1346c3952f7cf7dee90d0,classic
,Honda,,0.0,9,2025-07-19T00:00:00.000Z,Industrial grade weather resistant for enhanced stability,https://example.com/images/swing_arm_cb300r.jpg,CB300R,Premium Swing Arm for CB300R,38,4728.0,premium,4.5,excellent,Mahabubabad,68d134ac3952f7cf7dee90e5,17.594209,80.006903,Shiva sai Automobiles,premium swing arm for cb300r honda suspension high-performance eco-friendly for enhanced durability,Suspension,2025-07-26T00:00:00.000Z,2014,68d134ac3952f7cf7dee90e3,modern
,Aprilia,,0.0,4,2025-08-27T00:00:00.000Z,OEM quality long lasting for enhanced safety,https://example.com/images/spark_plug_sxr_160.jpg,SXR 160,Spark Plug - SXR 160,6,747.0,mid-range,3.2,poor,Dilshknagar,68d135063952f7cf7dee90f8,17.367642,78.534282,Manoj Automobiles,spark plug - sxr 160 aprilia ignition long-lasting wear resistant for reduced maintenance,Ignition,2025-07-08T00:00:00.000Z,2018,68d135063952f7cf7dee90f6,modern
,TVS,,0.0,23,2025-07-04T00:00:00.000Z,Racing quality fuel efficient for enhanced safety,https://example.com/images/anti-seize_star_city_plus.jpg,Star City Plus,Anti-Seize - Star City Plus,6,943.0,mid-range,3.3,poor,Karimnagar,68d135833952f7cf7dee910b,18.435781,79.132861,Mounika Automobiles,anti-seize - star city plus tvs maintenance heavy-duty high strength for longer life,Maintenance,2025-08-04T00:00:00.000Z,2019,68d135833952f7cf7dee9109,classic
,MV Agusta,,0.0,23,2025-09-16T00:00:00.000Z,Premium quality long lasting for enhanced durability,https://example.com/images/ht_lead_f3_800.jpg,F3 800,HT Lead Assembly - F3 800,39,1024.0,mid-range,3.5,average,Medak,68d135d63952f7cf7dee9120,18.048948,78.269372,baskar Automobiles,ht lead assembly - f3 800 mv agusta ignition oem quality high strength for increased power,Ignition,2025-07-05T00:00:00.000Z,2015,68d135d63952f7cf7dee911e,modern
,Royal Enfield,,0.0,2,2025-07-20T00:00:00.000Z,Lightweight eco-friendly for enhanced stability,https://example.com/images/brake_light_bulb_scram_411.jpg,Scram 411,Royal Enfield Brake Light Bulb for Scram 411,2,1591.0,mid-range,4.6,excellent,Khammam,68d136193952f7cf7dee9133,17.249885,80.15615,Mahesh Automobiles,royal enfield brake light bulb for scram 411 royal enfield lighting street performance heat treated for better control,Lighting,2025-08-15T00:00:00.000Z,2013,68d136193952f7cf7dee9131,modern
,Ducati,,0.0,1,2025-08-16T00:00:00.000Z,Precision-made eco-friendly for enhanced durability,https://example.com/images/fuel_tank_hypermotard.jpg,Hypermotard,Hypermotard Fuel Tank,26,5411.0,premium,4.6,excellent,RAMNAGAR COLONY PEERZADIGUDA UPPAL HYDERABAD,689d6959045c37933826818d,17.390358,78.606729,sai automobiles,hypermotard fuel tank ducati body parts premium quality temperature stable for improved comfort,Body Parts,2025-07-21T00:00:00.000Z,2013,689d6959045c37933826818b,classic
,Jawa,,0.0,11,2025-07-18T00:00:00.000Z,Enhanced noise reducing for better control,https://example.com/images/reflective_vest_cl_300.jpg,CL 300,Performance Reflective Vest - CL 300,40,5337.0,premium,4.7,excellent,Chappal Bazar Road - Kachiguda,68ac2a8f3c73e23c655de054,17.38953,78.491245,Swathi Automobiles,performance reflective vest - cl 300 jawa safety precision-made heat treated for improved performance,Safety,2025-08-24T00:00:00.000Z,2018,68ac2a8e3c73e23c655de052,modern
,BMW,,0.0,6,2025-09-08T00:00:00.000Z,Superior maintenance-free for better fuel economy,https://example.com/images/multi-purpose_oil_s_1000_rr.jpg,S 1000 RR,Performance Multi-Purpose Oil - S 1000 RR,0,658.0,mid-range,3.7,average,,68d0c47e09554c358655174d,17.423605,78.546314,Tarun Automobiles,performance multi-purpose oil - s 1000 rr bmw maintenance professional grade weather resistant for better control,Maintenance,2025-09-07T00:00:00.000Z,2022,68d0c47d09554c358655174b,modern
,BMW,,0.0,22,2025-08-26T00:00:00.000Z,Superior maintenance-free for better fuel economy,https://example.com/images/rebound_adjuster_s_1000_xr.jpg,S 1000 XR,Genuine Rebound Adjuster - S 1000 XR,10,12256.0,premium,4.9,excellent,Hyderabad,68d133bf3952f7cf7dee90b9,17.511409,78.350972,Jyothi Automobiles,genuine rebound adjuster - s 1000 xr bmw suspension high-performance vibration dampening for enhanced stability,Suspension,2025-07-31T00:00:00.000Z,2011,68d133bf3952f7cf7dee90b7,modern
,Aprilia,,0.0,7,2025-08-31T00:00:00.000Z,Enhanced long lasting for smoother operation,https://example.com/images/shift_fork_caponord_1200.jpg,Caponord 1200,Racing Shift Fork - Caponord 1200,48,3030.0,premium,4.2,good,Bala Nagar,68d1346c3952f7cf7dee90d2,17.475679,78.447328,Kalyan Automobiles,racing shift fork - caponord 1200 aprilia transmission superior noise reducing for enhanced durability,Transmission,2025-08-15T00:00:00.000Z,2021,68d1346c3952f7cf7dee90d0,classic
,Suzuki,,0.0,10,2025-08-03T00:00:00.000Z,Heavy-duty long lasting for better handling,https://example.com/images/turn_signal_access_125.jpg,Access 125,Turn Signal Assembly - Access 125,37,3378.0,premium,4.4,good,Mahabubabad,68d134ac3952f7cf7dee90e5,17.594209,80.006903,Shiva sai Automobiles,turn signal assembly - access 125 suzuki electrical professional grade noise reducing for improved comfort,Electrical,2025-07-07T00:00:00.000Z,2019,68d134ac3952f7cf7dee90e3,modern
,Yamaha,,0.0,29,2025-09-04T00:00:00.000Z,Premium quality noise reducing for maximum protection,https://example.com/images/assembly_paste_fz_x.jpg,FZ-X,Yamaha Assembly Paste for FZ-X,7,866.0,mid-range,4.8,excellent,Dilshknagar,68d135063952f7cf7dee90f8,17.367642,78.534282,Manoj Automobiles,yamaha assembly paste for fz-x yamaha maintenance industrial grade temperature stable for increased power,Maintenance,2025-07-23T00:00:00.000Z,2020,68d135063952f7cf7dee90f6,classic
,Triumph,,0.0,21,2025-07-12T00:00:00.000Z,Durable maintenance-free for longer life,https://example.com/images/flywheel_speed_triple.jpg,Speed Triple,Premium Flywheel for Speed Triple,50,4038.0,premium,4.7,excellent,Karimnagar,68d135833952f7cf7dee910b,18.435781,79.132861,Mounika Automobiles,premium flywheel for speed triple triumph engine industrial grade corrosion resistant for better handling,Engine,2025-07-28T00:00:00.000Z,2011,68d135833952f7cf7dee9109,classic
,Kawasaki,,0.0,27,2025-08-11T00:00:00.000Z,Premium quality vibration dampening for improved comfort,https://example.com/images/riding_boots_versys_650.jpg,Versys 650,Racing Riding Boots - Versys 650,43,6889.0,premium,4.7,excellent,Medak,68d135d63952f7cf7dee9120,18.048948,78.269372,baskar Automobiles,racing riding boots - versys 650 kawasaki safety durable fuel efficient for better fuel economy,Safety,2025-07-31T00:00:00.000Z,2025,68d135d63952f7cf7dee911e,modern
,Royal Enfield,,0.0,16,2025-07-13T00:00:00.000Z,Industrial grade chemical resistant for superior reliability,https://example.com/images/tail_box_himalayan.jpg,Himalayan,Performance Tail Box - Himalayan,15,2666.0,premium,3.2,poor,Khammam,68d136193952f7cf7dee9133,17.249885,80.15615,Mahesh Automobiles,performance tail box - himalayan royal enfield accessories advanced temperature stable for enhanced safety,Accessories,2025-07-30T00:00:00.000Z,2021,68d136193952f7cf7dee9131,classic
,Jawa,,0.0,21,2025-08-30T00:00:00.000Z,Lightweight impact resistant for increased power,https://example.com/images/piston_kit_forty_two.jpg,Forty Two,Forty Two Piston Kit,18,4718.0,premium,4.7,excellent,RAMNAGAR COLONY PEERZADIGUDA UPPAL HYDERABAD,689d6959045c37933826818d,17.390358,78.606729,sai automobiles,forty two piston kit jawa engine premium quality fuel efficient for better control,Engine,2025-07-13T00:00:00.000Z,2023,689d6959045c37933826818b,classic
,Kawasaki,,0.0,29,2025-07-08T00:00:00.000Z,Street performance wear resistant for maximum protection,https://example.com/images/abs_module_z900.jpg,Z900,Heavy Duty ABS Module - Z900,6,4891.0,premium,4.3,good,Chappal Bazar Road - Kachiguda,68ac2a8f3c73e23c655de054,17.38953,78.491245,Swathi Automobiles,heavy duty abs module - z900 kawasaki brakes racing quality eco-friendly for smoother operation,Brakes,2025-07-15T00:00:00.000Z,2017,68ac2a8e3c73e23c655de052,modern
,Mahindra,,0.0,12,2025-09-06T00:00:00.000Z,Professional grade eco-friendly for enhanced durability,https://example.com/images/gear_selector_mojo.jpg,Mojo,Premium Gear Selector for Mojo,44,1311.0,mid-range,4.8,excellent,,68d0c47e09554c358655174d,17.423605,78.546314,Tarun Automobiles,premium gear selector for mojo mahindra transmission precision-made high strength for improved performance,Transmission,2025-08-05T00:00:00.000Z,2013,68d0c47d09554c358655174b,modern
,TVS,,0.0,24,2025-07-17T00:00:00.000Z,Enhanced high strength for optimal efficiency,https://example.com/images/breather_filter_apache_rtr_160.jpg,Apache RTR 160,OEM Breather Filter - Apache RTR 160,6,391.0,budget,4.8,excellent,Hyderabad,68d133bf3952f7cf7dee90b9,17.511409,78.350972,Jyothi Automobiles,oem breather filter - apache rtr 160 tvs filters industrial grade temperature stable for enhanced safety,Filters,2025-07-23T00:00:00.000Z,2012,68d133bf3952f7cf7dee90b7,classic
,Bajaj,,0.0,28,2025-09-13T00:00:00.000Z,High-performance weather resistant for superior reliability,https://example.com/images/chain_cleaner_pulsar_f250.jpg,Pulsar F250,Pulsar F250 Chain Cleaner,8,691.0,mid-range,4.7,excellent,Bala Nagar,68d1346c3952f7cf7dee90d2,17.475679,78.447328,Kalyan Automobiles,pulsar f250 chain cleaner bajaj maintenance street performance impact resistant for reduced maintenance,Maintenance,2025-07-17T00:00:00.000Z,2014,68d1346c3952f7cf7dee90d0,classic
,Bajaj,,0.0,22,2025-09-13T00:00:00.000Z,Durable long lasting for improved comfort,https://example.com/images/gasket_maker_pulsar_n250.jpg,Pulsar N250,Gasket Maker Assembly - Pulsar N250,22,146.0,budget,3.4,poor,Mahabubabad,68d134ac3952f7cf7dee90e5,17.594209,80.006903,Shiva sai Automobiles,gasket maker assembly - pulsar n250 bajaj maintenance superior temperature stable for increased power,Maintenance,2025-08-11T00:00:00.000Z,2015,68d134ac3952f7cf7dee90e3,classic
,Royal Enfield,,0.0,6,2025-08-15T00:00:00.000Z,Street performance heat treated for enhanced safety,https://example.com/images/valve_set_himalayan.jpg,Himalayan,Royal Enfield Valve Set for Himalayan,24,8225.0,premium,3.3,poor,Dilshknagar,68d135063952f7cf7dee90f8,17.367642,78.534282,Manoj Automobiles,royal enfield valve set for himalayan royal enfield engine precision-made fuel efficient for increased power,Engine,2025-08-19T00:00:00.000Z,2025,68d135063952f7cf7dee90f6,classic
,Honda,,0.0,24,2025-08-15T00:00:00.000Z,Lightweight corrosion resistant for enhanced stability,https://example.com/images/starter_relay_cb350rs.jpg,CB350RS,CB350RS Starter Relay,22,1457.0,mid-range,4.6,excellent,Karimnagar,68d135833952f7cf7dee910b,18.435781,79.132861,Mounika Automobiles,cb350rs starter relay honda electrical lightweight corrosion resistant for enhanced stability,Electrical,2025-08-15T00:00:00.000Z,2022,68d135833952f7cf7dee9109,classic
,Yamaha,,0.0,22,2025-08-06T00:00:00.000Z,Lightweight long lasting for optimal efficiency,https://example.com/images/radiator_guard_aerox_155.jpg,Aerox 155,Premium Radiator Guard for Aerox 155,41,10876.0,premium,3.5,average,Medak,68d135d63952f7cf7dee9120,18.048948,78.269372,baskar Automobiles,premium radiator guard for aerox 155 yamaha cooling system durable chemical resistant for enhanced durability,Cooling System,2025-07-27T00:00:00.000Z,2025,68d135d63952f7cf7dee911e,classic
,Bajaj,,0.0,18,2025-07-13T00:00:00.000Z,Lightweight temperature stable for smoother operation,https://example.com/images/tank_cover_pulsar_180.jpg,Pulsar 180,Racing Tank Cover - Pulsar 180,43,7116.0,premium,5.0,excellent,Khammam,68d136193952f7cf7dee9133,17.249885,80.15615,Mahesh Automobiles,racing tank cover - pulsar 180 bajaj body parts advanced fuel efficient for maximum protection,Body Parts,2025-09-03T00:00:00.000Z,2019,68d136193952f7cf7dee9131,modern
,Aprilia,,0.0,24,2025-08-26T00:00:00.000Z,Industrial grade eco-friendly for reduced maintenance,https://example.com/images/engine_guard_dorsoduro_900.jpg,Dorsoduro 900,Engine Guard Assembly - Dorsoduro 900,30,2746.0,premium,4.8,excellent,RAMNAGAR COLONY PEERZADIGUDA UPPAL HYDERABAD,689d6959045c37933826818d,17.390358,78.606729,sai automobiles,engine guard assembly - dorsoduro 900 aprilia accessories high-performance corrosion resistant for reduced maintenance,Accessories,2025-09-02T00:00:00.000Z,2021,689d6959045c37933826818b,classic
,Yezdi,,0.0,5,2025-08-22T00:00:00.000Z,Enhanced noise reducing for better handling,https://example.com/images/torque_converter_deluxe.jpg,Deluxe,Performance Torque Converter - Deluxe,28,2113.0,mid-range,3.7,average,Chappal Bazar Road - Kachiguda,68ac2a8f3c73e23c655de054,17.38953,78.491245,Swathi Automobiles,performance torque converter - deluxe yezdi drivetrain long-lasting precision engineered for increased power,Drivetrain,2025-08-28T00:00:00.000Z,2017,68ac2a8e3c73e23c655de052,modern
,Suzuki,,0.0,25,2025-07-16T00:00:00.000Z,Racing quality long lasting for enhanced safety,https://example.com/images/exhaust_spring_boulevard.jpg,Boulevard,Genuine Exhaust Spring - Boulevard,43,8541.0,premium,3.7,average,,68d0c47e09554c358655174d,17.423605,78.546314,Tarun Automobiles,genuine exhaust spring - boulevard suzuki exhaust racing quality corrosion resistant for enhanced durability,Exhaust,2025-09-18T00:00:00.000Z,2012,68d0c47d09554c358655174b,modern
,Aprilia,,0.0,18,2025-07-26T00:00:00.000Z,Premium quality fuel efficient for enhanced stability,https://example.com/images/brake_fluid_tuono_660.jpg,Tuono 660,Aprilia Brake Fluid for Tuono 660,35,1118.0,mid-range,4.3,good,Hyderabad,68d133bf3952f7cf7dee90b9,17.511409,78.350972,Jyothi Automobiles,aprilia brake fluid for tuono 660 aprilia maintenance heavy-duty wear resistant for optimal efficiency,Maintenance,2025-07-23T00:00:00.000Z,2017,68d133bf3952f7cf7dee90b7,classic
,Honda,,0.0,28,2025-09-15T00:00:00.000Z,Lightweight weather resistant for enhanced durability,https://example.com/images/petcock_valve_cbr250r.jpg,CBR250R,Performance Petcock Valve - CBR250R,39,4426.0,premium,4.4,good,Bala Nagar,68d1346c3952f7cf7dee90d2,17.475679,78.447328,Kalyan Automobiles,performance petcock valve - cbr250r honda fuel system long-lasting corrosion resistant for reduced maintenance,Fuel System,2025-08-31T00:00:00.000Z,2020,68d1346c3952f7cf7dee90d0,classic
,Hero,,0.0,9,2025-07-08T00:00:00.000Z,Precision-made chemical resistant for enhanced stability,https://example.com/images/belly_pan_splendor_plus.jpg,Splendor Plus,Heavy Duty Belly Pan - Splendor Plus,24,6745.0,premium,4.1,good,Mahabubabad,68d134ac3952f7cf7dee90e5,17.594209,80.006903,Shiva sai Automobiles,heavy duty belly pan - splendor plus hero body parts professional grade wear resistant for optimal efficiency,Body Parts,2025-07-11T00:00:00.000Z,2024,68d134ac3952f7cf7dee90e3,classic
,Mahindra,,0.0,3,2025-07-09T00:00:00.000Z,Industrial grade noise reducing for reduced maintenance,https://example.com/images/preload_adjuster_duro_dz.jpg,Duro DZ,Duro DZ Preload Adjuster,38,11705.0,premium,4.9,excellent,Dilshknagar,68d135063952f7cf7dee90f8,17.367642,78.534282,Manoj Automobiles,duro dz preload adjuster mahindra suspension professional grade maintenance-free for improved comfort,Suspension,2025-07-16T00:00:00.000Z,2014,68d135063952f7cf7dee90f6,classic
,Benelli,,0.0,4,2025-08-22T00:00:00.000Z,Enhanced high strength for enhanced durability,https://example.com/images/chain_leoncino_500.jpg,Leoncino 500,Benelli Chain for Leoncino 500,2,3867.0,premium,4.3,good,Karimnagar,68d135833952f7cf7dee910b,18.435781,79.132861,Mounika Automobiles,benelli chain for leoncino 500 benelli drivetrain superior heat treated for enhanced safety,Drivetrain,2025-07-13T00:00:00.000Z,2017,68d135833952f7cf7dee9109,classic
,Mahindra,,0.0,26,2025-07-20T00:00:00.000Z,High-performance corrosion resistant for smoother operation,https://example.com/images/exhaust_flange_flyte.jpg,Flyte,Genuine Exhaust Flange - Flyte,8,8949.0,premium,4.5,excellent,Medak,68d135d63952f7cf7dee9120,18.048948,78.269372,baskar Automobiles,genuine exhaust flange - flyte mahindra exhaust street performance corrosion resistant for enhanced safety,Exhaust,2025-09-02T00:00:00.000Z,2025,68d135d63952f7cf7dee911e,classic
,Yezdi,,0.0,12,2025-08-20T00:00:00.000Z,Durable vibration dampening for maximum protection,https://example.com/images/paper_filter_classic.jpg,Classic,Paper Filter - Classic,2,1010.0,mid-range,4.9,excellent,Khammam,68d136193952f7cf7dee9133,17.249885,80.15615,Mahesh Automobiles,paper filter - classic yezdi filters high-performance long lasting for better control,Filters,2025-07-31T00:00:00.000Z,2014,68d136193952f7cf7dee9131,modern
,Aprilia,,0.0,8,2025-09-07T00:00:00.000Z,Enhanced long lasting for better fuel economy,https://example.com/images/flasher_relay_tuono_660.jpg,Tuono 660,Flasher Relay Assembly - Tuono 660,38,5491.0,premium,3.5,average,RAMNAGAR COLONY PEERZADIGUDA UPPAL HYDERABAD,689d6959045c37933826818d,17.390358,78.606729,sai automobiles,flasher relay assembly - tuono 660 aprilia electrical heavy-duty noise reducing for optimal efficiency,Electrical,2025-07-23T00:00:00.000Z,2011,689d6959045c37933826818b,modern
,Triumph,,0.0,4,2025-07-06T00:00:00.000Z,Professional grade precision engineered for enhanced safety,https://example.com/images/gps_mount_street_triple.jpg,Street Triple,Premium GPS Mount for Street Triple,48,2968.0,premium,4.2,good,Chappal Bazar Road - Kachiguda,68ac2a8f3c73e23c655de054,17.38953,78.491245,Swathi Automobiles,premium gps mount for street triple triumph accessories superior corrosion resistant for reduced maintenance,Accessories,2025-07-18T00:00:00.000Z,2019,68ac2a8e3c73e23c655de052,modern
,KTM,,0.0,8,2025-09-13T00:00:00.000Z,Professional grade wear resistant for increased power,https://example.com/images/engine_cover_1290_super_duke_r.jpg,1290 Super Duke R,KTM Engine Cover for 1290 Super Duke R,44,1386.0,mid-range,4.1,good,,68d0c47e09554c358655174d,17.423605,78.546314,Tarun Automobiles,ktm engine cover for 1290 super duke r ktm body parts enhanced noise reducing for enhanced safety,Body Parts,2025-07-24T00:00:00.000Z,2015,68d0c47d09554c358655174b,modern
,Suzuki,,0.0,7,2025-09-17T00:00:00.000Z,Lightweight weather resistant for maximum protection,https://example.com/images/oil_pump_v_strom_sx.jpg,V-Strom SX,Heavy Duty Oil Pump - V-Strom SX,13,7262.0,premium,4.7,excellent,Hyderabad,68d133bf3952f7cf7dee90b9,17.511409,78.350972,Jyothi Automobiles,heavy duty oil pump - v-strom sx suzuki engine industrial grade vibration dampening for better fuel economy,Engine,2025-09-04T00:00:00.000Z,2021,68d133bf3952f7cf7dee90b7,modern
,Harley-Davidson,,0.0,3,2025-07-11T00:00:00.000Z,Durable high strength for longer life,https://example.com/images/fork_oil_seal_pan_america.jpg,Pan America,Genuine Fork Oil Seal - Pan America,31,5552.0,premium,3.5,average,Bala Nagar,68d1346c3952f7cf7dee90d2,17.475679,78.447328,Kalyan Automobiles,genuine fork oil seal - pan america harley-davidson suspension advanced heat treated for better control,Suspension,2025-08-29T00:00:00.000Z,2016,68d1346c3952f7cf7dee90d0,classic
,Bajaj,,0.0,15,2025-09-20T00:00:00.000Z,OEM quality vibration dampening for enhanced safety,https://example.com/images/resonator_pulsar_ns200.jpg,Pulsar NS200,Performance Resonator - Pulsar NS200,19,4725.0,premium,4.2,good,Mahabubabad,68d134ac3952f7cf7dee90e5,17.594209,80.006903,Shiva sai Automobiles,performance resonator - pulsar ns200 bajaj exhaust superior fuel efficient for better fuel economy,Exhaust,2025-08-06T00:00:00.000Z,2018,68d134ac3952f7cf7dee90e3,modern
,Royal Enfield,,0.0,16,2025-09-17T00:00:00.000Z,High-performance temperature stable for reduced maintenance,https://example.com/images/exhaust_clamp_machismo.jpg,Machismo,Exhaust Clamp - Machismo,29,12170.0,premium,3.2,poor,Dilshknagar,68d135063952f7cf7dee90f8,17.367642,78.534282,Manoj Automobiles,exhaust clamp - machismo royal enfield exhaust heavy-duty high strength for better control,Exhaust,2025-07-27T00:00:00.000Z,2023,68d135063952f7cf7dee90f6,classic
,Hero,,0.0,9,2025-07-23T00:00:00.000Z,Superior high strength for maximum protection,https://example.com/images/chain_lube_maestro_edge.jpg,Maestro Edge,Heavy Duty Chain Lube - Maestro Edge,11,859.0,mid-range,4.8,excellent,Karimnagar,68d135833952f7cf7dee910b,18.435781,79.132861,Mounika Automobiles,heavy duty chain lube - maestro edge hero maintenance professional grade wear resistant for enhanced durability,Maintenance,2025-08-07T00:00:00.000Z,2025,68d135833952f7cf7dee9109,modern
,Jawa,,0.0,27,2025-08-31T00:00:00.000Z,Precision-made heat treated for superior reliability,https://example.com/images/clutch_plate_perak.jpg,Perak,Heavy Duty Clutch Plate - Perak,30,3917.0,premium,3.4,poor,Medak,68d135d63952f7cf7dee9120,18.048948,78.269372,baskar Automobiles,heavy duty clutch plate - perak jawa transmission enhanced heat treated for enhanced stability,Transmission,2025-07-26T00:00:00.000Z,2015,68d135d63952f7cf7dee911e,modern
,Mahindra,,0.0,15,2025-07-26T00:00:00.000Z,Professional grade maintenance-free for optimal efficiency,https://example.com/images/diode_centuro.jpg,Centuro,OEM Diode - Centuro,40,4178.0,premium,3.5,average,Khammam,68d136193952f7cf7dee9133,17.249885,80.15615,Mahesh Automobiles,oem diode - centuro mahindra electrical industrial grade temperature stable for enhanced safety,Electrical,2025-07-03T00:00:00.000Z,2013,68d136193952f7cf7dee9131,modern
,Royal Enfield,,0.0,27,2025-08-31T00:00:00.000Z,Industrial grade high strength for better handling,https://example.com/images/safety_triangle_electra.jpg,Electra,Safety Triangle Assembly - Electra,29,7066.0,premium,4.4,good,RAMNAGAR COLONY PEERZADIGUDA UPPAL HYDERABAD,689d6959045c37933826818d,17.390358,78.606729,sai automobiles,safety triangle assembly - electra royal enfield safety professional grade chemical resistant for reduced maintenance,Safety,2025-08-11T00:00:00.000Z,2015,689d6959045c37933826818b,classic
,Benelli,,0.0,30,2025-08-02T00:00:00.000Z,Enhanced precision engineered for optimal efficiency,https://example.com/images/clutch_hub_tnt_600i.jpg,TNT 600i,Heavy Duty Clutch Hub - TNT 600i,7,2358.0,mid-range,4.4,good,Chappal Bazar Road - Kachiguda,68ac2a8f3c73e23c655de054,17.38953,78.491245,Swathi Automobiles,heavy duty clutch hub - tnt 600i benelli transmission long-lasting noise reducing for better control,Transmission,2025-07-19T00:00:00.000Z,2023,68ac2a8e3c73e23c655de052,classic
,Benelli,,0.0,26,2025-09-09T00:00:00.000Z,Lightweight high strength for better control,https://example.com/images/rim_bn_125.jpg,BN 125,Rim Assembly - BN 125,14,3353.0,premium,4.9,excellent,,68d0c47e09554c358655174d,17.423605,78.546314,Tarun Automobiles,rim assembly - bn 125 benelli wheels & tires professional grade temperature stable for better fuel economy,Wheels & Tires,2025-08-11T00:00:00.000Z,2024,68d0c47d09554c358655174b,classic
,Yezdi,,0.0,21,2025-07-18T00:00:00.000Z,Long-lasting noise reducing for enhanced durability,https://example.com/images/silicone_spray_adventure.jpg,Adventure,Yezdi Silicone Spray for Adventure,43,627.0,mid-range,4.1,good,Hyderabad,68d133bf3952f7cf7dee90b9,17.511409,78.350972,Jyothi Automobiles,yezdi silicone spray for adventure yezdi maintenance oem quality heat treated for reduced maintenance,Maintenance,2025-08-29T00:00:00.000Z,2023,68d133bf3952f7cf7dee90b7,classic
,Triumph,,0.0,11,2025-08-29T00:00:00.000Z,Industrial grade heat treated for improved comfort,https://example.com/images/resonator_speed_triple.jpg,Speed Triple,Resonator Assembly - Speed Triple,31,14723.0,premium,4.0,good,Bala Nagar,68d1346c3952f7cf7dee90d2,17.475679,78.447328,Kalyan Automobiles,resonator assembly - speed triple triumph exhaust racing quality impact resistant for enhanced safety,Exhaust,2025-09-14T00:00:00.000Z,2024,68d1346c3952f7cf7dee90d0,classic
,Jawa,,0.0,26,2025-07-01T00:00:00.000Z,Long-lasting maintenance-free for better fuel economy,https://example.com/images/suspension_bolt_bobber.jpg,Bobber,Performance Suspension Bolt - Bobber,48,12698.0,premium,3.5,average,Mahabubabad,68d134ac3952f7cf7dee90e5,17.594209,80.006903,Shiva sai Automobiles,performance suspension bolt - bobber jawa suspension enhanced noise reducing for optimal efficiency,Suspension,2025-09-05T00:00:00.000Z,2021,68d134ac3952f7cf7dee90e3,modern
,Indian,,0.0,23,2025-09-08T00:00:00.000Z,OEM quality temperature stable for enhanced safety,https://example.com/images/mobile_holder_scout_bobber.jpg,Scout Bobber,Performance Mobile Holder - Scout Bobber,45,3504.0,premium,3.5,average,Dilshknagar,68d135063952f7cf7dee90f8,17.367642,78.534282,Manoj Automobiles,performance mobile holder - scout bobber indian accessories superior chemical resistant for superior reliability,Accessories,2025-07-27T00:00:00.000Z,2016,68d135063952f7cf7dee90f6,classic
,Yezdi,,0.0,22,2025-07-12T00:00:00.000Z,Advanced chemical resistant for increased power,https://example.com/images/main_relay_monaco.jpg,Monaco,Yezdi Main Relay for Monaco,44,941.0,mid-range,4.2,good,Karimnagar,68d135833952f7cf7dee910b,18.435781,79.132861,Mounika Automobiles,yezdi main relay for monaco yezdi electrical high-performance weather resistant for enhanced safety,Electrical,2025-08-11T00:00:00.000Z,2024,68d135833952f7cf7dee9109,modern
,Yamaha,,0.0,24,2025-08-01T00:00:00.000Z,Racing quality noise reducing for improved performance,https://example.com/images/safety_cone_fz_s.jpg,FZ-S,Premium Safety Cone for FZ-S,14,6679.0,premium,3.7,average,Medak,68d135d63952f7cf7dee9120,18.048948,78.269372,baskar Automobiles,premium safety cone for fz-s yamaha safety precision-made heat treated for superior reliability,Safety,2025-08-06T00:00:00.000Z,2025,68d135d63952f7cf7dee911e,classic
,Yezdi,,0.0,19,2025-07-17T00:00:00.000Z,Advanced wear resistant for enhanced stability,https://example.com/images/rear_sprocket_rd_350.jpg,RD 350,Rear Sprocket - RD 350,25,7103.0,premium,4.2,good,Khammam,68d136193952f7cf7dee9133,17.249885,80.15615,Mahesh Automobiles,rear sprocket - rd 350 yezdi drivetrain street performance long lasting for better control,Drivetrain,2025-08-19T00:00:00.000Z,2011,68d136193952f7cf7dee9131,classic
,Kawasaki,,0.0,27,2025-08-22T00:00:00.000Z,Professional grade vibration dampening for improved comfort,https://example.com/images/gear_box_z900.jpg,Z900,Racing Gear Box - Z900,39,11341.0,premium,4.4,good,RAMNAGAR COLONY PEERZADIGUDA UPPAL HYDERABAD,689d6959045c37933826818d,17.390358,78.606729,sai automobiles,racing gear box - z900 kawasaki transmission professional grade weather resistant for better fuel economy,Transmission,2025-08-07T00:00:00.000Z,2023,689d6959045c37933826818b,modern
,Yezdi,,0.0,20,2025-09-11T00:00:00.000Z,Advanced chemical resistant for enhanced durability,https://example.com/images/fuel_filter_rd_350.jpg,RD 350,Fuel Filter Assembly - RD 350,16,1380.0,mid-range,4.7,excellent,Chappal Bazar Road - Kachiguda,68ac2a8f3c73e23c655de054,17.38953,78.491245,Swathi Automobiles,fuel filter assembly - rd 350 yezdi filters durable impact resistant for enhanced safety,Filters,2025-08-11T00:00:00.000Z,2013,68ac2a8e3c73e23c655de052,modern
,Triumph,,0.0,27,2025-07-11T00:00:00.000Z,Long-lasting wear resistant for improved performance,https://example.com/images/intake_manifold_street_triple.jpg,Street Triple,Intake Manifold Assembly - Street Triple,39,4359.0,premium,4.5,excellent,,68d0c47e09554c358655174d,17.423605,78.546314,Tarun Automobiles,intake manifold assembly - street triple triumph fuel system long-lasting impact resistant for better fuel economy,Fuel System,2025-07-17T00:00:00.000Z,2012,68d0c47d09554c358655174b,modern
,Jawa,,0.0,8,2025-07-09T00:00:00.000Z,Racing quality eco-friendly for improved comfort,https://example.com/images/hydraulic_filter_bobber.jpg,Bobber,Heavy Duty Hydraulic Filter - Bobber,23,143.0,budget,4.2,good,Hyderabad,68d133bf3952f7cf7dee90b9,17.511409,78.350972,Jyothi Automobiles,heavy duty hydraulic filter - bobber jawa filters precision-made long lasting for increased power,Filters,2025-08-13T00:00:00.000Z,2022,68d133bf3952f7cf7dee90b7,modern
,Suzuki,,0.0,21,2025-07-09T00:00:00.000Z,Durable noise reducing for increased power,https://example.com/images/chest_protector_gixxer.jpg,Gixxer,Heavy Duty Chest Protector - Gixxer,6,935.0,mid-range,4.6,excellent,Bala Nagar,68d1346c3952f7cf7dee90d2,17.475679,78.447328,Kalyan Automobiles,heavy duty chest protector - gixxer suzuki safety advanced impact resistant for increased power,Safety,2025-09-14T00:00:00.000Z,2017,68d1346c3952f7cf7dee90d0,modern
,Benelli,,0.0,29,2025-08-29T00:00:00.000Z,Street performance eco-friendly for optimal efficiency,https://example.com/images/air_box_tnt_135.jpg,TNT 135,OEM Air Box - TNT 135,14,4254.0,premium,3.7,average,Mahabubabad,68d134ac3952f7cf7dee90e5,17.594209,80.006903,Shiva sai Automobiles,oem air box - tnt 135 benelli fuel system long-lasting wear resistant for enhanced stability,Fuel System,2025-09-12T00:00:00.000Z,2020,68d134ac3952f7cf7dee90e3,modern
,Yamaha,,0.0,4,2025-08-16T00:00:00.000Z,Heavy-duty maintenance-free for maximum protection,https://example.com/images/gear_box_fz_s.jpg,FZ-S,OEM Gear Box - FZ-S,37,1601.0,mid-range,4.6,excellent,Dilshknagar,68d135063952f7cf7dee90f8,17.367642,78.534282,Manoj Automobiles,oem gear box - fz-s yamaha transmission lightweight corrosion resistant for increased power,Transmission,2025-08-19T00:00:00.000Z,2024,68d135063952f7cf7dee90f6,modern
,TVS,,0.0,4,2025-08-26T00:00:00.000Z,Industrial grade vibration dampening for improved performance,https://example.com/images/tube_apache_rtr_180.jpg,Apache RTR 180,TVS Tube for Apache RTR 180,0,9060.0,premium,3.4,poor,Karimnagar,68d135833952f7cf7dee910b,18.435781,79.132861,Mounika Automobiles,tvs tube for apache rtr 180 tvs wheels & tires high-performance fuel efficient for enhanced safety,Wheels & Tires,2025-07-04T00:00:00.000Z,2021,68d135833952f7cf7dee9109,modern
,Yamaha,,0.0,23,2025-09-13T00:00:00.000Z,Durable heat treated for smoother operation,https://example.com/images/ground_wire_yzf_r3.jpg,YZF-R3,Heavy Duty Ground Wire - YZF-R3,3,670.0,mid-range,4.7,excellent,Medak,68d135d63952f7cf7dee9120,18.048948,78.269372,baskar Automobiles,heavy duty ground wire - yzf-r3 yamaha electrical industrial grade long lasting for better control,Electrical,2025-07-25T00:00:00.000Z,2020,68d135d63952f7cf7dee911e,classic
,Kawasaki,,0.0,7,2025-09-21T00:00:00.000Z,OEM quality wear resistant for enhanced stability,https://example.com/images/tubeless_valve_ninja_zx_10r.jpg,Ninja ZX-10R,Tubeless Valve Assembly - Ninja ZX-10R,38,12830.0,premium,4.6,excellent,Khammam,68d136193952f7cf7dee9133,17.249885,80.15615,Mahesh Automobiles,tubeless valve assembly - ninja zx-10r kawasaki wheels & tires long-lasting fuel efficient for enhanced stability,Wheels & Tires,2025-08-05T00:00:00.000Z,2020,68d136193952f7cf7dee9131,modern
,Royal Enfield,,0.0,21,2025-08-19T00:00:00.000Z,Heavy-duty weather resistant for longer life,https://example.com/images/engine_guard_bullet_350.jpg,Bullet 350,Engine Guard Assembly - Bullet 350,40,3116.0,premium,4.8,excellent,RAMNAGAR COLONY PEERZADIGUDA UPPAL HYDERABAD,689d6959045c37933826818d,17.390358,78.606729,sai automobiles,engine guard assembly - bullet 350 royal enfield accessories lightweight long lasting for increased power,Accessories,2025-09-11T00:00:00.000Z,2020,689d6959045c37933826818b,modern
,Ducati,,0.0,16,2025-07-17T00:00:00.000Z,Professional grade chemical resistant for enhanced stability,https://example.com/images/cylinder_block_scrambler_icon.jpg,Scrambler Icon,Genuine Cylinder Block - Scrambler Icon,4,5981.0,premium,4.9,excellent,Chappal Bazar Road - Kachiguda,68ac2a8f3c73e23c655de054,17.38953,78.491245,Swathi Automobiles,genuine cylinder block - scrambler icon ducati engine enhanced eco-friendly for maximum protection,Engine,2025-07-06T00:00:00.000Z,2015,68ac2a8e3c73e23c655de052,modern
,Hero,,0.0,8,2025-09-21T00:00:00.000Z,Lightweight high strength for better fuel economy,https://example.com/images/coolant_hose_super_splendor.jpg,Super Splendor,Hero Coolant Hose for Super Splendor,30,7320.0,premium,4.1,good,,68d0c47e09554c358655174d,17.423605,78.546314,Tarun Automobiles,hero coolant hose for super splendor hero cooling system advanced heat treated for superior reliability,Cooling System,2025-07-01T00:00:00.000Z,2016,68d0c47d09554c358655174b,modern
,Benelli,,0.0,18,2025-07-24T00:00:00.000Z,OEM quality wear resistant for enhanced safety,https://example.com/images/belt_guard_bn_302.jpg,BN 302,Belt Guard Assembly - BN 302,13,3399.0,premium,4.3,good,Hyderabad,68d133bf3952f7cf7dee90b9,17.511409,78.350972,Jyothi Automobiles,belt guard assembly - bn 302 benelli drivetrain long-lasting chemical resistant for better fuel economy,Drivetrain,2025-08-21T00:00:00.000Z,2023,68d133bf3952f7cf7dee90b7,classic
,Ducati,,0.0,29,2025-08-15T00:00:00.000Z,Enhanced fuel efficient for maximum protection,https://example.com/images/coolant_pump_hypermotard.jpg,Hypermotard,Coolant Pump Assembly - Hypermotard,30,5561.0,premium,4.9,excellent,Bala Nagar,68d1346c3952f7cf7dee90d2,17.475679,78.447328,Kalyan Automobiles,coolant pump assembly - hypermotard ducati cooling system advanced long lasting for better fuel economy,Cooling System,2025-07-22T00:00:00.000Z,2019,68d1346c3952f7cf7dee90d0,modern
,BMW,,0.0,13,2025-09-09T00:00:00.000Z,Precision-made chemical resistant for longer life,https://example.com/images/gear_oil_r_1250_gs.jpg,R 1250 GS,OEM Gear Oil - R 1250 GS,50,545.0,mid-range,4.6,excellent,Mahabubabad,68d134ac3952f7cf7dee90e5,17.594209,80.006903,Shiva sai Automobiles,oem gear oil - r 1250 gs bmw maintenance superior corrosion resistant for superior reliability,Maintenance,2025-07-12T00:00:00.000Z,2022,68d134ac3952f7cf7dee90e3,classic
,BMW,,0.0,4,2025-07-22T00:00:00.000Z,Professional grade vibration dampening for smoother operation,https://example.com/images/slip-on_exhaust_r_1250_gs.jpg,R 1250 GS,Slip-on Exhaust Assembly - R 1250 GS,35,9088.0,premium,3.3,poor,Dilshknagar,68d135063952f7cf7dee90f8,17.367642,78.534282,Manoj Automobiles,slip-on exhaust assembly - r 1250 gs bmw exhaust oem quality fuel efficient for smoother operation,Exhaust,2025-08-20T00:00:00.000Z,2018,68d135063952f7cf7dee90f6,modern
,Royal Enfield,,0.0,3,2025-07-29T00:00:00.000Z,Heavy-duty high strength for better handling,https://example.com/images/diode_super_meteor_650.jpg,Super Meteor 650,OEM Diode - Super Meteor 650,35,7245.0,premium,4.2,good,Karimnagar,68d135833952f7cf7dee910b,18.435781,79.132861,Mounika Automobiles,oem diode - super meteor 650 royal enfield electrical precision-made impact resistant for smoother operation,Electrical,2025-07-13T00:00:00.000Z,2013,68d135833952f7cf7dee9109,modern
,Harley-Davidson,,0.0,29,2025-07-06T00:00:00.000Z,High-performance long lasting for enhanced stability,https://example.com/images/phone_mount_iron_883.jpg,Iron 883,Iron 883 Phone Mount,38,2865.0,premium,3.7,average,Medak,68d135d63952f7cf7dee9120,18.048948,78.269372,baskar Automobiles,iron 883 phone mount harley-davidson accessories enhanced fuel efficient for smoother operation,Accessories,2025-08-12T00:00:00.000Z,2023,68d135d63952f7cf7dee911e,modern
,Suzuki,,0.0,14,2025-08-08T00:00:00.000Z,Premium quality temperature stable for optimal efficiency,https://example.com/images/mesh_filter_v_strom_sx.jpg,V-Strom SX,Performance Mesh Filter - V-Strom SX,47,405.0,budget,4.6,excellent,Khammam,68d136193952f7cf7dee9133,17.249885,80.15615,Mahesh Automobiles,performance mesh filter - v-strom sx suzuki filters professional grade vibration dampening for superior reliability,Filters,2025-08-10T00:00:00.000Z,2010,68d136193952f7cf7dee9131,classic
,MV Agusta,,0.0,14,2025-07-25T00:00:00.000Z,Durable high strength for better control,https://example.com/images/flasher_relay_brutale_1000.jpg,Brutale 1000,Premium Flasher Relay for Brutale 1000,23,3632.0,premium,4.4,good,RAMNAGAR COLONY PEERZADIGUDA UPPAL HYDERABAD,689d6959045c37933826818d,17.390358,78.606729,sai automobiles,premium flasher relay for brutale 1000 mv agusta electrical lightweight precision engineered for superior reliability,Electrical,2025-08-07T00:00:00.000Z,2020,689d6959045c37933826818b,modern
,Bajaj,,0.0,3,2025-07-10T00:00:00.000Z,Long-lasting chemical resistant for enhanced durability,https://example.com/images/helmet_lock_platina_110.jpg,Platina 110,Premium Helmet Lock for Platina 110,2,3802.0,premium,4.2,good,Chappal Bazar Road - Kachiguda,68ac2a8f3c73e23c655de054,17.38953,78.491245,Swathi Automobiles,premium helmet lock for platina 110 bajaj accessories enhanced chemical resistant for longer life,Accessories,2025-07-15T00:00:00.000Z,2024,68ac2a8e3c73e23c655de052,classic
,KTM,,0.0,26,2025-07-27T00:00:00.000Z,OEM quality precision engineered for better fuel economy,https://example.com/images/oil_ring_rc_200.jpg,RC 200,Heavy Duty Oil Ring - RC 200,15,2129.0,mid-range,4.0,good,,68d0c47e09554c358655174d,17.423605,78.546314,Tarun Automobiles,heavy duty oil ring - rc 200 ktm engine long-lasting chemical resistant for reduced maintenance,Engine,2025-08-20T00:00:00.000Z,2012,68d0c47d09554c358655174b,classic
,KTM,,0.0,10,2025-09-15T00:00:00.000Z,Premium quality noise reducing for better fuel economy,https://example.com/images/crank_position_sensor_rc_8c.jpg,RC 8C,Crank Position Sensor Assembly - RC 8C,5,563.0,mid-range,4.7,excellent,Hyderabad,68d133bf3952f7cf7dee90b9,17.511409,78.350972,Jyothi Automobiles,crank position sensor assembly - rc 8c ktm ignition precision-made heat treated for maximum protection,Ignition,2025-09-15T00:00:00.000Z,2015,68d133bf3952f7cf7dee90b7,classic
,BMW,,0.0,12,2025-08-22T00:00:00.000Z,High-performance corrosion resistant for enhanced safety,https://example.com/images/brake_drum_s_1000_rr.jpg,S 1000 RR,Racing Brake Drum - S 1000 RR,32,848.0,mid-range,3.8,average,Bala Nagar,68d1346c3952f7cf7dee90d2,17.475679,78.447328,Kalyan Automobiles,racing brake drum - s 1000 rr bmw brakes long-lasting impact resistant for enhanced durability,Brakes,2025-08-27T00:00:00.000Z,2013,68d1346c3952f7cf7dee90d0,classic
,Hero,,0.0,4,2025-08-19T00:00:00.000Z,Durable vibration dampening for better handling,https://example.com/images/chain_tensioner_xtreme_200s.jpg,Xtreme 200S,Genuine Chain Tensioner - Xtreme 200S,18,3273.0,premium,3.9,average,Mahabubabad,68d134ac3952f7cf7dee90e5,17.594209,80.006903,Shiva sai Automobiles,genuine chain tensioner - xtreme 200s hero drivetrain durable fuel efficient for enhanced stability,Drivetrain,2025-08-01T00:00:00.000Z,2023,68d134ac3952f7cf7dee90e3,classic
,Yezdi,,0.0,11,2025-07-26T00:00:00.000Z,Precision-made wear resistant for better control,https://example.com/images/crash_guard_roadster.jpg,Roadster,Crash Guard Assembly - Roadster,38,228.0,budget,3.6,average,Dilshknagar,68d135063952f7cf7dee90f8,17.367642,78.534282,Manoj Automobiles,crash guard assembly - roadster yezdi accessories racing quality noise reducing for better fuel economy,Accessories,2025-09-16T00:00:00.000Z,2025,68d135063952f7cf7dee90f6,classic
,Bajaj,,0.0,25,2025-07-30T00:00:00.000Z,Advanced chemical resistant for enhanced safety,https://example.com/images/reflective_vest_pulsar_150.jpg,Pulsar 150,Performance Reflective Vest - Pulsar 150,38,2857.0,premium,3.8,average,Karimnagar,68d135833952f7cf7dee910b,18.435781,79.132861,Mounika Automobiles,performance reflective vest - pulsar 150 bajaj safety precision-made temperature stable for optimal efficiency,Safety,2025-08-24T00:00:00.000Z,2010,68d135833952f7cf7dee9109,modern
,Yezdi,,0.0,17,2025-07-13T00:00:00.000Z,Long-lasting high strength for maximum protection,https://example.com/images/led_strip_roadking.jpg,Roadking,Racing LED Strip - Roadking,25,3601.0,premium,4.4,good,Medak,68d135d63952f7cf7dee9120,18.048948,78.269372,baskar Automobiles,racing led strip - roadking yezdi lighting precision-made high strength for better fuel economy,Lighting,2025-07-29T00:00:00.000Z,2024,68d135d63952f7cf7dee911e,classic
,Triumph,,0.0,30,2025-08-17T00:00:00.000Z,Heavy-duty impact resistant for enhanced durability,https://example.com/images/swing_arm_bearing_speed_twin.jpg,Speed Twin,Racing Swing Arm Bearing - Speed Twin,19,2696.0,premium,4.7,excellent,Khammam,68d136193952f7cf7dee9133,17.249885,80.15615,Mahesh Automobiles,racing swing arm bearing - speed twin triumph suspension oem quality maintenance-free for reduced maintenance,Suspension,2025-07-28T00:00:00.000Z,2014,68d136193952f7cf7dee9131,modern
,Hero,,0.0,17,2025-07-15T00:00:00.000Z,Enhanced eco-friendly for enhanced durability,https://example.com/images/wheel_hub_pleasure_plus.jpg,Pleasure Plus,Hero Wheel Hub for Pleasure Plus,40,11561.0,premium,4.7,excellent,RAMNAGAR COLONY PEERZADIGUDA UPPAL HYDERABAD,689d6959045c37933826818d,17.390358,78.606729,sai automobiles,hero wheel hub for pleasure plus hero wheels & tires racing quality high strength for better handling,Wheels & Tires,2025-09-19T00:00:00.000Z,2012,689d6959045c37933826818b,modern
,Aprilia,,0.0,18,2025-09-06T00:00:00.000Z,Enhanced wear resistant for increased power,https://example.com/images/knee_guard_rsv4.jpg,RSV4,RSV4 Knee Guard,8,5785.0,premium,3.8,average,Chappal Bazar Road - Kachiguda,68ac2a8f3c73e23c655de054,17.38953,78.491245,Swathi Automobiles,rsv4 knee guard aprilia safety long-lasting high strength for superior reliability,Safety,2025-08-14T00:00:00.000Z,2022,68ac2a8e3c73e23c655de052,modern
,Kawasaki,,0.0,8,2025-09-14T00:00:00.000Z,Precision-made heat treated for increased power,https://example.com/images/gear_box_er_6n.jpg,ER-6n,Heavy Duty Gear Box - ER-6n,28,2457.0,mid-range,4.0,good,,68d0c47e09554c358655174d,17.423605,78.546314,Tarun Automobiles,heavy duty gear box - er-6n kawasaki transmission high-performance wear resistant for reduced maintenance,Transmission,2025-07-22T00:00:00.000Z,2025,68d0c47d09554c358655174b,classic
,Suzuki,,0.0,10,2025-09-20T00:00:00.000Z,Professional grade noise reducing for enhanced durability,https://example.com/images/degreaser_gsx_r1000r.jpg,GSX-R1000R,Degreaser Assembly - GSX-R1000R,25,333.0,budget,4.0,good,Hyderabad,68d133bf3952f7cf7dee90b9,17.511409,78.350972,Jyothi Automobiles,degreaser assembly - gsx-r1000r suzuki maintenance oem quality wear resistant for reduced maintenance,Maintenance,2025-07-24T00:00:00.000Z,2017,68d133bf3952f7cf7dee90b7,classic
,Aprilia,,0.0,5,2025-07-05T00:00:00.000Z,Precision-made precision engineered for enhanced safety,https://example.com/images/starter_relay_rs_125.jpg,RS 125,Racing Starter Relay - RS 125,1,1978.0,mid-range,4.0,good,Bala Nagar,68d1346c3952f7cf7dee90d2,17.475679,78.447328,Kalyan Automobiles,racing starter relay - rs 125 aprilia ignition enhanced noise reducing for increased power,Ignition,2025-07-11T00:00:00.000Z,2020,68d1346c3952f7cf7dee90d0,modern
,Mahindra,,0.0,11,2025-07-28T00:00:00.000Z,Heavy-duty long lasting for reduced maintenance,https://example.com/images/suspension_bolt_centuro.jpg,Centuro,Heavy Duty Suspension Bolt - Centuro,0,3918.0,premium,4.7,excellent,Mahabubabad,68d134ac3952f7cf7dee90e5,17.594209,80.006903,Shiva sai Automobiles,heavy duty suspension bolt - centuro mahindra suspension precision-made eco-friendly for enhanced durability,Suspension,2025-09-18T00:00:00.000Z,2016,68d134ac3952f7cf7dee90e3,modern
,Jawa,,0.0,9,2025-07-04T00:00:00.000Z,Enhanced heat treated for increased power,https://example.com/images/coolant_drain_plug_bobber.jpg,Bobber,Premium Coolant Drain Plug for Bobber,28,11473.0,premium,3.5,average,Dilshknagar,68d135063952f7cf7dee90f8,17.367642,78.534282,Manoj Automobiles,premium coolant drain plug for bobber jawa cooling system heavy-duty eco-friendly for enhanced stability,Cooling System,2025-07-28T00:00:00.000Z,2023,68d135063952f7cf7dee90f6,modern
,Royal Enfield,,0.0,26,2025-07-12T00:00:00.000Z,Racing quality corrosion resistant for optimal efficiency,https://example.com/images/gear_box_thunderbird_500.jpg,Thunderbird 500,Genuine Gear Box - Thunderbird 500,19,5724.0,premium,4.9,excellent,Karimnagar,68d135833952f7cf7dee910b,18.435781,79.132861,Mounika Automobiles,genuine gear box - thunderbird 500 royal enfield transmission heavy-duty fuel efficient for enhanced safety,Transmission,2025-09-04T00:00:00.000Z,2023,68d135833952f7cf7dee9109,classic
,Jawa,,0.0,8,2025-09-21T00:00:00.000Z,Professional grade corrosion resistant for longer life,https://example.com/images/side_light_forty_two.jpg,Forty Two,Racing Side Light - Forty Two,5,2149.0,mid-range,4.0,good,Medak,68d135d63952f7cf7dee9120,18.048948,78.269372,baskar Automobiles,racing side light - forty two jawa lighting heavy-duty wear resistant for better handling,Lighting,2025-08-02T00:00:00.000Z,2012,68d135d63952f7cf7dee911e,modern
,KTM,,0.0,13,2025-09-18T00:00:00.000Z,Industrial grade long lasting for better handling,https://example.com/images/exhaust_clamp_duke_250.jpg,Duke 250,Exhaust Clamp - Duke 250,4,11008.0,premium,4.5,excellent,Khammam,68d136193952f7cf7dee9133,17.249885,80.15615,Mahesh Automobiles,exhaust clamp - duke 250 ktm exhaust long-lasting precision engineered for reduced maintenance,Exhaust,2025-08-06T00:00:00.000Z,2023,68d136193952f7cf7dee9131,classic
,Yamaha,,0.0,28,2025-09-08T00:00:00.000Z,Heavy-duty chemical resistant for better control,https://example.com/images/gasket_maker_mt_03.jpg,MT-03,OEM Gasket Maker - MT-03,11,895.0,mid-range,4.6,excellent,RAMNAGAR COLONY PEERZADIGUDA UPPAL HYDERABAD,689d6959045c37933826818d,17.390358,78.606729,sai automobiles,oem gasket maker - mt-03 yamaha maintenance precision-made eco-friendly for increased power,Maintenance,2025-08-05T00:00:00.000Z,2016,689d6959045c37933826818b,modern
,Bajaj,,0.0,20,2025-08-21T00:00:00.000Z,Lightweight chemical resistant for superior reliability,https://example.com/images/battery_pulsar_f250.jpg,Pulsar F250,Performance Battery - Pulsar F250,18,4031.0,premium,4.6,excellent,Chappal Bazar Road - Kachiguda,68ac2a8f3c73e23c655de054,17.38953,78.491245,Swathi Automobiles,performance battery - pulsar f250 bajaj electrical precision-made weather resistant for better fuel economy,Electrical,2025-07-27T00:00:00.000Z,2015,68ac2a8e3c73e23c655de052,modern
,Honda,,0.0,22,2025-09-18T00:00:00.000Z,OEM quality impact resistant for better fuel economy,https://example.com/images/transmission_case_unicorn.jpg,Unicorn,Racing Transmission Case - Unicorn,17,10269.0,premium,4.6,excellent,,68d0c47e09554c358655174d,17.423605,78.546314,Tarun Automobiles,racing transmission case - unicorn honda transmission racing quality long lasting for optimal efficiency,Transmission,2025-07-22T00:00:00.000Z,2016,68d0c47d09554c358655174b,classic
,MV Agusta,,0.0,15,2025-07-29T00:00:00.000Z,Heavy-duty maintenance-free for smoother operation,https://example.com/images/intake_filter_f3_800.jpg,F3 800,Genuine Intake Filter - F3 800,8,316.0,budget,3.3,poor,Hyderabad,68d133bf3952f7cf7dee90b9,17.511409,78.350972,Jyothi Automobiles,genuine intake filter - f3 800 mv agusta filters advanced chemical resistant for enhanced durability,Filters,2025-08-30T00:00:00.000Z,2016,68d133bf3952f7cf7dee90b7,modern
,Royal Enfield,,0.0,25,2025-08-20T00:00:00.000Z,Premium quality long lasting for longer life,https://example.com/images/suspension_bolt_machismo.jpg,Machismo,OEM Suspension Bolt - Machismo,47,9789.0,premium,4.2,good,Bala Nagar,68d1346c3952f7cf7dee90d2,17.475679,78.447328,Kalyan Automobiles,oem suspension bolt - machismo royal enfield suspension racing quality weather resistant for better control,Suspension,2025-08-18T00:00:00.000Z,2010,68d1346c3952f7cf7dee90d0,modern
,Aprilia,,0.0,25,2025-07-01T00:00:00.000Z,Advanced vibration dampening for optimal efficiency,https://example.com/images/clutch_basket_sr_160.jpg,SR 160,Performance Clutch Basket - SR 160,12,8432.0,premium,4.3,good,Mahabubabad,68d134ac3952f7cf7dee90e5,17.594209,80.006903,Shiva sai Automobiles,performance clutch basket - sr 160 aprilia transmission heavy-duty maintenance-free for longer life,Transmission,2025-08-17T00:00:00.000Z,2010,68d134ac3952f7cf7dee90e3,classic
,Aprilia,,0.0,27,2025-09-12T00:00:00.000Z,High-performance impact resistant for increased power,https://example.com/images/carburetor_cleaner_tuono_660.jpg,Tuono 660,Carburetor Cleaner Assembly - Tuono 660,36,829.0,mid-range,4.9,excellent,Dilshknagar,68d135063952f7cf7dee90f8,17.367642,78.534282,Manoj Automobiles,carburetor cleaner assembly - tuono 660 aprilia maintenance long-lasting wear resistant for smoother operation,Maintenance,2025-08-10T00:00:00.000Z,2021,68d135063952f7cf7dee90f6,modern
,Mahindra,,0.0,28,2025-08-17T00:00:00.000Z,Enhanced chemical resistant for reduced maintenance,https://example.com/images/shift_fork_rodeo_rz.jpg,Rodeo RZ,Shift Fork - Rodeo RZ,38,11637.0,premium,4.3,good,Karimnagar,68d135833952f7cf7dee910b,18.435781,79.132861,Mounika Automobiles,shift fork - rodeo rz mahindra transmission advanced long lasting for increased power,Transmission,2025-08-08T00:00:00.000Z,2020,68d135833952f7cf7dee9109,modern
,Honda,,0.0,6,2025-07-15T00:00:00.000Z,Professional grade noise reducing for improved comfort,https://example.com/images/first_aid_kit_pcx_150.jpg,PCX 150,Heavy Duty First Aid Kit - PCX 150,41,4277.0,premium,4.5,excellent,Medak,68d135d63952f7cf7dee9120,18.048948,78.269372,baskar Automobiles,heavy duty first aid kit - pcx 150 honda accessories durable vibration dampening for smoother operation,Accessories,2025-08-16T00:00:00.000Z,2012,68d135d63952f7cf7dee911e,classic
,Harley-Davidson,,0.0,13,2025-07-02T00:00:00.000Z,OEM quality noise reducing for improved comfort,https://example.com/images/intercooler_road_king.jpg,Road King,Premium Intercooler for Road King,45,5397.0,premium,4.5,excellent,Khammam,68d136193952f7cf7dee9133,17.249885,80.15615,Mahesh Automobiles,premium intercooler for road king harley-davidson cooling system heavy-duty high strength for maximum protection,Cooling System,2025-08-15T00:00:00.000Z,2015,68d136193952f7cf7dee9131,classic
,Honda,,0.0,22,2025-08-06T00:00:00.000Z,Heavy-duty eco-friendly for enhanced durability,https://example.com/images/brake_disc_cb_hornet_2.0.jpg,CB Hornet 2.0,Heavy Duty Brake Disc - CB Hornet 2.0,3,2462.0,mid-range,3.4,poor,RAMNAGAR COLONY PEERZADIGUDA UPPAL HYDERABAD,689d6959045c37933826818d,17.390358,78.606729,sai automobiles,heavy duty brake disc - cb hornet 2.0 honda brakes lightweight eco-friendly for optimal efficiency,Brakes,2025-08-22T00:00:00.000Z,2021,689d6959045c37933826818b,modern
,Harley-Davidson,,0.0,6,2025-08-25T00:00:00.000Z,Racing quality eco-friendly for enhanced durability,https://example.com/images/helmet_pan_america.jpg,Pan America,Harley-Davidson Helmet for Pan America,14,4516.0,premium,4.9,excellent,Chappal Bazar Road - Kachiguda,68ac2a8f3c73e23c655de054,17.38953,78.491245,Swathi Automobiles,harley-davidson helmet for pan america harley-davidson safety street performance eco-friendly for reduced maintenance,Safety,2025-07-30T00:00:00.000Z,2015,68ac2a8e3c73e23c655de052,classic
,Kawasaki,,0.0,15,2025-07-18T00:00:00.000Z,Heavy-duty wear resistant for improved comfort,https://example.com/images/fender_ninja_h2.jpg,Ninja H2,Fender Assembly - Ninja H2,4,6980.0,premium,4.0,good,,68d0c47e09554c358655174d,17.423605,78.546314,Tarun Automobiles,fender assembly - ninja h2 kawasaki body parts high-performance impact resistant for longer life,Body Parts,2025-09-18T00:00:00.000Z,2013,68d0c47d09554c358655174b,modern
,TVS,,0.0,4,2025-09-13T00:00:00.000Z,Long-lasting high strength for improved performance,https://example.com/images/coolant_reservoir_zest.jpg,Zest,Heavy Duty Coolant Reservoir - Zest,40,3459.0,premium,4.3,good,Hyderabad,68d133bf3952f7cf7dee90b9,17.511409,78.350972,Jyothi Automobiles,heavy duty coolant reservoir - zest tvs cooling system premium quality long lasting for maximum protection,Cooling System,2025-07-04T00:00:00.000Z,2011,68d133bf3952f7cf7dee90b7,classic
,Indian,,0.0,4,2025-07-27T00:00:00.000Z,Durable noise reducing for longer life,https://example.com/images/shift_fork_chief.jpg,Chief,Shift Fork - Chief,39,4332.0,premium,4.8,excellent,Bala Nagar,68d1346c3952f7cf7dee90d2,17.475679,78.447328,Kalyan Automobiles,shift fork - chief indian transmission high-performance heat treated for longer life,Transmission,2025-08-08T00:00:00.000Z,2011,68d1346c3952f7cf7dee90d0,classic
,Yamaha,,0.0,27,2025-07-30T00:00:00.000Z,Superior chemical resistant for enhanced stability,https://example.com/images/wind_screen_xsr155.jpg,XSR155,Genuine Wind Screen - XSR155,36,4259.0,premium,4.8,excellent,Mahabubabad,68d134ac3952f7cf7dee90e5,17.594209,80.006903,Shiva sai Automobiles,genuine wind screen - xsr155 yamaha body parts heavy-duty long lasting for improved performance,Body Parts,2025-07-01T00:00:00.000Z,2015,68d134ac3952f7cf7dee90e3,modern
,Bajaj,,0.0,21,2025-07-21T00:00:00.000Z,Street performance eco-friendly for reduced maintenance,https://example.com/images/fuel_pump_pulsar_f250.jpg,Pulsar F250,OEM Fuel Pump - Pulsar F250,40,6857.0,premium,4.7,excellent,Dilshknagar,68d135063952f7cf7dee90f8,17.367642,78.534282,Manoj Automobiles,oem fuel pump - pulsar f250 bajaj fuel system heavy-duty weather resistant for longer life,Fuel System,2025-08-19T00:00:00.000Z,2025,68d135063952f7cf7dee90f6,modern
,Ducati,,0.0,17,2025-09-09T00:00:00.000Z,Street performance chemical resistant for maximum protection,https://example.com/images/suspension_linkage_desertx.jpg,DesertX,Heavy Duty Suspension Linkage - DesertX,17,13816.0,premium,4.2,good,Karimnagar,68d135833952f7cf7dee910b,18.435781,79.132861,Mounika Automobiles,heavy duty suspension linkage - desertx ducati suspension racing quality precision engineered for longer life,Suspension,2025-07-13T00:00:00.000Z,2015,68d135833952f7cf7dee9109,modern
,Ducati,,0.0,6,2025-07-04T00:00:00.000Z,Superior maintenance-free for enhanced safety,https://example.com/images/gear_shift_lever_monster.jpg,Monster,Genuine Gear Shift Lever - Monster,37,10329.0,premium,4.3,good,Medak,68d135d63952f7cf7dee9120,18.048948,78.269372,baskar Automobiles,genuine gear shift lever - monster ducati transmission durable weather resistant for improved performance,Transmission,2025-08-27T00:00:00.000Z,2022,68d135d63952f7cf7dee911e,modern
,Kawasaki,,0.0,2,2025-09-02T00:00:00.000Z,Industrial grade fuel efficient for reduced maintenance,https://example.com/images/license_plate_light_versys_x_300.jpg,Versys-X 300,Premium License Plate Light for Versys-X 300,5,412.0,budget,4.6,excellent,Khammam,68d136193952f7cf7dee9133,17.249885,80.15615,Mahesh Automobiles,premium license plate light for versys-x 300 kawasaki lighting racing quality eco-friendly for better handling,Lighting,2025-07-11T00:00:00.000Z,2014,68d136193952f7cf7dee9131,modern
,Harley-Davidson,,0.0,18,2025-07-06T00:00:00.000Z,Heavy-duty corrosion resistant for maximum protection,https://example.com/images/back_protector_sportster_s.jpg,Sportster S,Heavy Duty Back Protector - Sportster S,49,1758.0,mid-range,4.3,good,RAMNAGAR COLONY PEERZADIGUDA UPPAL HYDERABAD,689d6959045c37933826818d,17.390358,78.606729,sai automobiles,heavy duty back protector - sportster s harley-davidson safety racing quality temperature stable for better fuel economy,Safety,2025-07-12T00:00:00.000Z,2018,689d6959045c37933826818b,classic
,Hero,,0.0,5,2025-08-30T00:00:00.000Z,Precision-made high strength for increased power,https://example.com/images/intake_manifold_glamour.jpg,Glamour,OEM Intake Manifold - Glamour,48,7645.0,premium,3.8,average,Chappal Bazar Road - Kachiguda,68ac2a8f3c73e23c655de054,17.38953,78.491245,Swathi Automobiles,oem intake manifold - glamour hero fuel system high-performance vibration dampening for improved performance,Fuel System,2025-07-02T00:00:00.000Z,2022,68ac2a8e3c73e23c655de052,modern
,Benelli,,0.0,8,2025-08-19T00:00:00.000Z,Heavy-duty weather resistant for improved comfort,https://example.com/images/radiator_guard_trk_502.jpg,TRK 502,Benelli Radiator Guard for TRK 502,12,3164.0,premium,3.6,average,,68d0c47e09554c358655174d,17.423605,78.546314,Tarun Automobiles,benelli radiator guard for trk 502 benelli cooling system street performance maintenance-free for longer life,Cooling System,2025-09-05T00:00:00.000Z,2011,68d0c47d09554c358655174b,modern
,KTM,,0.0,5,2025-08-03T00:00:00.000Z,Enhanced heat treated for smoother operation,https://example.com/images/hall_sensor_rc_8c.jpg,RC 8C,KTM Hall Sensor for RC 8C,20,1157.0,mid-range,4.7,excellent,Hyderabad,68d133bf3952f7cf7dee90b9,17.511409,78.350972,Jyothi Automobiles,ktm hall sensor for rc 8c ktm ignition superior high strength for enhanced durability,Ignition,2025-08-23T00:00:00.000Z,2014,68d133bf3952f7cf7dee90b7,modern
,TVS,,0.0,14,2025-08-08T00:00:00.000Z,Premium quality temperature stable for smoother operation,https://example.com/images/crank_position_sensor_zest.jpg,Zest,Premium Crank Position Sensor for Zest,3,249.0,budget,4.3,good,Bala Nagar,68d1346c3952f7cf7dee90d2,17.475679,78.447328,Kalyan Automobiles,premium crank position sensor for zest tvs ignition enhanced chemical resistant for maximum protection,Ignition,2025-07-24T00:00:00.000Z,2021,68d1346c3952f7cf7dee90d0,classic
,Ducati,,0.0,6,2025-07-29T00:00:00.000Z,Industrial grade weather resistant for better control,https://example.com/images/front_sprocket_diavel.jpg,Diavel,Front Sprocket Assembly - Diavel,46,2144.0,mid-range,4.9,excellent,Mahabubabad,68d134ac3952f7cf7dee90e5,17.594209,80.006903,Shiva sai Automobiles,front sprocket assembly - diavel ducati drivetrain street performance vibration dampening for increased power,Drivetrain,2025-07-09T00:00:00.000Z,2016,68d134ac3952f7cf7dee90e3,modern
,Suzuki,,0.0,6,2025-07-16T00:00:00.000Z,Industrial grade wear resistant for better control,https://example.com/images/hydraulic_filter_sv650.jpg,SV650,Genuine Hydraulic Filter - SV650,25,251.0,budget,4.5,excellent,Dilshknagar,68d135063952f7cf7dee90f8,17.367642,78.534282,Manoj Automobiles,genuine hydraulic filter - sv650 suzuki filters professional grade temperature stable for improved performance,Filters,2025-08-17T00:00:00.000Z,2017,68d135063952f7cf7dee90f6,classic
,KTM,,0.0,22,2025-07-18T00:00:00.000Z,Long-lasting long lasting for enhanced safety,https://example.com/images/side_panel_adventure_250.jpg,Adventure 250,Genuine Side Panel - Adventure 250,16,2545.0,premium,4.9,excellent,Karimnagar,68d135833952f7cf7dee910b,18.435781,79.132861,Mounika Automobiles,genuine side panel - adventure 250 ktm body parts professional grade precision engineered for enhanced safety,Body Parts,2025-08-01T00:00:00.000Z,2011,68d135833952f7cf7dee9109,classic
,Hero,,0.0,9,2025-07-07T00:00:00.000Z,Precision-made wear resistant for longer life,https://example.com/images/brake_rotor_xtreme_160r.jpg,Xtreme 160R,Genuine Brake Rotor - Xtreme 160R,1,948.0,mid-range,4.9,excellent,Medak,68d135d63952f7cf7dee9120,18.048948,78.269372,baskar Automobiles,genuine brake rotor - xtreme 160r hero brakes premium quality wear resistant for improved comfort,Brakes,2025-07-31T00:00:00.000Z,2024,68d135d63952f7cf7dee911e,classic
,Ducati,,0.0,2,2025-07-03T00:00:00.000Z,Long-lasting vibration dampening for enhanced safety,https://example.com/images/assembly_paste_multistrada_v4.jpg,Multistrada V4,Premium Assembly Paste for Multistrada V4,25,756.0,mid-range,4.1,good,Khammam,68d136193952f7cf7dee9133,17.249885,80.15615,Mahesh Automobiles,premium assembly paste for multistrada v4 ducati maintenance premium quality high strength for longer life,Maintenance,2025-09-12T00:00:00.000Z,2013,68d136193952f7cf7dee9131,modern
,Bajaj,,0.0,1,2025-07-14T00:00:00.000Z,Industrial grade noise reducing for better control,https://example.com/images/windshield_dominar_400.jpg,Dominar 400,OEM Windshield - Dominar 400,30,4508.0,premium,4.0,good,RAMNAGAR COLONY PEERZADIGUDA UPPAL HYDERABAD,689d6959045c37933826818d,17.390358,78.606729,sai automobiles,oem windshield - dominar 400 bajaj accessories oem quality eco-friendly for improved comfort,Accessories,2025-08-04T00:00:00.000Z,2022,689d6959045c37933826818b,classic
,KTM,,0.0,7,2025-09-21T00:00:00.000Z,Enhanced corrosion resistant for increased power,https://example.com/images/rear_tire_rc_8c.jpg,RC 8C,Performance Rear Tire - RC 8C,18,14521.0,premium,4.0,good,Chappal Bazar Road - Kachiguda,68ac2a8f3c73e23c655de054,17.38953,78.491245,Swathi Automobiles,performance rear tire - rc 8c ktm wheels & tires heavy-duty eco-friendly for better fuel economy,Wheels & Tires,2025-08-15T00:00:00.000Z,2014,68ac2a8e3c73e23c655de052,modern
,TVS,,0.0,26,2025-07-19T00:00:00.000Z,Precision-made maintenance-free for improved comfort,https://example.com/images/reflective_vest_radeon.jpg,Radeon,Heavy Duty Reflective Vest - Radeon,41,3202.0,premium,4.9,excellent,,68d0c47e09554c358655174d,17.423605,78.546314,Tarun Automobiles,heavy duty reflective vest - radeon tvs safety precision-made precision engineered for better handling,Safety,2025-09-12T00:00:00.000Z,2022,68d0c47d09554c358655174b,classic
,Benelli,,0.0,19,2025-07-11T00:00:00.000Z,Heavy-duty temperature stable for smoother operation,https://example.com/images/thermostat_bn_302.jpg,BN 302,Thermostat Assembly - BN 302,26,8242.0,premium,4.6,excellent,Hyderabad,68d133bf3952f7cf7dee90b9,17.511409,78.350972,Jyothi Automobiles,thermostat assembly - bn 302 benelli cooling system durable noise reducing for enhanced durability,Cooling System,2025-08-13T00:00:00.000Z,2015,68d133bf3952f7cf7dee90b7,modern
,Mahindra,,0.0,13,2025-08-14T00:00:00.000Z,Precision-made weather resistant for reduced maintenance,https://example.com/images/ground_wire_rodeo_rz.jpg,Rodeo RZ,Ground Wire - Rodeo RZ,37,1204.0,mid-range,4.1,good,Bala Nagar,68d1346c3952f7cf7dee90d2,17.475679,78.447328,Kalyan Automobiles,ground wire - rodeo rz mahindra electrical enhanced long lasting for enhanced stability,Electrical,2025-09-08T00:00:00.000Z,2018,68d1346c3952f7cf7dee90d0,classic
,Jawa,,0.0,5,2025-07-14T00:00:00.000Z,OEM quality temperature stable for enhanced safety,https://example.com/images/tire_pressure_sensor_classic.jpg,Classic,Performance Tire Pressure Sensor - Classic,5,2052.0,mid-range,4.4,good,Mahabubabad,68d134ac3952f7cf7dee90e5,17.594209,80.006903,Shiva sai Automobiles,performance tire pressure sensor - classic jawa wheels & tires long-lasting noise reducing for enhanced durability,Wheels & Tires,2025-08-18T00:00:00.000Z,2021,68d134ac3952f7cf7dee90e3,classic
,Aprilia,,0.0,28,2025-07-08T00:00:00.000Z,Precision-made noise reducing for improved performance,https://example.com/images/swing_arm_bearing_sxr_160.jpg,SXR 160,Swing Arm Bearing - SXR 160,17,14166.0,premium,3.8,average,Dilshknagar,68d135063952f7cf7dee90f8,17.367642,78.534282,Manoj Automobiles,swing arm bearing - sxr 160 aprilia suspension high-performance chemical resistant for optimal efficiency,Suspension,2025-09-09T00:00:00.000Z,2013,68d135063952f7cf7dee90f6,classic
,TVS,,0.0,13,2025-09-10T00:00:00.000Z,Superior fuel efficient for improved comfort,https://example.com/images/piston_kit_ntorq_125.jpg,Ntorq 125,Heavy Duty Piston Kit - Ntorq 125,46,3670.0,premium,4.7,excellent,Karimnagar,68d135833952f7cf7dee910b,18.435781,79.132861,Mounika Automobiles,heavy duty piston kit - ntorq 125 tvs engine premium quality corrosion resistant for better fuel economy,Engine,2025-08-24T00:00:00.000Z,2020,68d135833952f7cf7dee9109,modern
,Yezdi,,0.0,23,2025-09-16T00:00:00.000Z,Professional grade high strength for improved performance,https://example.com/images/side_box_deluxe.jpg,Deluxe,Racing Side Box - Deluxe,21,318.0,budget,3.7,average,Medak,68d135d63952f7cf7dee9120,18.048948,78.269372,baskar Automobiles,racing side box - deluxe yezdi accessories advanced impact resistant for better control,Accessories,2025-07-27T00:00:00.000Z,2013,68d135d63952f7cf7dee911e,classic
,Indian,,0.0,29,2025-07-27T00:00:00.000Z,Durable heat treated for enhanced safety,https://example.com/images/throttle_cable_roadmaster.jpg,Roadmaster,Throttle Cable - Roadmaster,6,8829.0,premium,3.8,average,Khammam,68d136193952f7cf7dee9133,17.249885,80.15615,Mahesh Automobiles,throttle cable - roadmaster indian fuel system premium quality corrosion resistant for optimal efficiency,Fuel System,2025-09-07T00:00:00.000Z,2018,68d136193952f7cf7dee9131,modern
,Ducati,,0.0,5,2025-09-17T00:00:00.000Z,Street performance chemical resistant for longer life,https://example.com/images/chain_panigale_v4.jpg,Panigale V4,Genuine Chain - Panigale V4,43,1142.0,mid-range,3.7,average,RAMNAGAR COLONY PEERZADIGUDA UPPAL HYDERABAD,689d6959045c37933826818d,17.390358,78.606729,sai automobiles,genuine chain - panigale v4 ducati drivetrain lightweight fuel efficient for better handling,Drivetrain,2025-07-20T00:00:00.000Z,2015,689d6959045c37933826818b,classic
,Harley-Davidson,,0.0,4,2025-09-20T00:00:00.000Z,Professional grade vibration dampening for enhanced durability,https://example.com/images/capacitor_fat_bob.jpg,Fat Bob,Harley-Davidson Capacitor for Fat Bob,31,3875.0,premium,3.5,average,Chappal Bazar Road - Kachiguda,68ac2a8f3c73e23c655de054,17.38953,78.491245,Swathi Automobiles,harley-davidson capacitor for fat bob harley-davidson electrical industrial grade maintenance-free for superior reliability,Electrical,2025-08-29T00:00:00.000Z,2025,68ac2a8e3c73e23c655de052,classic
,Ducati,,0.0,5,2025-08-25T00:00:00.000Z,Professional grade wear resistant for enhanced safety,https://example.com/images/coolant_pump_panigale_v4.jpg,Panigale V4,Genuine Coolant Pump - Panigale V4,8,7527.0,premium,4.6,excellent,,68d0c47e09554c358655174d,17.423605,78.546314,Tarun Automobiles,genuine coolant pump - panigale v4 ducati cooling system premium quality noise reducing for maximum protection,Cooling System,2025-07-17T00:00:00.000Z,2020,68d0c47d09554c358655174b,classic
,Harley-Davidson,,0.0,9,2025-07-31T00:00:00.000Z,Heavy-duty long lasting for better control,https://example.com/images/fork_oil_seal_road_king.jpg,Road King,Heavy Duty Fork Oil Seal - Road King,29,7615.0,premium,4.2,good,Hyderabad,68d133bf3952f7cf7dee90b9,17.511409,78.350972,Jyothi Automobiles,heavy duty fork oil seal - road king harley-davidson suspension lightweight corrosion resistant for maximum protection,Suspension,2025-08-20T00:00:00.000Z,2010,68d133bf3952f7cf7dee90b7,classic
,Royal Enfield,,0.0,18,2025-07-07T00:00:00.000Z,Superior corrosion resistant for enhanced safety,https://example.com/images/sprocket_bolt_classic_350.jpg,Classic 350,Genuine Sprocket Bolt - Classic 350,49,6149.0,premium,4.3,good,Bala Nagar,68d1346c3952f7cf7dee90d2,17.475679,78.447328,Kalyan Automobiles,genuine sprocket bolt - classic 350 royal enfield drivetrain durable heat treated for enhanced durability,Drivetrain,2025-08-05T00:00:00.000Z,2018,68d1346c3952f7cf7dee90d0,classic
,Yezdi,,0.0,16,2025-09-15T00:00:00.000Z,Durable vibration dampening for enhanced durability,https://example.com/images/spoke_set_adventure.jpg,Adventure,Spoke Set Assembly - Adventure,14,4000.0,premium,3.5,average,Mahabubabad,68d134ac3952f7cf7dee90e5,17.594209,80.006903,Shiva sai Automobiles,spoke set assembly - adventure yezdi wheels & tires high-performance heat treated for increased power,Wheels & Tires,2025-08-15T00:00:00.000Z,2020,68d134ac3952f7cf7dee90e3,modern
,Ducati,,0.0,8,2025-07-03T00:00:00.000Z,Lightweight fuel efficient for reduced maintenance,https://example.com/images/fuel_filter_diavel.jpg,Diavel,OEM Fuel Filter - Diavel,35,371.0,budget,3.7,average,Dilshknagar,68d135063952f7cf7dee90f8,17.367642,78.534282,Manoj Automobiles,oem fuel filter - diavel ducati filters heavy-duty wear resistant for longer life,Filters,2025-07-13T00:00:00.000Z,2022,68d135063952f7cf7dee90f6,classic
,Yezdi,,0.0,14,2025-08-23T00:00:00.000Z,Superior vibration dampening for longer life,https://example.com/images/fan_switch_rd_350.jpg,RD 350,Performance Fan Switch - RD 350,37,5876.0,premium,3.5,average,Karimnagar,68d135833952f7cf7dee910b,18.435781,79.132861,Mounika Automobiles,performance fan switch - rd 350 yezdi cooling system premium quality heat treated for improved comfort,Cooling System,2025-07-30T00:00:00.000Z,2021,68d135833952f7cf7dee9109,modern
,Triumph,,0.0,23,2025-08-19T00:00:00.000Z,High-performance precision engineered for enhanced stability,https://example.com/images/capacitor_tiger_900.jpg,Tiger 900,Heavy Duty Capacitor - Tiger 900,48,2176.0,mid-range,3.5,average,Medak,68d135d63952f7cf7dee9120,18.048948,78.269372,baskar Automobiles,heavy duty capacitor - tiger 900 triumph electrical high-performance maintenance-free for enhanced stability,Electrical,2025-09-08T00:00:00.000Z,2024,68d135d63952f7cf7dee911e,modern
,Hero,,0.0,28,2025-09-01T00:00:00.000Z,Premium quality weather resistant for smoother operation,https://example.com/images/cv_joint_passion_pro.jpg,Passion Pro,OEM CV Joint - Passion Pro,38,6252.0,premium,4.3,good,Khammam,68d136193952f7cf7dee9133,17.249885,80.15615,Mahesh Automobiles,oem cv joint - passion pro hero drivetrain enhanced vibration dampening for superior reliability,Drivetrain,2025-09-12T00:00:00.000Z,2015,68d136193952f7cf7dee9131,modern
,BMW,,0.0,8,2025-09-12T00:00:00.000Z,Premium quality weather resistant for increased power,https://example.com/images/radiator_guard_k_1600_gtl.jpg,K 1600 GTL,BMW Radiator Guard for K 1600 GTL,22,7460.0,premium,3.9,average,RAMNAGAR COLONY PEERZADIGUDA UPPAL HYDERABAD,689d6959045c37933826818d,17.390358,78.606729,sai automobiles,bmw radiator guard for k 1600 gtl bmw cooling system street performance temperature stable for better control,Cooling System,2025-09-06T00:00:00.000Z,2013,689d6959045c37933826818b,modern
,Royal Enfield,,0.0,25,2025-07-21T00:00:00.000Z,Lightweight eco-friendly for better control,https://example.com/images/suspension_bolt_classic_500.jpg,Classic 500,Royal Enfield Suspension Bolt for Classic 500,31,12311.0,premium,3.9,average,Chappal Bazar Road - Kachiguda,68ac2a8f3c73e23c655de054,17.38953,78.491245,Swathi Automobiles,royal enfield suspension bolt for classic 500 royal enfield suspension racing quality noise reducing for improved comfort,Suspension,2025-07-07T00:00:00.000Z,2021,68ac2a8e3c73e23c655de052,modern
,Yezdi,,0.0,20,2025-07-25T00:00:00.000Z,Enhanced long lasting for smoother operation,https://example.com/images/carburetor_classic.jpg,Classic,Yezdi Carburetor for Classic,5,7736.0,premium,4.9,excellent,,68d0c47e09554c358655174d,17.423605,78.546314,Tarun Automobiles,yezdi carburetor for classic yezdi fuel system durable corrosion resistant for optimal efficiency,Fuel System,2025-07-06T00:00:00.000Z,2012,68d0c47d09554c358655174b,classic
,Mahindra,,0.0,22,2025-08-06T00:00:00.000Z,Heavy-duty long lasting for increased power,https://example.com/images/brake_light_bulb_duro_dz.jpg,Duro DZ,Duro DZ Brake Light Bulb,19,1068.0,mid-range,4.1,good,Hyderabad,68d133bf3952f7cf7dee90b9,17.511409,78.350972,Jyothi Automobiles,duro dz brake light bulb mahindra lighting enhanced vibration dampening for better fuel economy,Lighting,2025-07-18T00:00:00.000Z,2020,68d133bf3952f7cf7dee90b7,classic
,Ducati,,0.0,21,2025-09-17T00:00:00.000Z,Long-lasting maintenance-free for better control,https://example.com/images/bar_end_monster_821.jpg,Monster 821,Racing Bar End - Monster 821,23,3521.0,premium,3.2,poor,Bala Nagar,68d1346c3952f7cf7dee90d2,17.475679,78.447328,Kalyan Automobiles,racing bar end - monster 821 ducati accessories premium quality maintenance-free for longer life,Accessories,2025-07-05T00:00:00.000Z,2014,68d1346c3952f7cf7dee90d0,modern
,TVS,,0.0,18,2025-08-03T00:00:00.000Z,Durable heat treated for better control,https://example.com/images/camshaft_max_125.jpg,Max 125,Heavy Duty Camshaft - Max 125,13,16019.0,premium,3.3,poor,Mahabubabad,68d134ac3952f7cf7dee90e5,17.594209,80.006903,Shiva sai Automobiles,heavy duty camshaft - max 125 tvs engine high-performance maintenance-free for optimal efficiency,Engine,2025-08-21T00:00:00.000Z,2010,68d134ac3952f7cf7dee90e3,classic
,Yezdi,,0.0,10,2025-07-06T00:00:00.000Z,Street performance impact resistant for maximum protection,https://example.com/images/intercooler_monaco.jpg,Monaco,Monaco Intercooler,47,5369.0,premium,3.6,average,Dilshknagar,68d135063952f7cf7dee90f8,17.367642,78.534282,Manoj Automobiles,monaco intercooler yezdi cooling system high-performance wear resistant for improved comfort,Cooling System,2025-07-11T00:00:00.000Z,2025,68d135063952f7cf7dee90f6,classic
,Honda,,0.0,29,2025-07-27T00:00:00.000Z,Heavy-duty maintenance-free for reduced maintenance,https://example.com/images/fender_unicorn.jpg,Unicorn,Racing Fender - Unicorn,15,4027.0,premium,3.8,average,Karimnagar,68d135833952f7cf7dee910b,18.435781,79.132861,Mounika Automobiles,racing fender - unicorn honda body parts heavy-duty weather resistant for improved comfort,Body Parts,2025-07-02T00:00:00.000Z,2021,68d135833952f7cf7dee9109,modern
,Mahindra,,0.0,5,2025-08-12T00:00:00.000Z,OEM quality high strength for better control,https://example.com/images/low_beam_bulb_stallio.jpg,Stallio,Stallio Low Beam Bulb,23,2723.0,premium,3.5,average,Medak,68d135d63952f7cf7dee9120,18.048948,78.269372,baskar Automobiles,stallio low beam bulb mahindra lighting durable wear resistant for smoother operation,Lighting,2025-07-18T00:00:00.000Z,2021,68d135d63952f7cf7dee911e,modern
,MV Agusta,,0.0,20,2025-09-10T00:00:00.000Z,Heavy-duty fuel efficient for reduced maintenance,https://example.com/images/compression_adjuster_f3_rosso.jpg,F3 Rosso,Genuine Compression Adjuster - F3 Rosso,32,7390.0,premium,4.8,excellent,Khammam,68d136193952f7cf7dee9133,17.249885,80.15615,Mahesh Automobiles,genuine compression adjuster - f3 rosso mv agusta suspension lightweight long lasting for better fuel economy,Suspension,2025-09-18T00:00:00.000Z,2018,68d136193952f7cf7dee9131,classic
,Yezdi,,0.0,30,2025-09-11T00:00:00.000Z,High-performance long lasting for longer life,https://example.com/images/coolant_classic.jpg,Classic,Premium Coolant for Classic,2,280.0,budget,4.4,good,RAMNAGAR COLONY PEERZADIGUDA UPPAL HYDERABAD,689d6959045c37933826818d,17.390358,78.606729,sai automobiles,premium coolant for classic yezdi maintenance street performance long lasting for better fuel economy,Maintenance,2025-07-02T00:00:00.000Z,2012,689d6959045c37933826818b,classic
,Aprilia,,0.0,21,2025-09-06T00:00:00.000Z,Enhanced heat treated for improved comfort,https://example.com/images/swing_arm_bearing_rsv4.jpg,RSV4,Performance Swing Arm Bearing - RSV4,19,8216.0,premium,3.7,average,Chappal Bazar Road - Kachiguda,68ac2a8f3c73e23c655de054,17.38953,78.491245,Swathi Automobiles,performance swing arm bearing - rsv4 aprilia suspension racing quality long lasting for enhanced stability,Suspension,2025-09-02T00:00:00.000Z,2018,68ac2a8e3c73e23c655de052,classic
,Yezdi,,0.0,6,2025-07-09T00:00:00.000Z,Professional grade maintenance-free for maximum protection,https://example.com/images/tail_pipe_adventure.jpg,Adventure,Heavy Duty Tail Pipe - Adventure,34,8770.0,premium,4.9,excellent,,68d0c47e09554c358655174d,17.423605,78.546314,Tarun Automobiles,heavy duty tail pipe - adventure yezdi exhaust precision-made temperature stable for optimal efficiency,Exhaust,2025-08-26T00:00:00.000Z,2011,68d0c47d09554c358655174b,modern
,Suzuki,,0.0,10,2025-07-11T00:00:00.000Z,Durable wear resistant for maximum protection,https://example.com/images/wire_wheel_boulevard.jpg,Boulevard,Suzuki Wire Wheel for Boulevard,10,11772.0,premium,4.1,good,Hyderabad,68d133bf3952f7cf7dee90b9,17.511409,78.350972,Jyothi Automobiles,suzuki wire wheel for boulevard suzuki wheels & tires industrial grade heat treated for enhanced safety,Wheels & Tires,2025-08-21T00:00:00.000Z,2022,68d133bf3952f7cf7dee90b7,classic
,Kawasaki,,0.0,16,2025-08-28T00:00:00.000Z,Heavy-duty noise reducing for increased power,https://example.com/images/engine_mount_ninja_300.jpg,Ninja 300,Genuine Engine Mount - Ninja 300,1,17112.0,premium,4.4,good,Bala Nagar,68d1346c3952f7cf7dee90d2,17.475679,78.447328,Kalyan Automobiles,genuine engine mount - ninja 300 kawasaki engine superior temperature stable for increased power,Engine,2025-07-29T00:00:00.000Z,2013,68d1346c3952f7cf7dee90d0,classic
,Suzuki,,0.0,20,2025-08-29T00:00:00.000Z,Precision-made high strength for longer life,https://example.com/images/wheel_balancing_weight_gixxer_sf.jpg,Gixxer SF,OEM Wheel Balancing Weight - Gixxer SF,12,12315.0,premium,3.7,average,Mahabubabad,68d134ac3952f7cf7dee90e5,17.594209,80.006903,Shiva sai Automobiles,oem wheel balancing weight - gixxer sf suzuki wheels & tires advanced corrosion resistant for maximum protection,Wheels & Tires,2025-07-08T00:00:00.000Z,2022,68d134ac3952f7cf7dee90e3,modern
,Royal Enfield,,0.0,16,2025-07-03T00:00:00.000Z,Industrial grade noise reducing for better handling,https://example.com/images/compression_ring_himalayan.jpg,Himalayan,Royal Enfield Compression Ring for Himalayan,0,19118.0,premium,4.3,good,Dilshknagar,68d135063952f7cf7dee90f8,17.367642,78.534282,Manoj Automobiles,royal enfield compression ring for himalayan royal enfield engine high-performance fuel efficient for better handling,Engine,2025-07-26T00:00:00.000Z,2022,68d135063952f7cf7dee90f6,modern
,Benelli,,0.0,9,2025-07-18T00:00:00.000Z,Durable vibration dampening for improved performance,https://example.com/images/chain_tnt_1130r.jpg,TNT 1130R,Heavy Duty Chain - TNT 1130R,21,4355.0,premium,3.8,average,Karimnagar,68d135833952f7cf7dee910b,18.435781,79.132861,Mounika Automobiles,heavy duty chain - tnt 1130r benelli drivetrain heavy-duty precision engineered for enhanced stability,Drivetrain,2025-08-30T00:00:00.000Z,2021,68d135833952f7cf7dee9109,classic
,Mahindra,,0.0,10,2025-08-11T00:00:00.000Z,Enhanced wear resistant for better handling,https://example.com/images/tool_kit_flyte.jpg,Flyte,Performance Tool Kit - Flyte,16,2108.0,mid-range,4.5,excellent,Medak,68d135d63952f7cf7dee9120,18.048948,78.269372,baskar Automobiles,performance tool kit - flyte mahindra accessories oem quality noise reducing for better handling,Accessories,2025-09-11T00:00:00.000Z,2015,68d135d63952f7cf7dee911e,classic
,Mahindra,,0.0,20,2025-07-04T00:00:00.000Z,Precision-made vibration dampening for longer life,https://example.com/images/clutch_spring_flyte.jpg,Flyte,Racing Clutch Spring - Flyte,1,9471.0,premium,4.7,excellent,Khammam,68d136193952f7cf7dee9133,17.249885,80.15615,Mahesh Automobiles,racing clutch spring - flyte mahindra transmission heavy-duty temperature stable for better fuel economy,Transmission,2025-09-21T00:00:00.000Z,2017,68d136193952f7cf7dee9131,classic
,Yamaha,,0.0,6,2025-09-07T00:00:00.000Z,Enhanced precision engineered for smoother operation,https://example.com/images/rear_tire_fazer_25.jpg,Fazer 25,Rear Tire Assembly - Fazer 25,17,5050.0,premium,3.5,average,RAMNAGAR COLONY PEERZADIGUDA UPPAL HYDERABAD,689d6959045c37933826818d,17.390358,78.606729,sai automobiles,rear tire assembly - fazer 25 yamaha wheels & tires high-performance heat treated for better control,Wheels & Tires,2025-08-08T00:00:00.000Z,2011,689d6959045c37933826818b,modern
,Harley-Davidson,,0.0,20,2025-08-03T00:00:00.000Z,Premium quality long lasting for smoother operation,https://example.com/images/back_protector_ultra_limited.jpg,Ultra Limited,OEM Back Protector - Ultra Limited,10,4401.0,premium,4.9,excellent,Chappal Bazar Road - Kachiguda,68ac2a8f3c73e23c655de054,17.38953,78.491245,Swathi Automobiles,oem back protector - ultra limited harley-davidson safety high-performance vibration dampening for enhanced safety,Safety,2025-09-09T00:00:00.000Z,2010,68ac2a8e3c73e23c655de052,classic
,Hero,,0.0,27,2025-08-09T00:00:00.000Z,Advanced heat treated for improved performance,https://example.com/images/fuel_tank_hf_deluxe.jpg,HF Deluxe,Fuel Tank Assembly - HF Deluxe,46,3234.0,premium,4.2,good,,68d0c47e09554c358655174d,17.423605,78.546314,Tarun Automobiles,fuel tank assembly - hf deluxe hero fuel system advanced wear resistant for smoother operation,Fuel System,2025-09-02T00:00:00.000Z,2012,68d0c47d09554c358655174b,classic
,Yezdi,,0.0,17,2025-09-07T00:00:00.000Z,High-performance impact resistant for maximum protection,https://example.com/images/riding_jacket_rd_350.jpg,RD 350,Genuine Riding Jacket - RD 350,21,7378.0,premium,4.9,excellent,Hyderabad,68d133bf3952f7cf7dee90b9,17.511409,78.350972,Jyothi Automobiles,genuine riding jacket - rd 350 yezdi safety lightweight maintenance-free for reduced maintenance,Safety,2025-09-04T00:00:00.000Z,2018,68d133bf3952f7cf7dee90b7,classic
,Harley-Davidson,,0.0,26,2025-08-18T00:00:00.000Z,High-performance precision engineered for enhanced safety,https://example.com/images/velocity_stack_livewire.jpg,LiveWire,Genuine Velocity Stack - LiveWire,10,1582.0,mid-range,4.9,excellent,Bala Nagar,68d1346c3952f7cf7dee90d2,17.475679,78.447328,Kalyan Automobiles,genuine velocity stack - livewire harley-davidson fuel system industrial grade fuel efficient for increased power,Fuel System,2025-07-30T00:00:00.000Z,2023,68d1346c3952f7cf7dee90d0,modern
,Suzuki,,0.0,24,2025-08-27T00:00:00.000Z,Racing quality noise reducing for smoother operation,https://example.com/images/fork_cap_gsx_r600.jpg,GSX-R600,Heavy Duty Fork Cap - GSX-R600,18,5404.0,premium,4.7,excellent,Mahabubabad,68d134ac3952f7cf7dee90e5,17.594209,80.006903,Shiva sai Automobiles,heavy duty fork cap - gsx-r600 suzuki suspension enhanced fuel efficient for maximum protection,Suspension,2025-07-19T00:00:00.000Z,2022,68d134ac3952f7cf7dee90e3,classic
,Hero,,0.0,27,2025-09-15T00:00:00.000Z,Professional grade vibration dampening for longer life,https://example.com/images/emergency_light_passion_pro.jpg,Passion Pro,Performance Emergency Light - Passion Pro,30,5014.0,premium,3.2,poor,Dilshknagar,68d135063952f7cf7dee90f8,17.367642,78.534282,Manoj Automobiles,performance emergency light - passion pro hero lighting precision-made precision engineered for increased power,Lighting,2025-08-23T00:00:00.000Z,2015,68d135063952f7cf7dee90f6,modern
,Indian,,0.0,12,2025-08-18T00:00:00.000Z,Superior temperature stable for improved performance,https://example.com/images/immobilizer_ftr_1200.jpg,FTR 1200,Performance Immobilizer - FTR 1200,11,1680.0,mid-range,4.7,excellent,Karimnagar,68d135833952f7cf7dee910b,18.435781,79.132861,Mounika Automobiles,performance immobilizer - ftr 1200 indian ignition professional grade noise reducing for reduced maintenance,Ignition,2025-08-04T00:00:00.000Z,2011,68d135833952f7cf7dee9109,classic
,MV Agusta,,0.0,23,2025-09-05T00:00:00.000Z,Racing quality long lasting for better control,https://example.com/images/gear_oil_superveloce_800.jpg,Superveloce 800,Premium Gear Oil for Superveloce 800,6,245.0,budget,4.8,excellent,Medak,68d135d63952f7cf7dee9120,18.048948,78.269372,baskar Automobiles,premium gear oil for superveloce 800 mv agusta maintenance enhanced wear resistant for enhanced durability,Maintenance,2025-09-08T00:00:00.000Z,2018,68d135d63952f7cf7dee911e,modern
,Kawasaki,,0.0,24,2025-07-01T00:00:00.000Z,Professional grade impact resistant for superior reliability,https://example.com/images/muffler_ninja_300.jpg,Ninja 300,Performance Muffler - Ninja 300,37,15855.0,premium,3.2,poor,Khammam,68d136193952f7cf7dee9133,17.249885,80.15615,Mahesh Automobiles,performance muffler - ninja 300 kawasaki exhaust heavy-duty weather resistant for enhanced safety,Exhaust,2025-08-25T00:00:00.000Z,2011,68d136193952f7cf7dee9131,modern
,Aprilia,,0.0,27,2025-07-04T00:00:00.000Z,Precision-made chemical resistant for reduced maintenance,https://example.com/images/chain_lube_sr_160.jpg,SR 160,Chain Lube - SR 160,19,957.0,mid-range,4.9,excellent,RAMNAGAR COLONY PEERZADIGUDA UPPAL HYDERABAD,689d6959045c37933826818d,17.390358,78.606729,sai automobiles,chain lube - sr 160 aprilia maintenance heavy-duty long lasting for enhanced safety,Maintenance,2025-09-19T00:00:00.000Z,2012,689d6959045c37933826818b,modern
,KTM,,0.0,13,2025-07-23T00:00:00.000Z,Durable noise reducing for better fuel economy,https://example.com/images/fan_shroud_duke_200.jpg,Duke 200,Heavy Duty Fan Shroud - Duke 200,34,10157.0,premium,4.6,excellent,Chappal Bazar Road - Kachiguda,68ac2a8f3c73e23c655de054,17.38953,78.491245,Swathi Automobiles,heavy duty fan shroud - duke 200 ktm cooling system industrial grade noise reducing for smoother operation,Cooling System,2025-08-20T00:00:00.000Z,2024,68ac2a8e3c73e23c655de052,modern
,Kawasaki,,0.0,23,2025-07-14T00:00:00.000Z,Advanced noise reducing for superior reliability,https://example.com/images/riding_boots_ninja_650.jpg,Ninja 650,Kawasaki Riding Boots for Ninja 650,39,5348.0,premium,4.1,good,,68d0c47e09554c358655174d,17.423605,78.546314,Tarun Automobiles,kawasaki riding boots for ninja 650 kawasaki safety long-lasting noise reducing for enhanced safety,Safety,2025-07-27T00:00:00.000Z,2015,68d0c47d09554c358655174b,classic
,Benelli,,0.0,12,2025-07-27T00:00:00.000Z,Industrial grade wear resistant for superior reliability,https://example.com/images/hub_bearing_leoncino_500.jpg,Leoncino 500,OEM Hub Bearing - Leoncino 500,46,12152.0,premium,4.1,good,Hyderabad,68d133bf3952f7cf7dee90b9,17.511409,78.350972,Jyothi Automobiles,oem hub bearing - leoncino 500 benelli wheels & tires industrial grade precision engineered for enhanced durability,Wheels & Tires,2025-08-01T00:00:00.000Z,2022,68d133bf3952f7cf7dee90b7,modern
,Mahindra,,0.0,24,2025-09-19T00:00:00.000Z,Industrial grade noise reducing for better handling,https://example.com/images/fuel_injector_stallio.jpg,Stallio,Genuine Fuel Injector - Stallio,0,5024.0,premium,4.2,good,Bala Nagar,68d1346c3952f7cf7dee90d2,17.475679,78.447328,Kalyan Automobiles,genuine fuel injector - stallio mahindra fuel system oem quality precision engineered for better fuel economy,Fuel System,2025-07-09T00:00:00.000Z,2019,68d1346c3952f7cf7dee90d0,modern
,Indian,,0.0,29,2025-07-10T00:00:00.000Z,Precision-made heat treated for longer life,https://example.com/images/grease_chief_vintage.jpg,Chief Vintage,Premium Grease for Chief Vintage,23,875.0,mid-range,3.5,average,Mahabubabad,68d134ac3952f7cf7dee90e5,17.594209,80.006903,Shiva sai Automobiles,premium grease for chief vintage indian maintenance oem quality eco-friendly for better control,Maintenance,2025-08-17T00:00:00.000Z,2016,68d134ac3952f7cf7dee90e3,modern
,Triumph,,0.0,18,2025-08-01T00:00:00.000Z,Premium quality weather resistant for better handling,https://example.com/images/condenser_scrambler_1200.jpg,Scrambler 1200,Performance Condenser - Scrambler 1200,44,424.0,budget,4.4,good,Dilshknagar,68d135063952f7cf7dee90f8,17.367642,78.534282,Manoj Automobiles,performance condenser - scrambler 1200 triumph ignition high-performance eco-friendly for maximum protection,Ignition,2025-09-11T00:00:00.000Z,2024,68d135063952f7cf7dee90f6,modern
,Ducati,,0.0,19,2025-09-10T00:00:00.000Z,Long-lasting precision engineered for enhanced durability,https://example.com/images/tubeless_valve_streetfighter_v4.jpg,Streetfighter V4,Premium Tubeless Valve for Streetfighter V4,29,5728.0,premium,4.7,excellent,Karimnagar,68d135833952f7cf7dee910b,18.435781,79.132861,Mounika Automobiles,premium tubeless valve for streetfighter v4 ducati wheels & tires oem quality fuel efficient for reduced maintenance,Wheels & Tires,2025-09-15T00:00:00.000Z,2013,68d135833952f7cf7dee9109,modern
,Aprilia,,0.0,7,2025-09-09T00:00:00.000Z,Superior impact resistant for optimal efficiency,https://example.com/images/air_box_shiver_900.jpg,Shiver 900,Air Box Assembly - Shiver 900,15,1772.0,mid-range,3.4,poor,Medak,68d135d63952f7cf7dee9120,18.048948,78.269372,baskar Automobiles,air box assembly - shiver 900 aprilia fuel system lightweight corrosion resistant for enhanced safety,Fuel System,2025-07-22T00:00:00.000Z,2015,68d135d63952f7cf7dee911e,modern
,Royal Enfield,,0.0,14,2025-07-11T00:00:00.000Z,Industrial grade wear resistant for superior reliability,https://example.com/images/belly_pan_scram_411.jpg,Scram 411,OEM Belly Pan - Scram 411,30,1624.0,mid-range,3.7,average,Khammam,68d136193952f7cf7dee9133,17.249885,80.15615,Mahesh Automobiles,oem belly pan - scram 411 royal enfield body parts premium quality chemical resistant for improved comfort,Body Parts,2025-07-21T00:00:00.000Z,2018,68d136193952f7cf7dee9131,modern
,Yezdi,,0.0,1,2025-09-08T00:00:00.000Z,Lightweight maintenance-free for better fuel economy,https://example.com/images/dimmer_switch_roadking.jpg,Roadking,Racing Dimmer Switch - Roadking,41,5132.0,premium,4.6,excellent,RAMNAGAR COLONY PEERZADIGUDA UPPAL HYDERABAD,689d6959045c37933826818d,17.390358,78.606729,sai automobiles,racing dimmer switch - roadking yezdi lighting heavy-duty high strength for reduced maintenance,Lighting,2025-07-23T00:00:00.000Z,2011,689d6959045c37933826818b,modern
,Suzuki,,0.0,10,2025-07-30T00:00:00.000Z,Advanced heat treated for increased power,https://example.com/images/performance_exhaust_katana.jpg,Katana,Racing Performance Exhaust - Katana,41,17448.0,premium,4.2,good,Chappal Bazar Road - Kachiguda,68ac2a8f3c73e23c655de054,17.38953,78.491245,Swathi Automobiles,racing performance exhaust - katana suzuki exhaust durable high strength for enhanced safety,Exhaust,2025-07-18T00:00:00.000Z,2021,68ac2a8e3c73e23c655de052,classic
,Triumph,,0.0,19,2025-07-21T00:00:00.000Z,High-performance corrosion resistant for maximum protection,https://example.com/images/oil_cooler_scrambler_1200.jpg,Scrambler 1200,Genuine Oil Cooler - Scrambler 1200,26,6386.0,premium,4.2,good,,68d0c47e09554c358655174d,17.423605,78.546314,Tarun Automobiles,genuine oil cooler - scrambler 1200 triumph cooling system oem quality weather resistant for increased power,Cooling System,2025-08-23T00:00:00.000Z,2012,68d0c47d09554c358655174b,classic
,Ducati,,0.0,7,2025-07-14T00:00:00.000Z,Advanced chemical resistant for increased power,https://example.com/images/fuel_tank_panigale_959.jpg,Panigale 959,Heavy Duty Fuel Tank - Panigale 959,39,2606.0,premium,4.6,excellent,Hyderabad,68d133bf3952f7cf7dee90b9,17.511409,78.350972,Jyothi Automobiles,heavy duty fuel tank - panigale 959 ducati body parts industrial grade impact resistant for smoother operation,Body Parts,2025-09-03T00:00:00.000Z,2020,68d133bf3952f7cf7dee90b7,classic
,Benelli,,0.0,4,2025-09-11T00:00:00.000Z,High-performance heat treated for reduced maintenance,https://example.com/images/reserve_tank_tnt_135.jpg,TNT 135,Genuine Reserve Tank - TNT 135,32,7799.0,premium,4.0,good,Bala Nagar,68d1346c3952f7cf7dee90d2,17.475679,78.447328,Kalyan Automobiles,genuine reserve tank - tnt 135 benelli fuel system advanced chemical resistant for enhanced durability,Fuel System,2025-08-12T00:00:00.000Z,2018,68d1346c3952f7cf7dee90d0,classic
,Indian,,0.0,3,2025-09-04T00:00:00.000Z,Street performance weather resistant for better control,https://example.com/images/breather_filter_chieftain.jpg,Chieftain,Premium Breather Filter for Chieftain,23,760.0,mid-range,3.8,average,Mahabubabad,68d134ac3952f7cf7dee90e5,17.594209,80.006903,Shiva sai Automobiles,premium breather filter for chieftain indian filters street performance chemical resistant for increased power,Filters,2025-09-06T00:00:00.000Z,2017,68d134ac3952f7cf7dee90e3,classic
,Honda,,0.0,28,2025-07-11T00:00:00.000Z,Street performance weather resistant for improved performance,https://example.com/images/oil_filter_cbr250r.jpg,CBR250R,Premium Oil Filter for CBR250R,6,1467.0,mid-range,4.8,excellent,Dilshknagar,68d135063952f7cf7dee90f8,17.367642,78.534282,Manoj Automobiles,premium oil filter for cbr250r honda filters durable heat treated for enhanced safety,Filters,2025-08-11T00:00:00.000Z,2021,68d135063952f7cf7dee90f6,classic
,TVS,,0.0,15,2025-07-26T00:00:00.000Z,Racing quality high strength for improved comfort,https://example.com/images/wind_screen_scooty_pep_plus.jpg,Scooty Pep Plus,Performance Wind Screen - Scooty Pep Plus,38,7511.0,premium,4.3,good,Karimnagar,68d135833952f7cf7dee910b,18.435781,79.132861,Mounika Automobiles,performance wind screen - scooty pep plus tvs body parts superior heat treated for enhanced safety,Body Parts,2025-07-28T00:00:00.000Z,2024,68d135833952f7cf7dee9109,classic
,Indian,,0.0,9,2025-09-04T00:00:00.000Z,Lightweight high strength for optimal efficiency,https://example.com/images/voltage_regulator_chieftain.jpg,Chieftain,Racing Voltage Regulator - Chieftain,6,5766.0,premium,3.3,poor,Medak,68d135d63952f7cf7dee9120,18.048948,78.269372,baskar Automobiles,racing voltage regulator - chieftain indian electrical industrial grade eco-friendly for optimal efficiency,Electrical,2025-07-13T00:00:00.000Z,2019,68d135d63952f7cf7dee911e,modern
,Benelli,,0.0,8,2025-07-12T00:00:00.000Z,Industrial grade eco-friendly for enhanced safety,https://example.com/images/pickup_coil_imperiale_400.jpg,Imperiale 400,Racing Pickup Coil - Imperiale 400,33,484.0,budget,4.0,good,Khammam,68d136193952f7cf7dee9133,17.249885,80.15615,Mahesh Automobiles,racing pickup coil - imperiale 400 benelli ignition heavy-duty fuel efficient for improved performance,Ignition,2025-09-02T00:00:00.000Z,2015,68d136193952f7cf7dee9131,modern
,Kawasaki,,0.0,21,2025-07-16T00:00:00.000Z,Long-lasting wear resistant for increased power,https://example.com/images/gear_oil_ninja_zx_10r.jpg,Ninja ZX-10R,Racing Gear Oil - Ninja ZX-10R,40,455.0,budget,3.5,average,RAMNAGAR COLONY PEERZADIGUDA UPPAL HYDERABAD,689d6959045c37933826818d,17.390358,78.606729,sai automobiles,racing gear oil - ninja zx-10r kawasaki maintenance industrial grade maintenance-free for enhanced stability,Maintenance,2025-08-05T00:00:00.000Z,2021,689d6959045c37933826818b,modern
,Royal Enfield,,0.0,17,2025-08-10T00:00:00.000Z,Advanced long lasting for increased power,https://example.com/images/battery_box_classic_500.jpg,Classic 500,Genuine Battery Box - Classic 500,42,5866.0,premium,4.7,excellent,Chappal Bazar Road - Kachiguda,68ac2a8f3c73e23c655de054,17.38953,78.491245,Swathi Automobiles,genuine battery box - classic 500 royal enfield body parts lightweight wear resistant for enhanced safety,Body Parts,2025-07-24T00:00:00.000Z,2013,68ac2a8e3c73e23c655de052,classic
,Yezdi,,0.0,29,2025-09-04T00:00:00.000Z,Industrial grade vibration dampening for better handling,https://example.com/images/variator_cl2.jpg,CL2,Premium Variator for CL2,24,7342.0,premium,4.6,excellent,,68d0c47e09554c358655174d,17.423605,78.546314,Tarun Automobiles,premium variator for cl2 yezdi drivetrain advanced chemical resistant for better handling,Drivetrain,2025-08-08T00:00:00.000Z,2021,68d0c47d09554c358655174b,modern
,Jawa,,0.0,16,2025-09-15T00:00:00.000Z,High-performance noise reducing for improved comfort,https://example.com/images/end_cap_42.jpg,42,Heavy Duty End Cap - 42,37,9659.0,premium,5.0,excellent,Hyderabad,68d133bf3952f7cf7dee90b9,17.511409,78.350972,Jyothi Automobiles,heavy duty end cap - 42 jawa exhaust precision-made vibration dampening for enhanced safety,Exhaust,2025-09-19T00:00:00.000Z,2025,68d133bf3952f7cf7dee90b7,modern
,BMW,,0.0,30,2025-09-04T00:00:00.000Z,Industrial grade weather resistant for maximum protection,https://example.com/images/muffler_r_1250_gs.jpg,R 1250 GS,Genuine Muffler - R 1250 GS,34,3812.0,premium,4.7,excellent,Bala Nagar,68d1346c3952f7cf7dee90d2,17.475679,78.447328,Kalyan Automobiles,genuine muffler - r 1250 gs bmw exhaust advanced eco-friendly for enhanced durability,Exhaust,2025-08-07T00:00:00.000Z,2012,68d1346c3952f7cf7dee90d0,modern
,Bajaj,,0.0,27,2025-07-28T00:00:00.000Z,Racing quality impact resistant for enhanced durability,https://example.com/images/timing_belt_avenger_220.jpg,Avenger 220,Racing Timing Belt - Avenger 220,4,4070.0,premium,4.5,excellent,Mahabubabad,68d134ac3952f7cf7dee90e5,17.594209,80.006903,Shiva sai Automobiles,racing timing belt - avenger 220 bajaj engine professional grade fuel efficient for enhanced safety,Engine,2025-07-26T00:00:00.000Z,2016,68d134ac3952f7cf7dee90e3,modern
,Benelli,,0.0,27,2025-07-12T00:00:00.000Z,Durable temperature stable for reduced maintenance,https://example.com/images/torque_converter_bn_125.jpg,BN 125,Performance Torque Converter - BN 125,23,4892.0,premium,4.0,good,Dilshknagar,68d135063952f7cf7dee90f8,17.367642,78.534282,Manoj Automobiles,performance torque converter - bn 125 benelli drivetrain precision-made eco-friendly for enhanced safety,Drivetrain,2025-08-08T00:00:00.000Z,2014,68d135063952f7cf7dee90f6,modern
,Honda,,0.0,26,2025-09-01T00:00:00.000Z,Advanced corrosion resistant for enhanced stability,https://example.com/images/chain_cb300r.jpg,CB300R,CB300R Chain,39,1111.0,mid-range,4.4,good,Karimnagar,68d135833952f7cf7dee910b,18.435781,79.132861,Mounika Automobiles,cb300r chain honda drivetrain high-performance chemical resistant for maximum protection,Drivetrain,2025-08-07T00:00:00.000Z,2021,68d135833952f7cf7dee9109,modern
,TVS,,0.0,27,2025-07-15T00:00:00.000Z,Industrial grade heat treated for maximum protection,https://example.com/images/silencer_apache_rtr_160.jpg,Apache RTR 160,Silencer - Apache RTR 160,35,5590.0,premium,4.9,excellent,Medak,68d135d63952f7cf7dee9120,18.048948,78.269372,baskar Automobiles,silencer - apache rtr 160 tvs exhaust precision-made weather resistant for better handling,Exhaust,2025-09-08T00:00:00.000Z,2022,68d135d63952f7cf7dee911e,modern
,Mahindra,,0.0,25,2025-07-08T00:00:00.000Z,Racing quality fuel efficient for enhanced durability,https://example.com/images/light_switch_flyte.jpg,Flyte,Racing Light Switch - Flyte,48,4772.0,premium,3.2,poor,Khammam,68d136193952f7cf7dee9133,17.249885,80.15615,Mahesh Automobiles,racing light switch - flyte mahindra lighting lightweight corrosion resistant for longer life,Lighting,2025-07-20T00:00:00.000Z,2011,68d136193952f7cf7dee9131,classic
,Ducati,,0.0,25,2025-08-10T00:00:00.000Z,High-performance wear resistant for enhanced stability,https://example.com/images/full_system_exhaust_monster_821.jpg,Monster 821,Racing Full System Exhaust - Monster 821,3,7337.0,premium,4.4,good,RAMNAGAR COLONY PEERZADIGUDA UPPAL HYDERABAD,689d6959045c37933826818d,17.390358,78.606729,sai automobiles,racing full system exhaust - monster 821 ducati exhaust street performance impact resistant for better control,Exhaust,2025-07-26T00:00:00.000Z,2024,689d6959045c37933826818b,classic
,Yamaha,,0.0,3,2025-07-06T00:00:00.000Z,OEM quality precision engineered for better fuel economy,https://example.com/images/wheel_lock_ray_zr.jpg,Ray ZR,Wheel Lock Assembly - Ray ZR,39,11514.0,premium,3.4,poor,Chappal Bazar Road - Kachiguda,68ac2a8f3c73e23c655de054,17.38953,78.491245,Swathi Automobiles,wheel lock assembly - ray zr yamaha wheels & tires industrial grade eco-friendly for enhanced safety,Wheels & Tires,2025-07-23T00:00:00.000Z,2021,68ac2a8e3c73e23c655de052,modern
,Mahindra,,0.0,27,2025-08-20T00:00:00.000Z,Long-lasting corrosion resistant for improved comfort,https://example.com/images/velocity_stack_rodeo_rz.jpg,Rodeo RZ,Racing Velocity Stack - Rodeo RZ,24,4320.0,premium,4.3,good,,68d0c47e09554c358655174d,17.423605,78.546314,Tarun Automobiles,racing velocity stack - rodeo rz mahindra fuel system precision-made fuel efficient for better fuel economy,Fuel System,2025-09-12T00:00:00.000Z,2025,68d0c47d09554c358655174b,classic
,Bajaj,,0.0,29,2025-08-27T00:00:00.000Z,High-performance weather resistant for enhanced stability,https://example.com/images/paper_filter_chetak_electric.jpg,Chetak Electric,Bajaj Paper Filter for Chetak Electric,32,738.0,mid-range,4.6,excellent,Hyderabad,68d133bf3952f7cf7dee90b9,17.511409,78.350972,Jyothi Automobiles,bajaj paper filter for chetak electric bajaj filters enhanced corrosion resistant for improved comfort,Filters,2025-07-26T00:00:00.000Z,2018,68d133bf3952f7cf7dee90b7,modern
,Triumph,,0.0,12,2025-08-30T00:00:00.000Z,Premium quality chemical resistant for better fuel economy,https://example.com/images/first_aid_kit_street_twin.jpg,Street Twin,Heavy Duty First Aid Kit - Street Twin,48,3205.0,premium,4.9,excellent,Bala Nagar,68d1346c3952f7cf7dee90d2,17.475679,78.447328,Kalyan Automobiles,heavy duty first aid kit - street twin triumph accessories industrial grade fuel efficient for superior reliability,Accessories,2025-07-18T00:00:00.000Z,2010,68d1346c3952f7cf7dee90d0,modern
,Yamaha,,0.0,22,2025-07-17T00:00:00.000Z,High-performance temperature stable for enhanced safety,https://example.com/images/input_shaft_yzf_r3.jpg,YZF-R3,Input Shaft - YZF-R3,38,10391.0,premium,4.4,good,Mahabubabad,68d134ac3952f7cf7dee90e5,17.594209,80.006903,Shiva sai Automobiles,input shaft - yzf-r3 yamaha transmission premium quality corrosion resistant for longer life,Transmission,2025-09-07T00:00:00.000Z,2023,68d134ac3952f7cf7dee90e3,classic
,Kawasaki,,0.0,9,2025-08-27T00:00:00.000Z,Racing quality high strength for improved comfort,https://example.com/images/safety_flag_versys_x_300.jpg,Versys-X 300,Versys-X 300 Safety Flag,28,1257.0,mid-range,4.3,good,Dilshknagar,68d135063952f7cf7dee90f8,17.367642,78.534282,Manoj Automobiles,versys-x 300 safety flag kawasaki safety oem quality corrosion resistant for improved comfort,Safety,2025-07-25T00:00:00.000Z,2019,68d135063952f7cf7dee90f6,modern
,Bajaj,,0.0,3,2025-09-11T00:00:00.000Z,Industrial grade temperature stable for better control,https://example.com/images/helmet_lock_pulsar_rs200.jpg,Pulsar RS200,Pulsar RS200 Helmet Lock,33,1606.0,mid-range,3.8,average,Karimnagar,68d135833952f7cf7dee910b,18.435781,79.132861,Mounika Automobiles,pulsar rs200 helmet lock bajaj accessories heavy-duty corrosion resistant for optimal efficiency,Accessories,2025-08-15T00:00:00.000Z,2019,68d135833952f7cf7dee9109,classic
,Mahindra,,0.0,28,2025-07-06T00:00:00.000Z,Racing quality heat treated for better fuel economy,https://example.com/images/front_shock_absorber_mojo.jpg,Mojo,Heavy Duty Front Shock Absorber - Mojo,9,12941.0,premium,4.1,good,Medak,68d135d63952f7cf7dee9120,18.048948,78.269372,baskar Automobiles,heavy duty front shock absorber - mojo mahindra suspension heavy-duty maintenance-free for optimal efficiency,Suspension,2025-09-11T00:00:00.000Z,2020,68d135d63952f7cf7dee911e,classic
,Royal Enfield,,0.0,6,2025-07-22T00:00:00.000Z,Heavy-duty maintenance-free for improved comfort,https://example.com/images/fan_shroud_electra.jpg,Electra,Performance Fan Shroud - Electra,19,8606.0,premium,4.6,excellent,Khammam,68d136193952f7cf7dee9133,17.249885,80.15615,Mahesh Automobiles,performance fan shroud - electra royal enfield cooling system long-lasting precision engineered for enhanced safety,Cooling System,2025-07-16T00:00:00.000Z,2020,68d136193952f7cf7dee9131,classic
,Hero,,0.0,1,2025-07-01T00:00:00.000Z,Racing quality maintenance-free for optimal efficiency,https://example.com/images/gear_shift_lever_xpulse_200.jpg,Xpulse 200,Hero Gear Shift Lever for Xpulse 200,47,1364.0,mid-range,3.3,poor,RAMNAGAR COLONY PEERZADIGUDA UPPAL HYDERABAD,689d6959045c37933826818d,17.390358,78.606729,sai automobiles,hero gear shift lever for xpulse 200 hero transmission industrial grade maintenance-free for enhanced stability,Transmission,2025-08-15T00:00:00.000Z,2024,689d6959045c37933826818b,classic
,BMW,,0.0,8,2025-07-22T00:00:00.000Z,Industrial grade heat treated for improved performance,https://example.com/images/ground_wire_g_310_r.jpg,G 310 R,Ground Wire - G 310 R,33,2557.0,premium,5.0,excellent,Chappal Bazar Road - Kachiguda,68ac2a8f3c73e23c655de054,17.38953,78.491245,Swathi Automobiles,ground wire - g 310 r bmw electrical oem quality chemical resistant for longer life,Electrical,2025-09-09T00:00:00.000Z,2019,68ac2a8e3c73e23c655de052,classic
,Aprilia,,0.0,17,2025-09-14T00:00:00.000Z,Lightweight wear resistant for optimal efficiency,https://example.com/images/crash_guard_rsv4.jpg,RSV4,Genuine Crash Guard - RSV4,7,4537.0,premium,4.7,excellent,,68d0c47e09554c358655174d,17.423605,78.546314,Tarun Automobiles,genuine crash guard - rsv4 aprilia accessories enhanced heat treated for enhanced safety,Accessories,2025-09-11T00:00:00.000Z,2013,68d0c47d09554c358655174b,modern
,Royal Enfield,,0.0,19,2025-07-29T00:00:00.000Z,Lightweight noise reducing for better handling,https://example.com/images/protective_pants_classic_350.jpg,Classic 350,Heavy Duty Protective Pants - Classic 350,39,935.0,mid-range,3.4,poor,Hyderabad,68d133bf3952f7cf7dee90b9,17.511409,78.350972,Jyothi Automobiles,heavy duty protective pants - classic 350 royal enfield safety premium quality fuel efficient for better control,Safety,2025-08-20T00:00:00.000Z,2010,68d133bf3952f7cf7dee90b7,classic
,Yezdi,,0.0,2,2025-09-15T00:00:00.000Z,Enhanced maintenance-free for longer life,https://example.com/images/piston_kit_cl2.jpg,CL2,Performance Piston Kit - CL2,16,4700.0,premium,4.5,excellent,Bala Nagar,68d1346c3952f7cf7dee90d2,17.475679,78.447328,Kalyan Automobiles,performance piston kit - cl2 yezdi engine lightweight maintenance-free for increased power,Engine,2025-08-12T00:00:00.000Z,2023,68d1346c3952f7cf7dee90d0,classic
,Ducati,,0.0,28,2025-08-05T00:00:00.000Z,Heavy-duty precision engineered for enhanced safety,https://example.com/images/thermostat_supersport.jpg,SuperSport,Racing Thermostat - SuperSport,44,3932.0,premium,3.8,average,Mahabubabad,68d134ac3952f7cf7dee90e5,17.594209,80.006903,Shiva sai Automobiles,racing thermostat - supersport ducati cooling system precision-made precision engineered for enhanced durability,Cooling System,2025-07-01T00:00:00.000Z,2023,68d134ac3952f7cf7dee90e3,classic
,Ducati,,0.0,12,2025-09-12T00:00:00.000Z,Premium quality chemical resistant for better fuel economy,https://example.com/images/shift_fork_panigale_v4.jpg,Panigale V4,Genuine Shift Fork - Panigale V4,11,7100.0,premium,4.6,excellent,Dilshknagar,68d135063952f7cf7dee90f8,17.367642,78.534282,Manoj Automobiles,genuine shift fork - panigale v4 ducati transmission superior noise reducing for enhanced stability,Transmission,2025-09-12T00:00:00.000Z,2015,68d135063952f7cf7dee90f6,classic
,Royal Enfield,,0.0,17,2025-08-30T00:00:00.000Z,Long-lasting fuel efficient for better handling,https://example.com/images/transmission_case_hunter_350.jpg,Hunter 350,OEM Transmission Case - Hunter 350,30,9186.0,premium,4.6,excellent,Karimnagar,68d135833952f7cf7dee910b,18.435781,79.132861,Mounika Automobiles,oem transmission case - hunter 350 royal enfield transmission durable maintenance-free for superior reliability,Transmission,2025-09-02T00:00:00.000Z,2011,68d135833952f7cf7dee9109,classic
,Ducati,,0.0,24,2025-08-25T00:00:00.000Z,Lightweight precision engineered for increased power,https://example.com/images/rear_spring_monster.jpg,Monster,Ducati Rear Spring for Monster,48,15741.0,premium,3.7,average,Medak,68d135d63952f7cf7dee9120,18.048948,78.269372,baskar Automobiles,ducati rear spring for monster ducati suspension lightweight heat treated for longer life,Suspension,2025-07-23T00:00:00.000Z,2018,68d135d63952f7cf7dee911e,modern
,TVS,,0.0,21,2025-08-27T00:00:00.000Z,Industrial grade long lasting for better handling,https://example.com/images/k&n_filter_apache_rtr_180.jpg,Apache RTR 180,Performance K&N Filter - Apache RTR 180,27,139.0,budget,4.8,excellent,Khammam,68d136193952f7cf7dee9133,17.249885,80.15615,Mahesh Automobiles,performance k&n filter - apache rtr 180 tvs filters high-performance high strength for enhanced safety,Filters,2025-09-17T00:00:00.000Z,2024,68d136193952f7cf7dee9131,classic
,Ducati,,0.0,16,2025-09-07T00:00:00.000Z,Lightweight long lasting for longer life,https://example.com/images/carburetor_scrambler.jpg,Scrambler,Ducati Carburetor for Scrambler,16,7096.0,premium,4.5,excellent,RAMNAGAR COLONY PEERZADIGUDA UPPAL HYDERABAD,689d6959045c37933826818d,17.390358,78.606729,sai automobiles,ducati carburetor for scrambler ducati fuel system lightweight wear resistant for enhanced safety,Fuel System,2025-09-06T00:00:00.000Z,2021,689d6959045c37933826818b,classic
,Bajaj,,0.0,23,2025-07-06T00:00:00.000Z,Racing quality fuel efficient for enhanced stability,https://example.com/images/cvt_kit_pulsar_220.jpg,Pulsar 220,Racing CVT Kit - Pulsar 220,0,774.0,mid-range,4.1,good,Chappal Bazar Road - Kachiguda,68ac2a8f3c73e23c655de054,17.38953,78.491245,Swathi Automobiles,racing cvt kit - pulsar 220 bajaj drivetrain lightweight corrosion resistant for enhanced safety,Drivetrain,2025-08-08T00:00:00.000Z,2020,68ac2a8e3c73e23c655de052,classic
,Benelli,,0.0,6,2025-08-13T00:00:00.000Z,Professional grade noise reducing for improved comfort,https://example.com/images/contact_cleaner_tnt_600i.jpg,TNT 600i,TNT 600i Contact Cleaner,7,405.0,budget,3.4,poor,,68d0c47e09554c358655174d,17.423605,78.546314,Tarun Automobiles,tnt 600i contact cleaner benelli maintenance precision-made chemical resistant for improved performance,Maintenance,2025-08-07T00:00:00.000Z,2017,68d0c47d09554c358655174b,classic
,Ducati,,0.0,6,2025-07-25T00:00:00.000Z,Racing quality noise reducing for enhanced durability,https://example.com/images/ignition_coil_panigale_v2.jpg,Panigale V2,Ignition Coil Assembly - Panigale V2,13,277.0,budget,4.2,good,Hyderabad,68d133bf3952f7cf7dee90b9,17.511409,78.350972,Jyothi Automobiles,ignition coil assembly - panigale v2 ducati ignition premium quality heat treated for better fuel economy,Ignition,2025-07-17T00:00:00.000Z,2013,68d133bf3952f7cf7dee90b7,classic
,Indian,,0.0,15,2025-08-03T00:00:00.000Z,Lightweight corrosion resistant for better control,https://example.com/images/polish_roadmaster.jpg,Roadmaster,Performance Polish - Roadmaster,28,405.0,budget,3.3,poor,Bala Nagar,68d1346c3952f7cf7dee90d2,17.475679,78.447328,Kalyan Automobiles,performance polish - roadmaster indian maintenance superior wear resistant for maximum protection,Maintenance,2025-07-08T00:00:00.000Z,2012,68d1346c3952f7cf7dee90d0,modern
,Bajaj,,0.0,26,2025-08-15T00:00:00.000Z,Street performance impact resistant for reduced maintenance,https://example.com/images/timing_belt_pulsar_ns160.jpg,Pulsar NS160,Genuine Timing Belt - Pulsar NS160,46,8187.0,premium,5.0,excellent,Mahabubabad,68d134ac3952f7cf7dee90e5,17.594209,80.006903,Shiva sai Automobiles,genuine timing belt - pulsar ns160 bajaj engine heavy-duty temperature stable for improved comfort,Engine,2025-08-18T00:00:00.000Z,2024,68d134ac3952f7cf7dee90e3,classic
,Aprilia,,0.0,22,2025-07-11T00:00:00.000Z,Heavy-duty wear resistant for better control,https://example.com/images/ignition_coil_storm_125.jpg,Storm 125,Genuine Ignition Coil - Storm 125,11,1125.0,mid-range,3.5,average,Dilshknagar,68d135063952f7cf7dee90f8,17.367642,78.534282,Manoj Automobiles,genuine ignition coil - storm 125 aprilia ignition durable precision engineered for enhanced stability,Ignition,2025-08-06T00:00:00.000Z,2011,68d135063952f7cf7dee90f6,classic
,Bajaj,,0.0,30,2025-09-13T00:00:00.000Z,Lightweight impact resistant for enhanced durability,https://example.com/images/input_shaft_pulsar_150.jpg,Pulsar 150,OEM Input Shaft - Pulsar 150,30,1322.0,mid-range,3.5,average,Karimnagar,68d135833952f7cf7dee910b,18.435781,79.132861,Mounika Automobiles,oem input shaft - pulsar 150 bajaj transmission precision-made eco-friendly for optimal efficiency,Transmission,2025-08-03T00:00:00.000Z,2014,68d135833952f7cf7dee9109,modern
,Harley-Davidson,,0.0,1,2025-09-11T00:00:00.000Z,High-performance maintenance-free for better fuel economy,https://example.com/images/carburetor_street_750.jpg,Street 750,Performance Carburetor - Street 750,19,7405.0,premium,3.7,average,Medak,68d135d63952f7cf7dee9120,18.048948,78.269372,baskar Automobiles,performance carburetor - street 750 harley-davidson fuel system long-lasting precision engineered for better fuel economy,Fuel System,2025-07-03T00:00:00.000Z,2025,68d135d63952f7cf7dee911e,modern
,KTM,,0.0,22,2025-09-14T00:00:00.000Z,Street performance maintenance-free for enhanced stability,https://example.com/images/tire_pressure_sensor_duke_200.jpg,Duke 200,Tire Pressure Sensor Assembly - Duke 200,29,7122.0,premium,4.3,good,Khammam,68d136193952f7cf7dee9133,17.249885,80.15615,Mahesh Automobiles,tire pressure sensor assembly - duke 200 ktm wheels & tires heavy-duty maintenance-free for enhanced durability,Wheels & Tires,2025-08-26T00:00:00.000Z,2023,68d136193952f7cf7dee9131,modern
,Hero,,0.0,6,2025-08-18T00:00:00.000Z,Superior maintenance-free for longer life,https://example.com/images/side_box_karizma_xmr.jpg,Karizma XMR,Performance Side Box - Karizma XMR,40,4950.0,premium,5.0,excellent,RAMNAGAR COLONY PEERZADIGUDA UPPAL HYDERABAD,689d6959045c37933826818d,17.390358,78.606729,sai automobiles,performance side box - karizma xmr hero accessories enhanced wear resistant for better fuel economy,Accessories,2025-08-10T00:00:00.000Z,2023,689d6959045c37933826818b,modern
,Harley-Davidson,,0.0,24,2025-08-17T00:00:00.000Z,Long-lasting chemical resistant for longer life,https://example.com/images/hydraulic_filter_street_750.jpg,Street 750,Heavy Duty Hydraulic Filter - Street 750,12,198.0,budget,4.7,excellent,Chappal Bazar Road - Kachiguda,68ac2a8f3c73e23c655de054,17.38953,78.491245,Swathi Automobiles,heavy duty hydraulic filter - street 750 harley-davidson filters street performance high strength for longer life,Filters,2025-08-10T00:00:00.000Z,2014,68ac2a8e3c73e23c655de052,classic
,Aprilia,,0.0,23,2025-07-16T00:00:00.000Z,Superior corrosion resistant for maximum protection,https://example.com/images/baffle_dorsoduro_900.jpg,Dorsoduro 900,Baffle Assembly - Dorsoduro 900,28,4273.0,premium,3.8,average,,68d0c47e09554c358655174d,17.423605,78.546314,Tarun Automobiles,baffle assembly - dorsoduro 900 aprilia exhaust industrial grade noise reducing for increased power,Exhaust,2025-08-12T00:00:00.000Z,2021,68d0c47d09554c358655174b,modern
,Ducati,,0.0,7,2025-08-05T00:00:00.000Z,Racing quality corrosion resistant for optimal efficiency,https://example.com/images/distributor_monster_821.jpg,Monster 821,Monster 821 Distributor,22,678.0,mid-range,4.3,good,Hyderabad,68d133bf3952f7cf7dee90b9,17.511409,78.350972,Jyothi Automobiles,monster 821 distributor ducati ignition high-performance high strength for optimal efficiency,Ignition,2025-07-07T00:00:00.000Z,2019,68d133bf3952f7cf7dee90b7,classic
,Aprilia,,0.0,8,2025-07-26T00:00:00.000Z,Long-lasting noise reducing for longer life,https://example.com/images/fork_oil_seal_caponord_1200.jpg,Caponord 1200,OEM Fork Oil Seal - Caponord 1200,9,3017.0,premium,3.8,average,Bala Nagar,68d1346c3952f7cf7dee90d2,17.475679,78.447328,Kalyan Automobiles,oem fork oil seal - caponord 1200 aprilia suspension heavy-duty noise reducing for enhanced durability,Suspension,2025-08-20T00:00:00.000Z,2024,68d1346c3952f7cf7dee90d0,modern
,Benelli,,0.0,9,2025-09-15T00:00:00.000Z,Lightweight impact resistant for superior reliability,https://example.com/images/engine_gasket_set_imperiale_400.jpg,Imperiale 400,Engine Gasket Set Assembly - Imperiale 400,6,2273.0,mid-range,3.8,average,Mahabubabad,68d134ac3952f7cf7dee90e5,17.594209,80.006903,Shiva sai Automobiles,engine gasket set assembly - imperiale 400 benelli engine premium quality wear resistant for increased power,Engine,2025-07-21T00:00:00.000Z,2012,68d134ac3952f7cf7dee90e3,modern
,Jawa,,0.0,27,2025-07-10T00:00:00.000Z,Industrial grade chemical resistant for longer life,https://example.com/images/damper_café_racer.jpg,Café Racer,Performance Damper - Café Racer,33,6406.0,premium,4.1,good,Dilshknagar,68d135063952f7cf7dee90f8,17.367642,78.534282,Manoj Automobiles,performance damper - café racer jawa suspension long-lasting eco-friendly for better control,Suspension,2025-09-07T00:00:00.000Z,2012,68d135063952f7cf7dee90f6,classic
,Benelli,,0.0,22,2025-08-29T00:00:00.000Z,Heavy-duty maintenance-free for reduced maintenance,https://example.com/images/muffler_tnt_899.jpg,TNT 899,Performance Muffler - TNT 899,27,3310.0,premium,3.3,poor,Karimnagar,68d135833952f7cf7dee910b,18.435781,79.132861,Mounika Automobiles,performance muffler - tnt 899 benelli exhaust racing quality heat treated for better fuel economy,Exhaust,2025-07-29T00:00:00.000Z,2013,68d135833952f7cf7dee9109,classic
,Harley-Davidson,,0.0,17,2025-08-14T00:00:00.000Z,Professional grade weather resistant for superior reliability,https://example.com/images/points_iron_883.jpg,Iron 883,Points - Iron 883,49,1826.0,mid-range,4.4,good,Medak,68d135d63952f7cf7dee9120,18.048948,78.269372,baskar Automobiles,points - iron 883 harley-davidson ignition premium quality temperature stable for maximum protection,Ignition,2025-08-08T00:00:00.000Z,2014,68d135d63952f7cf7dee911e,modern
,Suzuki,,0.0,10,2025-07-23T00:00:00.000Z,Industrial grade long lasting for optimal efficiency,https://example.com/images/safety_cone_gsx_r1000r.jpg,GSX-R1000R,Performance Safety Cone - GSX-R1000R,27,1576.0,mid-range,4.1,good,Khammam,68d136193952f7cf7dee9133,17.249885,80.15615,Mahesh Automobiles,performance safety cone - gsx-r1000r suzuki safety heavy-duty long lasting for reduced maintenance,Safety,2025-09-07T00:00:00.000Z,2020,68d136193952f7cf7dee9131,classic
,Yamaha,,0.0,4,2025-07-30T00:00:00.000Z,Long-lasting long lasting for smoother operation,https://example.com/images/pressure_plate_aerox_155.jpg,Aerox 155,Performance Pressure Plate - Aerox 155,22,3344.0,premium,3.9,average,RAMNAGAR COLONY PEERZADIGUDA UPPAL HYDERABAD,689d6959045c37933826818d,17.390358,78.606729,sai automobiles,performance pressure plate - aerox 155 yamaha transmission street performance corrosion resistant for better fuel economy,Transmission,2025-07-13T00:00:00.000Z,2018,689d6959045c37933826818b,modern
,Harley-Davidson,,0.0,3,2025-07-04T00:00:00.000Z,Professional grade eco-friendly for enhanced stability,https://example.com/images/brake_cleaner_street_glide.jpg,Street Glide,Harley-Davidson Brake Cleaner for Street Glide,5,4781.0,premium,4.3,good,Chappal Bazar Road - Kachiguda,68ac2a8f3c73e23c655de054,17.38953,78.491245,Swathi Automobiles,harley-davidson brake cleaner for street glide harley-davidson brakes enhanced high strength for superior reliability,Brakes,2025-08-09T00:00:00.000Z,2023,68ac2a8e3c73e23c655de052,modern
,Kawasaki,,0.0,26,2025-08-02T00:00:00.000Z,Durable impact resistant for smoother operation,https://example.com/images/immobilizer_versys_x_300.jpg,Versys-X 300,Genuine Immobilizer - Versys-X 300,43,374.0,budget,3.5,average,,68d0c47e09554c358655174d,17.423605,78.546314,Tarun Automobiles,genuine immobilizer - versys-x 300 kawasaki ignition superior precision engineered for smoother operation,Ignition,2025-09-12T00:00:00.000Z,2015,68d0c47d09554c358655174b,modern
,Bajaj,,0.0,13,2025-08-11T00:00:00.000Z,Enhanced noise reducing for superior reliability,https://example.com/images/final_drive_oil_pulsar_ns160.jpg,Pulsar NS160,Final Drive Oil - Pulsar NS160,36,5753.0,premium,4.2,good,Hyderabad,68d133bf3952f7cf7dee90b9,17.511409,78.350972,Jyothi Automobiles,final drive oil - pulsar ns160 bajaj drivetrain oem quality fuel efficient for enhanced stability,Drivetrain,2025-07-27T00:00:00.000Z,2021,68d133bf3952f7cf7dee90b7,classic
,Indian,,0.0,7,2025-09-07T00:00:00.000Z,Precision-made wear resistant for better control,https://example.com/images/transmission_case_roadmaster.jpg,Roadmaster,Transmission Case - Roadmaster,41,7145.0,premium,4.1,good,Bala Nagar,68d1346c3952f7cf7dee90d2,17.475679,78.447328,Kalyan Automobiles,transmission case - roadmaster indian transmission durable long lasting for superior reliability,Transmission,2025-08-28T00:00:00.000Z,2020,68d1346c3952f7cf7dee90d0,classic
,KTM,,0.0,17,2025-07-09T00:00:00.000Z,High-performance precision engineered for reduced maintenance,https://example.com/images/starter_relay_1290_super_duke_r.jpg,1290 Super Duke R,Premium Starter Relay for 1290 Super Duke R,37,562.0,mid-range,3.6,average,Mahabubabad,68d134ac3952f7cf7dee90e5,17.594209,80.006903,Shiva sai Automobiles,premium starter relay for 1290 super duke r ktm ignition precision-made fuel efficient for longer life,Ignition,2025-07-16T00:00:00.000Z,2011,68d134ac3952f7cf7dee90e3,modern
,Triumph,,0.0,7,2025-08-05T00:00:00.000Z,Precision-made wear resistant for enhanced safety,https://example.com/images/magnetic_filter_thruxton_rs.jpg,Thruxton RS,Genuine Magnetic Filter - Thruxton RS,3,731.0,mid-range,4.8,excellent,Dilshknagar,68d135063952f7cf7dee90f8,17.367642,78.534282,Manoj Automobiles,genuine magnetic filter - thruxton rs triumph filters lightweight temperature stable for smoother operation,Filters,2025-08-04T00:00:00.000Z,2012,68d135063952f7cf7dee90f6,modern
,Ducati,,0.0,15,2025-09-10T00:00:00.000Z,Lightweight heat treated for improved performance,https://example.com/images/engine_oil_hypermotard.jpg,Hypermotard,Performance Engine Oil - Hypermotard,4,714.0,mid-range,4.3,good,Karimnagar,68d135833952f7cf7dee910b,18.435781,79.132861,Mounika Automobiles,performance engine oil - hypermotard ducati maintenance professional grade wear resistant for better control,Maintenance,2025-07-15T00:00:00.000Z,2018,68d135833952f7cf7dee9109,classic
,Honda,,0.0,12,2025-07-13T00:00:00.000Z,Industrial grade noise reducing for better handling,https://example.com/images/gps_mount_livo.jpg,Livo,Heavy Duty GPS Mount - Livo,38,1712.0,mid-range,4.4,good,Medak,68d135d63952f7cf7dee9120,18.048948,78.269372,baskar Automobiles,heavy duty gps mount - livo honda accessories high-performance impact resistant for better fuel economy,Accessories,2025-08-14T00:00:00.000Z,2021,68d135d63952f7cf7dee911e,classic
,Jawa,,0.0,20,2025-09-08T00:00:00.000Z,Superior chemical resistant for reduced maintenance,https://example.com/images/front_shock_absorber_bobber.jpg,Bobber,Premium Front Shock Absorber for Bobber,25,9346.0,premium,4.4,good,Khammam,68d136193952f7cf7dee9133,17.249885,80.15615,Mahesh Automobiles,premium front shock absorber for bobber jawa suspension superior vibration dampening for optimal efficiency,Suspension,2025-08-21T00:00:00.000Z,2017,68d136193952f7cf7dee9131,modern
,TVS,,0.0,25,2025-09-02T00:00:00.000Z,Enhanced maintenance-free for optimal efficiency,https://example.com/images/fuel_rail_phoenix_125.jpg,Phoenix 125,TVS Fuel Rail for Phoenix 125,10,926.0,mid-range,3.5,average,RAMNAGAR COLONY PEERZADIGUDA UPPAL HYDERABAD,689d6959045c37933826818d,17.390358,78.606729,sai automobiles,tvs fuel rail for phoenix 125 tvs fuel system heavy-duty impact resistant for superior reliability,Fuel System,2025-07-02T00:00:00.000Z,2010,689d6959045c37933826818b,modern
,Triumph,,0.0,28,2025-09-15T00:00:00.000Z,Premium quality temperature stable for improved performance,https://example.com/images/shift_fork_rocket_3.jpg,Rocket 3,Shift Fork - Rocket 3,4,7435.0,premium,3.5,average,Chappal Bazar Road - Kachiguda,68ac2a8f3c73e23c655de054,17.38953,78.491245,Swathi Automobiles,shift fork - rocket 3 triumph transmission street performance weather resistant for enhanced stability,Transmission,2025-07-17T00:00:00.000Z,2011,68ac2a8e3c73e23c655de052,classic
,BMW,,0.0,25,2025-07-14T00:00:00.000Z,Industrial grade wear resistant for increased power,https://example.com/images/rebound_adjuster_c_400_x.jpg,C 400 X,Heavy Duty Rebound Adjuster - C 400 X,30,4101.0,premium,4.6,excellent,,68d0c47e09554c358655174d,17.423605,78.546314,Tarun Automobiles,heavy duty rebound adjuster - c 400 x bmw suspension superior heat treated for improved comfort,Suspension,2025-07-26T00:00:00.000Z,2011,68d0c47d09554c358655174b,classic
,Ducati,,0.0,25,2025-07-02T00:00:00.000Z,Durable temperature stable for enhanced stability,https://example.com/images/brake_line_scrambler.jpg,Scrambler,Genuine Brake Line - Scrambler,9,2947.0,premium,3.3,poor,Hyderabad,68d133bf3952f7cf7dee90b9,17.511409,78.350972,Jyothi Automobiles,genuine brake line - scrambler ducati brakes street performance noise reducing for reduced maintenance,Brakes,2025-07-30T00:00:00.000Z,2023,68d133bf3952f7cf7dee90b7,modern
,BMW,,0.0,10,2025-08-11T00:00:00.000Z,Lightweight precision engineered for optimal efficiency,https://example.com/images/exhaust_spring_s_1000_xr.jpg,S 1000 XR,Exhaust Spring Assembly - S 1000 XR,36,10278.0,premium,3.5,average,Bala Nagar,68d1346c3952f7cf7dee90d2,17.475679,78.447328,Kalyan Automobiles,exhaust spring assembly - s 1000 xr bmw exhaust professional grade eco-friendly for enhanced safety,Exhaust,2025-07-10T00:00:00.000Z,2019,68d1346c3952f7cf7dee90d0,modern
,Kawasaki,,0.0,23,2025-08-16T00:00:00.000Z,Superior corrosion resistant for optimal efficiency,https://example.com/images/transmission_case_w175.jpg,W175,Premium Transmission Case for W175,1,9501.0,premium,3.9,average,Mahabubabad,68d134ac3952f7cf7dee90e5,17.594209,80.006903,Shiva sai Automobiles,premium transmission case for w175 kawasaki transmission precision-made eco-friendly for longer life,Transmission,2025-09-01T00:00:00.000Z,2017,68d134ac3952f7cf7dee90e3,classic
,Jawa,,0.0,8,2025-07-05T00:00:00.000Z,Advanced weather resistant for better handling,https://example.com/images/silicone_spray_classic.jpg,Classic,OEM Silicone Spray - Classic,37,395.0,budget,3.3,poor,Dilshknagar,68d135063952f7cf7dee90f8,17.367642,78.534282,Manoj Automobiles,oem silicone spray - classic jawa maintenance long-lasting vibration dampening for smoother operation,Maintenance,2025-07-05T00:00:00.000Z,2023,68d135063952f7cf7dee90f6,modern
,Indian,,0.0,7,2025-07-03T00:00:00.000Z,Durable heat treated for enhanced safety,https://example.com/images/coolant_drain_plug_challenger.jpg,Challenger,Genuine Coolant Drain Plug - Challenger,4,6636.0,premium,4.1,good,Karimnagar,68d135833952f7cf7dee910b,18.435781,79.132861,Mounika Automobiles,genuine coolant drain plug - challenger indian cooling system long-lasting long lasting for better handling,Cooling System,2025-09-03T00:00:00.000Z,2019,68d135833952f7cf7dee9109,classic
,Mahindra,,0.0,23,2025-08-13T00:00:00.000Z,Industrial grade heat treated for superior reliability,https://example.com/images/fuel_cock_flyte.jpg,Flyte,Fuel Cock Assembly - Flyte,22,7004.0,premium,3.3,poor,Medak,68d135d63952f7cf7dee9120,18.048948,78.269372,baskar Automobiles,fuel cock assembly - flyte mahindra fuel system premium quality wear resistant for enhanced durability,Fuel System,2025-08-15T00:00:00.000Z,2011,68d135d63952f7cf7dee911e,classic
,Bajaj,,0.0,20,2025-07-23T00:00:00.000Z,Racing quality corrosion resistant for better fuel economy,https://example.com/images/cooling_fan_dominar_400.jpg,Dominar 400,Dominar 400 Cooling Fan,43,5961.0,premium,4.7,excellent,Khammam,68d136193952f7cf7dee9133,17.249885,80.15615,Mahesh Automobiles,dominar 400 cooling fan bajaj cooling system superior maintenance-free for smoother operation,Cooling System,2025-07-03T00:00:00.000Z,2020,68d136193952f7cf7dee9131,classic
,Suzuki,,0.0,22,2025-07-15T00:00:00.000Z,Precision-made chemical resistant for reduced maintenance,https://example.com/images/tank_cover_avenis.jpg,Avenis,Genuine Tank Cover - Avenis,18,4967.0,premium,3.3,poor,RAMNAGAR COLONY PEERZADIGUDA UPPAL HYDERABAD,689d6959045c37933826818d,17.390358,78.606729,sai automobiles,genuine tank cover - avenis suzuki body parts advanced eco-friendly for smoother operation,Body Parts,2025-09-01T00:00:00.000Z,2015,689d6959045c37933826818b,modern
,Benelli,,0.0,14,2025-08-06T00:00:00.000Z,Racing quality impact resistant for better handling,https://example.com/images/clutch_basket_tnt_600i.jpg,TNT 600i,OEM Clutch Basket - TNT 600i,7,5387.0,premium,4.4,good,Chappal Bazar Road - Kachiguda,68ac2a8f3c73e23c655de054,17.38953,78.491245,Swathi Automobiles,oem clutch basket - tnt 600i benelli transmission enhanced precision engineered for enhanced safety,Transmission,2025-09-06T00:00:00.000Z,2024,68ac2a8e3c73e23c655de052,classic
,Aprilia,,0.0,24,2025-09-04T00:00:00.000Z,Enhanced long lasting for enhanced durability,https://example.com/images/knee_guard_sxr_160.jpg,SXR 160,Heavy Duty Knee Guard - SXR 160,32,1953.0,mid-range,4.6,excellent,,68d0c47e09554c358655174d,17.423605,78.546314,Tarun Automobiles,heavy duty knee guard - sxr 160 aprilia safety heavy-duty maintenance-free for better fuel economy,Safety,2025-07-30T00:00:00.000Z,2024,68d0c47d09554c358655174b,classic
,BMW,,0.0,13,2025-07-24T00:00:00.000Z,OEM quality chemical resistant for enhanced durability,https://example.com/images/water_hose_g_310_gs.jpg,G 310 GS,G 310 GS Water Hose,22,5083.0,premium,4.9,excellent,Hyderabad,68d133bf3952f7cf7dee90b9,17.511409,78.350972,Jyothi Automobiles,g 310 gs water hose bmw cooling system industrial grade wear resistant for enhanced safety,Cooling System,2025-08-08T00:00:00.000Z,2019,68d133bf3952f7cf7dee90b7,classic
,Hero,,0.0,23,2025-08-05T00:00:00.000Z,Professional grade fuel efficient for enhanced durability,https://example.com/images/brake_drum_karizma_xmr.jpg,Karizma XMR,Premium Brake Drum for Karizma XMR,42,3688.0,premium,4.5,excellent,Bala Nagar,68d1346c3952f7cf7dee90d2,17.475679,78.447328,Kalyan Automobiles,premium brake drum for karizma xmr hero brakes enhanced noise reducing for increased power,Brakes,2025-08-01T00:00:00.000Z,2023,68d1346c3952f7cf7dee90d0,classic
,Yezdi,,0.0,1,2025-07-15T00:00:00.000Z,Durable wear resistant for reduced maintenance,https://example.com/images/starter_relay_monaco.jpg,Monaco,Genuine Starter Relay - Monaco,38,179.0,budget,4.2,good,Mahabubabad,68d134ac3952f7cf7dee90e5,17.594209,80.006903,Shiva sai Automobiles,genuine starter relay - monaco yezdi ignition durable long lasting for enhanced safety,Ignition,2025-09-06T00:00:00.000Z,2016,68d134ac3952f7cf7dee90e3,classic
,Aprilia,,0.0,24,2025-08-28T00:00:00.000Z,Professional grade high strength for better handling,https://example.com/images/transmission_case_rs_125.jpg,RS 125,Genuine Transmission Case - RS 125,14,4791.0,premium,3.7,average,Dilshknagar,68d135063952f7cf7dee90f8,17.367642,78.534282,Manoj Automobiles,genuine transmission case - rs 125 aprilia transmission durable maintenance-free for reduced maintenance,Transmission,2025-07-19T00:00:00.000Z,2023,68d135063952f7cf7dee90f6,classic
,BMW,,0.0,14,2025-08-27T00:00:00.000Z,Racing quality high strength for better fuel economy,https://example.com/images/power_cable_k_1600_gtl.jpg,K 1600 GTL,Genuine Power Cable - K 1600 GTL,12,5241.0,premium,3.6,average,Karimnagar,68d135833952f7cf7dee910b,18.435781,79.132861,Mounika Automobiles,genuine power cable - k 1600 gtl bmw electrical professional grade chemical resistant for superior reliability,Electrical,2025-07-06T00:00:00.000Z,2014,68d135833952f7cf7dee9109,modern
,TVS,,0.0,14,2025-07-19T00:00:00.000Z,Street performance fuel efficient for increased power,https://example.com/images/protective_pants_apache_rr_310.jpg,Apache RR 310,OEM Protective Pants - Apache RR 310,22,933.0,mid-range,4.2,good,Medak,68d135d63952f7cf7dee9120,18.048948,78.269372,baskar Automobiles,oem protective pants - apache rr 310 tvs safety premium quality high strength for smoother operation,Safety,2025-07-05T00:00:00.000Z,2015,68d135d63952f7cf7dee911e,classic
,Yamaha,,0.0,19,2025-08-15T00:00:00.000Z,Heavy-duty heat treated for reduced maintenance,https://example.com/images/fuel_filter_fz_s.jpg,FZ-S,Premium Fuel Filter for FZ-S,36,8712.0,premium,4.8,excellent,Khammam,68d136193952f7cf7dee9133,17.249885,80.15615,Mahesh Automobiles,premium fuel filter for fz-s yamaha fuel system industrial grade temperature stable for smoother operation,Fuel System,2025-09-20T00:00:00.000Z,2023,68d136193952f7cf7dee9131,classic
,BMW,,0.0,15,2025-08-30T00:00:00.000Z,Lightweight eco-friendly for enhanced safety,https://example.com/images/chain_cleaner_f_850_gs.jpg,F 850 GS,Genuine Chain Cleaner - F 850 GS,40,831.0,mid-range,3.9,average,RAMNAGAR COLONY PEERZADIGUDA UPPAL HYDERABAD,689d6959045c37933826818d,17.390358,78.606729,sai automobiles,genuine chain cleaner - f 850 gs bmw maintenance advanced noise reducing for improved performance,Maintenance,2025-08-17T00:00:00.000Z,2013,689d6959045c37933826818b,classic
,Aprilia,,0.0,29,2025-09-06T00:00:00.000Z,Industrial grade maintenance-free for optimal efficiency,https://example.com/images/sprocket_cover_shiver_900.jpg,Shiver 900,Racing Sprocket Cover - Shiver 900,47,7861.0,premium,4.1,good,Chappal Bazar Road - Kachiguda,68ac2a8f3c73e23c655de054,17.38953,78.491245,Swathi Automobiles,racing sprocket cover - shiver 900 aprilia transmission oem quality heat treated for smoother operation,Transmission,2025-07-05T00:00:00.000Z,2016,68ac2a8e3c73e23c655de052,modern
,Kawasaki,,0.0,18,2025-07-27T00:00:00.000Z,Enhanced weather resistant for better control,https://example.com/images/gps_mount_zx_6r.jpg,ZX-6R,Racing GPS Mount - ZX-6R,43,4746.0,premium,4.9,excellent,,68d0c47e09554c358655174d,17.423605,78.546314,Tarun Automobiles,racing gps mount - zx-6r kawasaki accessories high-performance chemical resistant for enhanced safety,Accessories,2025-09-11T00:00:00.000Z,2018,68d0c47d09554c358655174b,classic
,Kawasaki,,0.0,10,2025-07-04T00:00:00.000Z,Industrial grade chemical resistant for better fuel economy,https://example.com/images/headlight_lens_z900.jpg,Z900,Kawasaki Headlight Lens for Z900,12,3801.0,premium,4.1,good,Hyderabad,68d133bf3952f7cf7dee90b9,17.511409,78.350972,Jyothi Automobiles,kawasaki headlight lens for z900 kawasaki lighting lightweight noise reducing for enhanced safety,Lighting,2025-09-14T00:00:00.000Z,2014,68d133bf3952f7cf7dee90b7,classic
,KTM,,0.0,2,2025-09-06T00:00:00.000Z,Precision-made weather resistant for maximum protection,https://example.com/images/exhaust_clamp_890_adventure.jpg,890 Adventure,Genuine Exhaust Clamp - 890 Adventure,42,14224.0,premium,3.3,poor,Bala Nagar,68d1346c3952f7cf7dee90d2,17.475679,78.447328,Kalyan Automobiles,genuine exhaust clamp - 890 adventure ktm exhaust superior noise reducing for enhanced durability,Exhaust,2025-09-07T00:00:00.000Z,2025,68d1346c3952f7cf7dee90d0,classic
,Harley-Davidson,,0.0,11,2025-09-01T00:00:00.000Z,Lightweight wear resistant for optimal efficiency,https://example.com/images/wheel_bolt_street_glide.jpg,Street Glide,Wheel Bolt - Street Glide,13,8294.0,premium,3.2,poor,Mahabubabad,68d134ac3952f7cf7dee90e5,17.594209,80.006903,Shiva sai Automobiles,wheel bolt - street glide harley-davidson wheels & tires high-performance maintenance-free for increased power,Wheels & Tires,2025-08-18T00:00:00.000Z,2012,68d134ac3952f7cf7dee90e3,modern
,BMW,,0.0,1,2025-08-11T00:00:00.000Z,Heavy-duty eco-friendly for enhanced stability,https://example.com/images/chain_tensioner_g_310_r.jpg,G 310 R,Performance Chain Tensioner - G 310 R,31,3801.0,premium,4.1,good,Dilshknagar,68d135063952f7cf7dee90f8,17.367642,78.534282,Manoj Automobiles,performance chain tensioner - g 310 r bmw drivetrain high-performance high strength for reduced maintenance,Drivetrain,2025-07-03T00:00:00.000Z,2022,68d135063952f7cf7dee90f6,modern
,Jawa,,0.0,23,2025-07-19T00:00:00.000Z,Superior noise reducing for enhanced safety,https://example.com/images/coolant_pump_sport.jpg,Sport,Performance Coolant Pump - Sport,7,6230.0,premium,4.2,good,Karimnagar,68d135833952f7cf7dee910b,18.435781,79.132861,Mounika Automobiles,performance coolant pump - sport jawa cooling system street performance impact resistant for better control,Cooling System,2025-09-09T00:00:00.000Z,2024,68d135833952f7cf7dee9109,classic
,Harley-Davidson,,0.0,4,2025-09-16T00:00:00.000Z,Street performance weather resistant for longer life,https://example.com/images/fuel_rail_iron_883.jpg,Iron 883,Iron 883 Fuel Rail,17,7578.0,premium,3.9,average,Medak,68d135d63952f7cf7dee9120,18.048948,78.269372,baskar Automobiles,iron 883 fuel rail harley-davidson fuel system advanced high strength for increased power,Fuel System,2025-08-20T00:00:00.000Z,2023,68d135d63952f7cf7dee911e,modern
,Bajaj,,0.0,5,2025-07-07T00:00:00.000Z,Long-lasting vibration dampening for enhanced safety,https://example.com/images/condenser_dominar_400.jpg,Dominar 400,Premium Condenser for Dominar 400,50,1144.0,mid-range,3.8,average,Khammam,68d136193952f7cf7dee9133,17.249885,80.15615,Mahesh Automobiles,premium condenser for dominar 400 bajaj ignition advanced corrosion resistant for improved performance,Ignition,2025-07-06T00:00:00.000Z,2013,68d136193952f7cf7dee9131,modern
,Kawasaki,,0.0,19,2025-09-18T00:00:00.000Z,Industrial grade fuel efficient for improved performance,https://example.com/images/ignition_module_versys_x_300.jpg,Versys-X 300,Heavy Duty Ignition Module - Versys-X 300,28,367.0,budget,3.3,poor,RAMNAGAR COLONY PEERZADIGUDA UPPAL HYDERABAD,689d6959045c37933826818d,17.390358,78.606729,sai automobiles,heavy duty ignition module - versys-x 300 kawasaki ignition premium quality chemical resistant for better handling,Ignition,2025-09-08T00:00:00.000Z,2016,689d6959045c37933826818b,modern
,Honda,,0.0,3,2025-07-08T00:00:00.000Z,Premium quality wear resistant for improved performance,https://example.com/images/warning_light_unicorn.jpg,Unicorn,Heavy Duty Warning Light - Unicorn,48,5645.0,premium,4.6,excellent,Chappal Bazar Road - Kachiguda,68ac2a8f3c73e23c655de054,17.38953,78.491245,Swathi Automobiles,heavy duty warning light - unicorn honda safety premium quality chemical resistant for superior reliability,Safety,2025-07-16T00:00:00.000Z,2014,68ac2a8e3c73e23c655de052,modern
,Bajaj,,0.0,11,2025-09-19T00:00:00.000Z,Enhanced vibration dampening for better fuel economy,https://example.com/images/baffle_chetak_electric.jpg,Chetak Electric,Racing Baffle - Chetak Electric,10,10703.0,premium,4.1,good,,68d0c47e09554c358655174d,17.423605,78.546314,Tarun Automobiles,racing baffle - chetak electric bajaj exhaust professional grade high strength for longer life,Exhaust,2025-07-20T00:00:00.000Z,2018,68d0c47d09554c358655174b,modern
,Kawasaki,,0.0,7,2025-08-17T00:00:00.000Z,Advanced temperature stable for enhanced durability,https://example.com/images/headlight_lens_ninja_h2.jpg,Ninja H2,OEM Headlight Lens - Ninja H2,4,5798.0,premium,4.0,good,Hyderabad,68d133bf3952f7cf7dee90b9,17.511409,78.350972,Jyothi Automobiles,oem headlight lens - ninja h2 kawasaki lighting street performance noise reducing for enhanced stability,Lighting,2025-07-28T00:00:00.000Z,2017,68d133bf3952f7cf7dee90b7,modern
,TVS,,0.0,14,2025-09-17T00:00:00.000Z,Enhanced temperature stable for enhanced durability,https://example.com/images/paper_filter_apache_rtr_180.jpg,Apache RTR 180,Genuine Paper Filter - Apache RTR 180,23,1233.0,mid-range,3.7,average,Bala Nagar,68d1346c3952f7cf7dee90d2,17.475679,78.447328,Kalyan Automobiles,genuine paper filter - apache rtr 180 tvs filters racing quality maintenance-free for reduced maintenance,Filters,2025-09-03T00:00:00.000Z,2020,68d1346c3952f7cf7dee90d0,classic
,Harley-Davidson,,0.0,27,2025-09-08T00:00:00.000Z,Heavy-duty fuel efficient for better fuel economy,https://example.com/images/battery_livewire.jpg,LiveWire,Harley-Davidson Battery for LiveWire,12,1230.0,mid-range,3.9,average,Mahabubabad,68d134ac3952f7cf7dee90e5,17.594209,80.006903,Shiva sai Automobiles,harley-davidson battery for livewire harley-davidson electrical precision-made temperature stable for improved comfort,Electrical,2025-07-22T00:00:00.000Z,2023,68d134ac3952f7cf7dee90e3,classic
,Yamaha,,0.0,12,2025-09-09T00:00:00.000Z,Street performance maintenance-free for improved performance,https://example.com/images/degreaser_r15_v4.jpg,R15 V4,Heavy Duty Degreaser - R15 V4,20,963.0,mid-range,4.7,excellent,Dilshknagar,68d135063952f7cf7dee90f8,17.367642,78.534282,Manoj Automobiles,heavy duty degreaser - r15 v4 yamaha maintenance professional grade maintenance-free for maximum protection,Maintenance,2025-09-07T00:00:00.000Z,2016,68d135063952f7cf7dee90f6,classic
,Triumph,,0.0,22,2025-09-05T00:00:00.000Z,Heavy-duty corrosion resistant for enhanced durability,https://example.com/images/coolant_drain_plug_tiger_900.jpg,Tiger 900,OEM Coolant Drain Plug - Tiger 900,39,8716.0,premium,4.3,good,Karimnagar,68d135833952f7cf7dee910b,18.435781,79.132861,Mounika Automobiles,oem coolant drain plug - tiger 900 triumph cooling system superior eco-friendly for reduced maintenance,Cooling System,2025-07-10T00:00:00.000Z,2016,68d135833952f7cf7dee9109,modern
,MV Agusta,,0.0,13,2025-08-31T00:00:00.000Z,Racing quality eco-friendly for smoother operation,https://example.com/images/oil_cooler_turismo_veloce.jpg,Turismo Veloce,Oil Cooler - Turismo Veloce,38,3009.0,premium,4.2,good,Medak,68d135d63952f7cf7dee9120,18.048948,78.269372,baskar Automobiles,oil cooler - turismo veloce mv agusta cooling system high-performance temperature stable for better handling,Cooling System,2025-08-27T00:00:00.000Z,2016,68d135d63952f7cf7dee911e,classic
,Honda,,0.0,21,2025-07-30T00:00:00.000Z,Premium quality precision engineered for improved comfort,https://example.com/images/riding_boots_sp_125.jpg,SP 125,Genuine Riding Boots - SP 125,41,5149.0,premium,3.3,poor,Khammam,68d136193952f7cf7dee9133,17.249885,80.15615,Mahesh Automobiles,genuine riding boots - sp 125 honda safety premium quality corrosion resistant for better control,Safety,2025-07-28T00:00:00.000Z,2011,68d136193952f7cf7dee9131,modern
,KTM,,0.0,27,2025-08-24T00:00:00.000Z,Street performance maintenance-free for reduced maintenance,https://example.com/images/torque_converter_rc_200.jpg,RC 200,RC 200 Torque Converter,1,7434.0,premium,4.6,excellent,RAMNAGAR COLONY PEERZADIGUDA UPPAL HYDERABAD,689d6959045c37933826818d,17.390358,78.606729,sai automobiles,rc 200 torque converter ktm drivetrain premium quality impact resistant for enhanced durability,Drivetrain,2025-08-08T00:00:00.000Z,2010,689d6959045c37933826818b,classic
,Hero,,0.0,19,2025-09-02T00:00:00.000Z,Professional grade chemical resistant for better control,https://example.com/images/silicone_spray_cbz_xtreme.jpg,CBZ Xtreme,Performance Silicone Spray - CBZ Xtreme,28,407.0,budget,3.5,average,Chappal Bazar Road - Kachiguda,68ac2a8f3c73e23c655de054,17.38953,78.491245,Swathi Automobiles,performance silicone spray - cbz xtreme hero maintenance high-performance precision engineered for smoother operation,Maintenance,2025-07-09T00:00:00.000Z,2017,68ac2a8e3c73e23c655de052,modern
,Triumph,,0.0,23,2025-09-08T00:00:00.000Z,Professional grade precision engineered for better handling,https://example.com/images/helmet_lock_bonneville_t120.jpg,Bonneville T120,Triumph Helmet Lock for Bonneville T120,15,5559.0,premium,3.5,average,,68d0c47e09554c358655174d,17.423605,78.546314,Tarun Automobiles,triumph helmet lock for bonneville t120 triumph accessories advanced chemical resistant for superior reliability,Accessories,2025-07-13T00:00:00.000Z,2016,68d0c47d09554c358655174b,modern
,Benelli,,0.0,1,2025-08-22T00:00:00.000Z,Lightweight chemical resistant for smoother operation,https://example.com/images/rear_tire_imperiale_400.jpg,Imperiale 400,Genuine Rear Tire - Imperiale 400,36,1801.0,mid-range,4.4,good,Hyderabad,68d133bf3952f7cf7dee90b9,17.511409,78.350972,Jyothi Automobiles,genuine rear tire - imperiale 400 benelli wheels & tires premium quality noise reducing for better handling,Wheels & Tires,2025-08-10T00:00:00.000Z,2012,68d133bf3952f7cf7dee90b7,classic
,Yamaha,,0.0,6,2025-08-29T00:00:00.000Z,Racing quality eco-friendly for better handling,https://example.com/images/emergency_light_mt_03.jpg,MT-03,Heavy Duty Emergency Light - MT-03,38,3386.0,premium,4.9,excellent,Bala Nagar,68d1346c3952f7cf7dee90d2,17.475679,78.447328,Kalyan Automobiles,heavy duty emergency light - mt-03 yamaha lighting heavy-duty long lasting for better fuel economy,Lighting,2025-07-26T00:00:00.000Z,2021,68d1346c3952f7cf7dee90d0,classic
,Aprilia,,0.0,30,2025-09-13T00:00:00.000Z,Premium quality vibration dampening for enhanced safety,https://example.com/images/clutch_cable_sr_160.jpg,SR 160,Genuine Clutch Cable - SR 160,31,5286.0,premium,4.1,good,Mahabubabad,68d134ac3952f7cf7dee90e5,17.594209,80.006903,Shiva sai Automobiles,genuine clutch cable - sr 160 aprilia transmission lightweight vibration dampening for reduced maintenance,Transmission,2025-07-22T00:00:00.000Z,2016,68d134ac3952f7cf7dee90e3,modern
,MV Agusta,,0.0,21,2025-07-01T00:00:00.000Z,Superior heat treated for better control,https://example.com/images/condenser_brutale_800.jpg,Brutale 800,Condenser - Brutale 800,23,690.0,mid-range,3.4,poor,Dilshknagar,68d135063952f7cf7dee90f8,17.367642,78.534282,Manoj Automobiles,condenser - brutale 800 mv agusta ignition heavy-duty heat treated for enhanced safety,Ignition,2025-07-07T00:00:00.000Z,2023,68d135063952f7cf7dee90f6,modern
,TVS,,0.0,3,2025-08-07T00:00:00.000Z,Industrial grade temperature stable for enhanced durability,https://example.com/images/slip-on_exhaust_sport.jpg,Sport,Genuine Slip-on Exhaust - Sport,20,19961.0,premium,4.0,good,Karimnagar,68d135833952f7cf7dee910b,18.435781,79.132861,Mounika Automobiles,genuine slip-on exhaust - sport tvs exhaust precision-made fuel efficient for maximum protection,Exhaust,2025-08-09T00:00:00.000Z,2020,68d135833952f7cf7dee9109,modern
,Mahindra,,0.0,13,2025-08-19T00:00:00.000Z,Lightweight fuel efficient for superior reliability,https://example.com/images/fuel_filter_stallio.jpg,Stallio,Stallio Fuel Filter,27,1293.0,mid-range,4.6,excellent,Medak,68d135d63952f7cf7dee9120,18.048948,78.269372,baskar Automobiles,stallio fuel filter mahindra fuel system heavy-duty precision engineered for superior reliability,Fuel System,2025-07-04T00:00:00.000Z,2012,68d135d63952f7cf7dee911e,classic
,Hero,,0.0,12,2025-08-28T00:00:00.000Z,Precision-made corrosion resistant for enhanced safety,https://example.com/images/steering_head_bearing_karizma_xmr.jpg,Karizma XMR,Genuine Steering Head Bearing - Karizma XMR,35,6210.0,premium,3.6,average,Khammam,68d136193952f7cf7dee9133,17.249885,80.15615,Mahesh Automobiles,genuine steering head bearing - karizma xmr hero suspension long-lasting high strength for longer life,Suspension,2025-07-15T00:00:00.000Z,2014,68d136193952f7cf7dee9131,classic
,Royal Enfield,,0.0,14,2025-07-24T00:00:00.000Z,Advanced precision engineered for better fuel economy,https://example.com/images/drive_shaft_classic_500.jpg,Classic 500,Drive Shaft Assembly - Classic 500,39,4239.0,premium,3.4,poor,RAMNAGAR COLONY PEERZADIGUDA UPPAL HYDERABAD,689d6959045c37933826818d,17.390358,78.606729,sai automobiles,drive shaft assembly - classic 500 royal enfield drivetrain lightweight maintenance-free for reduced maintenance,Drivetrain,2025-07-08T00:00:00.000Z,2017,689d6959045c37933826818b,modern
,Hero,,0.0,11,2025-08-27T00:00:00.000Z,Street performance wear resistant for increased power,https://example.com/images/thread_locker_ignitor.jpg,Ignitor,Thread Locker - Ignitor,5,176.0,budget,4.7,excellent,Chappal Bazar Road - Kachiguda,68ac2a8f3c73e23c655de054,17.38953,78.491245,Swathi Automobiles,thread locker - ignitor hero maintenance lightweight temperature stable for smoother operation,Maintenance,2025-08-16T00:00:00.000Z,2012,68ac2a8e3c73e23c655de052,modern
,Suzuki,,0.0,24,2025-07-22T00:00:00.000Z,Industrial grade wear resistant for maximum protection,https://example.com/images/front_tire_intruder.jpg,Intruder,Suzuki Front Tire for Intruder,6,4791.0,premium,3.6,average,,68d0c47e09554c358655174d,17.423605,78.546314,Tarun Automobiles,suzuki front tire for intruder suzuki wheels & tires durable long lasting for enhanced durability,Wheels & Tires,2025-07-08T00:00:00.000Z,2019,68d0c47d09554c358655174b,modern
,Honda,,0.0,8,2025-08-31T00:00:00.000Z,Professional grade maintenance-free for optimal efficiency,https://example.com/images/chain_cleaner_cbr150r.jpg,CBR150R,Honda Chain Cleaner for CBR150R,34,73.0,budget,4.6,excellent,Hyderabad,68d133bf3952f7cf7dee90b9,17.511409,78.350972,Jyothi Automobiles,honda chain cleaner for cbr150r honda maintenance durable corrosion resistant for enhanced stability,Maintenance,2025-07-20T00:00:00.000Z,2010,68d133bf3952f7cf7dee90b7,modern
,Yezdi,,0.0,11,2025-08-24T00:00:00.000Z,Street performance impact resistant for improved performance,https://example.com/images/gear_oil_adventure.jpg,Adventure,Gear Oil Assembly - Adventure,1,763.0,mid-range,4.1,good,Bala Nagar,68d1346c3952f7cf7dee90d2,17.475679,78.447328,Kalyan Automobiles,gear oil assembly - adventure yezdi maintenance enhanced precision engineered for enhanced stability,Maintenance,2025-07-05T00:00:00.000Z,2023,68d1346c3952f7cf7dee90d0,modern
,Hero,,0.0,8,2025-07-13T00:00:00.000Z,OEM quality temperature stable for optimal efficiency,https://example.com/images/chain_lube_xpulse_200.jpg,Xpulse 200,Chain Lube - Xpulse 200,7,340.0,budget,4.1,good,Mahabubabad,68d134ac3952f7cf7dee90e5,17.594209,80.006903,Shiva sai Automobiles,chain lube - xpulse 200 hero maintenance premium quality long lasting for longer life,Maintenance,2025-08-14T00:00:00.000Z,2017,68d134ac3952f7cf7dee90e3,classic
,Harley-Davidson,,0.0,30,2025-07-14T00:00:00.000Z,Lightweight precision engineered for superior reliability,https://example.com/images/engine_cover_sportster_s.jpg,Sportster S,Engine Cover Assembly - Sportster S,24,4378.0,premium,3.3,poor,Dilshknagar,68d135063952f7cf7dee90f8,17.367642,78.534282,Manoj Automobiles,engine cover assembly - sportster s harley-davidson body parts racing quality chemical resistant for better handling,Body Parts,2025-07-07T00:00:00.000Z,2014,68d135063952f7cf7dee90f6,classic
,TVS,,0.0,16,2025-09-04T00:00:00.000Z,OEM quality noise reducing for better control,https://example.com/images/water_hose_max_125.jpg,Max 125,Max 125 Water Hose,44,6491.0,premium,3.9,average,Karimnagar,68d135833952f7cf7dee910b,18.435781,79.132861,Mounika Automobiles,max 125 water hose tvs cooling system enhanced noise reducing for better handling,Cooling System,2025-09-12T00:00:00.000Z,2022,68d135833952f7cf7dee9109,modern
,Aprilia,,0.0,12,2025-08-21T00:00:00.000Z,Long-lasting corrosion resistant for better control,https://example.com/images/mudguard_storm_125.jpg,Storm 125,Genuine Mudguard - Storm 125,4,2066.0,mid-range,4.1,good,Medak,68d135d63952f7cf7dee9120,18.048948,78.269372,baskar Automobiles,genuine mudguard - storm 125 aprilia body parts premium quality temperature stable for optimal efficiency,Body Parts,2025-07-22T00:00:00.000Z,2025,68d135d63952f7cf7dee911e,modern
,Yamaha,,0.0,11,2025-09-17T00:00:00.000Z,Heavy-duty weather resistant for maximum protection,https://example.com/images/brake_hose_r15m.jpg,R15M,Brake Hose - R15M,31,4383.0,premium,4.3,good,Khammam,68d136193952f7cf7dee9133,17.249885,80.15615,Mahesh Automobiles,brake hose - r15m yamaha brakes street performance fuel efficient for smoother operation,Brakes,2025-09-11T00:00:00.000Z,2021,68d136193952f7cf7dee9131,classic
,Triumph,,0.0,21,2025-08-27T00:00:00.000Z,Long-lasting wear resistant for superior reliability,https://example.com/images/chain_tensioner_tiger_900.jpg,Tiger 900,Chain Tensioner Assembly - Tiger 900,16,2842.0,premium,4.6,excellent,RAMNAGAR COLONY PEERZADIGUDA UPPAL HYDERABAD,689d6959045c37933826818d,17.390358,78.606729,sai automobiles,chain tensioner assembly - tiger 900 triumph drivetrain advanced noise reducing for reduced maintenance,Drivetrain,2025-08-06T00:00:00.000Z,2025,689d6959045c37933826818b,modern
,Yamaha,,0.0,8,2025-08-26T00:00:00.000Z,Enhanced eco-friendly for superior reliability,https://example.com/images/sprocket_bolt_fz_s.jpg,FZ-S,FZ-S Sprocket Bolt,38,7360.0,premium,4.0,good,Chappal Bazar Road - Kachiguda,68ac2a8f3c73e23c655de054,17.38953,78.491245,Swathi Automobiles,fz-s sprocket bolt yamaha drivetrain enhanced corrosion resistant for improved comfort,Drivetrain,2025-07-08T00:00:00.000Z,2024,68ac2a8e3c73e23c655de052,modern
,TVS,,0.0,12,2025-07-04T00:00:00.000Z,Durable long lasting for maximum protection,https://example.com/images/footpeg_set_scooty_pep_plus.jpg,Scooty Pep Plus,Footpeg Set Assembly - Scooty Pep Plus,33,1088.0,mid-range,4.7,excellent,,68d0c47e09554c358655174d,17.423605,78.546314,Tarun Automobiles,footpeg set assembly - scooty pep plus tvs accessories racing quality chemical resistant for increased power,Accessories,2025-09-02T00:00:00.000Z,2024,68d0c47d09554c358655174b,classic
,Mahindra,,0.0,9,2025-09-19T00:00:00.000Z,OEM quality impact resistant for increased power,https://example.com/images/spacer_mojo.jpg,Mojo,Heavy Duty Spacer - Mojo,20,6211.0,premium,4.8,excellent,Hyderabad,68d133bf3952f7cf7dee90b9,17.511409,78.350972,Jyothi Automobiles,heavy duty spacer - mojo mahindra wheels & tires street performance eco-friendly for optimal efficiency,Wheels & Tires,2025-09-14T00:00:00.000Z,2020,68d133bf3952f7cf7dee90b7,classic
,Ducati,,0.0,29,2025-07-03T00:00:00.000Z,Industrial grade heat treated for improved comfort,https://example.com/images/belly_pan_panigale_959.jpg,Panigale 959,Belly Pan - Panigale 959,44,6843.0,premium,3.2,poor,Bala Nagar,68d1346c3952f7cf7dee90d2,17.475679,78.447328,Kalyan Automobiles,belly pan - panigale 959 ducati body parts advanced vibration dampening for longer life,Body Parts,2025-08-27T00:00:00.000Z,2021,68d1346c3952f7cf7dee90d0,modern
,Jawa,,0.0,10,2025-07-27T00:00:00.000Z,Lightweight wear resistant for optimal efficiency,https://example.com/images/tube_cl_300.jpg,CL 300,Premium Tube for CL 300,21,1320.0,mid-range,4.4,good,Mahabubabad,68d134ac3952f7cf7dee90e5,17.594209,80.006903,Shiva sai Automobiles,premium tube for cl 300 jawa wheels & tires advanced noise reducing for improved comfort,Wheels & Tires,2025-07-16T00:00:00.000Z,2022,68d134ac3952f7cf7dee90e3,classic
,TVS,,0.0,1,2025-08-30T00:00:00.000Z,Heavy-duty impact resistant for better fuel economy,https://example.com/images/center_stand_jupiter.jpg,Jupiter,Performance Center Stand - Jupiter,11,6094.0,premium,4.2,good,Dilshknagar,68d135063952f7cf7dee90f8,17.367642,78.534282,Manoj Automobiles,performance center stand - jupiter tvs body parts superior maintenance-free for maximum protection,Body Parts,2025-08-28T00:00:00.000Z,2023,68d135063952f7cf7dee90f6,classic
,Royal Enfield,,0.0,22,2025-07-01T00:00:00.000Z,Professional grade vibration dampening for longer life,https://example.com/images/mirror_set_scram_411.jpg,Scram 411,Mirror Set Assembly - Scram 411,42,2979.0,premium,4.7,excellent,Karimnagar,68d135833952f7cf7dee910b,18.435781,79.132861,Mounika Automobiles,mirror set assembly - scram 411 royal enfield accessories high-performance noise reducing for maximum protection,Accessories,2025-08-20T00:00:00.000Z,2025,68d135833952f7cf7dee9109,modern
,Kawasaki,,0.0,5,2025-08-19T00:00:00.000Z,Long-lasting precision engineered for maximum protection,https://example.com/images/reserve_tank_ninja_zx_10r.jpg,Ninja ZX-10R,Heavy Duty Reserve Tank - Ninja ZX-10R,43,3465.0,premium,3.3,poor,Medak,68d135d63952f7cf7dee9120,18.048948,78.269372,baskar Automobiles,heavy duty reserve tank - ninja zx-10r kawasaki fuel system advanced maintenance-free for enhanced safety,Fuel System,2025-07-30T00:00:00.000Z,2017,68d135d63952f7cf7dee911e,classic
,Harley-Davidson,,0.0,1,2025-08-12T00:00:00.000Z,Industrial grade long lasting for smoother operation,https://example.com/images/flasher_relay_street_glide.jpg,Street Glide,Genuine Flasher Relay - Street Glide,23,5744.0,premium,3.9,average,Khammam,68d136193952f7cf7dee9133,17.249885,80.15615,Mahesh Automobiles,genuine flasher relay - street glide harley-davidson electrical professional grade chemical resistant for superior reliability,Electrical,2025-07-18T00:00:00.000Z,2017,68d136193952f7cf7dee9131,classic
,Triumph,,0.0,10,2025-07-27T00:00:00.000Z,Racing quality noise reducing for better control,https://example.com/images/wheel_hub_speed_triple.jpg,Speed Triple,Premium Wheel Hub for Speed Triple,0,11345.0,premium,4.7,excellent,RAMNAGAR COLONY PEERZADIGUDA UPPAL HYDERABAD,689d6959045c37933826818d,17.390358,78.606729,sai automobiles,premium wheel hub for speed triple triumph wheels & tires high-performance wear resistant for improved comfort,Wheels & Tires,2025-08-25T00:00:00.000Z,2010,689d6959045c37933826818b,classic
,Triumph,,0.0,16,2025-07-03T00:00:00.000Z,Long-lasting maintenance-free for smoother operation,https://example.com/images/indicator_bulb_street_triple.jpg,Street Triple,Genuine Indicator Bulb - Street Triple,24,3510.0,premium,4.8,excellent,Chappal Bazar Road - Kachiguda,68ac2a8f3c73e23c655de054,17.38953,78.491245,Swathi Automobiles,genuine indicator bulb - street triple triumph lighting heavy-duty maintenance-free for superior reliability,Lighting,2025-07-05T00:00:00.000Z,2018,68ac2a8e3c73e23c655de052,classic
,Suzuki,,0.0,13,2025-08-14T00:00:00.000Z,Precision-made noise reducing for enhanced stability,https://example.com/images/gasket_maker_intruder.jpg,Intruder,Performance Gasket Maker - Intruder,24,444.0,budget,3.5,average,,68d0c47e09554c358655174d,17.423605,78.546314,Tarun Automobiles,performance gasket maker - intruder suzuki maintenance oem quality high strength for longer life,Maintenance,2025-08-23T00:00:00.000Z,2022,68d0c47d09554c358655174b,modern
,Royal Enfield,,0.0,8,2025-09-08T00:00:00.000Z,Industrial grade temperature stable for enhanced safety,https://example.com/images/sprocket_bolt_shotgun_650.jpg,Shotgun 650,Shotgun 650 Sprocket Bolt,41,803.0,mid-range,3.6,average,Hyderabad,68d133bf3952f7cf7dee90b9,17.511409,78.350972,Jyothi Automobiles,shotgun 650 sprocket bolt royal enfield drivetrain premium quality heat treated for smoother operation,Drivetrain,2025-08-09T00:00:00.000Z,2018,68d133bf3952f7cf7dee90b7,classic
,Benelli,,0.0,21,2025-07-07T00:00:00.000Z,Enhanced maintenance-free for longer life,https://example.com/images/oil_ring_tnt_899.jpg,TNT 899,Benelli Oil Ring for TNT 899,49,12844.0,premium,4.3,good,Bala Nagar,68d1346c3952f7cf7dee90d2,17.475679,78.447328,Kalyan Automobiles,benelli oil ring for tnt 899 benelli engine superior temperature stable for improved comfort,Engine,2025-07-02T00:00:00.000Z,2024,68d1346c3952f7cf7dee90d0,modern
,Benelli,,0.0,28,2025-08-28T00:00:00.000Z,OEM quality fuel efficient for enhanced durability,https://example.com/images/front_sprocket_leoncino_500.jpg,Leoncino 500,Leoncino 500 Front Sprocket,21,7709.0,premium,3.8,average,Mahabubabad,68d134ac3952f7cf7dee90e5,17.594209,80.006903,Shiva sai Automobiles,leoncino 500 front sprocket benelli drivetrain enhanced wear resistant for superior reliability,Drivetrain,2025-08-17T00:00:00.000Z,2011,68d134ac3952f7cf7dee90e3,classic
,Suzuki,,0.0,24,2025-07-17T00:00:00.000Z,Long-lasting wear resistant for better control,https://example.com/images/tire_sealant_gixxer.jpg,Gixxer,Heavy Duty Tire Sealant - Gixxer,29,3372.0,premium,4.0,good,Dilshknagar,68d135063952f7cf7dee90f8,17.367642,78.534282,Manoj Automobiles,heavy duty tire sealant - gixxer suzuki wheels & tires premium quality weather resistant for better fuel economy,Wheels & Tires,2025-07-12T00:00:00.000Z,2011,68d135063952f7cf7dee90f6,modern
,TVS,,0.0,9,2025-08-09T00:00:00.000Z,Street performance chemical resistant for better control,https://example.com/images/rear_shock_absorber_zest.jpg,Zest,Performance Rear Shock Absorber - Zest,1,6877.0,premium,4.7,excellent,Karimnagar,68d135833952f7cf7dee910b,18.435781,79.132861,Mounika Automobiles,performance rear shock absorber - zest tvs suspension racing quality vibration dampening for better fuel economy,Suspension,2025-09-09T00:00:00.000Z,2020,68d135833952f7cf7dee9109,modern
,Yezdi,,0.0,10,2025-08-25T00:00:00.000Z,Industrial grade wear resistant for enhanced durability,https://example.com/images/lower_triple_tree_cl2.jpg,CL2,Lower Triple Tree - CL2,39,4118.0,premium,4.4,good,Medak,68d135d63952f7cf7dee9120,18.048948,78.269372,baskar Automobiles,lower triple tree - cl2 yezdi suspension high-performance fuel efficient for improved performance,Suspension,2025-07-18T00:00:00.000Z,2016,68d135d63952f7cf7dee911e,modern
,Yezdi,,0.0,24,2025-09-16T00:00:00.000Z,Premium quality wear resistant for maximum protection,https://example.com/images/end_cap_roadking.jpg,Roadking,Heavy Duty End Cap - Roadking,29,3232.0,premium,4.9,excellent,Khammam,68d136193952f7cf7dee9133,17.249885,80.15615,Mahesh Automobiles,heavy duty end cap - roadking yezdi exhaust durable chemical resistant for better handling,Exhaust,2025-08-17T00:00:00.000Z,2017,68d136193952f7cf7dee9131,modern
,TVS,,0.0,6,2025-08-01T00:00:00.000Z,Long-lasting precision engineered for enhanced safety,https://example.com/images/tail_pipe_jupiter.jpg,Jupiter,Racing Tail Pipe - Jupiter,35,15546.0,premium,4.1,good,RAMNAGAR COLONY PEERZADIGUDA UPPAL HYDERABAD,689d6959045c37933826818d,17.390358,78.606729,sai automobiles,racing tail pipe - jupiter tvs exhaust professional grade precision engineered for improved comfort,Exhaust,2025-08-25T00:00:00.000Z,2017,689d6959045c37933826818b,classic
,Honda,,0.0,15,2025-08-09T00:00:00.000Z,Durable eco-friendly for enhanced stability,https://example.com/images/water_pipe_cb_hornet_2.0.jpg,CB Hornet 2.0,Genuine Water Pipe - CB Hornet 2.0,22,11247.0,premium,4.6,excellent,Chappal Bazar Road - Kachiguda,68ac2a8f3c73e23c655de054,17.38953,78.491245,Swathi Automobiles,genuine water pipe - cb hornet 2.0 honda cooling system heavy-duty vibration dampening for enhanced safety,Cooling System,2025-08-13T00:00:00.000Z,2025,68ac2a8e3c73e23c655de052,modern
,Ducati,,0.0,18,2025-08-15T00:00:00.000Z,Heavy-duty wear resistant for reduced maintenance,https://example.com/images/fan_shroud_hypermotard.jpg,Hypermotard,Hypermotard Fan Shroud,5,9315.0,premium,3.9,average,,68d0c47e09554c358655174d,17.423605,78.546314,Tarun Automobiles,hypermotard fan shroud ducati cooling system street performance corrosion resistant for superior reliability,Cooling System,2025-08-24T00:00:00.000Z,2010,68d0c47d09554c358655174b,classic
,Aprilia,,0.0,20,2025-07-01T00:00:00.000Z,OEM quality precision engineered for superior reliability,https://example.com/images/tank_cap_rs_125.jpg,RS 125,Racing Tank Cap - RS 125,18,6548.0,premium,3.9,average,Hyderabad,68d133bf3952f7cf7dee90b9,17.511409,78.350972,Jyothi Automobiles,racing tank cap - rs 125 aprilia fuel system precision-made impact resistant for enhanced durability,Fuel System,2025-09-08T00:00:00.000Z,2021,68d133bf3952f7cf7dee90b7,modern
,Bajaj,,0.0,24,2025-09-06T00:00:00.000Z,Racing quality high strength for enhanced durability,https://example.com/images/warning_light_v12.jpg,V12,Performance Warning Light - V12,17,5872.0,premium,4.8,excellent,Bala Nagar,68d1346c3952f7cf7dee90d2,17.475679,78.447328,Kalyan Automobiles,performance warning light - v12 bajaj safety high-performance heat treated for enhanced durability,Safety,2025-08-10T00:00:00.000Z,2024,68d1346c3952f7cf7dee90d0,classic
,KTM,,0.0,4,2025-08-04T00:00:00.000Z,OEM quality corrosion resistant for reduced maintenance,https://example.com/images/flywheel_adventure_390.jpg,Adventure 390,Premium Flywheel for Adventure 390,48,17159.0,premium,4.8,excellent,Mahabubabad,68d134ac3952f7cf7dee90e5,17.594209,80.006903,Shiva sai Automobiles,premium flywheel for adventure 390 ktm engine lightweight maintenance-free for reduced maintenance,Engine,2025-09-06T00:00:00.000Z,2017,68d134ac3952f7cf7dee90e3,modern
,Yamaha,,0.0,9,2025-07-14T00:00:00.000Z,High-performance heat treated for smoother operation,https://example.com/images/wind_screen_mt_03.jpg,MT-03,Wind Screen Assembly - MT-03,4,2604.0,premium,4.3,good,Dilshknagar,68d135063952f7cf7dee90f8,17.367642,78.534282,Manoj Automobiles,wind screen assembly - mt-03 yamaha body parts durable wear resistant for optimal efficiency,Body Parts,2025-09-04T00:00:00.000Z,2022,68d135063952f7cf7dee90f6,modern
,Ducati,,0.0,29,2025-09-04T00:00:00.000Z,Premium quality temperature stable for better fuel economy,https://example.com/images/fuel_cock_supersport.jpg,SuperSport,Racing Fuel Cock - SuperSport,15,8177.0,premium,4.6,excellent,Karimnagar,68d135833952f7cf7dee910b,18.435781,79.132861,Mounika Automobiles,racing fuel cock - supersport ducati fuel system long-lasting chemical resistant for reduced maintenance,Fuel System,2025-07-22T00:00:00.000Z,2014,68d135833952f7cf7dee9109,modern
,Honda,,0.0,22,2025-07-18T00:00:00.000Z,Street performance precision engineered for longer life,https://example.com/images/transmission_filter_gold_wing.jpg,Gold Wing,Transmission Filter Assembly - Gold Wing,15,564.0,mid-range,4.8,excellent,Medak,68d135d63952f7cf7dee9120,18.048948,78.269372,baskar Automobiles,transmission filter assembly - gold wing honda filters oem quality heat treated for enhanced durability,Filters,2025-08-14T00:00:00.000Z,2024,68d135d63952f7cf7dee911e,classic
,Ducati,,0.0,9,2025-07-15T00:00:00.000Z,Racing quality eco-friendly for enhanced stability,https://example.com/images/headlight_lens_supersport.jpg,SuperSport,SuperSport Headlight Lens,10,3854.0,premium,4.5,excellent,Khammam,68d136193952f7cf7dee9133,17.249885,80.15615,Mahesh Automobiles,supersport headlight lens ducati lighting street performance precision engineered for better control,Lighting,2025-07-15T00:00:00.000Z,2020,68d136193952f7cf7dee9131,classic
,Bajaj,,0.0,21,2025-07-25T00:00:00.000Z,Premium quality corrosion resistant for smoother operation,https://example.com/images/torque_converter_pulsar_220.jpg,Pulsar 220,Torque Converter Assembly - Pulsar 220,5,3657.0,premium,3.6,average,RAMNAGAR COLONY PEERZADIGUDA UPPAL HYDERABAD,689d6959045c37933826818d,17.390358,78.606729,sai automobiles,torque converter assembly - pulsar 220 bajaj drivetrain advanced vibration dampening for enhanced stability,Drivetrain,2025-07-22T00:00:00.000Z,2017,689d6959045c37933826818b,modern
,Aprilia,,0.0,18,2025-09-16T00:00:00.000Z,High-performance heat treated for better control,https://example.com/images/emergency_brake_rs_125.jpg,RS 125,RS 125 Emergency Brake,9,3167.0,premium,4.5,excellent,Chappal Bazar Road - Kachiguda,68ac2a8f3c73e23c655de054,17.38953,78.491245,Swathi Automobiles,rs 125 emergency brake aprilia brakes advanced corrosion resistant for superior reliability,Brakes,2025-07-24T00:00:00.000Z,2019,68ac2a8e3c73e23c655de052,modern
,KTM,,0.0,25,2025-09-20T00:00:00.000Z,High-performance eco-friendly for maximum protection,https://example.com/images/indicator_bulb_duke_390.jpg,Duke 390,Performance Indicator Bulb - Duke 390,45,5381.0,premium,4.3,good,,68d0c47e09554c358655174d,17.423605,78.546314,Tarun Automobiles,performance indicator bulb - duke 390 ktm lighting heavy-duty precision engineered for increased power,Lighting,2025-08-20T00:00:00.000Z,2012,68d0c47d09554c358655174b,modern
,Benelli,,0.0,20,2025-07-19T00:00:00.000Z,Premium quality chemical resistant for smoother operation,https://example.com/images/exhaust_clamp_tnt_600i.jpg,TNT 600i,Benelli Exhaust Clamp for TNT 600i,17,13787.0,premium,3.6,average,Hyderabad,68d133bf3952f7cf7dee90b9,17.511409,78.350972,Jyothi Automobiles,benelli exhaust clamp for tnt 600i benelli exhaust premium quality fuel efficient for enhanced durability,Exhaust,2025-08-13T00:00:00.000Z,2012,68d133bf3952f7cf7dee90b7,classic
,KTM,,0.0,7,2025-08-27T00:00:00.000Z,Professional grade eco-friendly for optimal efficiency,https://example.com/images/tire_valve_rc_125.jpg,RC 125,RC 125 Tire Valve,11,11648.0,premium,4.2,good,Bala Nagar,68d1346c3952f7cf7dee90d2,17.475679,78.447328,Kalyan Automobiles,rc 125 tire valve ktm wheels & tires heavy-duty wear resistant for enhanced stability,Wheels & Tires,2025-07-28T00:00:00.000Z,2019,68d1346c3952f7cf7dee90d0,modern
,Hero,,0.0,22,2025-09-20T00:00:00.000Z,Professional grade eco-friendly for increased power,https://example.com/images/tire_pressure_sensor_ignitor.jpg,Ignitor,Racing Tire Pressure Sensor - Ignitor,11,7422.0,premium,3.5,average,Mahabubabad,68d134ac3952f7cf7dee90e5,17.594209,80.006903,Shiva sai Automobiles,racing tire pressure sensor - ignitor hero wheels & tires high-performance fuel efficient for enhanced stability,Wheels & Tires,2025-08-05T00:00:00.000Z,2021,68d134ac3952f7cf7dee90e3,classic
,Yezdi,,0.0,15,2025-09-10T00:00:00.000Z,Precision-made wear resistant for maximum protection,https://example.com/images/caliper_piston_monaco.jpg,Monaco,Caliper Piston - Monaco,6,1323.0,mid-range,4.0,good,Dilshknagar,68d135063952f7cf7dee90f8,17.367642,78.534282,Manoj Automobiles,caliper piston - monaco yezdi brakes enhanced chemical resistant for superior reliability,Brakes,2025-09-06T00:00:00.000Z,2020,68d135063952f7cf7dee90f6,classic
,Hero,,0.0,16,2025-09-13T00:00:00.000Z,Superior corrosion resistant for better control,https://example.com/images/gps_mount_cbz_xtreme.jpg,CBZ Xtreme,CBZ Xtreme GPS Mount,36,1591.0,mid-range,3.4,poor,Karimnagar,68d135833952f7cf7dee910b,18.435781,79.132861,Mounika Automobiles,cbz xtreme gps mount hero accessories street performance eco-friendly for improved performance,Accessories,2025-08-20T00:00:00.000Z,2018,68d135833952f7cf7dee9109,classic
,Suzuki,,0.0,27,2025-09-04T00:00:00.000Z,Professional grade fuel efficient for reduced maintenance,https://example.com/images/number_plate_holder_gsx_s750.jpg,GSX-S750,OEM Number Plate Holder - GSX-S750,36,2040.0,mid-range,4.7,excellent,Medak,68d135d63952f7cf7dee9120,18.048948,78.269372,baskar Automobiles,oem number plate holder - gsx-s750 suzuki body parts premium quality weather resistant for improved comfort,Body Parts,2025-08-11T00:00:00.000Z,2013,68d135d63952f7cf7dee911e,classic
,Harley-Davidson,,0.0,18,2025-08-13T00:00:00.000Z,Industrial grade vibration dampening for reduced maintenance,https://example.com/images/horn_livewire.jpg,LiveWire,Horn - LiveWire,33,1612.0,mid-range,4.8,excellent,Khammam,68d136193952f7cf7dee9133,17.249885,80.15615,Mahesh Automobiles,horn - livewire harley-davidson electrical high-performance noise reducing for superior reliability,Electrical,2025-07-18T00:00:00.000Z,2012,68d136193952f7cf7dee9131,classic
,Hero,,0.0,5,2025-09-02T00:00:00.000Z,Precision-made precision engineered for reduced maintenance,https://example.com/images/spark_plug_cap_karizma_xmr.jpg,Karizma XMR,OEM Spark Plug Cap - Karizma XMR,11,1342.0,mid-range,4.7,excellent,RAMNAGAR COLONY PEERZADIGUDA UPPAL HYDERABAD,689d6959045c37933826818d,17.390358,78.606729,sai automobiles,oem spark plug cap - karizma xmr hero ignition superior chemical resistant for improved comfort,Ignition,2025-07-28T00:00:00.000Z,2024,689d6959045c37933826818b,classic
,Triumph,,0.0,19,2025-08-27T00:00:00.000Z,Advanced corrosion resistant for enhanced durability,https://example.com/images/battery_box_thruxton_rs.jpg,Thruxton RS,OEM Battery Box - Thruxton RS,10,4035.0,premium,4.8,excellent,Chappal Bazar Road - Kachiguda,68ac2a8f3c73e23c655de054,17.38953,78.491245,Swathi Automobiles,oem battery box - thruxton rs triumph body parts durable noise reducing for enhanced stability,Body Parts,2025-07-22T00:00:00.000Z,2018,68ac2a8e3c73e23c655de052,classic
,Honda,,0.0,28,2025-08-03T00:00:00.000Z,Premium quality impact resistant for enhanced safety,https://example.com/images/brake_light_bulb_sp_125.jpg,SP 125,Honda Brake Light Bulb for SP 125,14,2261.0,mid-range,3.8,average,,68d0c47e09554c358655174d,17.423605,78.546314,Tarun Automobiles,honda brake light bulb for sp 125 honda lighting superior wear resistant for better fuel economy,Lighting,2025-09-10T00:00:00.000Z,2017,68d0c47d09554c358655174b,classic
,Hero,,0.0,25,2025-07-07T00:00:00.000Z,Heavy-duty long lasting for optimal efficiency,https://example.com/images/engine_mount_ignitor.jpg,Ignitor,Premium Engine Mount for Ignitor,21,23428.0,premium,3.9,average,Hyderabad,68d133bf3952f7cf7dee90b9,17.511409,78.350972,Jyothi Automobiles,premium engine mount for ignitor hero engine industrial grade corrosion resistant for maximum protection,Engine,2025-08-24T00:00:00.000Z,2016,68d133bf3952f7cf7dee90b7,modern
,Bajaj,,0.0,17,2025-09-19T00:00:00.000Z,Superior heat treated for improved performance,https://example.com/images/emergency_kit_platina_110.jpg,Platina 110,Genuine Emergency Kit - Platina 110,13,4559.0,premium,4.3,good,Bala Nagar,68d1346c3952f7cf7dee90d2,17.475679,78.447328,Kalyan Automobiles,genuine emergency kit - platina 110 bajaj safety professional grade chemical resistant for reduced maintenance,Safety,2025-07-09T00:00:00.000Z,2020,68d1346c3952f7cf7dee90d0,classic
,Yamaha,,0.0,10,2025-08-29T00:00:00.000Z,Street performance precision engineered for better handling,https://example.com/images/rotor_r15m.jpg,R15M,Heavy Duty Rotor - R15M,3,737.0,mid-range,3.3,poor,Mahabubabad,68d134ac3952f7cf7dee90e5,17.594209,80.006903,Shiva sai Automobiles,heavy duty rotor - r15m yamaha ignition oem quality wear resistant for improved performance,Ignition,2025-08-25T00:00:00.000Z,2020,68d134ac3952f7cf7dee90e3,classic
,Benelli,,0.0,18,2025-08-15T00:00:00.000Z,High-performance impact resistant for better control,https://example.com/images/gear_box_tnt_1130r.jpg,TNT 1130R,OEM Gear Box - TNT 1130R,11,10785.0,premium,4.3,good,Dilshknagar,68d135063952f7cf7dee90f8,17.367642,78.534282,Manoj Automobiles,oem gear box - tnt 1130r benelli transmission street performance impact resistant for longer life,Transmission,2025-08-10T00:00:00.000Z,2011,68d135063952f7cf7dee90f6,classic
,Mahindra,,0.0,4,2025-08-04T00:00:00.000Z,Durable wear resistant for enhanced durability,https://example.com/images/output_shaft_centuro.jpg,Centuro,Heavy Duty Output Shaft - Centuro,37,4405.0,premium,4.4,good,Karimnagar,68d135833952f7cf7dee910b,18.435781,79.132861,Mounika Automobiles,heavy duty output shaft - centuro mahindra transmission professional grade chemical resistant for longer life,Transmission,2025-07-29T00:00:00.000Z,2013,68d135833952f7cf7dee9109,modern
,Indian,,0.0,26,2025-08-06T00:00:00.000Z,Precision-made chemical resistant for better control,https://example.com/images/hand_guards_challenger.jpg,Challenger,Hand Guards - Challenger,33,2818.0,premium,3.3,poor,Medak,68d135d63952f7cf7dee9120,18.048948,78.269372,baskar Automobiles,hand guards - challenger indian accessories oem quality fuel efficient for longer life,Accessories,2025-08-15T00:00:00.000Z,2023,68d135d63952f7cf7dee911e,classic
,Suzuki,,0.0,5,2025-07-01T00:00:00.000Z,Premium quality precision engineered for enhanced safety,https://example.com/images/brake_hose_v_strom_sx.jpg,V-Strom SX,OEM Brake Hose - V-Strom SX,22,1599.0,mid-range,3.3,poor,Khammam,68d136193952f7cf7dee9133,17.249885,80.15615,Mahesh Automobiles,oem brake hose - v-strom sx suzuki brakes lightweight corrosion resistant for reduced maintenance,Brakes,2025-09-15T00:00:00.000Z,2010,68d136193952f7cf7dee9131,classic
,Kawasaki,,0.0,15,2025-09-02T00:00:00.000Z,Long-lasting heat treated for reduced maintenance,https://example.com/images/crankshaft_z900.jpg,Z900,Premium Crankshaft for Z900,21,2093.0,mid-range,3.8,average,RAMNAGAR COLONY PEERZADIGUDA UPPAL HYDERABAD,689d6959045c37933826818d,17.390358,78.606729,sai automobiles,premium crankshaft for z900 kawasaki engine long-lasting long lasting for optimal efficiency,Engine,2025-07-13T00:00:00.000Z,2015,689d6959045c37933826818b,modern
,TVS,,0.0,28,2025-09-20T00:00:00.000Z,Premium quality impact resistant for increased power,https://example.com/images/kick_starter_max_125.jpg,Max 125,Max 125 Kick Starter,7,3869.0,premium,4.3,good,Chappal Bazar Road - Kachiguda,68ac2a8f3c73e23c655de054,17.38953,78.491245,Swathi Automobiles,max 125 kick starter tvs transmission oem quality temperature stable for longer life,Transmission,2025-07-18T00:00:00.000Z,2016,68ac2a8e3c73e23c655de052,modern
,Bajaj,,0.0,30,2025-07-29T00:00:00.000Z,OEM quality corrosion resistant for increased power,https://example.com/images/exhaust_gasket_avenger_street_160.jpg,Avenger Street 160,Performance Exhaust Gasket - Avenger Street 160,20,19263.0,premium,3.3,poor,,68d0c47e09554c358655174d,17.423605,78.546314,Tarun Automobiles,performance exhaust gasket - avenger street 160 bajaj exhaust street performance eco-friendly for maximum protection,Exhaust,2025-08-01T00:00:00.000Z,2025,68d0c47d09554c358655174b,modern
,Triumph,,0.0,11,2025-08-20T00:00:00.000Z,Long-lasting high strength for better control,https://example.com/images/rear_brake_pad_tiger_1200.jpg,Tiger 1200,Rear Brake Pad Assembly - Tiger 1200,43,2306.0,mid-range,3.2,poor,Hyderabad,68d133bf3952f7cf7dee90b9,17.511409,78.350972,Jyothi Automobiles,rear brake pad assembly - tiger 1200 triumph brakes lightweight fuel efficient for better handling,Brakes,2025-08-06T00:00:00.000Z,2010,68d133bf3952f7cf7dee90b7,modern
,Jawa,,0.0,2,2025-07-05T00:00:00.000Z,Heavy-duty heat treated for enhanced durability,https://example.com/images/fuel_gauge_42.jpg,42,Genuine Fuel Gauge - 42,14,3813.0,premium,4.6,excellent,Bala Nagar,68d1346c3952f7cf7dee90d2,17.475679,78.447328,Kalyan Automobiles,genuine fuel gauge - 42 jawa fuel system long-lasting high strength for improved performance,Fuel System,2025-08-27T00:00:00.000Z,2022,68d1346c3952f7cf7dee90d0,modern
,Indian,,0.0,27,2025-07-10T00:00:00.000Z,Heavy-duty precision engineered for better fuel economy,https://example.com/images/ground_wire_challenger.jpg,Challenger,Racing Ground Wire - Challenger,10,7710.0,premium,4.4,good,Mahabubabad,68d134ac3952f7cf7dee90e5,17.594209,80.006903,Shiva sai Automobiles,racing ground wire - challenger indian electrical durable corrosion resistant for better handling,Electrical,2025-07-05T00:00:00.000Z,2018,68d134ac3952f7cf7dee90e3,classic
,Yezdi,,0.0,24,2025-07-13T00:00:00.000Z,Precision-made corrosion resistant for improved comfort,https://example.com/images/cylinder_block_adventure.jpg,Adventure,Genuine Cylinder Block - Adventure,23,11711.0,premium,4.8,excellent,Dilshknagar,68d135063952f7cf7dee90f8,17.367642,78.534282,Manoj Automobiles,genuine cylinder block - adventure yezdi engine racing quality fuel efficient for better handling,Engine,2025-09-14T00:00:00.000Z,2020,68d135063952f7cf7dee90f6,modern
,Triumph,,0.0,5,2025-08-13T00:00:00.000Z,Professional grade long lasting for enhanced stability,https://example.com/images/alternator_scrambler_1200.jpg,Scrambler 1200,Triumph Alternator for Scrambler 1200,20,4244.0,premium,3.3,poor,Karimnagar,68d135833952f7cf7dee910b,18.435781,79.132861,Mounika Automobiles,triumph alternator for scrambler 1200 triumph electrical durable long lasting for increased power,Electrical,2025-07-24T00:00:00.000Z,2025,68d135833952f7cf7dee9109,classic
,TVS,,0.0,16,2025-09-21T00:00:00.000Z,Long-lasting weather resistant for longer life,https://example.com/images/chain_guard_ntorq_125.jpg,Ntorq 125,Performance Chain Guard - Ntorq 125,32,1473.0,mid-range,4.9,excellent,Medak,68d135d63952f7cf7dee9120,18.048948,78.269372,baskar Automobiles,performance chain guard - ntorq 125 tvs body parts professional grade impact resistant for improved comfort,Body Parts,2025-08-24T00:00:00.000Z,2023,68d135d63952f7cf7dee911e,modern
,BMW,,0.0,23,2025-09-12T00:00:00.000Z,Street performance precision engineered for improved performance,https://example.com/images/trigger_coil_g_310_r.jpg,G 310 R,Trigger Coil - G 310 R,44,903.0,mid-range,3.4,poor,Khammam,68d136193952f7cf7dee9133,17.249885,80.15615,Mahesh Automobiles,trigger coil - g 310 r bmw ignition long-lasting high strength for maximum protection,Ignition,2025-07-29T00:00:00.000Z,2017,68d136193952f7cf7dee9131,modern
,Jawa,,0.0,26,2025-07-05T00:00:00.000Z,Superior chemical resistant for better fuel economy,https://example.com/images/riding_gloves_perak.jpg,Perak,Jawa Riding Gloves for Perak,38,5251.0,premium,4.6,excellent,RAMNAGAR COLONY PEERZADIGUDA UPPAL HYDERABAD,689d6959045c37933826818d,17.390358,78.606729,sai automobiles,jawa riding gloves for perak jawa safety oem quality vibration dampening for better fuel economy,Safety,2025-09-04T00:00:00.000Z,2012,689d6959045c37933826818b,modern
,Mahindra,,0.0,15,2025-08-30T00:00:00.000Z,Street performance vibration dampening for maximum protection,https://example.com/images/hub_bearing_zesto.jpg,Zesto,Performance Hub Bearing - Zesto,48,6322.0,premium,3.2,poor,Chappal Bazar Road - Kachiguda,68ac2a8f3c73e23c655de054,17.38953,78.491245,Swathi Automobiles,performance hub bearing - zesto mahindra wheels & tires durable maintenance-free for better handling,Wheels & Tires,2025-09-15T00:00:00.000Z,2016,68ac2a8e3c73e23c655de052,classic
,MV Agusta,,0.0,19,2025-07-24T00:00:00.000Z,Enhanced temperature stable for optimal efficiency,https://example.com/images/engine_cover_brutale_1000.jpg,Brutale 1000,Engine Cover - Brutale 1000,22,3807.0,premium,4.8,excellent,,68d0c47e09554c358655174d,17.423605,78.546314,Tarun Automobiles,engine cover - brutale 1000 mv agusta body parts high-performance precision engineered for improved performance,Body Parts,2025-07-01T00:00:00.000Z,2018,68d0c47d09554c358655174b,modern
,Yezdi,,0.0,20,2025-08-02T00:00:00.000Z,Durable heat treated for reduced maintenance,https://example.com/images/brake_cable_adventure.jpg,Adventure,Heavy Duty Brake Cable - Adventure,31,2316.0,mid-range,3.2,poor,Hyderabad,68d133bf3952f7cf7dee90b9,17.511409,78.350972,Jyothi Automobiles,heavy duty brake cable - adventure yezdi brakes precision-made chemical resistant for longer life,Brakes,2025-09-20T00:00:00.000Z,2020,68d133bf3952f7cf7dee90b7,modern
,TVS,,0.0,26,2025-08-25T00:00:00.000Z,Precision-made vibration dampening for improved performance,https://example.com/images/chain_adjuster_apache_rtr_160_4v.jpg,Apache RTR 160 4V,TVS Chain Adjuster for Apache RTR 160 4V,37,845.0,mid-range,4.3,good,Bala Nagar,68d1346c3952f7cf7dee90d2,17.475679,78.447328,Kalyan Automobiles,tvs chain adjuster for apache rtr 160 4v tvs drivetrain heavy-duty weather resistant for improved comfort,Drivetrain,2025-08-13T00:00:00.000Z,2011,68d1346c3952f7cf7dee90d0,classic
,Suzuki,,0.0,15,2025-09-08T00:00:00.000Z,Precision-made corrosion resistant for enhanced durability,https://example.com/images/rim_gsx_r600.jpg,GSX-R600,Performance Rim - GSX-R600,9,12248.0,premium,3.4,poor,Mahabubabad,68d134ac3952f7cf7dee90e5,17.594209,80.006903,Shiva sai Automobiles,performance rim - gsx-r600 suzuki wheels & tires heavy-duty temperature stable for superior reliability,Wheels & Tires,2025-08-20T00:00:00.000Z,2021,68d134ac3952f7cf7dee90e3,modern
,Hero,,0.0,26,2025-07-15T00:00:00.000Z,Long-lasting temperature stable for reduced maintenance,https://example.com/images/suspension_linkage_maestro_edge.jpg,Maestro Edge,OEM Suspension Linkage - Maestro Edge,10,12231.0,premium,4.8,excellent,Dilshknagar,68d135063952f7cf7dee90f8,17.367642,78.534282,Manoj Automobiles,oem suspension linkage - maestro edge hero suspension high-performance vibration dampening for superior reliability,Suspension,2025-09-09T00:00:00.000Z,2012,68d135063952f7cf7dee90f6,classic
,Mahindra,,0.0,10,2025-07-23T00:00:00.000Z,Racing quality eco-friendly for enhanced durability,https://example.com/images/fuel_sensor_kine.jpg,Kine,Kine Fuel Sensor,2,9893.0,premium,3.7,average,Karimnagar,68d135833952f7cf7dee910b,18.435781,79.132861,Mounika Automobiles,kine fuel sensor mahindra fuel system advanced heat treated for longer life,Fuel System,2025-07-21T00:00:00.000Z,2013,68d135833952f7cf7dee9109,modern
,TVS,,0.0,14,2025-09-13T00:00:00.000Z,Industrial grade corrosion resistant for improved comfort,https://example.com/images/handlebar_grip_xl100.jpg,XL100,Genuine Handlebar Grip - XL100,0,1301.0,mid-range,3.8,average,Medak,68d135d63952f7cf7dee9120,18.048948,78.269372,baskar Automobiles,genuine handlebar grip - xl100 tvs accessories advanced chemical resistant for better control,Accessories,2025-07-23T00:00:00.000Z,2017,68d135d63952f7cf7dee911e,classic
,Kawasaki,,0.0,13,2025-07-30T00:00:00.000Z,Street performance chemical resistant for improved comfort,https://example.com/images/torque_converter_vulcan_s.jpg,Vulcan S,Racing Torque Converter - Vulcan S,23,7692.0,premium,4.1,good,Khammam,68d136193952f7cf7dee9133,17.249885,80.15615,Mahesh Automobiles,racing torque converter - vulcan s kawasaki drivetrain industrial grade fuel efficient for enhanced stability,Drivetrain,2025-08-19T00:00:00.000Z,2020,68d136193952f7cf7dee9131,modern
,Yezdi,,0.0,14,2025-08-13T00:00:00.000Z,Professional grade vibration dampening for improved comfort,https://example.com/images/oil_ring_monaco.jpg,Monaco,Genuine Oil Ring - Monaco,27,3072.0,premium,3.2,poor,RAMNAGAR COLONY PEERZADIGUDA UPPAL HYDERABAD,689d6959045c37933826818d,17.390358,78.606729,sai automobiles,genuine oil ring - monaco yezdi engine street performance high strength for increased power,Engine,2025-07-20T00:00:00.000Z,2018,689d6959045c37933826818b,classic
,KTM,,0.0,4,2025-07-28T00:00:00.000Z,Long-lasting impact resistant for enhanced durability,https://example.com/images/license_plate_light_1290_super_adventure_s.jpg,1290 Super Adventure S,Premium License Plate Light for 1290 Super Adventure S,16,2166.0,mid-range,4.1,good,Chappal Bazar Road - Kachiguda,68ac2a8f3c73e23c655de054,17.38953,78.491245,Swathi Automobiles,premium license plate light for 1290 super adventure s ktm lighting premium quality heat treated for maximum protection,Lighting,2025-09-19T00:00:00.000Z,2024,68ac2a8e3c73e23c655de052,modern
,Honda,,0.0,27,2025-09-13T00:00:00.000Z,Racing quality fuel efficient for improved comfort,https://example.com/images/fuel_sensor_cbr250r.jpg,CBR250R,Premium Fuel Sensor for CBR250R,33,4496.0,premium,4.4,good,,68d0c47e09554c358655174d,17.423605,78.546314,Tarun Automobiles,premium fuel sensor for cbr250r honda fuel system superior chemical resistant for optimal efficiency,Fuel System,2025-07-11T00:00:00.000Z,2024,68d0c47d09554c358655174b,modern
,BMW,,0.0,24,2025-07-13T00:00:00.000Z,Enhanced wear resistant for superior reliability,https://example.com/images/fan_shroud_r_ninet.jpg,R nineT,R nineT Fan Shroud,48,8043.0,premium,5.0,excellent,Hyderabad,68d133bf3952f7cf7dee90b9,17.511409,78.350972,Jyothi Automobiles,r ninet fan shroud bmw cooling system oem quality wear resistant for smoother operation,Cooling System,2025-09-03T00:00:00.000Z,2020,68d133bf3952f7cf7dee90b7,classic
,Triumph,,0.0,6,2025-07-11T00:00:00.000Z,Professional grade fuel efficient for enhanced safety,https://example.com/images/grease_street_triple.jpg,Street Triple,Genuine Grease - Street Triple,22,780.0,mid-range,4.7,excellent,Bala Nagar,68d1346c3952f7cf7dee90d2,17.475679,78.447328,Kalyan Automobiles,genuine grease - street triple triumph maintenance oem quality heat treated for maximum protection,Maintenance,2025-09-15T00:00:00.000Z,2022,68d1346c3952f7cf7dee90d0,classic
,Ducati,,0.0,12,2025-07-23T00:00:00.000Z,Professional grade chemical resistant for enhanced stability,https://example.com/images/carbon_filter_diavel.jpg,Diavel,Ducati Carbon Filter for Diavel,27,754.0,mid-range,4.6,excellent,Mahabubabad,68d134ac3952f7cf7dee90e5,17.594209,80.006903,Shiva sai Automobiles,ducati carbon filter for diavel ducati filters oem quality wear resistant for improved performance,Filters,2025-08-29T00:00:00.000Z,2025,68d134ac3952f7cf7dee90e3,modern
,Aprilia,,0.0,15,2025-08-07T00:00:00.000Z,Premium quality heat treated for better control,https://example.com/images/assembly_paste_sr_160.jpg,SR 160,Premium Assembly Paste for SR 160,18,958.0,mid-range,3.9,average,Dilshknagar,68d135063952f7cf7dee90f8,17.367642,78.534282,Manoj Automobiles,premium assembly paste for sr 160 aprilia maintenance street performance maintenance-free for better handling,Maintenance,2025-09-08T00:00:00.000Z,2020,68d135063952f7cf7dee90f6,modern
,Yezdi,,0.0,6,2025-09-02T00:00:00.000Z,Advanced high strength for improved comfort,https://example.com/images/emergency_brake_adventure.jpg,Adventure,Heavy Duty Emergency Brake - Adventure,49,1431.0,mid-range,3.7,average,Karimnagar,68d135833952f7cf7dee910b,18.435781,79.132861,Mounika Automobiles,heavy duty emergency brake - adventure yezdi brakes oem quality noise reducing for better handling,Brakes,2025-07-28T00:00:00.000Z,2015,68d135833952f7cf7dee9109,classic
,Suzuki,,0.0,19,2025-09-02T00:00:00.000Z,Professional grade impact resistant for enhanced stability,https://example.com/images/chain_guide_gsx_r600.jpg,GSX-R600,Performance Chain Guide - GSX-R600,9,1034.0,mid-range,4.0,good,Medak,68d135d63952f7cf7dee9120,18.048948,78.269372,baskar Automobiles,performance chain guide - gsx-r600 suzuki drivetrain superior maintenance-free for improved comfort,Drivetrain,2025-08-16T00:00:00.000Z,2019,68d135d63952f7cf7dee911e,modern
,Harley-Davidson,,0.0,22,2025-08-21T00:00:00.000Z,High-performance weather resistant for maximum protection,https://example.com/images/seat_cover_sportster_s.jpg,Sportster S,Premium Seat Cover for Sportster S,48,4639.0,premium,4.4,good,Khammam,68d136193952f7cf7dee9133,17.249885,80.15615,Mahesh Automobiles,premium seat cover for sportster s harley-davidson body parts industrial grade eco-friendly for reduced maintenance,Body Parts,2025-08-19T00:00:00.000Z,2013,68d136193952f7cf7dee9131,classic
,TVS,,0.0,4,2025-09-18T00:00:00.000Z,Long-lasting temperature stable for improved performance,https://example.com/images/assembly_paste_sport.jpg,Sport,Premium Assembly Paste for Sport,44,625.0,mid-range,3.4,poor,RAMNAGAR COLONY PEERZADIGUDA UPPAL HYDERABAD,689d6959045c37933826818d,17.390358,78.606729,sai automobiles,premium assembly paste for sport tvs maintenance professional grade weather resistant for smoother operation,Maintenance,2025-09-07T00:00:00.000Z,2016,689d6959045c37933826818b,modern
,Benelli,,0.0,5,2025-08-02T00:00:00.000Z,Racing quality fuel efficient for enhanced safety,https://example.com/images/paper_filter_trk_502.jpg,TRK 502,Heavy Duty Paper Filter - TRK 502,7,647.0,mid-range,4.8,excellent,Chappal Bazar Road - Kachiguda,68ac2a8f3c73e23c655de054,17.38953,78.491245,Swathi Automobiles,heavy duty paper filter - trk 502 benelli filters superior chemical resistant for enhanced stability,Filters,2025-07-28T00:00:00.000Z,2024,68ac2a8e3c73e23c655de052,classic
,Indian,,0.0,7,2025-08-12T00:00:00.000Z,OEM quality eco-friendly for maximum protection,https://example.com/images/drl_kit_ftr_1200.jpg,FTR 1200,Genuine DRL Kit - FTR 1200,4,2109.0,mid-range,3.8,average,,68d0c47e09554c358655174d,17.423605,78.546314,Tarun Automobiles,genuine drl kit - ftr 1200 indian lighting oem quality maintenance-free for improved comfort,Lighting,2025-07-02T00:00:00.000Z,2011,68d0c47d09554c358655174b,classic
,MV Agusta,,0.0,19,2025-08-14T00:00:00.000Z,Industrial grade long lasting for optimal efficiency,https://example.com/images/ignition_module_superveloce_800.jpg,Superveloce 800,OEM Ignition Module - Superveloce 800,47,1985.0,mid-range,4.4,good,Hyderabad,68d133bf3952f7cf7dee90b9,17.511409,78.350972,Jyothi Automobiles,oem ignition module - superveloce 800 mv agusta ignition enhanced long lasting for better fuel economy,Ignition,2025-09-10T00:00:00.000Z,2023,68d133bf3952f7cf7dee90b7,modern
,Hero,,0.0,3,2025-09-20T00:00:00.000Z,Industrial grade noise reducing for better fuel economy,https://example.com/images/shock_spring_xoom_110.jpg,Xoom 110,Xoom 110 Shock Spring,26,1853.0,mid-range,4.8,excellent,Bala Nagar,68d1346c3952f7cf7dee90d2,17.475679,78.447328,Kalyan Automobiles,xoom 110 shock spring hero suspension heavy-duty precision engineered for better fuel economy,Suspension,2025-08-02T00:00:00.000Z,2023,68d1346c3952f7cf7dee90d0,modern
,Honda,,0.0,23,2025-07-30T00:00:00.000Z,Precision-made temperature stable for enhanced stability,https://example.com/images/piston_kit_grazia.jpg,Grazia,Heavy Duty Piston Kit - Grazia,40,20751.0,premium,3.4,poor,Mahabubabad,68d134ac3952f7cf7dee90e5,17.594209,80.006903,Shiva sai Automobiles,heavy duty piston kit - grazia honda engine long-lasting chemical resistant for superior reliability,Engine,2025-08-06T00:00:00.000Z,2022,68d134ac3952f7cf7dee90e3,modern
,Yezdi,,0.0,13,2025-08-29T00:00:00.000Z,Advanced heat treated for reduced maintenance,https://example.com/images/tire_pressure_sensor_rd_350.jpg,RD 350,Genuine Tire Pressure Sensor - RD 350,31,6890.0,premium,4.2,good,Dilshknagar,68d135063952f7cf7dee90f8,17.367642,78.534282,Manoj Automobiles,genuine tire pressure sensor - rd 350 yezdi wheels & tires heavy-duty eco-friendly for enhanced durability,Wheels & Tires,2025-08-27T00:00:00.000Z,2010,68d135063952f7cf7dee90f6,modern
,Hero,,0.0,29,2025-08-17T00:00:00.000Z,Industrial grade impact resistant for smoother operation,https://example.com/images/temperature_gauge_xtreme_160r.jpg,Xtreme 160R,Xtreme 160R Temperature Gauge,49,5302.0,premium,3.7,average,Karimnagar,68d135833952f7cf7dee910b,18.435781,79.132861,Mounika Automobiles,xtreme 160r temperature gauge hero cooling system premium quality fuel efficient for enhanced safety,Cooling System,2025-08-31T00:00:00.000Z,2016,68d135833952f7cf7dee9109,classic
,Honda,,0.0,7,2025-09-14T00:00:00.000Z,Street performance chemical resistant for longer life,https://example.com/images/shift_drum_sp_125.jpg,SP 125,OEM Shift Drum - SP 125,6,11159.0,premium,3.5,average,Medak,68d135d63952f7cf7dee9120,18.048948,78.269372,baskar Automobiles,oem shift drum - sp 125 honda transmission enhanced high strength for reduced maintenance,Transmission,2025-08-05T00:00:00.000Z,2025,68d135d63952f7cf7dee911e,classic
,Yezdi,,0.0,21,2025-07-01T00:00:00.000Z,Enhanced chemical resistant for better control,https://example.com/images/diode_adventure.jpg,Adventure,Yezdi Diode for Adventure,17,619.0,mid-range,4.6,excellent,Khammam,68d136193952f7cf7dee9133,17.249885,80.15615,Mahesh Automobiles,yezdi diode for adventure yezdi electrical durable heat treated for better fuel economy,Electrical,2025-08-10T00:00:00.000Z,2015,68d136193952f7cf7dee9131,classic
,Triumph,,0.0,12,2025-07-06T00:00:00.000Z,High-performance vibration dampening for enhanced stability,https://example.com/images/vacuum_filter_street_triple.jpg,Street Triple,Triumph Vacuum Filter for Street Triple,0,1754.0,mid-range,4.0,good,RAMNAGAR COLONY PEERZADIGUDA UPPAL HYDERABAD,689d6959045c37933826818d,17.390358,78.606729,sai automobiles,triumph vacuum filter for street triple triumph filters durable eco-friendly for improved comfort,Filters,2025-09-01T00:00:00.000Z,2015,689d6959045c37933826818b,classic
,Aprilia,,0.0,26,2025-07-10T00:00:00.000Z,Durable eco-friendly for longer life,https://example.com/images/upper_triple_tree_sr_160.jpg,SR 160,SR 160 Upper Triple Tree,0,12236.0,premium,3.8,average,Chappal Bazar Road - Kachiguda,68ac2a8f3c73e23c655de054,17.38953,78.491245,Swathi Automobiles,sr 160 upper triple tree aprilia suspension premium quality vibration dampening for superior reliability,Suspension,2025-08-29T00:00:00.000Z,2015,68ac2a8e3c73e23c655de052,classic
,Honda,,0.0,14,2025-08-22T00:00:00.000Z,Heavy-duty impact resistant for improved performance,https://example.com/images/clutch_hub_gold_wing.jpg,Gold Wing,Racing Clutch Hub - Gold Wing,29,2883.0,premium,3.9,average,,68d0c47e09554c358655174d,17.423605,78.546314,Tarun Automobiles,racing clutch hub - gold wing honda transmission long-lasting chemical resistant for enhanced safety,Transmission,2025-07-04T00:00:00.000Z,2010,68d0c47d09554c358655174b,modern
,Ducati,,0.0,15,2025-08-28T00:00:00.000Z,OEM quality impact resistant for reduced maintenance,https://example.com/images/fuel_sensor_xdiavel.jpg,XDiavel,Premium Fuel Sensor for XDiavel,11,8241.0,premium,4.1,good,Hyderabad,68d133bf3952f7cf7dee90b9,17.511409,78.350972,Jyothi Automobiles,premium fuel sensor for xdiavel ducati fuel system oem quality temperature stable for improved comfort,Fuel System,2025-09-20T00:00:00.000Z,2018,68d133bf3952f7cf7dee90b7,modern
,Indian,,0.0,13,2025-08-24T00:00:00.000Z,Industrial grade precision engineered for improved comfort,https://example.com/images/engine_oil_chieftain.jpg,Chieftain,Chieftain Engine Oil,6,591.0,mid-range,3.8,average,Bala Nagar,68d1346c3952f7cf7dee90d2,17.475679,78.447328,Kalyan Automobiles,chieftain engine oil indian maintenance lightweight eco-friendly for reduced maintenance,Maintenance,2025-09-14T00:00:00.000Z,2017,68d1346c3952f7cf7dee90d0,classic
,Jawa,,0.0,14,2025-08-22T00:00:00.000Z,Professional grade heat treated for enhanced stability,https://example.com/images/ground_wire_standard.jpg,Standard,Standard Ground Wire,8,4997.0,premium,3.6,average,Mahabubabad,68d134ac3952f7cf7dee90e5,17.594209,80.006903,Shiva sai Automobiles,standard ground wire jawa electrical advanced fuel efficient for enhanced safety,Electrical,2025-07-15T00:00:00.000Z,2019,68d134ac3952f7cf7dee90e3,modern
,MV Agusta,,0.0,7,2025-09-20T00:00:00.000Z,Street performance precision engineered for enhanced stability,https://example.com/images/headlight_assembly_turismo_veloce.jpg,Turismo Veloce,Racing Headlight Assembly - Turismo Veloce,7,2515.0,premium,3.6,average,Dilshknagar,68d135063952f7cf7dee90f8,17.367642,78.534282,Manoj Automobiles,racing headlight assembly - turismo veloce mv agusta lighting professional grade fuel efficient for increased power,Lighting,2025-07-18T00:00:00.000Z,2023,68d135063952f7cf7dee90f6,modern
,Triumph,,0.0,8,2025-08-16T00:00:00.000Z,Heavy-duty eco-friendly for improved comfort,https://example.com/images/gasket_maker_scrambler_1200.jpg,Scrambler 1200,OEM Gasket Maker - Scrambler 1200,41,415.0,budget,4.9,excellent,Karimnagar,68d135833952f7cf7dee910b,18.435781,79.132861,Mounika Automobiles,oem gasket maker - scrambler 1200 triumph maintenance superior wear resistant for optimal efficiency,Maintenance,2025-07-22T00:00:00.000Z,2019,68d135833952f7cf7dee9109,classic
,Triumph,,0.0,12,2025-08-16T00:00:00.000Z,Long-lasting temperature stable for smoother operation,https://example.com/images/wheel_lock_speed_twin.jpg,Speed Twin,Performance Wheel Lock - Speed Twin,46,7535.0,premium,3.2,poor,Medak,68d135d63952f7cf7dee9120,18.048948,78.269372,baskar Automobiles,performance wheel lock - speed twin triumph wheels & tires long-lasting chemical resistant for enhanced stability,Wheels & Tires,2025-09-18T00:00:00.000Z,2019,68d135d63952f7cf7dee911e,modern
,Indian,,0.0,30,2025-07-13T00:00:00.000Z,Enhanced maintenance-free for enhanced stability,https://example.com/images/tire_pressure_sensor_challenger.jpg,Challenger,Racing Tire Pressure Sensor - Challenger,16,1067.0,mid-range,3.9,average,Khammam,68d136193952f7cf7dee9133,17.249885,80.15615,Mahesh Automobiles,racing tire pressure sensor - challenger indian wheels & tires high-performance eco-friendly for better control,Wheels & Tires,2025-07-15T00:00:00.000Z,2011,68d136193952f7cf7dee9131,modern
,Indian,,0.0,1,2025-07-20T00:00:00.000Z,Professional grade weather resistant for longer life,https://example.com/images/spark_plug_scout.jpg,Scout,Spark Plug Assembly - Scout,14,1275.0,mid-range,4.2,good,RAMNAGAR COLONY PEERZADIGUDA UPPAL HYDERABAD,689d6959045c37933826818d,17.390358,78.606729,sai automobiles,spark plug assembly - scout indian ignition durable heat treated for longer life,Ignition,2025-08-05T00:00:00.000Z,2012,689d6959045c37933826818b,classic
,Indian,,0.0,11,2025-08-25T00:00:00.000Z,Lightweight wear resistant for better control,https://example.com/images/usb_charger_chief_vintage.jpg,Chief Vintage,Indian USB Charger for Chief Vintage,36,1875.0,mid-range,4.9,excellent,Chappal Bazar Road - Kachiguda,68ac2a8f3c73e23c655de054,17.38953,78.491245,Swathi Automobiles,indian usb charger for chief vintage indian accessories enhanced high strength for superior reliability,Accessories,2025-07-22T00:00:00.000Z,2018,68ac2a8e3c73e23c655de052,classic
,Bajaj,,0.0,13,2025-09-08T00:00:00.000Z,Lightweight weather resistant for maximum protection,https://example.com/images/fuel_tank_pulsar_150.jpg,Pulsar 150,Premium Fuel Tank for Pulsar 150,26,3347.0,premium,4.0,good,,68d0c47e09554c358655174d,17.423605,78.546314,Tarun Automobiles,premium fuel tank for pulsar 150 bajaj fuel system street performance temperature stable for improved comfort,Fuel System,2025-08-08T00:00:00.000Z,2024,68d0c47d09554c358655174b,modern
,TVS,,0.0,9,2025-07-09T00:00:00.000Z,Long-lasting weather resistant for better control,https://example.com/images/parking_light_ntorq_125.jpg,Ntorq 125,TVS Parking Light for Ntorq 125,33,3960.0,premium,3.6,average,Hyderabad,68d133bf3952f7cf7dee90b9,17.511409,78.350972,Jyothi Automobiles,tvs parking light for ntorq 125 tvs lighting professional grade vibration dampening for better handling,Lighting,2025-07-25T00:00:00.000Z,2021,68d133bf3952f7cf7dee90b7,classic
,Suzuki,,0.0,8,2025-07-10T00:00:00.000Z,Industrial grade high strength for better handling,https://example.com/images/tail_box_gixxer_sf.jpg,Gixxer SF,Tail Box Assembly - Gixxer SF,1,3616.0,premium,3.6,average,Bala Nagar,68d1346c3952f7cf7dee90d2,17.475679,78.447328,Kalyan Automobiles,tail box assembly - gixxer sf suzuki accessories professional grade weather resistant for better handling,Accessories,2025-08-10T00:00:00.000Z,2012,68d1346c3952f7cf7dee90d0,modern
,Suzuki,,0.0,15,2025-08-10T00:00:00.000Z,Advanced long lasting for optimal efficiency,https://example.com/images/performance_filter_gsx_s750.jpg,GSX-S750,OEM Performance Filter - GSX-S750,35,998.0,mid-range,4.4,good,Mahabubabad,68d134ac3952f7cf7dee90e5,17.594209,80.006903,Shiva sai Automobiles,oem performance filter - gsx-s750 suzuki filters street performance long lasting for improved comfort,Filters,2025-09-01T00:00:00.000Z,2020,68d134ac3952f7cf7dee90e3,classic
,Mahindra,,0.0,2,2025-08-17T00:00:00.000Z,OEM quality vibration dampening for smoother operation,https://example.com/images/fuel_gauge_gusto.jpg,Gusto,Racing Fuel Gauge - Gusto,11,3126.0,premium,3.6,average,Dilshknagar,68d135063952f7cf7dee90f8,17.367642,78.534282,Manoj Automobiles,racing fuel gauge - gusto mahindra fuel system oem quality precision engineered for improved performance,Fuel System,2025-07-26T00:00:00.000Z,2024,68d135063952f7cf7dee90f6,modern
,Kawasaki,,0.0,21,2025-08-29T00:00:00.000Z,Heavy-duty wear resistant for smoother operation,https://example.com/images/points_ninja_650.jpg,Ninja 650,Ninja 650 Points,35,686.0,mid-range,3.2,poor,Karimnagar,68d135833952f7cf7dee910b,18.435781,79.132861,Mounika Automobiles,ninja 650 points kawasaki ignition long-lasting high strength for smoother operation,Ignition,2025-08-19T00:00:00.000Z,2024,68d135833952f7cf7dee9109,modern
,Bajaj,,0.0,8,2025-07-18T00:00:00.000Z,Superior weather resistant for reduced maintenance,https://example.com/images/wiring_harness_dominar_400.jpg,Dominar 400,Dominar 400 Wiring Harness,2,1997.0,mid-range,4.2,good,Medak,68d135d63952f7cf7dee9120,18.048948,78.269372,baskar Automobiles,dominar 400 wiring harness bajaj electrical advanced high strength for longer life,Electrical,2025-07-15T00:00:00.000Z,2020,68d135d63952f7cf7dee911e,modern
,KTM,,0.0,20,2025-07-16T00:00:00.000Z,Precision-made vibration dampening for better fuel economy,https://example.com/images/indicator_bulb_1290_super_adventure_s.jpg,1290 Super Adventure S,Indicator Bulb Assembly - 1290 Super Adventure S,14,3499.0,premium,3.9,average,Khammam,68d136193952f7cf7dee9133,17.249885,80.15615,Mahesh Automobiles,indicator bulb assembly - 1290 super adventure s ktm lighting street performance chemical resistant for longer life,Lighting,2025-09-09T00:00:00.000Z,2013,68d136193952f7cf7dee9131,modern
,Aprilia,,0.0,10,2025-07-04T00:00:00.000Z,Street performance impact resistant for increased power,https://example.com/images/connecting_rod_sxr_160.jpg,SXR 160,Performance Connecting Rod - SXR 160,6,16707.0,premium,4.0,good,RAMNAGAR COLONY PEERZADIGUDA UPPAL HYDERABAD,689d6959045c37933826818d,17.390358,78.606729,sai automobiles,performance connecting rod - sxr 160 aprilia engine premium quality noise reducing for longer life,Engine,2025-07-18T00:00:00.000Z,2021,689d6959045c37933826818b,classic
,Triumph,,0.0,2,2025-08-27T00:00:00.000Z,Street performance temperature stable for increased power,https://example.com/images/tank_cover_speed_twin.jpg,Speed Twin,Premium Tank Cover for Speed Twin,16,6120.0,premium,4.3,good,Chappal Bazar Road - Kachiguda,68ac2a8f3c73e23c655de054,17.38953,78.491245,Swathi Automobiles,premium tank cover for speed twin triumph body parts professional grade wear resistant for smoother operation,Body Parts,2025-08-05T00:00:00.000Z,2017,68ac2a8e3c73e23c655de052,modern
,Harley-Davidson,,0.0,22,2025-09-16T00:00:00.000Z,Long-lasting weather resistant for better fuel economy,https://example.com/images/fire_extinguisher_iron_883.jpg,Iron 883,Fire Extinguisher - Iron 883,28,3203.0,premium,4.9,excellent,,68d0c47e09554c358655174d,17.423605,78.546314,Tarun Automobiles,fire extinguisher - iron 883 harley-davidson safety precision-made weather resistant for enhanced safety,Safety,2025-08-20T00:00:00.000Z,2012,68d0c47d09554c358655174b,modern
,Bajaj,,0.0,20,2025-08-24T00:00:00.000Z,Enhanced vibration dampening for better handling,https://example.com/images/riding_boots_pulsar_220.jpg,Pulsar 220,Pulsar 220 Riding Boots,36,5087.0,premium,4.5,excellent,Hyderabad,68d133bf3952f7cf7dee90b9,17.511409,78.350972,Jyothi Automobiles,pulsar 220 riding boots bajaj safety superior long lasting for better fuel economy,Safety,2025-09-11T00:00:00.000Z,2019,68d133bf3952f7cf7dee90b7,modern
,Ducati,,0.0,19,2025-08-09T00:00:00.000Z,Premium quality weather resistant for enhanced durability,https://example.com/images/caliper_piston_monster.jpg,Monster,Heavy Duty Caliper Piston - Monster,22,2723.0,premium,4.4,good,Bala Nagar,68d1346c3952f7cf7dee90d2,17.475679,78.447328,Kalyan Automobiles,heavy duty caliper piston - monster ducati brakes racing quality vibration dampening for reduced maintenance,Brakes,2025-08-04T00:00:00.000Z,2014,68d1346c3952f7cf7dee90d0,modern
,Ducati,,0.0,17,2025-08-01T00:00:00.000Z,High-performance heat treated for smoother operation,https://example.com/images/silencer_hypermotard.jpg,Hypermotard,Heavy Duty Silencer - Hypermotard,6,2016.0,mid-range,3.5,average,Mahabubabad,68d134ac3952f7cf7dee90e5,17.594209,80.006903,Shiva sai Automobiles,heavy duty silencer - hypermotard ducati exhaust street performance vibration dampening for longer life,Exhaust,2025-08-25T00:00:00.000Z,2016,68d134ac3952f7cf7dee90e3,modern
,Aprilia,,0.0,17,2025-07-05T00:00:00.000Z,Precision-made corrosion resistant for reduced maintenance,https://example.com/images/bypass_filter_shiver_900.jpg,Shiver 900,Heavy Duty Bypass Filter - Shiver 900,6,306.0,budget,4.8,excellent,Dilshknagar,68d135063952f7cf7dee90f8,17.367642,78.534282,Manoj Automobiles,heavy duty bypass filter - shiver 900 aprilia filters enhanced weather resistant for better fuel economy,Filters,2025-08-22T00:00:00.000Z,2021,68d135063952f7cf7dee90f6,classic
,Yezdi,,0.0,23,2025-09-02T00:00:00.000Z,Enhanced precision engineered for better control,https://example.com/images/light_switch_oilking.jpg,Oilking,Yezdi Light Switch for Oilking,13,979.0,mid-range,4.3,good,Karimnagar,68d135833952f7cf7dee910b,18.435781,79.132861,Mounika Automobiles,yezdi light switch for oilking yezdi lighting advanced temperature stable for reduced maintenance,Lighting,2025-07-02T00:00:00.000Z,2018,68d135833952f7cf7dee9109,classic
,Harley-Davidson,,0.0,24,2025-07-08T00:00:00.000Z,High-performance vibration dampening for superior reliability,https://example.com/images/brake_pedal_ultra_limited.jpg,Ultra Limited,Brake Pedal - Ultra Limited,34,1632.0,mid-range,3.4,poor,Medak,68d135d63952f7cf7dee9120,18.048948,78.269372,baskar Automobiles,brake pedal - ultra limited harley-davidson brakes industrial grade eco-friendly for better fuel economy,Brakes,2025-09-07T00:00:00.000Z,2012,68d135d63952f7cf7dee911e,classic
,Mahindra,,0.0,4,2025-09-06T00:00:00.000Z,Enhanced heat treated for enhanced durability,https://example.com/images/exhaust_flange_flyte.jpg,Flyte,Flyte Exhaust Flange,11,11027.0,premium,4.7,excellent,Khammam,68d136193952f7cf7dee9133,17.249885,80.15615,Mahesh Automobiles,flyte exhaust flange mahindra exhaust high-performance heat treated for reduced maintenance,Exhaust,2025-07-19T00:00:00.000Z,2024,68d136193952f7cf7dee9131,modern
,Aprilia,,0.0,18,2025-07-21T00:00:00.000Z,Racing quality impact resistant for longer life,https://example.com/images/rear_spring_rsv4.jpg,RSV4,Genuine Rear Spring - RSV4,23,11926.0,premium,4.8,excellent,RAMNAGAR COLONY PEERZADIGUDA UPPAL HYDERABAD,689d6959045c37933826818d,17.390358,78.606729,sai automobiles,genuine rear spring - rsv4 aprilia suspension lightweight wear resistant for better handling,Suspension,2025-09-18T00:00:00.000Z,2022,689d6959045c37933826818b,classic
,Benelli,,0.0,15,2025-07-16T00:00:00.000Z,Superior long lasting for better handling,https://example.com/images/indicator_bulb_tnt_300.jpg,TNT 300,Indicator Bulb - TNT 300,37,3697.0,premium,4.9,excellent,Chappal Bazar Road - Kachiguda,68ac2a8f3c73e23c655de054,17.38953,78.491245,Swathi Automobiles,indicator bulb - tnt 300 benelli lighting racing quality weather resistant for improved performance,Lighting,2025-09-18T00:00:00.000Z,2023,68ac2a8e3c73e23c655de052,modern
,Yamaha,,0.0,18,2025-07-11T00:00:00.000Z,Superior vibration dampening for enhanced durability,https://example.com/images/coolant_reservoir_yzf_r3.jpg,YZF-R3,Yamaha Coolant Reservoir for YZF-R3,7,2266.0,mid-range,3.7,average,,68d0c47e09554c358655174d,17.423605,78.546314,Tarun Automobiles,yamaha coolant reservoir for yzf-r3 yamaha cooling system enhanced precision engineered for increased power,Cooling System,2025-09-07T00:00:00.000Z,2024,68d0c47d09554c358655174b,modern
,Ducati,,0.0,18,2025-09-13T00:00:00.000Z,Durable precision engineered for better control,https://example.com/images/wax_panigale_959.jpg,Panigale 959,Racing Wax - Panigale 959,44,488.0,budget,4.2,good,Hyderabad,68d133bf3952f7cf7dee90b9,17.511409,78.350972,Jyothi Automobiles,racing wax - panigale 959 ducati maintenance high-performance temperature stable for reduced maintenance,Maintenance,2025-08-16T00:00:00.000Z,2015,68d133bf3952f7cf7dee90b7,classic
,Jawa,,0.0,13,2025-07-27T00:00:00.000Z,Durable precision engineered for enhanced stability,https://example.com/images/centrifugal_filter_sport.jpg,Sport,Centrifugal Filter Assembly - Sport,15,1480.0,mid-range,3.5,average,Bala Nagar,68d1346c3952f7cf7dee90d2,17.475679,78.447328,Kalyan Automobiles,centrifugal filter assembly - sport jawa filters precision-made heat treated for improved performance,Filters,2025-08-03T00:00:00.000Z,2020,68d1346c3952f7cf7dee90d0,classic
,MV Agusta,,0.0,15,2025-09-02T00:00:00.000Z,OEM quality high strength for superior reliability,https://example.com/images/exhaust_bolt_f4.jpg,F4,Genuine Exhaust Bolt - F4,36,4632.0,premium,3.4,poor,Mahabubabad,68d134ac3952f7cf7dee90e5,17.594209,80.006903,Shiva sai Automobiles,genuine exhaust bolt - f4 mv agusta exhaust oem quality fuel efficient for enhanced safety,Exhaust,2025-08-19T00:00:00.000Z,2025,68d134ac3952f7cf7dee90e3,classic
,Yamaha,,0.0,6,2025-08-01T00:00:00.000Z,OEM quality noise reducing for superior reliability,https://example.com/images/tire_iron_saluto_rx.jpg,Saluto RX,Yamaha Tire Iron for Saluto RX,5,5510.0,premium,3.7,average,Dilshknagar,68d135063952f7cf7dee90f8,17.367642,78.534282,Manoj Automobiles,yamaha tire iron for saluto rx yamaha wheels & tires premium quality vibration dampening for reduced maintenance,Wheels & Tires,2025-07-06T00:00:00.000Z,2014,68d135063952f7cf7dee90f6,modern
,Bajaj,,0.0,6,2025-07-21T00:00:00.000Z,Professional grade precision engineered for increased power,https://example.com/images/fork_oil_seal_discover_125.jpg,Discover 125,Heavy Duty Fork Oil Seal - Discover 125,43,9562.0,premium,4.6,excellent,Karimnagar,68d135833952f7cf7dee910b,18.435781,79.132861,Mounika Automobiles,heavy duty fork oil seal - discover 125 bajaj suspension durable weather resistant for improved comfort,Suspension,2025-07-14T00:00:00.000Z,2017,68d135833952f7cf7dee9109,modern
,Hero,,0.0,16,2025-08-07T00:00:00.000Z,Racing quality weather resistant for reduced maintenance,https://example.com/images/spoke_set_ignitor.jpg,Ignitor,Racing Spoke Set - Ignitor,16,7062.0,premium,4.3,good,Medak,68d135d63952f7cf7dee9120,18.048948,78.269372,baskar Automobiles,racing spoke set - ignitor hero wheels & tires enhanced vibration dampening for reduced maintenance,Wheels & Tires,2025-08-24T00:00:00.000Z,2023,68d135d63952f7cf7dee911e,modern
,Ducati,,0.0,22,2025-08-10T00:00:00.000Z,Long-lasting eco-friendly for enhanced durability,https://example.com/images/elbow_guard_desertx.jpg,DesertX,Ducati Elbow Guard for DesertX,12,3953.0,premium,4.2,good,Khammam,68d136193952f7cf7dee9133,17.249885,80.15615,Mahesh Automobiles,ducati elbow guard for desertx ducati safety advanced vibration dampening for better control,Safety,2025-07-12T00:00:00.000Z,2017,68d136193952f7cf7dee9131,modern
,Jawa,,0.0,9,2025-08-23T00:00:00.000Z,Lightweight fuel efficient for reduced maintenance,https://example.com/images/racing_filter_standard.jpg,Standard,Performance Racing Filter - Standard,14,1360.0,mid-range,4.1,good,RAMNAGAR COLONY PEERZADIGUDA UPPAL HYDERABAD,689d6959045c37933826818d,17.390358,78.606729,sai automobiles,performance racing filter - standard jawa filters long-lasting long lasting for superior reliability,Filters,2025-09-17T00:00:00.000Z,2022,689d6959045c37933826818b,classic
,Yezdi,,0.0,3,2025-07-13T00:00:00.000Z,Street performance eco-friendly for enhanced durability,https://example.com/images/detent_spring_classic.jpg,Classic,Yezdi Detent Spring for Classic,1,1177.0,mid-range,3.6,average,Chappal Bazar Road - Kachiguda,68ac2a8f3c73e23c655de054,17.38953,78.491245,Swathi Automobiles,yezdi detent spring for classic yezdi transmission heavy-duty chemical resistant for improved comfort,Transmission,2025-09-03T00:00:00.000Z,2023,68ac2a8e3c73e23c655de052,modern
,TVS,,0.0,27,2025-09-12T00:00:00.000Z,Lightweight long lasting for better control,https://example.com/images/centrifugal_filter_iqube_electric.jpg,iQube Electric,Genuine Centrifugal Filter - iQube Electric,11,601.0,mid-range,4.6,excellent,,68d0c47e09554c358655174d,17.423605,78.546314,Tarun Automobiles,genuine centrifugal filter - iqube electric tvs filters racing quality fuel efficient for maximum protection,Filters,2025-07-08T00:00:00.000Z,2015,68d0c47d09554c358655174b,modern
,Bajaj,,0.0,17,2025-09-17T00:00:00.000Z,Superior weather resistant for increased power,https://example.com/images/vacuum_filter_avenger_160.jpg,Avenger 160,Performance Vacuum Filter - Avenger 160,36,701.0,mid-range,3.5,average,Hyderabad,68d133bf3952f7cf7dee90b9,17.511409,78.350972,Jyothi Automobiles,performance vacuum filter - avenger 160 bajaj filters advanced heat treated for maximum protection,Filters,2025-07-06T00:00:00.000Z,2025,68d133bf3952f7cf7dee90b7,modern
,Indian,,0.0,22,2025-07-11T00:00:00.000Z,Advanced fuel efficient for enhanced safety,https://example.com/images/oil_pump_chief_vintage.jpg,Chief Vintage,Indian Oil Pump for Chief Vintage,22,4265.0,premium,3.5,average,Bala Nagar,68d1346c3952f7cf7dee90d2,17.475679,78.447328,Kalyan Automobiles,indian oil pump for chief vintage indian engine heavy-duty corrosion resistant for increased power,Engine,2025-07-26T00:00:00.000Z,2013,68d1346c3952f7cf7dee90d0,classic
,Harley-Davidson,,0.0,25,2025-08-23T00:00:00.000Z,Precision-made temperature stable for superior reliability,https://example.com/images/wheel_hub_fat_bob.jpg,Fat Bob,Wheel Hub Assembly - Fat Bob,18,4542.0,premium,3.3,poor,Mahabubabad,68d134ac3952f7cf7dee90e5,17.594209,80.006903,Shiva sai Automobiles,wheel hub assembly - fat bob harley-davidson wheels & tires enhanced maintenance-free for superior reliability,Wheels & Tires,2025-07-31T00:00:00.000Z,2024,68d134ac3952f7cf7dee90e3,modern
,Honda,,0.0,18,2025-09-14T00:00:00.000Z,Professional grade impact resistant for better fuel economy,https://example.com/images/helmet_aviator.jpg,Aviator,Aviator Helmet,0,5474.0,premium,4.8,excellent,Dilshknagar,68d135063952f7cf7dee90f8,17.367642,78.534282,Manoj Automobiles,aviator helmet honda safety professional grade wear resistant for enhanced durability,Safety,2025-08-05T00:00:00.000Z,2020,68d135063952f7cf7dee90f6,modern
,Triumph,,0.0,19,2025-07-19T00:00:00.000Z,Professional grade wear resistant for better control,https://example.com/images/footpeg_set_tiger_900.jpg,Tiger 900,Footpeg Set - Tiger 900,18,2934.0,premium,4.1,good,Karimnagar,68d135833952f7cf7dee910b,18.435781,79.132861,Mounika Automobiles,footpeg set - tiger 900 triumph accessories industrial grade wear resistant for longer life,Accessories,2025-09-15T00:00:00.000Z,2014,68d135833952f7cf7dee9109,modern
,Mahindra,,0.0,16,2025-08-05T00:00:00.000Z,Heavy-duty maintenance-free for reduced maintenance,https://example.com/images/performance_filter_kine.jpg,Kine,OEM Performance Filter - Kine,29,1125.0,mid-range,4.0,good,Medak,68d135d63952f7cf7dee9120,18.048948,78.269372,baskar Automobiles,oem performance filter - kine mahindra filters advanced chemical resistant for improved performance,Filters,2025-07-07T00:00:00.000Z,2024,68d135d63952f7cf7dee911e,classic
,Harley-Davidson,,0.0,17,2025-07-23T00:00:00.000Z,OEM quality vibration dampening for better control,https://example.com/images/axle_street_750.jpg,Street 750,Performance Axle - Street 750,9,12235.0,premium,4.3,good,Khammam,68d136193952f7cf7dee9133,17.249885,80.15615,Mahesh Automobiles,performance axle - street 750 harley-davidson wheels & tires advanced eco-friendly for smoother operation,Wheels & Tires,2025-07-15T00:00:00.000Z,2011,68d136193952f7cf7dee9131,modern
,Yamaha,,0.0,14,2025-07-06T00:00:00.000Z,Street performance heat treated for reduced maintenance,https://example.com/images/transmission_filter_saluto_rx.jpg,Saluto RX,Heavy Duty Transmission Filter - Saluto RX,7,1287.0,mid-range,4.8,excellent,RAMNAGAR COLONY PEERZADIGUDA UPPAL HYDERABAD,689d6959045c37933826818d,17.390358,78.606729,sai automobiles,heavy duty transmission filter - saluto rx yamaha filters durable fuel efficient for better control,Filters,2025-08-14T00:00:00.000Z,2017,689d6959045c37933826818b,modern
,KTM,,0.0,7,2025-08-10T00:00:00.000Z,Industrial grade vibration dampening for increased power,https://example.com/images/tube_890_adventure.jpg,890 Adventure,OEM Tube - 890 Adventure,39,5667.0,premium,3.3,poor,Chappal Bazar Road - Kachiguda,68ac2a8f3c73e23c655de054,17.38953,78.491245,Swathi Automobiles,oem tube - 890 adventure ktm wheels & tires durable impact resistant for increased power,Wheels & Tires,2025-07-11T00:00:00.000Z,2025,68ac2a8e3c73e23c655de052,modern
,Suzuki,,0.0,8,2025-08-24T00:00:00.000Z,OEM quality weather resistant for longer life,https://example.com/images/phone_mount_gixxer.jpg,Gixxer,Phone Mount Assembly - Gixxer,7,2720.0,premium,3.5,average,,68d0c47e09554c358655174d,17.423605,78.546314,Tarun Automobiles,phone mount assembly - gixxer suzuki accessories enhanced temperature stable for enhanced stability,Accessories,2025-07-25T00:00:00.000Z,2022,68d0c47d09554c358655174b,classic
,Suzuki,,0.0,4,2025-08-05T00:00:00.000Z,Long-lasting precision engineered for increased power,https://example.com/images/brake_hose_katana.jpg,Katana,Heavy Duty Brake Hose - Katana,9,2429.0,mid-range,4.0,good,Hyderabad,68d133bf3952f7cf7dee90b9,17.511409,78.350972,Jyothi Automobiles,heavy duty brake hose - katana suzuki brakes premium quality temperature stable for better handling,Brakes,2025-09-04T00:00:00.000Z,2025,68d133bf3952f7cf7dee90b7,modern
,Bajaj,,0.0,24,2025-08-31T00:00:00.000Z,Heavy-duty heat treated for improved comfort,https://example.com/images/rear_sprocket_ct_110x.jpg,CT 110X,Racing Rear Sprocket - CT 110X,36,7249.0,premium,3.6,average,Bala Nagar,68d1346c3952f7cf7dee90d2,17.475679,78.447328,Kalyan Automobiles,racing rear sprocket - ct 110x bajaj drivetrain enhanced vibration dampening for increased power,Drivetrain,2025-07-01T00:00:00.000Z,2019,68d1346c3952f7cf7dee90d0,classic
,MV Agusta,,0.0,24,2025-08-01T00:00:00.000Z,Racing quality maintenance-free for increased power,https://example.com/images/assembly_paste_brutale_1000.jpg,Brutale 1000,Assembly Paste - Brutale 1000,3,534.0,mid-range,4.0,good,Mahabubabad,68d134ac3952f7cf7dee90e5,17.594209,80.006903,Shiva sai Automobiles,assembly paste - brutale 1000 mv agusta maintenance enhanced weather resistant for better control,Maintenance,2025-07-13T00:00:00.000Z,2012,68d134ac3952f7cf7dee90e3,modern
,Harley-Davidson,,0.0,10,2025-07-10T00:00:00.000Z,Precision-made fuel efficient for smoother operation,https://example.com/images/belly_pan_sportster_s.jpg,Sportster S,Premium Belly Pan for Sportster S,39,6926.0,premium,4.6,excellent,Dilshknagar,68d135063952f7cf7dee90f8,17.367642,78.534282,Manoj Automobiles,premium belly pan for sportster s harley-davidson body parts lightweight precision engineered for better fuel economy,Body Parts,2025-08-20T00:00:00.000Z,2024,68d135063952f7cf7dee90f6,modern
,MV Agusta,,0.0,25,2025-08-10T00:00:00.000Z,Street performance high strength for reduced maintenance,https://example.com/images/paper_filter_brutale_1000.jpg,Brutale 1000,Racing Paper Filter - Brutale 1000,1,998.0,mid-range,3.7,average,Karimnagar,68d135833952f7cf7dee910b,18.435781,79.132861,Mounika Automobiles,racing paper filter - brutale 1000 mv agusta filters superior chemical resistant for better fuel economy,Filters,2025-07-15T00:00:00.000Z,2019,68d135833952f7cf7dee9109,classic
,MV Agusta,,0.0,3,2025-08-27T00:00:00.000Z,Durable precision engineered for smoother operation,https://example.com/images/wheel_hub_brutale_1000.jpg,Brutale 1000,OEM Wheel Hub - Brutale 1000,28,7764.0,premium,4.5,excellent,Medak,68d135d63952f7cf7dee9120,18.048948,78.269372,baskar Automobiles,oem wheel hub - brutale 1000 mv agusta wheels & tires lightweight eco-friendly for increased power,Wheels & Tires,2025-08-02T00:00:00.000Z,2013,68d135d63952f7cf7dee911e,modern
,Kawasaki,,0.0,23,2025-08-14T00:00:00.000Z,Professional grade eco-friendly for smoother operation,https://example.com/images/pressure_regulator_ninja_h2.jpg,Ninja H2,Genuine Pressure Regulator - Ninja H2,13,4053.0,premium,4.3,good,Khammam,68d136193952f7cf7dee9133,17.249885,80.15615,Mahesh Automobiles,genuine pressure regulator - ninja h2 kawasaki fuel system high-performance impact resistant for enhanced safety,Fuel System,2025-07-07T00:00:00.000Z,2017,68d136193952f7cf7dee9131,modern
,TVS,,0.0,20,2025-08-16T00:00:00.000Z,Superior precision engineered for reduced maintenance,https://example.com/images/chain_adjuster_apache_rtr_200_4v.jpg,Apache RTR 200 4V,OEM Chain Adjuster - Apache RTR 200 4V,19,3891.0,premium,4.2,good,RAMNAGAR COLONY PEERZADIGUDA UPPAL HYDERABAD,689d6959045c37933826818d,17.390358,78.606729,sai automobiles,oem chain adjuster - apache rtr 200 4v tvs drivetrain precision-made high strength for enhanced safety,Drivetrain,2025-08-05T00:00:00.000Z,2023,689d6959045c37933826818b,modern
,MV Agusta,,0.0,10,2025-08-15T00:00:00.000Z,Enhanced maintenance-free for enhanced stability,https://example.com/images/engine_mount_turismo_veloce.jpg,Turismo Veloce,Genuine Engine Mount - Turismo Veloce,10,20048.0,premium,4.7,excellent,Chappal Bazar Road - Kachiguda,68ac2a8f3c73e23c655de054,17.38953,78.491245,Swathi Automobiles,genuine engine mount - turismo veloce mv agusta engine precision-made fuel efficient for superior reliability,Engine,2025-08-23T00:00:00.000Z,2018,68ac2a8e3c73e23c655de052,classic
,Kawasaki,,0.0,24,2025-07-25T00:00:00.000Z,Professional grade eco-friendly for reduced maintenance,https://example.com/images/emergency_brake_ninja_h2.jpg,Ninja H2,Genuine Emergency Brake - Ninja H2,49,2228.0,mid-range,4.8,excellent,,68d0c47e09554c358655174d,17.423605,78.546314,Tarun Automobiles,genuine emergency brake - ninja h2 kawasaki brakes enhanced wear resistant for superior reliability,Brakes,2025-08-13T00:00:00.000Z,2011,68d0c47d09554c358655174b,modern
,Hero,,0.0,6,2025-08-17T00:00:00.000Z,Enhanced wear resistant for superior reliability,https://example.com/images/coolant_hose_xoom_110.jpg,Xoom 110,OEM Coolant Hose - Xoom 110,42,3222.0,premium,4.3,good,Hyderabad,68d133bf3952f7cf7dee90b9,17.511409,78.350972,Jyothi Automobiles,oem coolant hose - xoom 110 hero cooling system advanced chemical resistant for enhanced stability,Cooling System,2025-08-02T00:00:00.000Z,2023,68d133bf3952f7cf7dee90b7,classic
,Harley-Davidson,,0.0,16,2025-08-26T00:00:00.000Z,Enhanced heat treated for improved comfort,https://example.com/images/dashboard_light_livewire.jpg,LiveWire,Harley-Davidson Dashboard Light for LiveWire,37,4440.0,premium,3.5,average,Bala Nagar,68d1346c3952f7cf7dee90d2,17.475679,78.447328,Kalyan Automobiles,harley-davidson dashboard light for livewire harley-davidson lighting racing quality precision engineered for better control,Lighting,2025-07-16T00:00:00.000Z,2022,68d1346c3952f7cf7dee90d0,modern
,Aprilia,,0.0,27,2025-09-21T00:00:00.000Z,Precision-made heat treated for better handling,https://example.com/images/transmission_filter_caponord_1200.jpg,Caponord 1200,OEM Transmission Filter - Caponord 1200,34,804.0,mid-range,3.4,poor,Mahabubabad,68d134ac3952f7cf7dee90e5,17.594209,80.006903,Shiva sai Automobiles,oem transmission filter - caponord 1200 aprilia filters industrial grade heat treated for improved comfort,Filters,2025-09-20T00:00:00.000Z,2011,68d134ac3952f7cf7dee90e3,modern
,Kawasaki,,0.0,1,2025-09-12T00:00:00.000Z,Long-lasting precision engineered for better handling,https://example.com/images/engine_guard_vulcan_s.jpg,Vulcan S,Performance Engine Guard - Vulcan S,35,2886.0,premium,4.4,good,Dilshknagar,68d135063952f7cf7dee90f8,17.367642,78.534282,Manoj Automobiles,performance engine guard - vulcan s kawasaki accessories high-performance weather resistant for better control,Accessories,2025-08-03T00:00:00.000Z,2013,68d135063952f7cf7dee90f6,classic
,Triumph,,0.0,27,2025-09-19T00:00:00.000Z,Racing quality eco-friendly for better handling,https://example.com/images/crash_guard_tiger_900.jpg,Tiger 900,Triumph Crash Guard for Tiger 900,28,1638.0,mid-range,3.5,average,Karimnagar,68d135833952f7cf7dee910b,18.435781,79.132861,Mounika Automobiles,triumph crash guard for tiger 900 triumph accessories heavy-duty eco-friendly for maximum protection,Accessories,2025-07-31T00:00:00.000Z,2011,68d135833952f7cf7dee9109,classic
,Bajaj,,0.0,26,2025-07-23T00:00:00.000Z,Superior precision engineered for maximum protection,https://example.com/images/reflective_vest_pulsar_150.jpg,Pulsar 150,Pulsar 150 Reflective Vest,12,1134.0,mid-range,3.3,poor,Medak,68d135d63952f7cf7dee9120,18.048948,78.269372,baskar Automobiles,pulsar 150 reflective vest bajaj safety advanced vibration dampening for reduced maintenance,Safety,2025-09-07T00:00:00.000Z,2011,68d135d63952f7cf7dee911e,classic
,Kawasaki,,0.0,29,2025-08-17T00:00:00.000Z,Professional grade long lasting for better handling,https://example.com/images/brake_caliper_w175.jpg,W175,Heavy Duty Brake Caliper - W175,4,3399.0,premium,3.8,average,Khammam,68d136193952f7cf7dee9133,17.249885,80.15615,Mahesh Automobiles,heavy duty brake caliper - w175 kawasaki brakes enhanced temperature stable for reduced maintenance,Brakes,2025-09-06T00:00:00.000Z,2016,68d136193952f7cf7dee9131,modern
,Yamaha,,0.0,5,2025-08-24T00:00:00.000Z,Premium quality weather resistant for enhanced safety,https://example.com/images/light_switch_mt_03.jpg,MT-03,Light Switch - MT-03,32,2153.0,mid-range,4.6,excellent,RAMNAGAR COLONY PEERZADIGUDA UPPAL HYDERABAD,689d6959045c37933826818d,17.390358,78.606729,sai automobiles,light switch - mt-03 yamaha lighting long-lasting high strength for increased power,Lighting,2025-08-01T00:00:00.000Z,2013,689d6959045c37933826818b,classic
,Harley-Davidson,,0.0,15,2025-07-17T00:00:00.000Z,Long-lasting high strength for better handling,https://example.com/images/rim_tape_pan_america.jpg,Pan America,Performance Rim Tape - Pan America,47,12758.0,premium,3.6,average,Chappal Bazar Road - Kachiguda,68ac2a8f3c73e23c655de054,17.38953,78.491245,Swathi Automobiles,performance rim tape - pan america harley-davidson wheels & tires oem quality wear resistant for better handling,Wheels & Tires,2025-07-07T00:00:00.000Z,2015,68ac2a8e3c73e23c655de052,modern
,KTM,,0.0,3,2025-07-02T00:00:00.000Z,Professional grade maintenance-free for improved comfort,https://example.com/images/fuel_filter_1290_super_adventure_s.jpg,1290 Super Adventure S,Performance Fuel Filter - 1290 Super Adventure S,1,1617.0,mid-range,3.8,average,,68d0c47e09554c358655174d,17.423605,78.546314,Tarun Automobiles,performance fuel filter - 1290 super adventure s ktm fuel system precision-made chemical resistant for enhanced stability,Fuel System,2025-08-15T00:00:00.000Z,2012,68d0c47d09554c358655174b,classic
,Yamaha,,0.0,15,2025-07-31T00:00:00.000Z,Advanced wear resistant for smoother operation,https://example.com/images/fork_tube_ray_zr.jpg,Ray ZR,Fork Tube - Ray ZR,5,8887.0,premium,3.9,average,Hyderabad,68d133bf3952f7cf7dee90b9,17.511409,78.350972,Jyothi Automobiles,fork tube - ray zr yamaha suspension durable impact resistant for longer life,Suspension,2025-09-03T00:00:00.000Z,2023,68d133bf3952f7cf7dee90b7,modern
,Harley-Davidson,,0.0,9,2025-09-08T00:00:00.000Z,Superior corrosion resistant for optimal efficiency,https://example.com/images/cooling_fan_ultra_limited.jpg,Ultra Limited,Performance Cooling Fan - Ultra Limited,8,10636.0,premium,3.3,poor,Bala Nagar,68d1346c3952f7cf7dee90d2,17.475679,78.447328,Kalyan Automobiles,performance cooling fan - ultra limited harley-davidson cooling system superior temperature stable for smoother operation,Cooling System,2025-09-08T00:00:00.000Z,2013,68d1346c3952f7cf7dee90d0,modern
,TVS,,0.0,24,2025-07-23T00:00:00.000Z,High-performance impact resistant for enhanced stability,https://example.com/images/pressure_regulator_zest.jpg,Zest,Heavy Duty Pressure Regulator - Zest,10,2237.0,mid-range,4.2,good,Mahabubabad,68d134ac3952f7cf7dee90e5,17.594209,80.006903,Shiva sai Automobiles,heavy duty pressure regulator - zest tvs fuel system industrial grade weather resistant for longer life,Fuel System,2025-08-18T00:00:00.000Z,2012,68d134ac3952f7cf7dee90e3,modern
,TVS,,0.0,12,2025-08-16T00:00:00.000Z,Racing quality high strength for improved performance,https://example.com/images/water_hose_sport.jpg,Sport,Premium Water Hose for Sport,20,6762.0,premium,4.1,good,Dilshknagar,68d135063952f7cf7dee90f8,17.367642,78.534282,Manoj Automobiles,premium water hose for sport tvs cooling system oem quality weather resistant for superior reliability,Cooling System,2025-08-25T00:00:00.000Z,2017,68d135063952f7cf7dee90f6,modern
,Kawasaki,,0.0,28,2025-07-09T00:00:00.000Z,Street performance heat treated for enhanced safety,https://example.com/images/first_aid_kit_zx_6r.jpg,ZX-6R,Heavy Duty First Aid Kit - ZX-6R,47,3785.0,premium,4.5,excellent,Karimnagar,68d135833952f7cf7dee910b,18.435781,79.132861,Mounika Automobiles,heavy duty first aid kit - zx-6r kawasaki accessories oem quality noise reducing for maximum protection,Accessories,2025-07-08T00:00:00.000Z,2012,68d135833952f7cf7dee9109,classic
,Kawasaki,,0.0,22,2025-07-24T00:00:00.000Z,Durable corrosion resistant for optimal efficiency,https://example.com/images/racing_filter_zx_6r.jpg,ZX-6R,OEM Racing Filter - ZX-6R,38,850.0,mid-range,4.3,good,Medak,68d135d63952f7cf7dee9120,18.048948,78.269372,baskar Automobiles,oem racing filter - zx-6r kawasaki filters superior corrosion resistant for optimal efficiency,Filters,2025-09-06T00:00:00.000Z,2018,68d135d63952f7cf7dee911e,modern
,Indian,,0.0,15,2025-07-11T00:00:00.000Z,Racing quality noise reducing for increased power,https://example.com/images/contact_cleaner_scout_bobber.jpg,Scout Bobber,Contact Cleaner - Scout Bobber,7,275.0,budget,4.9,excellent,Khammam,68d136193952f7cf7dee9133,17.249885,80.15615,Mahesh Automobiles,contact cleaner - scout bobber indian maintenance professional grade long lasting for better fuel economy,Maintenance,2025-08-26T00:00:00.000Z,2015,68d136193952f7cf7dee9131,classic
,Suzuki,,0.0,19,2025-09-14T00:00:00.000Z,Heavy-duty chemical resistant for improved performance,https://example.com/images/mesh_filter_boulevard.jpg,Boulevard,Boulevard Mesh Filter,4,701.0,mid-range,3.7,average,RAMNAGAR COLONY PEERZADIGUDA UPPAL HYDERABAD,689d6959045c37933826818d,17.390358,78.606729,sai automobiles,boulevard mesh filter suzuki filters long-lasting weather resistant for optimal efficiency,Filters,2025-08-31T00:00:00.000Z,2018,689d6959045c37933826818b,classic
,BMW,,0.0,23,2025-09-04T00:00:00.000Z,Long-lasting fuel efficient for superior reliability,https://example.com/images/overflow_tank_c_400_x.jpg,C 400 X,OEM Overflow Tank - C 400 X,0,4683.0,premium,3.9,average,Chappal Bazar Road - Kachiguda,68ac2a8f3c73e23c655de054,17.38953,78.491245,Swathi Automobiles,oem overflow tank - c 400 x bmw cooling system long-lasting wear resistant for better control,Cooling System,2025-09-05T00:00:00.000Z,2024,68ac2a8e3c73e23c655de052,modern
,BMW,,0.0,9,2025-07-11T00:00:00.000Z,Professional grade noise reducing for better fuel economy,https://example.com/images/rust_remover_k_1600_gtl.jpg,K 1600 GTL,Premium Rust Remover for K 1600 GTL,5,916.0,mid-range,3.7,average,,68d0c47e09554c358655174d,17.423605,78.546314,Tarun Automobiles,premium rust remover for k 1600 gtl bmw maintenance heavy-duty weather resistant for superior reliability,Maintenance,2025-07-23T00:00:00.000Z,2015,68d0c47d09554c358655174b,classic
,Indian,,0.0,8,2025-08-07T00:00:00.000Z,Racing quality chemical resistant for superior reliability,https://example.com/images/exhaust_bolt_scout.jpg,Scout,Exhaust Bolt Assembly - Scout,34,15627.0,premium,3.8,average,Hyderabad,68d133bf3952f7cf7dee90b9,17.511409,78.350972,Jyothi Automobiles,exhaust bolt assembly - scout indian exhaust enhanced vibration dampening for improved comfort,Exhaust,2025-07-30T00:00:00.000Z,2014,68d133bf3952f7cf7dee90b7,modern
,Mahindra,,0.0,15,2025-07-21T00:00:00.000Z,OEM quality eco-friendly for enhanced durability,https://example.com/images/belt_guard_rodeo_rz.jpg,Rodeo RZ,Mahindra Belt Guard for Rodeo RZ,12,3400.0,premium,4.8,excellent,Bala Nagar,68d1346c3952f7cf7dee90d2,17.475679,78.447328,Kalyan Automobiles,mahindra belt guard for rodeo rz mahindra drivetrain durable fuel efficient for optimal efficiency,Drivetrain,2025-08-01T00:00:00.000Z,2010,68d1346c3952f7cf7dee90d0,classic
,Bajaj,,0.0,29,2025-07-22T00:00:00.000Z,OEM quality noise reducing for enhanced durability,https://example.com/images/coil_pulsar_rs200.jpg,Pulsar RS200,Bajaj Coil for Pulsar RS200,49,4937.0,premium,4.3,good,Mahabubabad,68d134ac3952f7cf7dee90e5,17.594209,80.006903,Shiva sai Automobiles,bajaj coil for pulsar rs200 bajaj electrical lightweight weather resistant for optimal efficiency,Electrical,2025-09-05T00:00:00.000Z,2020,68d134ac3952f7cf7dee90e3,classic
,Harley-Davidson,,0.0,20,2025-09-10T00:00:00.000Z,Lightweight maintenance-free for smoother operation,https://example.com/images/handlebar_grip_livewire.jpg,LiveWire,Premium Handlebar Grip for LiveWire,15,1543.0,mid-range,3.8,average,Dilshknagar,68d135063952f7cf7dee90f8,17.367642,78.534282,Manoj Automobiles,premium handlebar grip for livewire harley-davidson accessories racing quality heat treated for enhanced durability,Accessories,2025-08-25T00:00:00.000Z,2016,68d135063952f7cf7dee90f6,modern
,Triumph,,0.0,7,2025-08-02T00:00:00.000Z,Enhanced temperature stable for improved comfort,https://example.com/images/parking_light_street_triple.jpg,Street Triple,Racing Parking Light - Street Triple,40,317.0,budget,3.4,poor,Karimnagar,68d135833952f7cf7dee910b,18.435781,79.132861,Mounika Automobiles,racing parking light - street triple triumph lighting superior maintenance-free for increased power,Lighting,2025-08-01T00:00:00.000Z,2023,68d135833952f7cf7dee9109,classic
,Honda,,0.0,25,2025-07-17T00:00:00.000Z,Advanced weather resistant for enhanced safety,https://example.com/images/cdi_unit_pcx_150.jpg,PCX 150,CDI Unit Assembly - PCX 150,36,6341.0,premium,4.0,good,Medak,68d135d63952f7cf7dee9120,18.048948,78.269372,baskar Automobiles,cdi unit assembly - pcx 150 honda electrical precision-made vibration dampening for smoother operation,Electrical,2025-08-21T00:00:00.000Z,2020,68d135d63952f7cf7dee911e,classic
,Jawa,,0.0,30,2025-09-14T00:00:00.000Z,Durable noise reducing for enhanced stability,https://example.com/images/gear_selector_standard.jpg,Standard,Heavy Duty Gear Selector - Standard,14,2430.0,mid-range,3.9,average,Khammam,68d136193952f7cf7dee9133,17.249885,80.15615,Mahesh Automobiles,heavy duty gear selector - standard jawa transmission long-lasting heat treated for enhanced durability,Transmission,2025-08-18T00:00:00.000Z,2012,68d136193952f7cf7dee9131,modern
,BMW,,0.0,9,2025-07-03T00:00:00.000Z,Precision-made heat treated for superior reliability,https://example.com/images/shock_absorber_oil_f_850_gs.jpg,F 850 GS,F 850 GS Shock Absorber Oil,42,7455.0,premium,4.5,excellent,RAMNAGAR COLONY PEERZADIGUDA UPPAL HYDERABAD,689d6959045c37933826818d,17.390358,78.606729,sai automobiles,f 850 gs shock absorber oil bmw suspension enhanced chemical resistant for enhanced durability,Suspension,2025-09-07T00:00:00.000Z,2023,689d6959045c37933826818b,modern
,Indian,,0.0,12,2025-07-22T00:00:00.000Z,High-performance maintenance-free for improved performance,https://example.com/images/silencer_chief.jpg,Chief,Heavy Duty Silencer - Chief,10,14302.0,premium,5.0,excellent,Chappal Bazar Road - Kachiguda,68ac2a8f3c73e23c655de054,17.38953,78.491245,Swathi Automobiles,heavy duty silencer - chief indian exhaust enhanced fuel efficient for better control,Exhaust,2025-09-06T00:00:00.000Z,2024,68ac2a8e3c73e23c655de052,modern
,Aprilia,,0.0,15,2025-09-10T00:00:00.000Z,Professional grade fuel efficient for superior reliability,https://example.com/images/temperature_gauge_rsv4.jpg,RSV4,RSV4 Temperature Gauge,18,8256.0,premium,4.3,good,,68d0c47e09554c358655174d,17.423605,78.546314,Tarun Automobiles,rsv4 temperature gauge aprilia cooling system durable maintenance-free for increased power,Cooling System,2025-08-22T00:00:00.000Z,2014,68d0c47d09554c358655174b,modern
,KTM,,0.0,21,2025-09-20T00:00:00.000Z,Precision-made precision engineered for smoother operation,https://example.com/images/shift_fork_1290_super_adventure_s.jpg,1290 Super Adventure S,Shift Fork Assembly - 1290 Super Adventure S,47,7334.0,premium,3.4,poor,Hyderabad,68d133bf3952f7cf7dee90b9,17.511409,78.350972,Jyothi Automobiles,shift fork assembly - 1290 super adventure s ktm transmission professional grade corrosion resistant for increased power,Transmission,2025-08-11T00:00:00.000Z,2014,68d133bf3952f7cf7dee90b7,classic
,Kawasaki,,0.0,19,2025-09-04T00:00:00.000Z,Premium quality corrosion resistant for enhanced safety,https://example.com/images/polish_vulcan_s.jpg,Vulcan S,Heavy Duty Polish - Vulcan S,16,810.0,mid-range,3.8,average,Bala Nagar,68d1346c3952f7cf7dee90d2,17.475679,78.447328,Kalyan Automobiles,heavy duty polish - vulcan s kawasaki maintenance heavy-duty eco-friendly for enhanced stability,Maintenance,2025-07-30T00:00:00.000Z,2018,68d1346c3952f7cf7dee90d0,classic
,Aprilia,,0.0,14,2025-09-21T00:00:00.000Z,Industrial grade heat treated for better fuel economy,https://example.com/images/tail_box_sxr_160.jpg,SXR 160,Tail Box - SXR 160,5,859.0,mid-range,4.3,good,Mahabubabad,68d134ac3952f7cf7dee90e5,17.594209,80.006903,Shiva sai Automobiles,tail box - sxr 160 aprilia accessories durable corrosion resistant for enhanced stability,Accessories,2025-07-22T00:00:00.000Z,2015,68d134ac3952f7cf7dee90e3,classic
,Suzuki,,0.0,18,2025-08-03T00:00:00.000Z,Professional grade high strength for enhanced safety,https://example.com/images/brake_fluid_reservoir_gixxer.jpg,Gixxer,OEM Brake Fluid Reservoir - Gixxer,1,4943.0,premium,4.2,good,Dilshknagar,68d135063952f7cf7dee90f8,17.367642,78.534282,Manoj Automobiles,oem brake fluid reservoir - gixxer suzuki brakes durable heat treated for reduced maintenance,Brakes,2025-08-05T00:00:00.000Z,2010,68d135063952f7cf7dee90f6,modern
,Mahindra,,0.0,13,2025-07-30T00:00:00.000Z,OEM quality heat treated for enhanced durability,https://example.com/images/rear_tire_zesto.jpg,Zesto,Mahindra Rear Tire for Zesto,36,9098.0,premium,3.3,poor,Karimnagar,68d135833952f7cf7dee910b,18.435781,79.132861,Mounika Automobiles,mahindra rear tire for zesto mahindra wheels & tires heavy-duty noise reducing for enhanced durability,Wheels & Tires,2025-08-21T00:00:00.000Z,2017,68d135833952f7cf7dee9109,modern
,Bajaj,,0.0,22,2025-08-22T00:00:00.000Z,OEM quality high strength for enhanced stability,https://example.com/images/bypass_filter_discover_125.jpg,Discover 125,Heavy Duty Bypass Filter - Discover 125,37,1226.0,mid-range,3.8,average,Medak,68d135d63952f7cf7dee9120,18.048948,78.269372,baskar Automobiles,heavy duty bypass filter - discover 125 bajaj filters street performance high strength for increased power,Filters,2025-09-01T00:00:00.000Z,2015,68d135d63952f7cf7dee911e,modern
,Indian,,0.0,21,2025-08-19T00:00:00.000Z,OEM quality temperature stable for longer life,https://example.com/images/luggage_rack_chief.jpg,Chief,Premium Luggage Rack for Chief,47,3557.0,premium,3.6,average,Khammam,68d136193952f7cf7dee9133,17.249885,80.15615,Mahesh Automobiles,premium luggage rack for chief indian accessories high-performance maintenance-free for better handling,Accessories,2025-08-01T00:00:00.000Z,2014,68d136193952f7cf7dee9131,classic
,Harley-Davidson,,0.0,26,2025-09-07T00:00:00.000Z,Premium quality noise reducing for better control,https://example.com/images/front_brake_pad_street_750.jpg,Street 750,Street 750 Front Brake Pad,38,4835.0,premium,4.1,good,RAMNAGAR COLONY PEERZADIGUDA UPPAL HYDERABAD,689d6959045c37933826818d,17.390358,78.606729,sai automobiles,street 750 front brake pad harley-davidson brakes lightweight corrosion resistant for improved comfort,Brakes,2025-08-05T00:00:00.000Z,2019,689d6959045c37933826818b,modern
,TVS,,0.0,1,2025-08-14T00:00:00.000Z,Lightweight high strength for better control,https://example.com/images/distributor_xl100.jpg,XL100,Distributor Assembly - XL100,15,1212.0,mid-range,4.0,good,Chappal Bazar Road - Kachiguda,68ac2a8f3c73e23c655de054,17.38953,78.491245,Swathi Automobiles,distributor assembly - xl100 tvs ignition industrial grade high strength for better control,Ignition,2025-08-08T00:00:00.000Z,2021,68ac2a8e3c73e23c655de052,modern
,Bajaj,,0.0,23,2025-07-30T00:00:00.000Z,Superior impact resistant for longer life,https://example.com/images/valve_set_v12.jpg,V12,Racing Valve Set - V12,18,4896.0,premium,4.7,excellent,,68d0c47e09554c358655174d,17.423605,78.546314,Tarun Automobiles,racing valve set - v12 bajaj engine long-lasting heat treated for reduced maintenance,Engine,2025-09-15T00:00:00.000Z,2013,68d0c47d09554c358655174b,modern
,TVS,,0.0,2,2025-09-10T00:00:00.000Z,Durable heat treated for maximum protection,https://example.com/images/mobile_holder_wego.jpg,Wego,Mobile Holder - Wego,49,2222.0,mid-range,3.8,average,Hyderabad,68d133bf3952f7cf7dee90b9,17.511409,78.350972,Jyothi Automobiles,mobile holder - wego tvs accessories durable vibration dampening for smoother operation,Accessories,2025-08-12T00:00:00.000Z,2022,68d133bf3952f7cf7dee90b7,modern
,Suzuki,,0.0,3,2025-09-08T00:00:00.000Z,Professional grade eco-friendly for superior reliability,https://example.com/images/radiator_avenis.jpg,Avenis,Suzuki Radiator for Avenis,11,10026.0,premium,4.8,excellent,Bala Nagar,68d1346c3952f7cf7dee90d2,17.475679,78.447328,Kalyan Automobiles,suzuki radiator for avenis suzuki cooling system high-performance fuel efficient for better handling,Cooling System,2025-08-23T00:00:00.000Z,2016,68d1346c3952f7cf7dee90d0,classic
,Benelli,,0.0,28,2025-08-02T00:00:00.000Z,Street performance weather resistant for longer life,https://example.com/images/tank_cover_imperiale_400.jpg,Imperiale 400,Benelli Tank Cover for Imperiale 400,8,4449.0,premium,3.8,average,Mahabubabad,68d134ac3952f7cf7dee90e5,17.594209,80.006903,Shiva sai Automobiles,benelli tank cover for imperiale 400 benelli body parts lightweight impact resistant for smoother operation,Body Parts,2025-07-02T00:00:00.000Z,2015,68d134ac3952f7cf7dee90e3,classic
,Harley-Davidson,,0.0,7,2025-07-05T00:00:00.000Z,Professional grade corrosion resistant for optimal efficiency,https://example.com/images/gps_mount_pan_america.jpg,Pan America,Genuine GPS Mount - Pan America,10,4074.0,premium,3.2,poor,Dilshknagar,68d135063952f7cf7dee90f8,17.367642,78.534282,Manoj Automobiles,genuine gps mount - pan america harley-davidson accessories high-performance long lasting for longer life,Accessories,2025-09-08T00:00:00.000Z,2017,68d135063952f7cf7dee90f6,modern
,Aprilia,,0.0,14,2025-07-13T00:00:00.000Z,Heavy-duty long lasting for enhanced safety,https://example.com/images/full_system_exhaust_dorsoduro_900.jpg,Dorsoduro 900,Heavy Duty Full System Exhaust - Dorsoduro 900,41,7105.0,premium,4.6,excellent,Karimnagar,68d135833952f7cf7dee910b,18.435781,79.132861,Mounika Automobiles,heavy duty full system exhaust - dorsoduro 900 aprilia exhaust racing quality heat treated for superior reliability,Exhaust,2025-07-05T00:00:00.000Z,2021,68d135833952f7cf7dee9109,modern
,Yezdi,,0.0,1,2025-08-24T00:00:00.000Z,High-performance chemical resistant for improved comfort,https://example.com/images/belly_pan_roadster.jpg,Roadster,Premium Belly Pan for Roadster,33,5197.0,premium,4.0,good,Medak,68d135d63952f7cf7dee9120,18.048948,78.269372,baskar Automobiles,premium belly pan for roadster yezdi body parts premium quality weather resistant for optimal efficiency,Body Parts,2025-07-22T00:00:00.000Z,2010,68d135d63952f7cf7dee911e,modern
,Jawa,,0.0,25,2025-07-17T00:00:00.000Z,Industrial grade fuel efficient for enhanced safety,https://example.com/images/penetrating_oil_yezdi_roadster.jpg,Yezdi Roadster,Premium Penetrating Oil for Yezdi Roadster,50,665.0,mid-range,3.7,average,Khammam,68d136193952f7cf7dee9133,17.249885,80.15615,Mahesh Automobiles,premium penetrating oil for yezdi roadster jawa maintenance professional grade vibration dampening for maximum protection,Maintenance,2025-07-14T00:00:00.000Z,2023,68d136193952f7cf7dee9131,modern
,Yezdi,,0.0,25,2025-08-02T00:00:00.000Z,Industrial grade impact resistant for better handling,https://example.com/images/riding_boots_adventure.jpg,Adventure,Performance Riding Boots - Adventure,41,3422.0,premium,3.7,average,RAMNAGAR COLONY PEERZADIGUDA UPPAL HYDERABAD,689d6959045c37933826818d,17.390358,78.606729,sai automobiles,performance riding boots - adventure yezdi safety lightweight corrosion resistant for maximum protection,Safety,2025-07-27T00:00:00.000Z,2014,689d6959045c37933826818b,classic
,TVS,,0.0,4,2025-07-27T00:00:00.000Z,Heavy-duty impact resistant for enhanced stability,https://example.com/images/alloy_wheel_apache_rtr_160.jpg,Apache RTR 160,Racing Alloy Wheel - Apache RTR 160,10,2194.0,mid-range,3.5,average,Chappal Bazar Road - Kachiguda,68ac2a8f3c73e23c655de054,17.38953,78.491245,Swathi Automobiles,racing alloy wheel - apache rtr 160 tvs wheels & tires enhanced maintenance-free for improved performance,Wheels & Tires,2025-08-06T00:00:00.000Z,2017,68ac2a8e3c73e23c655de052,classic
,Harley-Davidson,,0.0,26,2025-08-02T00:00:00.000Z,Long-lasting wear resistant for better handling,https://example.com/images/mid_pipe_street_glide.jpg,Street Glide,Harley-Davidson Mid Pipe for Street Glide,32,12790.0,premium,4.4,good,,68d0c47e09554c358655174d,17.423605,78.546314,Tarun Automobiles,harley-davidson mid pipe for street glide harley-davidson exhaust street performance noise reducing for improved comfort,Exhaust,2025-08-13T00:00:00.000Z,2015,68d0c47d09554c358655174b,classic
,Hero,,0.0,2,2025-07-25T00:00:00.000Z,Lightweight vibration dampening for better control,https://example.com/images/distributor_cap_glamour.jpg,Glamour,Distributor Cap - Glamour,37,913.0,mid-range,4.0,good,Hyderabad,68d133bf3952f7cf7dee90b9,17.511409,78.350972,Jyothi Automobiles,distributor cap - glamour hero ignition street performance chemical resistant for maximum protection,Ignition,2025-07-29T00:00:00.000Z,2017,68d133bf3952f7cf7dee90b7,classic
,Jawa,,0.0,23,2025-09-09T00:00:00.000Z,Racing quality noise reducing for reduced maintenance,https://example.com/images/tire_iron_sport.jpg,Sport,OEM Tire Iron - Sport,19,10150.0,premium,4.7,excellent,Bala Nagar,68d1346c3952f7cf7dee90d2,17.475679,78.447328,Kalyan Automobiles,oem tire iron - sport jawa wheels & tires professional grade high strength for smoother operation,Wheels & Tires,2025-09-16T00:00:00.000Z,2017,68d1346c3952f7cf7dee90d0,modern
,KTM,,0.0,4,2025-09-13T00:00:00.000Z,Racing quality precision engineered for better handling,https://example.com/images/emergency_light_rc_200.jpg,RC 200,RC 200 Emergency Light,7,5352.0,premium,4.8,excellent,Mahabubabad,68d134ac3952f7cf7dee90e5,17.594209,80.006903,Shiva sai Automobiles,rc 200 emergency light ktm lighting long-lasting impact resistant for enhanced stability,Lighting,2025-07-22T00:00:00.000Z,2019,68d134ac3952f7cf7dee90e3,classic
,BMW,,0.0,6,2025-07-31T00:00:00.000Z,Precision-made vibration dampening for better fuel economy,https://example.com/images/belt_guard_s_1000_xr.jpg,S 1000 XR,Genuine Belt Guard - S 1000 XR,8,4323.0,premium,3.5,average,Dilshknagar,68d135063952f7cf7dee90f8,17.367642,78.534282,Manoj Automobiles,genuine belt guard - s 1000 xr bmw drivetrain street performance fuel efficient for better fuel economy,Drivetrain,2025-08-15T00:00:00.000Z,2010,68d135063952f7cf7dee90f6,modern
,Indian,,0.0,4,2025-08-08T00:00:00.000Z,Racing quality heat treated for better handling,https://example.com/images/crash_guard_chieftain.jpg,Chieftain,Genuine Crash Guard - Chieftain,17,4143.0,premium,4.3,good,Karimnagar,68d135833952f7cf7dee910b,18.435781,79.132861,Mounika Automobiles,genuine crash guard - chieftain indian accessories heavy-duty noise reducing for better handling,Accessories,2025-08-10T00:00:00.000Z,2020,68d135833952f7cf7dee9109,classic
,Suzuki,,0.0,14,2025-08-24T00:00:00.000Z,Premium quality high strength for enhanced stability,https://example.com/images/muffler_access_125.jpg,Access 125,Heavy Duty Muffler - Access 125,29,12205.0,premium,3.5,average,Medak,68d135d63952f7cf7dee9120,18.048948,78.269372,baskar Automobiles,heavy duty muffler - access 125 suzuki exhaust long-lasting high strength for better handling,Exhaust,2025-07-12T00:00:00.000Z,2011,68d135d63952f7cf7dee911e,modern
,Kawasaki,,0.0,17,2025-09-04T00:00:00.000Z,Advanced temperature stable for smoother operation,https://example.com/images/throttle_body_ninja_650.jpg,Ninja 650,Kawasaki Throttle Body for Ninja 650,19,5026.0,premium,4.3,good,Khammam,68d136193952f7cf7dee9133,17.249885,80.15615,Mahesh Automobiles,kawasaki throttle body for ninja 650 kawasaki fuel system industrial grade precision engineered for improved comfort,Fuel System,2025-08-27T00:00:00.000Z,2013,68d136193952f7cf7dee9131,modern
,Honda,,0.0,10,2025-09-17T00:00:00.000Z,Street performance eco-friendly for reduced maintenance,https://example.com/images/emergency_blanket_cb300r.jpg,CB300R,Emergency Blanket - CB300R,21,1582.0,mid-range,4.7,excellent,RAMNAGAR COLONY PEERZADIGUDA UPPAL HYDERABAD,689d6959045c37933826818d,17.390358,78.606729,sai automobiles,emergency blanket - cb300r honda safety heavy-duty fuel efficient for longer life,Safety,2025-07-22T00:00:00.000Z,2010,689d6959045c37933826818b,classic
,TVS,,0.0,21,2025-08-06T00:00:00.000Z,Superior wear resistant for maximum protection,https://example.com/images/wheel_lock_apache_rtr_160.jpg,Apache RTR 160,TVS Wheel Lock for Apache RTR 160,39,1263.0,mid-range,3.5,average,Chappal Bazar Road - Kachiguda,68ac2a8f3c73e23c655de054,17.38953,78.491245,Swathi Automobiles,tvs wheel lock for apache rtr 160 tvs wheels & tires long-lasting maintenance-free for better handling,Wheels & Tires,2025-09-06T00:00:00.000Z,2018,68ac2a8e3c73e23c655de052,classic
,Mahindra,,0.0,22,2025-07-05T00:00:00.000Z,Heavy-duty vibration dampening for improved performance,https://example.com/images/brake_fluid_stallio.jpg,Stallio,Brake Fluid - Stallio,41,4350.0,premium,4.9,excellent,,68d0c47e09554c358655174d,17.423605,78.546314,Tarun Automobiles,brake fluid - stallio mahindra brakes industrial grade impact resistant for reduced maintenance,Brakes,2025-09-13T00:00:00.000Z,2019,68d0c47d09554c358655174b,classic
,TVS,,0.0,23,2025-07-21T00:00:00.000Z,Long-lasting long lasting for smoother operation,https://example.com/images/brake_drum_apache_rtr_200_4v.jpg,Apache RTR 200 4V,Brake Drum Assembly - Apache RTR 200 4V,23,838.0,mid-range,3.8,average,Hyderabad,68d133bf3952f7cf7dee90b9,17.511409,78.350972,Jyothi Automobiles,brake drum assembly - apache rtr 200 4v tvs brakes oem quality weather resistant for better control,Brakes,2025-08-31T00:00:00.000Z,2021,68d133bf3952f7cf7dee90b7,modern
,Kawasaki,,0.0,19,2025-09-18T00:00:00.000Z,Racing quality fuel efficient for enhanced durability,https://example.com/images/tubeless_valve_zx_6r.jpg,ZX-6R,ZX-6R Tubeless Valve,42,14687.0,premium,4.7,excellent,Bala Nagar,68d1346c3952f7cf7dee90d2,17.475679,78.447328,Kalyan Automobiles,zx-6r tubeless valve kawasaki wheels & tires high-performance impact resistant for maximum protection,Wheels & Tires,2025-07-11T00:00:00.000Z,2020,68d1346c3952f7cf7dee90d0,classic
,Kawasaki,,0.0,5,2025-07-23T00:00:00.000Z,Racing quality high strength for enhanced safety,https://example.com/images/engine_gasket_set_ninja_h2.jpg,Ninja H2,Racing Engine Gasket Set - Ninja H2,24,9080.0,premium,4.9,excellent,Mahabubabad,68d134ac3952f7cf7dee90e5,17.594209,80.006903,Shiva sai Automobiles,racing engine gasket set - ninja h2 kawasaki engine precision-made fuel efficient for smoother operation,Engine,2025-08-15T00:00:00.000Z,2010,68d134ac3952f7cf7dee90e3,classic
,Harley-Davidson,,0.0,28,2025-09-19T00:00:00.000Z,Street performance corrosion resistant for better fuel economy,https://example.com/images/breather_filter_fat_bob.jpg,Fat Bob,Harley-Davidson Breather Filter for Fat Bob,38,1898.0,mid-range,4.9,excellent,Dilshknagar,68d135063952f7cf7dee90f8,17.367642,78.534282,Manoj Automobiles,harley-davidson breather filter for fat bob harley-davidson filters advanced noise reducing for better handling,Filters,2025-08-31T00:00:00.000Z,2011,68d135063952f7cf7dee90f6,modern
,Hero,,0.0,6,2025-08-08T00:00:00.000Z,Long-lasting corrosion resistant for better fuel economy,https://example.com/images/mobile_holder_vida_v1_electric.jpg,Vida V1 Electric,Performance Mobile Holder - Vida V1 Electric,50,616.0,mid-range,4.5,excellent,Karimnagar,68d135833952f7cf7dee910b,18.435781,79.132861,Mounika Automobiles,performance mobile holder - vida v1 electric hero accessories lightweight temperature stable for better control,Accessories,2025-07-17T00:00:00.000Z,2025,68d135833952f7cf7dee9109,classic
,Aprilia,,0.0,28,2025-08-30T00:00:00.000Z,OEM quality long lasting for smoother operation,https://example.com/images/damper_tuono_660.jpg,Tuono 660,Aprilia Damper for Tuono 660,41,19252.0,premium,3.9,average,Medak,68d135d63952f7cf7dee9120,18.048948,78.269372,baskar Automobiles,aprilia damper for tuono 660 aprilia suspension enhanced eco-friendly for longer life,Suspension,2025-08-24T00:00:00.000Z,2017,68d135d63952f7cf7dee911e,classic
,Hero,,0.0,6,2025-08-04T00:00:00.000Z,Enhanced weather resistant for better fuel economy,https://example.com/images/lower_triple_tree_cbz_xtreme.jpg,CBZ Xtreme,Racing Lower Triple Tree - CBZ Xtreme,4,5623.0,premium,3.7,average,Khammam,68d136193952f7cf7dee9133,17.249885,80.15615,Mahesh Automobiles,racing lower triple tree - cbz xtreme hero suspension precision-made high strength for longer life,Suspension,2025-07-21T00:00:00.000Z,2025,68d136193952f7cf7dee9131,modern
,Indian,,0.0,21,2025-07-14T00:00:00.000Z,Professional grade weather resistant for improved comfort,https://example.com/images/engine_oil_challenger.jpg,Challenger,Performance Engine Oil - Challenger,8,338.0,budget,4.3,good,RAMNAGAR COLONY PEERZADIGUDA UPPAL HYDERABAD,689d6959045c37933826818d,17.390358,78.606729,sai automobiles,performance engine oil - challenger indian maintenance oem quality eco-friendly for reduced maintenance,Maintenance,2025-08-09T00:00:00.000Z,2022,689d6959045c37933826818b,classic
,Royal Enfield,,0.0,13,2025-08-20T00:00:00.000Z,Heavy-duty corrosion resistant for better fuel economy,https://example.com/images/diode_thunderbird_350.jpg,Thunderbird 350,Heavy Duty Diode - Thunderbird 350,33,1816.0,mid-range,4.2,good,Chappal Bazar Road - Kachiguda,68ac2a8f3c73e23c655de054,17.38953,78.491245,Swathi Automobiles,heavy duty diode - thunderbird 350 royal enfield electrical street performance eco-friendly for better handling,Electrical,2025-07-11T00:00:00.000Z,2013,68ac2a8e3c73e23c655de052,classic
,Indian,,0.0,28,2025-07-27T00:00:00.000Z,Street performance vibration dampening for better fuel economy,https://example.com/images/regulator_rectifier_roadmaster.jpg,Roadmaster,Heavy Duty Regulator Rectifier - Roadmaster,17,3833.0,premium,4.1,good,,68d0c47e09554c358655174d,17.423605,78.546314,Tarun Automobiles,heavy duty regulator rectifier - roadmaster indian electrical professional grade fuel efficient for improved comfort,Electrical,2025-08-13T00:00:00.000Z,2024,68d0c47d09554c358655174b,modern
,Mahindra,,0.0,16,2025-09-19T00:00:00.000Z,Superior high strength for longer life,https://example.com/images/front_brake_pad_kine.jpg,Kine,Mahindra Front Brake Pad for Kine,25,422.0,budget,4.3,good,Hyderabad,68d133bf3952f7cf7dee90b9,17.511409,78.350972,Jyothi Automobiles,mahindra front brake pad for kine mahindra brakes heavy-duty maintenance-free for smoother operation,Brakes,2025-08-02T00:00:00.000Z,2020,68d133bf3952f7cf7dee90b7,classic
,Mahindra,,0.0,6,2025-07-26T00:00:00.000Z,Racing quality corrosion resistant for increased power,https://example.com/images/master_cylinder_gusto.jpg,Gusto,Master Cylinder Assembly - Gusto,10,2945.0,premium,3.5,average,Bala Nagar,68d1346c3952f7cf7dee90d2,17.475679,78.447328,Kalyan Automobiles,master cylinder assembly - gusto mahindra brakes precision-made vibration dampening for enhanced stability,Brakes,2025-07-02T00:00:00.000Z,2012,68d1346c3952f7cf7dee90d0,modern
,Triumph,,0.0,13,2025-09-16T00:00:00.000Z,OEM quality maintenance-free for maximum protection,https://example.com/images/brake_rotor_tiger_900.jpg,Tiger 900,Brake Rotor Assembly - Tiger 900,3,3260.0,premium,4.2,good,Mahabubabad,68d134ac3952f7cf7dee90e5,17.594209,80.006903,Shiva sai Automobiles,brake rotor assembly - tiger 900 triumph brakes oem quality high strength for improved performance,Brakes,2025-08-20T00:00:00.000Z,2024,68d134ac3952f7cf7dee90e3,modern
,Triumph,,0.0,5,2025-07-21T00:00:00.000Z,Durable weather resistant for improved comfort,https://example.com/images/rocker_arm_speed_triple.jpg,Speed Triple,Performance Rocker Arm - Speed Triple,50,3988.0,premium,3.4,poor,Dilshknagar,68d135063952f7cf7dee90f8,17.367642,78.534282,Manoj Automobiles,performance rocker arm - speed triple triumph engine industrial grade long lasting for maximum protection,Engine,2025-07-29T00:00:00.000Z,2016,68d135063952f7cf7dee90f6,classic
,Yezdi,,0.0,2,2025-07-23T00:00:00.000Z,Heavy-duty maintenance-free for longer life,https://example.com/images/elbow_guard_scrambler.jpg,Scrambler,Genuine Elbow Guard - Scrambler,43,6220.0,premium,4.9,excellent,Karimnagar,68d135833952f7cf7dee910b,18.435781,79.132861,Mounika Automobiles,genuine elbow guard - scrambler yezdi safety street performance weather resistant for better fuel economy,Safety,2025-08-11T00:00:00.000Z,2022,68d135833952f7cf7dee9109,classic
,Ducati,,0.0,11,2025-07-19T00:00:00.000Z,High-performance long lasting for optimal efficiency,https://example.com/images/hub_bearing_monster.jpg,Monster,Monster Hub Bearing,30,5767.0,premium,4.9,excellent,Medak,68d135d63952f7cf7dee9120,18.048948,78.269372,baskar Automobiles,monster hub bearing ducati wheels & tires superior weather resistant for better control,Wheels & Tires,2025-07-22T00:00:00.000Z,2010,68d135d63952f7cf7dee911e,classic
,Benelli,,0.0,28,2025-08-06T00:00:00.000Z,Premium quality corrosion resistant for optimal efficiency,https://example.com/images/battery_cable_bn_302.jpg,BN 302,OEM Battery Cable - BN 302,14,811.0,mid-range,3.9,average,Khammam,68d136193952f7cf7dee9133,17.249885,80.15615,Mahesh Automobiles,oem battery cable - bn 302 benelli electrical industrial grade high strength for improved performance,Electrical,2025-09-11T00:00:00.000Z,2019,68d136193952f7cf7dee9131,modern
,TVS,,0.0,15,2025-08-10T00:00:00.000Z,Precision-made corrosion resistant for reduced maintenance,https://example.com/images/helmet_lock_xl100.jpg,XL100,Premium Helmet Lock for XL100,26,3496.0,premium,4.2,good,RAMNAGAR COLONY PEERZADIGUDA UPPAL HYDERABAD,689d6959045c37933826818d,17.390358,78.606729,sai automobiles,premium helmet lock for xl100 tvs accessories oem quality fuel efficient for increased power,Accessories,2025-09-19T00:00:00.000Z,2023,689d6959045c37933826818b,modern
,Mahindra,,0.0,12,2025-09-15T00:00:00.000Z,Superior weather resistant for smoother operation,https://example.com/images/engine_mount_rodeo_rz.jpg,Rodeo RZ,Engine Mount Assembly - Rodeo RZ,41,20554.0,premium,3.8,average,Chappal Bazar Road - Kachiguda,68ac2a8f3c73e23c655de054,17.38953,78.491245,Swathi Automobiles,engine mount assembly - rodeo rz mahindra engine industrial grade high strength for maximum protection,Engine,2025-07-04T00:00:00.000Z,2011,68ac2a8e3c73e23c655de052,classic
,Benelli,,0.0,24,2025-09-08T00:00:00.000Z,Superior eco-friendly for superior reliability,https://example.com/images/clutch_cable_bn_302.jpg,BN 302,Benelli Clutch Cable for BN 302,43,5352.0,premium,3.9,average,,68d0c47e09554c358655174d,17.423605,78.546314,Tarun Automobiles,benelli clutch cable for bn 302 benelli transmission racing quality wear resistant for longer life,Transmission,2025-09-09T00:00:00.000Z,2012,68d0c47d09554c358655174b,classic
,MV Agusta,,0.0,22,2025-07-12T00:00:00.000Z,Lightweight eco-friendly for optimal efficiency,https://example.com/images/brake_cleaner_rivale_800.jpg,Rivale 800,Racing Brake Cleaner - Rivale 800,34,3951.0,premium,3.4,poor,Hyderabad,68d133bf3952f7cf7dee90b9,17.511409,78.350972,Jyothi Automobiles,racing brake cleaner - rivale 800 mv agusta brakes lightweight wear resistant for reduced maintenance,Brakes,2025-09-04T00:00:00.000Z,2012,68d133bf3952f7cf7dee90b7,classic
,MV Agusta,,0.0,5,2025-07-17T00:00:00.000Z,High-performance temperature stable for better handling,https://example.com/images/headlight_assembly_brutale_1000.jpg,Brutale 1000,Performance Headlight Assembly - Brutale 1000,0,5371.0,premium,3.7,average,Bala Nagar,68d1346c3952f7cf7dee90d2,17.475679,78.447328,Kalyan Automobiles,performance headlight assembly - brutale 1000 mv agusta lighting heavy-duty fuel efficient for better handling,Lighting,2025-08-22T00:00:00.000Z,2017,68d1346c3952f7cf7dee90d0,modern
,Indian,,0.0,30,2025-08-05T00:00:00.000Z,Precision-made maintenance-free for better handling,https://example.com/images/carburetor_roadmaster.jpg,Roadmaster,Genuine Carburetor - Roadmaster,18,2964.0,premium,5.0,excellent,Mahabubabad,68d134ac3952f7cf7dee90e5,17.594209,80.006903,Shiva sai Automobiles,genuine carburetor - roadmaster indian fuel system superior high strength for maximum protection,Fuel System,2025-07-27T00:00:00.000Z,2021,68d134ac3952f7cf7dee90e3,modern
,Suzuki,,0.0,7,2025-08-21T00:00:00.000Z,Precision-made heat treated for superior reliability,https://example.com/images/slip-on_exhaust_intruder.jpg,Intruder,Slip-on Exhaust - Intruder,25,10615.0,premium,4.1,good,Dilshknagar,68d135063952f7cf7dee90f8,17.367642,78.534282,Manoj Automobiles,slip-on exhaust - intruder suzuki exhaust superior impact resistant for longer life,Exhaust,2025-08-18T00:00:00.000Z,2015,68d135063952f7cf7dee90f6,classic
,Triumph,,0.0,15,2025-08-09T00:00:00.000Z,Street performance noise reducing for reduced maintenance,https://example.com/images/steering_head_bearing_tiger_900.jpg,Tiger 900,OEM Steering Head Bearing - Tiger 900,47,9489.0,premium,4.5,excellent,Karimnagar,68d135833952f7cf7dee910b,18.435781,79.132861,Mounika Automobiles,oem steering head bearing - tiger 900 triumph suspension industrial grade temperature stable for enhanced durability,Suspension,2025-08-24T00:00:00.000Z,2016,68d135833952f7cf7dee9109,classic
,Kawasaki,,0.0,29,2025-09-09T00:00:00.000Z,Advanced impact resistant for longer life,https://example.com/images/final_drive_oil_er_6n.jpg,ER-6n,Final Drive Oil - ER-6n,0,4515.0,premium,3.6,average,Medak,68d135d63952f7cf7dee9120,18.048948,78.269372,baskar Automobiles,final drive oil - er-6n kawasaki drivetrain high-performance eco-friendly for superior reliability,Drivetrain,2025-07-09T00:00:00.000Z,2020,68d135d63952f7cf7dee911e,classic
,Jawa,,0.0,27,2025-07-18T00:00:00.000Z,Heavy-duty heat treated for enhanced durability,https://example.com/images/carburetor_standard.jpg,Standard,Jawa Carburetor for Standard,21,1652.0,mid-range,4.2,good,Khammam,68d136193952f7cf7dee9133,17.249885,80.15615,Mahesh Automobiles,jawa carburetor for standard jawa fuel system advanced vibration dampening for reduced maintenance,Fuel System,2025-07-29T00:00:00.000Z,2018,68d136193952f7cf7dee9131,classic
,Honda,,0.0,19,2025-07-16T00:00:00.000Z,Lightweight weather resistant for smoother operation,https://example.com/images/exhaust_flange_cb350rs.jpg,CB350RS,OEM Exhaust Flange - CB350RS,38,9467.0,premium,3.7,average,RAMNAGAR COLONY PEERZADIGUDA UPPAL HYDERABAD,689d6959045c37933826818d,17.390358,78.606729,sai automobiles,oem exhaust flange - cb350rs honda exhaust high-performance noise reducing for maximum protection,Exhaust,2025-07-15T00:00:00.000Z,2017,689d6959045c37933826818b,classic
,Mahindra,,0.0,12,2025-07-16T00:00:00.000Z,Lightweight precision engineered for smoother operation,https://example.com/images/headlight_assembly_rodeo_rz.jpg,Rodeo RZ,Headlight Assembly Assembly - Rodeo RZ,35,2570.0,premium,3.2,poor,Chappal Bazar Road - Kachiguda,68ac2a8f3c73e23c655de054,17.38953,78.491245,Swathi Automobiles,headlight assembly assembly - rodeo rz mahindra lighting street performance weather resistant for longer life,Lighting,2025-08-19T00:00:00.000Z,2011,68ac2a8e3c73e23c655de052,modern
,Harley-Davidson,,0.0,11,2025-09-08T00:00:00.000Z,Enhanced chemical resistant for longer life,https://example.com/images/timing_chain_sportster_s.jpg,Sportster S,Performance Timing Chain - Sportster S,28,8801.0,premium,3.9,average,,68d0c47e09554c358655174d,17.423605,78.546314,Tarun Automobiles,performance timing chain - sportster s harley-davidson engine oem quality temperature stable for enhanced safety,Engine,2025-07-07T00:00:00.000Z,2016,68d0c47d09554c358655174b,classic
,Harley-Davidson,,0.0,17,2025-07-24T00:00:00.000Z,Advanced long lasting for reduced maintenance,https://example.com/images/chest_protector_pan_america.jpg,Pan America,Chest Protector Assembly - Pan America,48,874.0,mid-range,5.0,excellent,Hyderabad,68d133bf3952f7cf7dee90b9,17.511409,78.350972,Jyothi Automobiles,chest protector assembly - pan america harley-davidson safety industrial grade vibration dampening for smoother operation,Safety,2025-08-18T00:00:00.000Z,2014,68d133bf3952f7cf7dee90b7,modern
,BMW,,0.0,24,2025-07-15T00:00:00.000Z,Enhanced vibration dampening for enhanced safety,https://example.com/images/high_vis_jacket_g_310_r.jpg,G 310 R,Genuine High Vis Jacket - G 310 R,42,6015.0,premium,3.2,poor,Bala Nagar,68d1346c3952f7cf7dee90d2,17.475679,78.447328,Kalyan Automobiles,genuine high vis jacket - g 310 r bmw safety advanced maintenance-free for better handling,Safety,2025-08-21T00:00:00.000Z,2019,68d1346c3952f7cf7dee90d0,modern
,Hero,,0.0,19,2025-08-24T00:00:00.000Z,Street performance heat treated for increased power,https://example.com/images/intake_filter_ignitor.jpg,Ignitor,Racing Intake Filter - Ignitor,50,685.0,mid-range,3.5,average,Mahabubabad,68d134ac3952f7cf7dee90e5,17.594209,80.006903,Shiva sai Automobiles,racing intake filter - ignitor hero filters advanced impact resistant for increased power,Filters,2025-09-07T00:00:00.000Z,2023,68d134ac3952f7cf7dee90e3,classic
,Suzuki,,0.0,19,2025-08-04T00:00:00.000Z,Long-lasting vibration dampening for improved performance,https://example.com/images/coolant_gixxer_sf.jpg,Gixxer SF,Suzuki Coolant for Gixxer SF,14,458.0,budget,4.4,good,Dilshknagar,68d135063952f7cf7dee90f8,17.367642,78.534282,Manoj Automobiles,suzuki coolant for gixxer sf suzuki maintenance precision-made long lasting for better handling,Maintenance,2025-07-30T00:00:00.000Z,2021,68d135063952f7cf7dee90f6,classic
,Kawasaki,,0.0,2,2025-07-17T00:00:00.000Z,Premium quality fuel efficient for improved comfort,https://example.com/images/ht_lead_er_6n.jpg,ER-6n,Genuine HT Lead - ER-6n,30,1617.0,mid-range,3.7,average,Karimnagar,68d135833952f7cf7dee910b,18.435781,79.132861,Mounika Automobiles,genuine ht lead - er-6n kawasaki ignition precision-made corrosion resistant for enhanced durability,Ignition,2025-08-09T00:00:00.000Z,2016,68d135833952f7cf7dee9109,classic
,BMW,,0.0,29,2025-08-13T00:00:00.000Z,Superior maintenance-free for increased power,https://example.com/images/exhaust_clamp_g_310_r.jpg,G 310 R,Racing Exhaust Clamp - G 310 R,40,1537.0,mid-range,3.9,average,Medak,68d135d63952f7cf7dee9120,18.048948,78.269372,baskar Automobiles,racing exhaust clamp - g 310 r bmw exhaust professional grade eco-friendly for better control,Exhaust,2025-07-27T00:00:00.000Z,2021,68d135d63952f7cf7dee911e,classic
,Hero,,0.0,29,2025-07-03T00:00:00.000Z,Superior long lasting for enhanced stability,https://example.com/images/gear_oil_cbz_xtreme.jpg,CBZ Xtreme,Genuine Gear Oil - CBZ Xtreme,17,464.0,budget,3.4,poor,Khammam,68d136193952f7cf7dee9133,17.249885,80.15615,Mahesh Automobiles,genuine gear oil - cbz xtreme hero maintenance oem quality precision engineered for longer life,Maintenance,2025-08-10T00:00:00.000Z,2015,68d136193952f7cf7dee9131,modern
,Harley-Davidson,,0.0,23,2025-08-01T00:00:00.000Z,OEM quality eco-friendly for superior reliability,https://example.com/images/radiator_mount_forty_eight.jpg,Forty-Eight,Harley-Davidson Radiator Mount for Forty-Eight,6,9343.0,premium,4.2,good,RAMNAGAR COLONY PEERZADIGUDA UPPAL HYDERABAD,689d6959045c37933826818d,17.390358,78.606729,sai automobiles,harley-davidson radiator mount for forty-eight harley-davidson cooling system oem quality temperature stable for smoother operation,Cooling System,2025-08-05T00:00:00.000Z,2011,689d6959045c37933826818b,modern
,Yamaha,,0.0,20,2025-08-22T00:00:00.000Z,Heavy-duty maintenance-free for enhanced safety,https://example.com/images/timing_chain_fz_x.jpg,FZ-X,Performance Timing Chain - FZ-X,0,7978.0,premium,3.3,poor,Chappal Bazar Road - Kachiguda,68ac2a8f3c73e23c655de054,17.38953,78.491245,Swathi Automobiles,performance timing chain - fz-x yamaha engine high-performance chemical resistant for better control,Engine,2025-07-13T00:00:00.000Z,2023,68ac2a8e3c73e23c655de052,classic
,Yamaha,,0.0,8,2025-07-26T00:00:00.000Z,Durable heat treated for better control,https://example.com/images/riding_boots_saluto_rx.jpg,Saluto RX,Premium Riding Boots for Saluto RX,36,3931.0,premium,3.7,average,,68d0c47e09554c358655174d,17.423605,78.546314,Tarun Automobiles,premium riding boots for saluto rx yamaha safety durable impact resistant for better handling,Safety,2025-07-27T00:00:00.000Z,2019,68d0c47d09554c358655174b,classic
,Royal Enfield,,0.0,27,2025-09-02T00:00:00.000Z,Superior noise reducing for optimal efficiency,https://example.com/images/warning_light_scram_411.jpg,Scram 411,Warning Light Assembly - Scram 411,0,4231.0,premium,3.8,average,Hyderabad,68d133bf3952f7cf7dee90b9,17.511409,78.350972,Jyothi Automobiles,warning light assembly - scram 411 royal enfield safety durable vibration dampening for improved performance,Safety,2025-07-22T00:00:00.000Z,2022,68d133bf3952f7cf7dee90b7,classic
,Yamaha,,0.0,28,2025-09-03T00:00:00.000Z,High-performance fuel efficient for smoother operation,https://example.com/images/spoke_set_crux.jpg,Crux,OEM Spoke Set - Crux,46,12920.0,premium,4.9,excellent,Bala Nagar,68d1346c3952f7cf7dee90d2,17.475679,78.447328,Kalyan Automobiles,oem spoke set - crux yamaha wheels & tires oem quality chemical resistant for longer life,Wheels & Tires,2025-07-28T00:00:00.000Z,2020,68d1346c3952f7cf7dee90d0,classic
,Mahindra,,0.0,18,2025-08-31T00:00:00.000Z,Long-lasting chemical resistant for better fuel economy,https://example.com/images/indicator_bulb_rodeo_rz.jpg,Rodeo RZ,Heavy Duty Indicator Bulb - Rodeo RZ,19,3631.0,premium,4.7,excellent,Mahabubabad,68d134ac3952f7cf7dee90e5,17.594209,80.006903,Shiva sai Automobiles,heavy duty indicator bulb - rodeo rz mahindra lighting street performance weather resistant for improved comfort,Lighting,2025-08-28T00:00:00.000Z,2023,68d134ac3952f7cf7dee90e3,modern
,KTM,,0.0,24,2025-09-20T00:00:00.000Z,Heavy-duty high strength for longer life,https://example.com/images/alternator_duke_125.jpg,Duke 125,Alternator Assembly - Duke 125,5,3710.0,premium,3.2,poor,Dilshknagar,68d135063952f7cf7dee90f8,17.367642,78.534282,Manoj Automobiles,alternator assembly - duke 125 ktm electrical precision-made weather resistant for better control,Electrical,2025-09-03T00:00:00.000Z,2024,68d135063952f7cf7dee90f6,modern
,Bajaj,,0.0,17,2025-07-25T00:00:00.000Z,Enhanced high strength for improved comfort,https://example.com/images/tank_cover_pulsar_f250.jpg,Pulsar F250,Performance Tank Cover - Pulsar F250,13,7435.0,premium,4.1,good,Karimnagar,68d135833952f7cf7dee910b,18.435781,79.132861,Mounika Automobiles,performance tank cover - pulsar f250 bajaj body parts industrial grade fuel efficient for longer life,Body Parts,2025-08-31T00:00:00.000Z,2013,68d135833952f7cf7dee9109,classic
,Mahindra,,0.0,2,2025-07-22T00:00:00.000Z,Long-lasting noise reducing for reduced maintenance,https://example.com/images/safety_triangle_mojo.jpg,Mojo,Mahindra Safety Triangle for Mojo,34,7048.0,premium,4.0,good,Medak,68d135d63952f7cf7dee9120,18.048948,78.269372,baskar Automobiles,mahindra safety triangle for mojo mahindra safety long-lasting corrosion resistant for smoother operation,Safety,2025-07-05T00:00:00.000Z,2011,68d135d63952f7cf7dee911e,classic
,BMW,,0.0,25,2025-08-10T00:00:00.000Z,High-performance corrosion resistant for enhanced safety,https://example.com/images/clutch_spring_r_ninet.jpg,R nineT,BMW Clutch Spring for R nineT,11,9851.0,premium,3.6,average,Khammam,68d136193952f7cf7dee9133,17.249885,80.15615,Mahesh Automobiles,bmw clutch spring for r ninet bmw transmission industrial grade eco-friendly for improved performance,Transmission,2025-09-01T00:00:00.000Z,2013,68d136193952f7cf7dee9131,classic
,Harley-Davidson,,0.0,18,2025-07-12T00:00:00.000Z,Lightweight wear resistant for reduced maintenance,https://example.com/images/mid_pipe_fat_bob.jpg,Fat Bob,Fat Bob Mid Pipe,38,18255.0,premium,3.9,average,RAMNAGAR COLONY PEERZADIGUDA UPPAL HYDERABAD,689d6959045c37933826818d,17.390358,78.606729,sai automobiles,fat bob mid pipe harley-davidson exhaust durable high strength for increased power,Exhaust,2025-08-15T00:00:00.000Z,2024,689d6959045c37933826818b,modern
,Yezdi,,0.0,11,2025-08-28T00:00:00.000Z,Professional grade heat treated for smoother operation,https://example.com/images/belt_guard_adventure.jpg,Adventure,Performance Belt Guard - Adventure,44,5523.0,premium,4.5,excellent,Chappal Bazar Road - Kachiguda,68ac2a8f3c73e23c655de054,17.38953,78.491245,Swathi Automobiles,performance belt guard - adventure yezdi drivetrain heavy-duty corrosion resistant for longer life,Drivetrain,2025-08-17T00:00:00.000Z,2020,68ac2a8e3c73e23c655de052,modern
,Jawa,,0.0,2,2025-08-01T00:00:00.000Z,Enhanced wear resistant for better control,https://example.com/images/dashboard_light_cl_300.jpg,CL 300,Racing Dashboard Light - CL 300,16,5879.0,premium,3.4,poor,,68d0c47e09554c358655174d,17.423605,78.546314,Tarun Automobiles,racing dashboard light - cl 300 jawa lighting lightweight weather resistant for improved performance,Lighting,2025-09-15T00:00:00.000Z,2025,68d0c47d09554c358655174b,classic
,Bajaj,,0.0,22,2025-09-03T00:00:00.000Z,Heavy-duty high strength for better fuel economy,https://example.com/images/seat_cover_dominar_400.jpg,Dominar 400,Dominar 400 Seat Cover,12,7726.0,premium,4.6,excellent,Hyderabad,68d133bf3952f7cf7dee90b9,17.511409,78.350972,Jyothi Automobiles,dominar 400 seat cover bajaj body parts lightweight fuel efficient for reduced maintenance,Body Parts,2025-08-23T00:00:00.000Z,2025,68d133bf3952f7cf7dee90b7,modern
,Kawasaki,,0.0,23,2025-09-19T00:00:00.000Z,Durable weather resistant for enhanced safety,https://example.com/images/throttle_cable_zx_6r.jpg,ZX-6R,OEM Throttle Cable - ZX-6R,49,3196.0,premium,4.3,good,Bala Nagar,68d1346c3952f7cf7dee90d2,17.475679,78.447328,Kalyan Automobiles,oem throttle cable - zx-6r kawasaki fuel system long-lasting wear resistant for better control,Fuel System,2025-08-19T00:00:00.000Z,2014,68d1346c3952f7cf7dee90d0,classic
,TVS,,0.0,3,2025-07-21T00:00:00.000Z,Precision-made temperature stable for enhanced stability,https://example.com/images/brake_pedal_wego.jpg,Wego,Performance Brake Pedal - Wego,3,4668.0,premium,4.3,good,Mahabubabad,68d134ac3952f7cf7dee90e5,17.594209,80.006903,Shiva sai Automobiles,performance brake pedal - wego tvs brakes advanced heat treated for optimal efficiency,Brakes,2025-07-14T00:00:00.000Z,2025,68d134ac3952f7cf7dee90e3,modern
,MV Agusta,,0.0,4,2025-08-17T00:00:00.000Z,High-performance corrosion resistant for increased power,https://example.com/images/ht_lead_rivale_800.jpg,Rivale 800,Performance HT Lead - Rivale 800,30,817.0,mid-range,3.9,average,Dilshknagar,68d135063952f7cf7dee90f8,17.367642,78.534282,Manoj Automobiles,performance ht lead - rivale 800 mv agusta ignition lightweight long lasting for maximum protection,Ignition,2025-09-05T00:00:00.000Z,2018,68d135063952f7cf7dee90f6,classic
,MV Agusta,,0.0,2,2025-07-16T00:00:00.000Z,Precision-made corrosion resistant for enhanced stability,https://example.com/images/chain_master_link_f3_800.jpg,F3 800,Chain Master Link - F3 800,14,6776.0,premium,4.1,good,Karimnagar,68d135833952f7cf7dee910b,18.435781,79.132861,Mounika Automobiles,chain master link - f3 800 mv agusta drivetrain durable long lasting for reduced maintenance,Drivetrain,2025-08-23T00:00:00.000Z,2019,68d135833952f7cf7dee9109,classic
,Kawasaki,,0.0,9,2025-09-01T00:00:00.000Z,Lightweight temperature stable for improved performance,https://example.com/images/gps_mount_w175.jpg,W175,GPS Mount - W175,20,4086.0,premium,3.2,poor,Medak,68d135d63952f7cf7dee9120,18.048948,78.269372,baskar Automobiles,gps mount - w175 kawasaki accessories professional grade fuel efficient for better control,Accessories,2025-07-14T00:00:00.000Z,2014,68d135d63952f7cf7dee911e,modern
,BMW,,0.0,17,2025-07-02T00:00:00.000Z,Racing quality high strength for longer life,https://example.com/images/output_shaft_r_ninet.jpg,R nineT,Performance Output Shaft - R nineT,26,3459.0,premium,3.7,average,Khammam,68d136193952f7cf7dee9133,17.249885,80.15615,Mahesh Automobiles,performance output shaft - r ninet bmw transmission superior high strength for better fuel economy,Transmission,2025-09-01T00:00:00.000Z,2011,68d136193952f7cf7dee9131,modern
,Benelli,,0.0,24,2025-08-16T00:00:00.000Z,Lightweight impact resistant for maximum protection,https://example.com/images/wind_screen_bn_302.jpg,BN 302,OEM Wind Screen - BN 302,13,7226.0,premium,4.5,excellent,RAMNAGAR COLONY PEERZADIGUDA UPPAL HYDERABAD,689d6959045c37933826818d,17.390358,78.606729,sai automobiles,oem wind screen - bn 302 benelli body parts precision-made wear resistant for increased power,Body Parts,2025-09-13T00:00:00.000Z,2013,689d6959045c37933826818b,classic
,Jawa,,0.0,22,2025-08-28T00:00:00.000Z,Lightweight temperature stable for improved performance,https://example.com/images/tail_light_42.jpg,42,Jawa Tail Light for 42,39,3670.0,premium,4.8,excellent,Chappal Bazar Road - Kachiguda,68ac2a8f3c73e23c655de054,17.38953,78.491245,Swathi Automobiles,jawa tail light for 42 jawa lighting durable vibration dampening for increased power,Lighting,2025-08-05T00:00:00.000Z,2021,68ac2a8e3c73e23c655de052,classic
,Yezdi,,0.0,24,2025-09-05T00:00:00.000Z,Lightweight long lasting for enhanced durability,https://example.com/images/axle_roadking.jpg,Roadking,Premium Axle for Roadking,45,3983.0,premium,4.4,good,,68d0c47e09554c358655174d,17.423605,78.546314,Tarun Automobiles,premium axle for roadking yezdi wheels & tires enhanced precision engineered for enhanced safety,Wheels & Tires,2025-08-28T00:00:00.000Z,2010,68d0c47d09554c358655174b,modern
,Suzuki,,0.0,29,2025-07-24T00:00:00.000Z,Premium quality wear resistant for reduced maintenance,https://example.com/images/coolant_drain_plug_sv650.jpg,SV650,Premium Coolant Drain Plug for SV650,8,11326.0,premium,4.5,excellent,Hyderabad,68d133bf3952f7cf7dee90b9,17.511409,78.350972,Jyothi Automobiles,premium coolant drain plug for sv650 suzuki cooling system oem quality precision engineered for enhanced durability,Cooling System,2025-07-02T00:00:00.000Z,2014,68d133bf3952f7cf7dee90b7,classic
,Benelli,,0.0,29,2025-07-10T00:00:00.000Z,Street performance temperature stable for increased power,https://example.com/images/universal_joint_bn_125.jpg,BN 125,BN 125 Universal Joint,36,6849.0,premium,4.7,excellent,Bala Nagar,68d1346c3952f7cf7dee90d2,17.475679,78.447328,Kalyan Automobiles,bn 125 universal joint benelli drivetrain industrial grade maintenance-free for better handling,Drivetrain,2025-07-20T00:00:00.000Z,2020,68d1346c3952f7cf7dee90d0,modern
,Benelli,,0.0,5,2025-08-09T00:00:00.000Z,Premium quality impact resistant for enhanced stability,https://example.com/images/variator_bn_125.jpg,BN 125,OEM Variator - BN 125,2,6684.0,premium,4.9,excellent,Mahabubabad,68d134ac3952f7cf7dee90e5,17.594209,80.006903,Shiva sai Automobiles,oem variator - bn 125 benelli drivetrain street performance temperature stable for better fuel economy,Drivetrain,2025-09-20T00:00:00.000Z,2022,68d134ac3952f7cf7dee90e3,modern
,Yezdi,,0.0,21,2025-08-21T00:00:00.000Z,Street performance eco-friendly for enhanced stability,https://example.com/images/tail_light_classic.jpg,Classic,Premium Tail Light for Classic,43,2024.0,mid-range,4.5,excellent,Dilshknagar,68d135063952f7cf7dee90f8,17.367642,78.534282,Manoj Automobiles,premium tail light for classic yezdi lighting long-lasting corrosion resistant for better fuel economy,Lighting,2025-07-05T00:00:00.000Z,2024,68d135063952f7cf7dee90f6,modern
,Suzuki,,0.0,3,2025-07-22T00:00:00.000Z,Superior precision engineered for optimal efficiency,https://example.com/images/intercooler_gixxer_250.jpg,Gixxer 250,Intercooler - Gixxer 250,45,9107.0,premium,4.8,excellent,Karimnagar,68d135833952f7cf7dee910b,18.435781,79.132861,Mounika Automobiles,intercooler - gixxer 250 suzuki cooling system street performance eco-friendly for increased power,Cooling System,2025-07-12T00:00:00.000Z,2014,68d135833952f7cf7dee9109,modern
,Indian,,0.0,26,2025-09-03T00:00:00.000Z,OEM quality long lasting for increased power,https://example.com/images/exhaust_gasket_chief.jpg,Chief,Racing Exhaust Gasket - Chief,4,16902.0,premium,3.3,poor,Medak,68d135d63952f7cf7dee9120,18.048948,78.269372,baskar Automobiles,racing exhaust gasket - chief indian exhaust durable eco-friendly for enhanced stability,Exhaust,2025-08-30T00:00:00.000Z,2022,68d135d63952f7cf7dee911e,modern
,TVS,,0.0,9,2025-07-04T00:00:00.000Z,Advanced precision engineered for better fuel economy,https://example.com/images/regulator_rectifier_apache_rr_310.jpg,Apache RR 310,Premium Regulator Rectifier for Apache RR 310,30,3815.0,premium,3.2,poor,Khammam,68d136193952f7cf7dee9133,17.249885,80.15615,Mahesh Automobiles,premium regulator rectifier for apache rr 310 tvs electrical industrial grade chemical resistant for improved comfort,Electrical,2025-09-15T00:00:00.000Z,2015,68d136193952f7cf7dee9131,modern
,Yamaha,,0.0,25,2025-09-06T00:00:00.000Z,Street performance heat treated for optimal efficiency,https://example.com/images/rim_aerox_155.jpg,Aerox 155,Premium Rim for Aerox 155,40,2771.0,premium,4.5,excellent,RAMNAGAR COLONY PEERZADIGUDA UPPAL HYDERABAD,689d6959045c37933826818d,17.390358,78.606729,sai automobiles,premium rim for aerox 155 yamaha wheels & tires premium quality wear resistant for reduced maintenance,Wheels & Tires,2025-08-23T00:00:00.000Z,2012,689d6959045c37933826818b,modern
,Ducati,,0.0,9,2025-07-28T00:00:00.000Z,Superior corrosion resistant for superior reliability,https://example.com/images/starter_relay_monster_821.jpg,Monster 821,Ducati Starter Relay for Monster 821,3,522.0,mid-range,3.3,poor,Chappal Bazar Road - Kachiguda,68ac2a8f3c73e23c655de054,17.38953,78.491245,Swathi Automobiles,ducati starter relay for monster 821 ducati ignition lightweight precision engineered for enhanced stability,Ignition,2025-08-13T00:00:00.000Z,2021,68ac2a8e3c73e23c655de052,classic
,Yamaha,,0.0,10,2025-08-29T00:00:00.000Z,Enhanced weather resistant for enhanced durability,https://example.com/images/chain_master_link_r15m.jpg,R15M,Yamaha Chain Master Link for R15M,44,7592.0,premium,4.3,good,,68d0c47e09554c358655174d,17.423605,78.546314,Tarun Automobiles,yamaha chain master link for r15m yamaha drivetrain durable long lasting for better control,Drivetrain,2025-07-31T00:00:00.000Z,2016,68d0c47d09554c358655174b,modern
,KTM,,0.0,4,2025-09-01T00:00:00.000Z,Lightweight heat treated for better fuel economy,https://example.com/images/radiator_guard_1290_super_duke_r.jpg,1290 Super Duke R,1290 Super Duke R Radiator Guard,22,10313.0,premium,3.5,average,Hyderabad,68d133bf3952f7cf7dee90b9,17.511409,78.350972,Jyothi Automobiles,1290 super duke r radiator guard ktm cooling system industrial grade impact resistant for enhanced durability,Cooling System,2025-09-21T00:00:00.000Z,2014,68d133bf3952f7cf7dee90b7,classic
,Harley-Davidson,,0.0,30,2025-08-12T00:00:00.000Z,Racing quality temperature stable for maximum protection,https://example.com/images/transmission_filter_ultra_limited.jpg,Ultra Limited,Ultra Limited Transmission Filter,13,273.0,budget,4.5,excellent,Bala Nagar,68d1346c3952f7cf7dee90d2,17.475679,78.447328,Kalyan Automobiles,ultra limited transmission filter harley-davidson filters heavy-duty noise reducing for superior reliability,Filters,2025-07-14T00:00:00.000Z,2010,68d1346c3952f7cf7dee90d0,modern
,Aprilia,,0.0,27,2025-08-11T00:00:00.000Z,Heavy-duty chemical resistant for improved comfort,https://example.com/images/camshaft_tuono_660.jpg,Tuono 660,Camshaft - Tuono 660,4,22784.0,premium,5.0,excellent,Mahabubabad,68d134ac3952f7cf7dee90e5,17.594209,80.006903,Shiva sai Automobiles,camshaft - tuono 660 aprilia engine lightweight long lasting for better fuel economy,Engine,2025-07-18T00:00:00.000Z,2022,68d134ac3952f7cf7dee90e3,modern
,Hero,,0.0,18,2025-07-08T00:00:00.000Z,Superior maintenance-free for smoother operation,https://example.com/images/key_set_xtreme_160r.jpg,Xtreme 160R,Key Set Assembly - Xtreme 160R,8,1626.0,mid-range,3.3,poor,Dilshknagar,68d135063952f7cf7dee90f8,17.367642,78.534282,Manoj Automobiles,key set assembly - xtreme 160r hero ignition industrial grade precision engineered for increased power,Ignition,2025-07-29T00:00:00.000Z,2013,68d135063952f7cf7dee90f6,classic
,Honda,,0.0,27,2025-07-12T00:00:00.000Z,Advanced precision engineered for maximum protection,https://example.com/images/tank_cap_cb350rs.jpg,CB350RS,Tank Cap - CB350RS,34,910.0,mid-range,3.6,average,Karimnagar,68d135833952f7cf7dee910b,18.435781,79.132861,Mounika Automobiles,tank cap - cb350rs honda fuel system advanced precision engineered for increased power,Fuel System,2025-09-02T00:00:00.000Z,2011,68d135833952f7cf7dee9109,modern
,Bajaj,,0.0,6,2025-07-07T00:00:00.000Z,Enhanced high strength for enhanced safety,https://example.com/images/fuel_rail_avenger_160.jpg,Avenger 160,Genuine Fuel Rail - Avenger 160,6,4614.0,premium,4.8,excellent,Medak,68d135d63952f7cf7dee9120,18.048948,78.269372,baskar Automobiles,genuine fuel rail - avenger 160 bajaj fuel system heavy-duty noise reducing for optimal efficiency,Fuel System,2025-07-10T00:00:00.000Z,2012,68d135d63952f7cf7dee911e,modern
,MV Agusta,,0.0,4,2025-08-27T00:00:00.000Z,Racing quality high strength for better handling,https://example.com/images/led_strip_superveloce_800.jpg,Superveloce 800,Heavy Duty LED Strip - Superveloce 800,10,4919.0,premium,3.6,average,Khammam,68d136193952f7cf7dee9133,17.249885,80.15615,Mahesh Automobiles,heavy duty led strip - superveloce 800 mv agusta lighting street performance eco-friendly for enhanced safety,Lighting,2025-07-27T00:00:00.000Z,2023,68d136193952f7cf7dee9131,modern
,Kawasaki,,0.0,10,2025-08-21T00:00:00.000Z,Advanced high strength for better control,https://example.com/images/condenser_ninja_h2.jpg,Ninja H2,OEM Condenser - Ninja H2,25,483.0,budget,3.7,average,RAMNAGAR COLONY PEERZADIGUDA UPPAL HYDERABAD,689d6959045c37933826818d,17.390358,78.606729,sai automobiles,oem condenser - ninja h2 kawasaki ignition precision-made maintenance-free for better handling,Ignition,2025-08-25T00:00:00.000Z,2011,689d6959045c37933826818b,modern
,Suzuki,,0.0,15,2025-09-14T00:00:00.000Z,Enhanced temperature stable for better control,https://example.com/images/first_aid_kit_gsx_s750.jpg,GSX-S750,Racing First Aid Kit - GSX-S750,50,1549.0,mid-range,4.8,excellent,Chappal Bazar Road - Kachiguda,68ac2a8f3c73e23c655de054,17.38953,78.491245,Swathi Automobiles,racing first aid kit - gsx-s750 suzuki accessories lightweight fuel efficient for better fuel economy,Accessories,2025-08-25T00:00:00.000Z,2020,68ac2a8e3c73e23c655de052,modern
,Indian,,0.0,22,2025-09-17T00:00:00.000Z,Heavy-duty fuel efficient for enhanced stability,https://example.com/images/ignition_switch_scout_rogue.jpg,Scout Rogue,Indian Ignition Switch for Scout Rogue,6,721.0,mid-range,3.2,poor,,68d0c47e09554c358655174d,17.423605,78.546314,Tarun Automobiles,indian ignition switch for scout rogue indian ignition oem quality precision engineered for improved comfort,Ignition,2025-07-31T00:00:00.000Z,2016,68d0c47d09554c358655174b,classic
,MV Agusta,,0.0,14,2025-08-07T00:00:00.000Z,Long-lasting noise reducing for better handling,https://example.com/images/rotor_turismo_veloce.jpg,Turismo Veloce,Performance Rotor - Turismo Veloce,25,517.0,mid-range,4.3,good,Hyderabad,68d133bf3952f7cf7dee90b9,17.511409,78.350972,Jyothi Automobiles,performance rotor - turismo veloce mv agusta ignition high-performance vibration dampening for longer life,Ignition,2025-08-10T00:00:00.000Z,2019,68d133bf3952f7cf7dee90b7,modern
,Jawa,,0.0,15,2025-07-22T00:00:00.000Z,Enhanced high strength for improved performance,https://example.com/images/oil_filter_yezdi_roadster.jpg,Yezdi Roadster,OEM Oil Filter - Yezdi Roadster,15,292.0,budget,4.1,good,Bala Nagar,68d1346c3952f7cf7dee90d2,17.475679,78.447328,Kalyan Automobiles,oem oil filter - yezdi roadster jawa filters durable high strength for improved comfort,Filters,2025-08-27T00:00:00.000Z,2020,68d1346c3952f7cf7dee90d0,modern
,Suzuki,,0.0,22,2025-08-11T00:00:00.000Z,Long-lasting long lasting for reduced maintenance,https://example.com/images/transmission_filter_boulevard.jpg,Boulevard,OEM Transmission Filter - Boulevard,36,1033.0,mid-range,3.9,average,Mahabubabad,68d134ac3952f7cf7dee90e5,17.594209,80.006903,Shiva sai Automobiles,oem transmission filter - boulevard suzuki filters professional grade temperature stable for enhanced durability,Filters,2025-09-07T00:00:00.000Z,2023,68d134ac3952f7cf7dee90e3,classic
,Honda,,0.0,16,2025-07-29T00:00:00.000Z,Precision-made wear resistant for enhanced stability,https://example.com/images/back_protector_unicorn.jpg,Unicorn,Heavy Duty Back Protector - Unicorn,39,3739.0,premium,3.2,poor,Dilshknagar,68d135063952f7cf7dee90f8,17.367642,78.534282,Manoj Automobiles,heavy duty back protector - unicorn honda safety professional grade eco-friendly for better control,Safety,2025-07-27T00:00:00.000Z,2023,68d135063952f7cf7dee90f6,modern
,Hero,,0.0,23,2025-09-18T00:00:00.000Z,Precision-made noise reducing for better fuel economy,https://example.com/images/parking_light_ignitor.jpg,Ignitor,Premium Parking Light for Ignitor,9,1039.0,mid-range,4.7,excellent,Karimnagar,68d135833952f7cf7dee910b,18.435781,79.132861,Mounika Automobiles,premium parking light for ignitor hero lighting street performance vibration dampening for improved comfort,Lighting,2025-07-27T00:00:00.000Z,2024,68d135833952f7cf7dee9109,classic
,Triumph,,0.0,15,2025-08-10T00:00:00.000Z,Precision-made noise reducing for longer life,https://example.com/images/wire_wheel_scrambler_1200.jpg,Scrambler 1200,Wire Wheel Assembly - Scrambler 1200,48,11355.0,premium,4.5,excellent,Medak,68d135d63952f7cf7dee9120,18.048948,78.269372,baskar Automobiles,wire wheel assembly - scrambler 1200 triumph wheels & tires enhanced weather resistant for smoother operation,Wheels & Tires,2025-07-08T00:00:00.000Z,2010,68d135d63952f7cf7dee911e,classic
,Indian,,0.0,15,2025-08-09T00:00:00.000Z,Long-lasting eco-friendly for better fuel economy,https://example.com/images/shift_fork_ftr_1200.jpg,FTR 1200,Performance Shift Fork - FTR 1200,42,1081.0,mid-range,4.7,excellent,Khammam,68d136193952f7cf7dee9133,17.249885,80.15615,Mahesh Automobiles,performance shift fork - ftr 1200 indian transmission industrial grade heat treated for superior reliability,Transmission,2025-07-17T00:00:00.000Z,2011,68d136193952f7cf7dee9131,classic
,Jawa,,0.0,22,2025-09-16T00:00:00.000Z,OEM quality long lasting for improved comfort,https://example.com/images/ignition_module_bobber.jpg,Bobber,Heavy Duty Ignition Module - Bobber,3,1336.0,mid-range,4.9,excellent,RAMNAGAR COLONY PEERZADIGUDA UPPAL HYDERABAD,689d6959045c37933826818d,17.390358,78.606729,sai automobiles,heavy duty ignition module - bobber jawa ignition oem quality eco-friendly for reduced maintenance,Ignition,2025-07-12T00:00:00.000Z,2015,689d6959045c37933826818b,classic
,Jawa,,0.0,27,2025-08-29T00:00:00.000Z,Advanced maintenance-free for enhanced durability,https://example.com/images/wax_yezdi_roadster.jpg,Yezdi Roadster,Genuine Wax - Yezdi Roadster,0,262.0,budget,3.8,average,Chappal Bazar Road - Kachiguda,68ac2a8f3c73e23c655de054,17.38953,78.491245,Swathi Automobiles,genuine wax - yezdi roadster jawa maintenance high-performance chemical resistant for superior reliability,Maintenance,2025-09-07T00:00:00.000Z,2024,68ac2a8e3c73e23c655de052,classic
,Yezdi,,0.0,24,2025-08-06T00:00:00.000Z,Heavy-duty chemical resistant for enhanced safety,https://example.com/images/final_drive_oil_roadking.jpg,Roadking,Final Drive Oil Assembly - Roadking,26,6928.0,premium,4.4,good,,68d0c47e09554c358655174d,17.423605,78.546314,Tarun Automobiles,final drive oil assembly - roadking yezdi drivetrain high-performance temperature stable for superior reliability,Drivetrain,2025-07-14T00:00:00.000Z,2021,68d0c47d09554c358655174b,classic
,Benelli,,0.0,16,2025-07-07T00:00:00.000Z,Heavy-duty noise reducing for improved comfort,https://example.com/images/carbon_filter_imperiale_400.jpg,Imperiale 400,Premium Carbon Filter for Imperiale 400,7,1464.0,mid-range,3.5,average,Hyderabad,68d133bf3952f7cf7dee90b9,17.511409,78.350972,Jyothi Automobiles,premium carbon filter for imperiale 400 benelli filters advanced chemical resistant for enhanced safety,Filters,2025-08-16T00:00:00.000Z,2017,68d133bf3952f7cf7dee90b7,modern
,Yamaha,,0.0,1,2025-08-08T00:00:00.000Z,Heavy-duty heat treated for longer life,https://example.com/images/coolant_pump_saluto_rx.jpg,Saluto RX,Heavy Duty Coolant Pump - Saluto RX,49,3036.0,premium,4.4,good,Bala Nagar,68d1346c3952f7cf7dee90d2,17.475679,78.447328,Kalyan Automobiles,heavy duty coolant pump - saluto rx yamaha cooling system premium quality long lasting for enhanced safety,Cooling System,2025-07-19T00:00:00.000Z,2018,68d1346c3952f7cf7dee90d0,classic
,Yezdi,,0.0,3,2025-08-06T00:00:00.000Z,Racing quality wear resistant for increased power,https://example.com/images/bar_end_oilking.jpg,Oilking,Premium Bar End for Oilking,35,1867.0,mid-range,3.6,average,Mahabubabad,68d134ac3952f7cf7dee90e5,17.594209,80.006903,Shiva sai Automobiles,premium bar end for oilking yezdi accessories lightweight temperature stable for maximum protection,Accessories,2025-09-04T00:00:00.000Z,2022,68d134ac3952f7cf7dee90e3,modern
,BMW,,0.0,25,2025-07-07T00:00:00.000Z,Superior high strength for enhanced stability,https://example.com/images/emergency_kit_g_310_gs.jpg,G 310 GS,Genuine Emergency Kit - G 310 GS,44,886.0,mid-range,3.9,average,Dilshknagar,68d135063952f7cf7dee90f8,17.367642,78.534282,Manoj Automobiles,genuine emergency kit - g 310 gs bmw safety industrial grade precision engineered for enhanced stability,Safety,2025-09-20T00:00:00.000Z,2016,68d135063952f7cf7dee90f6,modern
,BMW,,0.0,29,2025-07-01T00:00:00.000Z,OEM quality temperature stable for maximum protection,https://example.com/images/gps_mount_s_1000_xr.jpg,S 1000 XR,GPS Mount - S 1000 XR,33,754.0,mid-range,3.6,average,Karimnagar,68d135833952f7cf7dee910b,18.435781,79.132861,Mounika Automobiles,gps mount - s 1000 xr bmw accessories precision-made wear resistant for maximum protection,Accessories,2025-07-18T00:00:00.000Z,2022,68d135833952f7cf7dee9109,classic
,Indian,,0.0,17,2025-09-17T00:00:00.000Z,Enhanced precision engineered for enhanced stability,https://example.com/images/input_shaft_springfield.jpg,Springfield,Heavy Duty Input Shaft - Springfield,18,4496.0,premium,3.6,average,Medak,68d135d63952f7cf7dee9120,18.048948,78.269372,baskar Automobiles,heavy duty input shaft - springfield indian transmission industrial grade eco-friendly for maximum protection,Transmission,2025-07-16T00:00:00.000Z,2019,68d135d63952f7cf7dee911e,classic
,KTM,,0.0,18,2025-08-11T00:00:00.000Z,Lightweight long lasting for increased power,https://example.com/images/water_pump_450_rally.jpg,450 Rally,Heavy Duty Water Pump - 450 Rally,31,22842.0,premium,3.6,average,Khammam,68d136193952f7cf7dee9133,17.249885,80.15615,Mahesh Automobiles,heavy duty water pump - 450 rally ktm engine premium quality maintenance-free for better fuel economy,Engine,2025-07-17T00:00:00.000Z,2021,68d136193952f7cf7dee9131,modern
