product_id,name,model,company,vehicleYear,brand,type,price,description,countInStock,rating,numReviews,compatibility,images,vendor_id,shop_id,shop_name,shop_address,shop_lat,shop_lon,price_category,year_category,rating_tier,text_combined,compatibility_count,created_at,updated_at
68a1c49c8bc5d777648a1186,Mud Guard,splender Plus,Hero,2020,,plastic,600.0,the mudguard on splendor plus protects the rider and bike from mud water and debris while riding it is typically made of durable plastic and fits over the front or rear wheel to keep the body clean and improve visibility in wet conditions,4,4.666666666666667,3,,/uploads/Mud_Guard.jpeg,689d6959045c37933826818b,689d6959045c37933826818d,sai automobiles,RAMNAGAR COLONY PEERZADIGUDA UPPAL HYDERABAD,17.390358,78.606729,budget,modern,excellent,mud guard splender plus hero plastic the mudguard on splendor plus protects the rider and bike from mud water and debris while riding it is typically made of durable plastic and fits over the front or rear wheel to keep the body clean and improve visibility in wet conditions,0,2025-08-17T12:01:32.327000,2025-09-21T12:34:50.637000
68a1cb2e8bc5d777648a122a,Head Light Wiser,splender Plus,Hero,2020,,plastic,400.0,the hero splendor plus wiser comes with bright halogen headlight integrated into modern sleek headlamp housing for better visibility and style it ensures clear night time vision and enhances the bike overall premium look,2,5.0,1,,/uploads/hero-splendor-plus-headlight-visor-1755433774668.webp,689d6959045c37933826818b,689d6959045c37933826818d,sai automobiles,RAMNAGAR COLONY PEERZADIGUDA UPPAL HYDERABAD,17.390358,78.606729,budget,modern,excellent,head light wiser splender plus hero plastic the hero splendor plus wiser comes with bright halogen headlight integrated into modern sleek headlamp housing for better visibility and style it ensures clear night time vision and enhances the bike overall premium look,0,2025-08-17T12:29:34.735000,2025-09-14T10:09:07.261000
68a5ca0c104af4be97d918f6,Petrol tank (Black and Blue),pulsar 150,Bajaj,2017,,Body Part,6000.0,petrol tanks are storage units designed to safely contain gasoline acting as reservoir to supply fuel to combustion engines they are typically made from materials such as steel or high density polyethylene hdpe and include features like pressure relief systems to prevent vapor leakage,2,4.5,2,,/uploads/pulsar-petrol-tank-1755695628284.webp,689d6959045c37933826818b,689d6959045c37933826818d,sai automobiles,RAMNAGAR COLONY PEERZADIGUDA UPPAL HYDERABAD,17.390358,78.606729,premium,modern,excellent,petrol tank black and blue pulsar 150 bajaj body part petrol tanks are storage units designed to safely contain gasoline acting as reservoir to supply fuel to combustion engines they are typically made from materials such as steel or high density polyethylene hdpe and include features like pressure relief systems to prevent vapor leakage,0,2025-08-20T13:13:48.385000,2025-08-25T10:52:05.498000
68ac2ff12209b4bbf105f014,Clutch Cable,pulsar 150,Bajaj,2018,,Cables,120.0,it is genuine part designed for smooth gear shifting featuring pre stretched stainless steel wire for enhanced durability and pull resistance,4,0.0,0,,/uploads/pulsar-150ccdts-i-two-wheeler-cables-1756114929032.webp,68ac2a8e3c73e23c655de052,68ac2a8f3c73e23c655de054,Swathi Automobiles,Chappal Bazar Road - Kachiguda ,17.38953,78.491245,budget,modern,poor,clutch cable pulsar 150 bajaj cables it is genuine part designed for smooth gear shifting featuring pre stretched stainless steel wire for enhanced durability and pull resistance,0,2025-08-25T09:42:09.132000,2025-08-31T16:41:42.224000
68b91ec68fdb8191b6805750,Petrol tank (Black),splender Plus,Hero,2018,,Fuel & Intake,5500.0,fuel intake refers to the system that stores filters and delivers fuel to the engine while mixing it with air for combustion it ensures proper fuel air ratio for efficient engine performance,5,5.0,1,,/uploads/Fueltank-1756962501927.jpg,689d6959045c37933826818b,689d6959045c37933826818d,sai automobiles,RAMNAGAR COLONY PEERZADIGUDA UPPAL HYDERABAD,17.390358,78.606729,premium,modern,excellent,petrol tank black splender plus hero fuel intake fuel intake refers to the system that stores filters and delivers fuel to the engine while mixing it with air for combustion it ensures proper fuel air ratio for efficient engine performance,0,2025-09-04T05:08:22.007000,2025-09-04T05:11:55.757000
68c570fc69b2ac95c059dd93,Head Light set,splender Plus,Hero,2020,,Light,236.0,brighten your ride with the splendor plus led headlight set featuring high and low beam modes with vibrant red and blue flashing for enhanced visibility,3,0.0,0,,/uploads/splendor-plus-headlightset-1757769980777.webp,689d6959045c37933826818b,689d6959045c37933826818d,sai automobiles,RAMNAGAR COLONY PEERZADIGUDA UPPAL HYDERABAD,17.390358,78.606729,budget,modern,poor,head light set splender plus hero light brighten your ride with the splendor plus led headlight set featuring high and low beam modes with vibrant red and blue flashing for enhanced visibility,0,2025-09-13T13:26:20.854000,2025-09-13T13:26:20.854000
68c6b28ef5997b1f8e168c0a,Rear Indicator,splender Plus,Hero,2020,,Indicator,80.0,the splendor plus indicators are compact amber colored signal lights designed for clear visibility while turning or changing lanes,6,0.0,0,,/uploads/indicators-1757852302312.jpg,689d6959045c37933826818b,689d6959045c37933826818d,sai automobiles,RAMNAGAR COLONY PEERZADIGUDA UPPAL HYDERABAD,17.390358,78.606729,budget,modern,poor,rear indicator splender plus hero indicator the splendor plus indicators are compact amber colored signal lights designed for clear visibility while turning or changing lanes,0,2025-09-14T12:18:22.390000,2025-09-14T12:18:22.390000
68cfcac757e1f1749ecb85d4,saree guard,splender Plus,Hero,2020,,Frame & Footrests,480.0,the hero splendor saree guard is sturdy bolt on accessory designed to protect rear seat passengers especially women wearing sarees from entanglement with the rear wheel,3,0.0,0,,/uploads/splendor-plus-sareeguard-1758448327577.webp,689d6959045c37933826818b,689d6959045c37933826818d,sai automobiles,RAMNAGAR COLONY PEERZADIGUDA UPPAL HYDERABAD,17.390358,78.606729,budget,modern,poor,saree guard splender plus hero frame footrests the hero splendor saree guard is sturdy bolt on accessory designed to protect rear seat passengers especially women wearing sarees from entanglement with the rear wheel,0,2025-09-21T09:52:07.620000,2025-09-21T09:52:07.620000
68cfe9b18b865f2c00ae562b,fuel tank cap,splender Plus,Hero,2020,,Fuel & Intake,140.0,the splendor tank cap is durable metal lid designed to securely seal the fuel tank preventing leakage and unauthorized access it typically comes with lock and key mechanism for added safety and fits snugly across all splendor models,2,0.0,0,,/uploads/HERO-PETEROL-TANK-CAP-SPLENDOR-1758456241468.webp,689d6959045c37933826818b,689d6959045c37933826818d,sai automobiles,RAMNAGAR COLONY PEERZADIGUDA UPPAL HYDERABAD,17.390358,78.606729,budget,modern,poor,fuel tank cap splender plus hero fuel intake the splendor tank cap is durable metal lid designed to securely seal the fuel tank preventing leakage and unauthorized access it typically comes with lock and key mechanism for added safety and fits snugly across all splendor models,0,2025-09-21T12:04:01.509000,2025-09-21T12:04:01.509000
68cfeb488b865f2c00ae564e,Front Rim,splender Plus,Hero,2020,,Wheels ,800.0,the splendor front rim in steel is robust and reliable wheel component designed to withstand daily wear and tear offering excellent road grip and stability its precision engineered construction ensures smooth handling and long lasting performance for commuter rides,3,0.0,0,,/uploads/SPLENDERFRONTWHEELRIM-1758456648128.jpg,689d6959045c37933826818b,689d6959045c37933826818d,sai automobiles,RAMNAGAR COLONY PEERZADIGUDA UPPAL HYDERABAD,17.390358,78.606729,budget,modern,poor,front rim splender plus hero wheels the splendor front rim in steel is robust and reliable wheel component designed to withstand daily wear and tear offering excellent road grip and stability its precision engineered construction ensures smooth handling and long lasting performance for commuter rides,0,2025-09-21T12:10:48.166000,2025-09-21T12:10:48.166000
68cfecd78b865f2c00ae5655,Wheel Rear Rim,splender Plus,Hero,2020,,Wheels ,1200.0,the rear rim for hero splendor is crafted from high quality steel or alloy offering durability and reliable performance on varied road conditions designed with an 18 inch spoke or alloy configuration it ensures secure fit and smooth ride for daily commuting,5,0.0,0,,/uploads/SPLENDERREARBACKRIM-1758457047029.jpg,689d6959045c37933826818b,689d6959045c37933826818d,sai automobiles,RAMNAGAR COLONY PEERZADIGUDA UPPAL HYDERABAD,17.390358,78.606729,mid-range,modern,poor,wheel rear rim splender plus hero wheels the rear rim for hero splendor is crafted from high quality steel or alloy offering durability and reliable performance on varied road conditions designed with an 18 inch spoke or alloy configuration it ensures secure fit and smooth ride for daily commuting,0,2025-09-21T12:17:27.066000,2025-09-21T12:17:27.066000
68cfeeda8b865f2c00ae5953,Air Filter,splender Plus,Hero,2020,,Filters,80.0,the air filter for hero splendor is designed to trap dust and debris ensuring clean airflow to the engine for optimal combustion its high efficiency filtration helps maintain mileage engine health and smooth performance on daily rides,3,0.0,0,,/uploads/splender-air-filter-1758457562369.webp,689d6959045c37933826818b,689d6959045c37933826818d,sai automobiles,RAMNAGAR COLONY PEERZADIGUDA UPPAL HYDERABAD,17.390358,78.606729,budget,modern,poor,air filter splender plus hero filters the air filter for hero splendor is designed to trap dust and debris ensuring clean airflow to the engine for optimal combustion its high efficiency filtration helps maintain mileage engine health and smooth performance on daily rides,0,2025-09-21T12:26:02.408000,2025-09-21T12:26:02.408000
68d0c96609554c3586551777,Cylinder Head,Splendor Plus,Hero,2020,,Engine & Top End,1850.0,the cylinder head for the hero splendor plus ensures proper combustion and durability in the engine and top end system,5,0.0,0,,/uploads/head-comp-cylinder-for-splendor-1758513510096.webp,68d0c47d09554c358655174b,68d0c47e09554c358655174d,Tarun Automobiles,,17.423605,78.546314,mid-range,modern,poor,cylinder head splendor plus hero engine top end the cylinder head for the hero splendor plus ensures proper combustion and durability in the engine and top end system,0,2025-09-22T03:58:30.192000,2025-09-22T03:58:30.192000
68d0ca7309554c3586551780,Piston or Bore Kit,Splendor Plus,Hero,2020,,Engine & Top End,4454.0,the piston kit for splendor plus ensures performance and reliability in the engine top end system,3,0.0,0,,/uploads/PistonKit-1758513778941.jpg,68d0c47d09554c358655174b,68d0c47e09554c358655174d,Tarun Automobiles,,17.423605,78.546314,mid-range,modern,poor,piston or bore kit splendor plus hero engine top end the piston kit for splendor plus ensures performance and reliability in the engine top end system,0,2025-09-22T04:02:59.020000,2025-09-22T04:02:59.020000
68d0cb7009554c3586551788,Valves Kit,splender Plus,Hero,2023,,Engine & Top End,1094.0,the valves for splendor plus ensures performance and reliability in the engine top end system,4,0.0,0,,/uploads/ValveKit-1758514032088.webp,68d0c47d09554c358655174b,68d0c47e09554c358655174d,Tarun Automobiles,,17.423605,78.546314,mid-range,modern,poor,valves kit splender plus hero engine top end the valves for splendor plus ensures performance and reliability in the engine top end system,0,2025-09-22T04:07:12.186000,2025-09-22T04:07:12.186000
68d0cdaf963a9189990a86f8,Camshaft,Splendor Plus,Hero,2020,,Engine & Top End,1750.0,the camshaft for splendor plus ensures performance and reliability in the engine top end system,6,0.0,0,,/uploads/Camshaft-1758514607575.webp,68d0c47d09554c358655174b,68d0c47e09554c358655174d,Tarun Automobiles,,17.423605,78.546314,mid-range,modern,poor,camshaft splendor plus hero engine top end the camshaft for splendor plus ensures performance and reliability in the engine top end system,0,2025-09-22T04:16:47.712000,2025-09-22T04:16:47.712000
68d0ce8d32c63f20b5c37654,Rocker Arm,splender Plus,Hero,2020,,Engine & Top End,743.0,the rocker arm for splendor plus ensures performance and reliability in the engine top end system,5,0.0,0,,/uploads/rocker-arm-set-1758514829443.webp,68d0c47d09554c358655174b,68d0c47e09554c358655174d,Tarun Automobiles,,17.423605,78.546314,budget,modern,poor,rocker arm splender plus hero engine top end the rocker arm for splendor plus ensures performance and reliability in the engine top end system,0,2025-09-22T04:20:29.586000,2025-09-22T04:20:29.586000
68d0cf4932c63f20b5c3765c,Connecting Rod,splender Plus,Hero,2020,,Engine & Top End,2870.0,the connecting rod for splendor plus ensures performance and reliability in the bottom end crankcase system,4,0.0,0,,/uploads/ConnectingRod-1758515017397.webp,68d0c47d09554c358655174b,68d0c47e09554c358655174d,Tarun Automobiles,,17.423605,78.546314,mid-range,modern,poor,connecting rod splender plus hero engine top end the connecting rod for splendor plus ensures performance and reliability in the bottom end crankcase system,0,2025-09-22T04:23:37.500000,2025-09-22T04:23:37.500000
68d0cff632c63f20b5c37664,Main Engine Bearings,Splendor Plus,Hero,2020,,Engine & Top End,602.0,the main bearings for splendor plus ensures performance and reliability in the bottom end crankcase system,8,0.0,0,,/uploads/EngineBearing-1758515190214.jpg,68d0c47d09554c358655174b,68d0c47e09554c358655174d,Tarun Automobiles,,17.423605,78.546314,budget,modern,poor,main engine bearings splendor plus hero engine top end the main bearings for splendor plus ensures performance and reliability in the bottom end crankcase system,0,2025-09-22T04:26:30.320000,2025-09-22T04:26:30.320000
68d0d11a32c63f20b5c3766d,Oil Pump,Splendor Plus,Hero,2020,,Bottom End & Crankcase,2302.0,the oil pump for splendor plus ensures performance and reliability in the bottom end crankcase system,6,0.0,0,,/uploads/Oilpump-1758515482795.jpg,68d0c47d09554c358655174b,68d0c47e09554c358655174d,Tarun Automobiles,,17.423605,78.546314,mid-range,modern,poor,oil pump splendor plus hero bottom end crankcase the oil pump for splendor plus ensures performance and reliability in the bottom end crankcase system,0,2025-09-22T04:31:22.982000,2025-09-22T04:31:22.982000
68d0d19732c63f20b5c37675,Clutch Cover Gasket,Splendor Plus,Hero,2019,,Bottom End & Crankcase,80.0,the clutch cover gasket for splendor plus ensures performance and reliability in the bottom end crankcase system,4,0.0,0,,/uploads/splendor-clutch-cover-gasket-1758515607117.webp,68d0c47d09554c358655174b,68d0c47e09554c358655174d,Tarun Automobiles,,17.423605,78.546314,budget,modern,poor,clutch cover gasket splendor plus hero bottom end crankcase the clutch cover gasket for splendor plus ensures performance and reliability in the bottom end crankcase system,0,2025-09-22T04:33:27.264000,2025-09-22T04:33:27.264000
68d0d22c32c63f20b5c3767d,Gear Shift Drum,Splendor Plus,Hero,2020,,Bottom End & Crankcase,2920.0,the gear shift drum for splendor plus ensures performance and reliability in the bottom end crankcase system,7,0.0,0,,/uploads/hero-drum-gear-shift-1758515756761.webp,68d0c47d09554c358655174b,68d0c47e09554c358655174d,Tarun Automobiles,,17.423605,78.546314,mid-range,modern,poor,gear shift drum splendor plus hero bottom end crankcase the gear shift drum for splendor plus ensures performance and reliability in the bottom end crankcase system,0,2025-09-22T04:35:56.865000,2025-09-22T04:35:56.865000
68d0da4732c63f20b5c3769d,Fuel Tap,splender Plus,Hero,2020,,Fuel & Intake,136.0,the fuel tap for splendor plus ensures performance and reliability in the fuel intake system,8,0.0,0,,/uploads/fule-tap-splendor-1758517831665.webp,68d0c47d09554c358655174b,68d0c47e09554c358655174d,Tarun Automobiles,,17.423605,78.546314,budget,modern,poor,fuel tap splender plus hero fuel intake the fuel tap for splendor plus ensures performance and reliability in the fuel intake system,0,2025-09-22T05:10:31.769000,2025-09-22T05:10:31.769000
68d0df3432c63f20b5c376a5,Injector/Carburetor,splender Plus,Hero,2019,,Fuel & Intake,1640.0,the injector carburetor for splendor plus ensures performance and reliability in the fuel intake system,12,0.0,0,,/uploads/Carbunator-1758519092147.jpeg,68d0c47d09554c358655174b,68d0c47e09554c358655174d,Tarun Automobiles,,17.423605,78.546314,mid-range,modern,poor,injector carburetor splender plus hero fuel intake the injector carburetor for splendor plus ensures performance and reliability in the fuel intake system,0,2025-09-22T05:31:32.278000,2025-09-22T05:31:32.278000
68d0e01432c63f20b5c376ad,Throttle Body,splender Plus,Hero,2020,,Fuel & Intake,1405.0,the throttle body for splendor plus ensures performance and reliability in the fuel intake system,6,0.0,0,,/uploads/throttlebodyforSplendorPlus-1758519316380.webp,68d0c47d09554c358655174b,68d0c47e09554c358655174d,Tarun Automobiles,,17.423605,78.546314,mid-range,modern,poor,throttle body splender plus hero fuel intake the throttle body for splendor plus ensures performance and reliability in the fuel intake system,0,2025-09-22T05:35:16.509000,2025-09-22T05:35:16.509000
68d0ef583952f7cf7dee900f,Radiator,splender Plus,Hero,2021,,Cooling System,3500.0,the radiator for splendor plus ensures performance and reliability in the cooling system system,4,0.0,0,,/uploads/radiator-1758523224579.png,689d6959045c37933826818b,689d6959045c37933826818d,sai automobiles,RAMNAGAR COLONY PEERZADIGUDA UPPAL HYDERABAD,17.390358,78.606729,mid-range,modern,poor,radiator splender plus hero cooling system the radiator for splendor plus ensures performance and reliability in the cooling system system,0,2025-09-22T06:40:24.694000,2025-09-22T06:40:24.694000
68d0ef583952f7cf7dee9010,Radiator,Splendor Plus,Hero,2021,,Cooling System,3500.0,the radiator for splendor plus ensures performance and reliability in the cooling system system,4,0.0,0,,/uploads/radiator-1758523224579.png,689d6959045c37933826818b,689d6959045c37933826818d,sai automobiles,RAMNAGAR COLONY PEERZADIGUDA UPPAL HYDERABAD,17.390358,78.606729,mid-range,modern,poor,radiator splendor plus hero cooling system the radiator for splendor plus ensures performance and reliability in the cooling system system,0,2025-09-22T06:40:24.694000,2025-09-22T06:40:24.694000
68d106123952f7cf7dee905f,Engine Guard,pulsar 150,Bajaj,2017,,Engine & Top End,900.0,the engine guard for pulsar 150 ensures performance and reliability in the engine system,6,0.0,0,,/uploads/EngineGuard-1758529042841.jpeg,689d6959045c37933826818b,689d6959045c37933826818d,sai automobiles,RAMNAGAR COLONY PEERZADIGUDA UPPAL HYDERABAD,17.390358,78.606729,budget,modern,poor,engine guard pulsar 150 bajaj engine top end the engine guard for pulsar 150 ensures performance and reliability in the engine system,0,2025-09-22T08:17:22.953000,2025-09-22T08:17:22.953000
68d106dd3952f7cf7dee9066,Fuel Gauge,splender Plus,Hero,2021,,Fuel & Intake,450.0,the fuel gauge for splendor plus ensures performance and reliability in the fuel system system,4,0.0,0,,/uploads/fuel-meter-gauge--1758529245309.webp,689d6959045c37933826818b,689d6959045c37933826818d,sai automobiles,RAMNAGAR COLONY PEERZADIGUDA UPPAL HYDERABAD,17.390358,78.606729,budget,modern,poor,fuel gauge splender plus hero fuel intake the fuel gauge for splendor plus ensures performance and reliability in the fuel system system,0,2025-09-22T08:20:45.405000,2025-09-22T08:20:45.405000
68d106dd3952f7cf7dee9067,Fuel Gauge,Splendor Plus,Hero,2021,,Fuel & Intake,450.0,the fuel gauge for splendor plus ensures performance and reliability in the fuel system system,4,0.0,0,,/uploads/fuel-meter-gauge--1758529245309.webp,689d6959045c37933826818b,689d6959045c37933826818d,sai automobiles,RAMNAGAR COLONY PEERZADIGUDA UPPAL HYDERABAD,17.390358,78.606729,budget,modern,poor,fuel gauge splendor plus hero fuel intake the fuel gauge for splendor plus ensures performance and reliability in the fuel system system,0,2025-09-22T08:20:45.405000,2025-09-22T08:20:45.405000
68d107a33952f7cf7dee906f,Air Filter,Apache RTR 160,TVS,2018,,Air Intake,180.0,the air filter for apache rtr 160 ensures performance and reliability in the air intake system,8,0.0,0,,/uploads/air-filter-apache-4v-1758529443313.jpg,689d6959045c37933826818b,689d6959045c37933826818d,sai automobiles,RAMNAGAR COLONY PEERZADIGUDA UPPAL HYDERABAD,17.390358,78.606729,budget,modern,poor,air filter apache rtr 160 tvs air intake the air filter for apache rtr 160 ensures performance and reliability in the air intake system,0,2025-09-22T08:24:03.531000,2025-09-22T08:24:03.531000
68d10b463952f7cf7dee9096,Front Disc Rotor,FZ-S,Yamaha,2018,,Brakes,1200.0,the front disc rotor for fz ensures performance and reliability in the brakes system,12,0.0,0,,/uploads/Breakplate-1758530374310.webp,689d6959045c37933826818b,689d6959045c37933826818d,sai automobiles,RAMNAGAR COLONY PEERZADIGUDA UPPAL HYDERABAD,17.390358,78.606729,mid-range,modern,poor,front disc rotor fz yamaha brakes the front disc rotor for fz ensures performance and reliability in the brakes system,0,2025-09-22T08:39:34.485000,2025-09-22T08:39:34.485000
68d141a0b3fce85d4c5607ad,Front Brake Pad,Apache RTR 160,TVS,2021,,Brakes,420.0,high friction brake pad for superior stopping power and heat resistance,8,4.5,12,,https://example.com/images/brakepad_apache_rtr_160.jpg,689d6959045c37933826818b,689d6959045c37933826818d,sai automobiles,RAMNAGAR COLONY PEERZADIGUDA UPPAL HYDERABAD,17.390358,78.606729,budget,modern,excellent,front brake pad apache rtr 160 tvs brakes high friction brake pad for superior stopping power and heat resistance,0,2025-08-17T10:23:45,2025-09-12T14:33:21
68d141a0b3fce85d4c5607ae,Rear Shock Absorber,Pulsar 150,Bajaj,2019,,Suspension,1850.0,gas charged rear shock for smooth ride and better handling on rough roads,5,4.7,8,,https://example.com/images/shock_pulsar_150.jpg,689d6959045c37933826818b,689d6959045c37933826818d,sai automobiles,RAMNAGAR COLONY PEERZADIGUDA UPPAL HYDERABAD,17.390358,78.606729,mid-range,modern,excellent,rear shock absorber pulsar 150 bajaj suspension gas charged rear shock for smooth ride and better handling on rough roads,0,2025-08-19T11:47:33,2025-09-05T09:12:08
68d141a0b3fce85d4c5607af,Air Filter,Hero Splendor Plus,Hero,2020,,Filters,120.0,high efficiency paper filter traps dust and ensures clean airflow to engine,12,4.6,15,,https://example.com/images/airfilter_splendor_plus.jpg,689d6959045c37933826818b,689d6959045c37933826818d,sai automobiles,RAMNAGAR COLONY PEERZADIGUDA UPPAL HYDERABAD,17.390358,78.606729,budget,modern,excellent,air filter hero splendor plus hero filters high efficiency paper filter traps dust and ensures clean airflow to engine,0,2025-08-21T16:02:17,2025-09-18T13:44:55
68d141a0b3fce85d4c5607b0,Clutch Cable,Yamaha FZ-S,Yamaha,2018,,Cables,150.0,stainless steel inner wire with pvc coating for smooth clutch operation,6,4.3,9,,https://example.com/images/clutchcable_fz_s.jpg,68ac2a8e3c73e23c655de052,68ac2a8f3c73e23c655de054,Swathi Automobiles,Chappal Bazar Road - Kachiguda ,17.38953,78.491245,budget,modern,excellent,clutch cable yamaha fz yamaha cables stainless steel inner wire with pvc coating for smooth clutch operation,0,2025-08-23T08:33:02,2025-09-01T17:22:44
68d141a0b3fce85d4c5607b1,Headlight Assembly,Royal Enfield Classic 350,Royal Enfield,2022,,Lighting,2200.0,led headlight with halo drls for modern look and superior night visibility,4,4.8,6,,https://example.com/images/headlight_re_classic_350.jpg,689d6959045c37933826818b,689d6959045c37933826818d,sai automobiles,RAMNAGAR COLONY PEERZADIGUDA UPPAL HYDERABAD,17.390358,78.606729,mid-range,modern,excellent,headlight assembly royal enfield classic 350 royal enfield lighting led headlight with halo drls for modern look and superior night visibility,0,2025-08-25T14:18:59,2025-09-20T10:05:33
68d141a0b3fce85d4c5607b2,Radiator,KTM Duke 200,KTM,2021,,Cooling System,4200.0,aluminum core radiator with high flow design for optimal engine cooling,3,4.9,5,,https://example.com/images/radiator_ktm_duke_200.jpg,689d6959045c37933826818b,689d6959045c37933826818d,sai automobiles,RAMNAGAR COLONY PEERZADIGUDA UPPAL HYDERABAD,17.390358,78.606729,mid-range,modern,excellent,radiator ktm duke 200 ktm cooling system aluminum core radiator with high flow design for optimal engine cooling,0,2025-08-27T09:55:22,2025-09-15T16:38:11
68d141a0b3fce85d4c5607b3,Spark Plug,Honda Shine,Honda,2020,,Ignition,85.0,iridium tip spark plug for better fuel efficiency and smoother starts,20,4.7,22,,https://example.com/images/sparkplug_honda_shine.jpg,68ac2a8e3c73e23c655de052,68ac2a8f3c73e23c655de054,Swathi Automobiles,Chappal Bazar Road - Kachiguda ,17.38953,78.491245,budget,modern,excellent,spark plug honda shine honda ignition iridium tip spark plug for better fuel efficiency and smoother starts,0,2025-08-29T13:07:41,2025-09-10T11:29:03
68d141a0b3fce85d4c5607b4,Chain Sprocket Kit,Suzuki Gixxer,Suzuki,2019,,Drivetrain,1650.0,hardened steel sprockets with ring chain for durability and smooth power transfer,7,4.4,11,,https://example.com/images/chainsprocket_gixxer.jpg,689d6959045c37933826818b,689d6959045c37933826818d,sai automobiles,RAMNAGAR COLONY PEERZADIGUDA UPPAL HYDERABAD,17.390358,78.606729,mid-range,modern,excellent,chain sprocket kit suzuki gixxer suzuki drivetrain hardened steel sprockets with ring chain for durability and smooth power transfer,0,2025-08-31T17:44:06,2025-09-19T08:51:27
68d141a0b3fce85d4c5607b5,Footpeg Set,Bajaj Avenger,Bajaj,2018,,Frame & Footrests,320.0,rubber mounted footpegs for comfort and reduced vibration on long rides,9,4.2,7,,https://example.com/images/footpeg_avenger.jpg,68ac2a8e3c73e23c655de052,68ac2a8f3c73e23c655de054,Swathi Automobiles,Chappal Bazar Road - Kachiguda ,17.38953,78.491245,budget,modern,excellent,footpeg set bajaj avenger bajaj frame footrests rubber mounted footpegs for comfort and reduced vibration on long rides,0,2025-09-02T10:15:33,2025-09-08T14:07:52
68d141a0b3fce85d4c5607b6,Carburetor,TVS Radeon,TVS,2020,,Fuel & Intake,1950.0,precision tuned carburetor for optimal air fuel mixture and throttle response,5,4.1,8,,https://example.com/images/carburetor_tvs_radeon.jpg,689d6959045c37933826818b,689d6959045c37933826818d,sai automobiles,RAMNAGAR COLONY PEERZADIGUDA UPPAL HYDERABAD,17.390358,78.606729,mid-range,modern,excellent,carburetor tvs radeon tvs fuel intake precision tuned carburetor for optimal air fuel mixture and throttle response,0,2025-09-04T15:22:18,2025-09-21T09:33:44
68d141e4b3fce85d4c56081b,Air Filter Element,Splendor Plus,Hero,2021,,Filters,150.0,replaceable paper or foam element that traps contaminants from incoming air,10,4.7,8,,https://example.com/images/airelement_splendor_plus.jpg,68ac2a8e3c73e23c655de052,68ac2a8f3c73e23c655de054,Swathi Automobiles,Chappal Bazar Road - Kachiguda ,17.38953,78.491245,budget,modern,excellent,air filter element splendor plus hero filters replaceable paper or foam element that traps contaminants from incoming air,0,2025-09-10T15:47:32,2025-09-13T19:25:17
68d141e4b3fce85d4c56081c,Speedometer Drive Gear,FZ-S,Yamaha,2018,,Instrumentation,220.0,small plastic or metal gear driven by front wheel to rotate speedometer cable,6,4.1,6,,https://example.com/images/drivegear_fz_s.jpg,689d6959045c37933826818b,689d6959045c37933826818d,sai automobiles,RAMNAGAR COLONY PEERZADIGUDA UPPAL HYDERABAD,17.390358,78.606729,budget,modern,excellent,speedometer drive gear fz yamaha instrumentation small plastic or metal gear driven by front wheel to rotate speedometer cable,0,2025-09-12T11:04:23,2025-09-16T14:48:59
68d141e4b3fce85d4c56081d,Swingarm Pivot Bushing,Pulsar 150,Bajaj,2020,,Frame & Suspension,220.0,rubber or polyurethane bushing that allows smooth swingarm movement while reducing noise,7,4.4,5,,https://example.com/images/pivotbushing_pulsar_150.jpg,689d6959045c37933826818b,689d6959045c37933826818d,sai automobiles,RAMNAGAR COLONY PEERZADIGUDA UPPAL HYDERABAD,17.390358,78.606729,budget,modern,excellent,swingarm pivot bushing pulsar 150 bajaj frame suspension rubber or polyurethane bushing that allows smooth swingarm movement while reducing noise,0,2025-09-14T17:32:04,2025-09-18T12:16:38
68d141e4b3fce85d4c56081e,Regulator Rectifier,Splendor Plus,Hero,2021,,Electrical,750.0,converts ac from stator to dc and regulates voltage to protect battery and electronics,3,4.6,4,,https://example.com/images/regulator_splendor_plus.jpg,68ac2a8e3c73e23c655de052,68ac2a8f3c73e23c655de054,Swathi Automobiles,Chappal Bazar Road - Kachiguda ,17.38953,78.491245,budget,modern,excellent,regulator rectifier splendor plus hero electrical converts ac from stator to dc and regulates voltage to protect battery and electronics,0,2025-09-16T13:59:45,2025-09-20T16:43:11
68d141e4b3fce85d4c56081f,Fuel Pressure Regulator,Splendor Plus,Hero,2021,,Fuel & Intake,1100.0,maintains consistent fuel pressure to injectors for optimal engine performance,2,4.8,3,,https://example.com/images/fuelpressure_splendor_plus.jpg,689d6959045c37933826818b,689d6959045c37933826818d,sai automobiles,RAMNAGAR COLONY PEERZADIGUDA UPPAL HYDERABAD,17.390358,78.606729,mid-range,modern,excellent,fuel pressure regulator splendor plus hero fuel intake maintains consistent fuel pressure to injectors for optimal engine performance,0,2025-09-18T11:26:18,2025-09-21T12:54:27
68d141e4b3fce85d4c560820,Handlebar Clamp,Apache RTR 160,TVS,2020,,Controls,280.0,upper and lower triple clamp that secures handlebar and forks to the frame,5,4.3,5,,https://example.com/images/handleclamp_apache_rtr_160.jpg,68ac2a8e3c73e23c655de052,68ac2a8f3c73e23c655de054,Swathi Automobiles,Chappal Bazar Road - Kachiguda ,17.38953,78.491245,budget,modern,excellent,handlebar clamp apache rtr 160 tvs controls upper and lower triple clamp that secures handlebar and forks to the frame,0,2025-09-20T16:13:40,2025-09-22T08:02:19
68d141e4b3fce85d4c560821,Piston Pin,Splendor Plus,Hero,2020,,Engine & Top End,350.0,hardened steel wrist pin that connects piston to connecting rod,8,4.7,6,,https://example.com/images/pistonpin_splendor_plus.jpg,689d6959045c37933826818b,689d6959045c37933826818d,sai automobiles,RAMNAGAR COLONY PEERZADIGUDA UPPAL HYDERABAD,17.390358,78.606729,budget,modern,excellent,piston pin splendor plus hero engine top end hardened steel wrist pin that connects piston to connecting rod,0,2025-09-22T05:38:29,2025-09-22T05:38:29
68d141e4b3fce85d4c560822,Throttle Return Spring,Splendor Plus,Hero,2019,,Cables,45.0,coil spring that ensures throttle grip returns to idle position when released,14,4.2,9,,https://example.com/images/returnspring_splendor_plus.jpg,68ac2a8e3c73e23c655de052,68ac2a8f3c73e23c655de054,Swathi Automobiles,Chappal Bazar Road - Kachiguda ,17.38953,78.491245,budget,modern,excellent,throttle return spring splendor plus hero cables coil spring that ensures throttle grip returns to idle position when released,0,2025-08-18T14:43:12,2025-09-11T18:24:49
68d141e4b3fce85d4c560823,Convex Rear View Mirror,Splendor Plus,Hero,2021,,Controls,180.0,wide angle mirror with convex glass for improved rearward visibility,6,4.5,5,,https://example.com/images/convexmirror_splendor_plus.jpg,689d6959045c37933826818b,689d6959045c37933826818d,sai automobiles,RAMNAGAR COLONY PEERZADIGUDA UPPAL HYDERABAD,17.390358,78.606729,budget,modern,excellent,convex rear view mirror splendor plus hero controls wide angle mirror with convex glass for improved rearward visibility,0,2025-08-20T11:06:38,2025-09-09T13:39:23
68d141e4b3fce85d4c560824,Engine Oil Filler Cap,Splendor Plus,Hero,2020,,Engine & Top End,75.0,screw on cap with rubber gasket to seal oil fill port and prevent leaks,18,4.1,12,,https://example.com/images/oilcap_splendor_plus_v2.jpg,68ac2a8e3c73e23c655de052,68ac2a8f3c73e23c655de054,Swathi Automobiles,Chappal Bazar Road - Kachiguda ,17.38953,78.491245,budget,modern,excellent,engine oil filler cap splendor plus hero engine top end screw on cap with rubber gasket to seal oil fill port and prevent leaks,0,2025-08-22T16:54:09,2025-09-17T10:05:37
68d141e4b3fce85d4c560825,Chain Adjuster Bolt,Splendor Plus,Hero,2021,,Drivetrain,90.0,threaded bolt used to adjust rear wheel position for proper chain tension,12,4.4,8,,https://example.com/images/adjusterbolt_splendor_plus.jpg,689d6959045c37933826818b,689d6959045c37933826818d,sai automobiles,RAMNAGAR COLONY PEERZADIGUDA UPPAL HYDERABAD,17.390358,78.606729,budget,modern,excellent,chain adjuster bolt splendor plus hero drivetrain threaded bolt used to adjust rear wheel position for proper chain tension,0,2025-08-24T12:23:56,2025-09-06T15:48:14
68d141e4b3fce85d4c560826,Seat Lock Cable,Splendor Plus,Hero,2020,,Comfort,150.0,steel cable that connects seat lock mechanism to key operated lock,7,4.3,6,,https://example.com/images/seatcable_splendor_plus.jpg,68ac2a8e3c73e23c655de052,68ac2a8f3c73e23c655de054,Swathi Automobiles,Chappal Bazar Road - Kachiguda ,17.38953,78.491245,budget,modern,excellent,seat lock cable splendor plus hero comfort steel cable that connects seat lock mechanism to key operated lock,0,2025-08-26T18:02:24,2025-09-19T12:26:49
68d141e4b3fce85d4c560827,Throttle Position Sensor Connector,Splendor Plus,Hero,2021,,Fuel & Intake,220.0,electrical connector that links tps to the engine wiring harness,4,4.7,4,,https://example.com/images/tpsconnector_splendor_plus.jpg,689d6959045c37933826818b,689d6959045c37933826818d,sai automobiles,RAMNAGAR COLONY PEERZADIGUDA UPPAL HYDERABAD,17.390358,78.606729,budget,modern,excellent,throttle position sensor connector splendor plus hero fuel intake electrical connector that links tps to the engine wiring harness,0,2025-08-28T19:40:41,2025-09-12T08:54:02
68d141e4b3fce85d4c560828,Rear Brake Shoe Spring,Splendor Plus,Hero,2018,,Brakes,40.0,small spring that holds brake shoes in place and returns them after braking,16,4.2,11,,https://example.com/images/shoespring_splendor_plus.jpg,68ac2a8e3c73e23c655de052,68ac2a8f3c73e23c655de054,Swathi Automobiles,Chappal Bazar Road - Kachiguda ,17.38953,78.491245,budget,modern,excellent,rear brake shoe spring splendor plus hero brakes small spring that holds brake shoes in place and returns them after braking,0,2025-08-30T09:16:13,2025-09-15T10:43:35
68d141e4b3fce85d4c560829,Engine Mounting Bolt,Splendor Plus,Hero,2020,,Engine & Top End,120.0,high tensile bolt used to secure engine to frame with proper torque specification,8,4.6,5,,https://example.com/images/mountbolt_splendor_plus.jpg,689d6959045c37933826818b,689d6959045c37933826818d,sai automobiles,RAMNAGAR COLONY PEERZADIGUDA UPPAL HYDERABAD,17.390358,78.606729,budget,modern,excellent,engine mounting bolt splendor plus hero engine top end high tensile bolt used to secure engine to frame with proper torque specification,0,2025-09-01T13:58:30,2025-09-14T18:09:56
68d141e4b3fce85d4c56082a,Clutch Cable Housing,Splendor Plus,Hero,2019,,Controls,110.0,outer casing that protects and guides the inner clutch cable,10,4.1,8,,https://example.com/images/cablehousing_splendor_plus.jpg,68ac2a8e3c73e23c655de052,68ac2a8f3c73e23c655de054,Swathi Automobiles,Chappal Bazar Road - Kachiguda ,17.38953,78.491245,budget,modern,excellent,clutch cable housing splendor plus hero controls outer casing that protects and guides the inner clutch cable,0,2025-09-03T18:43:07,2025-09-20T14:35:28
68d141e4b3fce85d4c56082b,Headlight Bulb Socket,Splendor Plus,Hero,2021,,Electrical,85.0,plastic socket that holds and electrically connects the headlight bulb,14,4.5,7,,https://example.com/images/bulbsocket_splendor_plus.jpg,689d6959045c37933826818b,689d6959045c37933826818d,sai automobiles,RAMNAGAR COLONY PEERZADIGUDA UPPAL HYDERABAD,17.390358,78.606729,budget,modern,excellent,headlight bulb socket splendor plus hero electrical plastic socket that holds and electrically connects the headlight bulb,0,2025-09-05T09:32:45,2025-09-18T16:27:34
68d141e4b3fce85d4c56082c,Exhaust Mounting Bracket,Splendor Plus,Hero,2020,,Exhaust,160.0,metal bracket that secures exhaust system to the frame or engine,9,4.3,6,,https://example.com/images/exhaustbracket_splendor_plus.jpg,68ac2a8e3c73e23c655de052,68ac2a8f3c73e23c655de054,Swathi Automobiles,Chappal Bazar Road - Kachiguda ,17.38953,78.491245,budget,modern,excellent,exhaust mounting bracket splendor plus hero exhaust metal bracket that secures exhaust system to the frame or engine,0,2025-09-07T15:54:18,2025-09-21T19:10:03
68d141e4b3fce85d4c56082d,Fuel Level Sensor Float,Splendor Plus,Hero,2021,,Fuel & Intake,180.0,floating arm with magnet that moves with fuel level to send signal to gauge,5,4.4,4,,https://example.com/images/sensorfloat_splendor_plus.jpg,689d6959045c37933826818b,689d6959045c37933826818d,sai automobiles,RAMNAGAR COLONY PEERZADIGUDA UPPAL HYDERABAD,17.390358,78.606729,budget,modern,excellent,fuel level sensor float splendor plus hero fuel intake floating arm with magnet that moves with fuel level to send signal to gauge,0,2025-09-09T11:19:32,2025-09-22T11:43:16
68d141e4b3fce85d4c56082e,Turn Signal Flasher Unit,Splendor Plus,Hero,2020,,Electrical,240.0,electronic module that controls the flashing rate of turn signal lights,6,4.3,5,,https://example.com/images/flasher_splendor_plus.jpg,68ac2a8e3c73e23c655de052,68ac2a8f3c73e23c655de054,Swathi Automobiles,Chappal Bazar Road - Kachiguda ,17.38953,78.491245,budget,modern,excellent,turn signal flasher unit splendor plus hero electrical electronic module that controls the flashing rate of turn signal lights,0,2025-09-11T17:45:54,2025-09-22T09:58:42
68d141e4b3fce85d4c56082f,Shock Absorber Bushing,Splendor Plus,Hero,2021,,Suspension,85.0,rubber bushing that isolates shock absorber from frame to reduce vibration transfer,11,4.2,7,,https://example.com/images/shockbushing_splendor_plus.jpg,689d6959045c37933826818b,689d6959045c37933826818d,sai automobiles,RAMNAGAR COLONY PEERZADIGUDA UPPAL HYDERABAD,17.390358,78.606729,budget,modern,excellent,shock absorber bushing splendor plus hero suspension rubber bushing that isolates shock absorber from frame to reduce vibration transfer,0,2025-09-13T13:08:29,2025-09-22T07:36:40
68d141e4b3fce85d4c560830,Chain Tensioner Spring,Splendor Plus,Hero,2020,,Drivetrain,65.0,coil spring that applies tension to chain tensioner for automatic slack adjustment,13,4.1,6,,https://example.com/images/tensionerspring_splendor_plus.jpg,689d6959045c37933826818b,689d6959045c37933826818d,sai automobiles,RAMNAGAR COLONY PEERZADIGUDA UPPAL HYDERABAD,17.390358,78.606729,budget,modern,excellent,chain tensioner spring splendor plus hero drivetrain coil spring that applies tension to chain tensioner for automatic slack adjustment,0,2025-09-15T14:30:15,2025-09-21T15:54:08
68d141e4b3fce85d4c560831,Carburetor Choke Plunger,Splendor Plus,Hero,2019,,Fuel & Intake,95.0,plunger mechanism that enriches fuel mixture during cold engine start,8,4.0,5,,https://example.com/images/chokeplunger_splendor_plus.jpg,68ac2a8e3c73e23c655de052,68ac2a8f3c73e23c655de054,Swathi Automobiles,Chappal Bazar Road - Kachiguda ,17.38953,78.491245,budget,modern,excellent,carburetor choke plunger splendor plus hero fuel intake plunger mechanism that enriches fuel mixture during cold engine start,0,2025-09-17T08:52:03,2025-09-22T10:29:14
68d141e4b3fce85d4c560832,Neutral Switch Gasket,Splendor Plus,Hero,2021,,Controls,55.0,small rubber or paper gasket that seals neutral switch to transmission case,7,4.6,3,,https://example.com/images/neutralgasket_splendor_plus.jpg,689d6959045c37933826818b,689d6959045c37933826818d,sai automobiles,RAMNAGAR COLONY PEERZADIGUDA UPPAL HYDERABAD,17.390358,78.606729,budget,modern,excellent,neutral switch gasket splendor plus hero controls small rubber or paper gasket that seals neutral switch to transmission case,0,2025-09-19T17:05:38,2025-09-22T07:12:13
68d141e4b3fce85d4c560833,Engine Temperature Sensor Connector,Splendor Plus,Hero,2020,,Cooling System,110.0,weatherproof electrical connector for engine temperature sensor,6,4.5,4,,https://example.com/images/tempconnector_splendor_plus.jpg,689d6959045c37933826818b,689d6959045c37933826818d,sai automobiles,RAMNAGAR COLONY PEERZADIGUDA UPPAL HYDERABAD,17.390358,78.606729,budget,modern,excellent,engine temperature sensor connector splendor plus hero cooling system weatherproof electrical connector for engine temperature sensor,0,2025-09-21T11:43:52,2025-09-22T06:05:09
68d141e4b3fce85d4c560834,Brake Pad Retaining Clip,Splendor Plus,Hero,2021,,Brakes,25.0,small metal clip that prevents brake pads from rattling in the caliper,20,4.1,9,,https://example.com/images/padclip_splendor_plus.jpg,68ac2a8e3c73e23c655de052,68ac2a8f3c73e23c655de054,Swathi Automobiles,Chappal Bazar Road - Kachiguda ,17.38953,78.491245,budget,modern,excellent,brake pad retaining clip splendor plus hero brakes small metal clip that prevents brake pads from rattling in the caliper,0,2025-08-17T15:32:24,2025-09-10T14:46:48
68d141e4b3fce85d4c560835,Clutch Lever Pivot Pin,Splendor Plus,Hero,2020,,Controls,70.0,steel pin that allows clutch lever to rotate smoothly on its perch,8,4.4,4,,https://example.com/images/leverpin_splendor_plus.jpg,689d6959045c37933826818b,689d6959045c37933826818d,sai automobiles,RAMNAGAR COLONY PEERZADIGUDA UPPAL HYDERABAD,17.390358,78.606729,budget,modern,excellent,clutch lever pivot pin splendor plus hero controls steel pin that allows clutch lever to rotate smoothly on its perch,0,2025-08-19T09:54:16,2025-09-16T12:28:27
68d141e4b3fce85d4c560836,Fuel Injector Connector,Splendor Plus,Hero,2021,,Fuel & Intake,95.0,sealed electrical connector that links fuel injector to wiring harness,12,4.3,6,,https://example.com/images/injectorconnector_splendor_plus.jpg,68ac2a8e3c73e23c655de052,68ac2a8f3c73e23c655de054,Swathi Automobiles,Chappal Bazar Road - Kachiguda ,17.38953,78.491245,budget,modern,excellent,fuel injector connector splendor plus hero fuel intake sealed electrical connector that links fuel injector to wiring harness,0,2025-08-21T14:16:09,2025-09-07T17:59:55
68d141e4b3fce85d4c560837,ABS Wheel Speed Sensor,Pulsar 150,Bajaj,2021,,Brakes,550.0,electromagnetic sensor that detects rotation of toothed abs ring for wheel speed,5,4.5,4,,https://example.com/images/abssensorwheel_pulsar_150.jpg,689d6959045c37933826818b,689d6959045c37933826818d,sai automobiles,RAMNAGAR COLONY PEERZADIGUDA UPPAL HYDERABAD,17.390358,78.606729,budget,modern,excellent,abs wheel speed sensor pulsar 150 bajaj brakes electromagnetic sensor that detects rotation of toothed abs ring for wheel speed,0,2025-08-23T18:48:33,2025-09-12T10:16:22
68d141e4b3fce85d4c560838,Brake Fluid Reservoir,Splendor Plus,Hero,2019,,Brakes,320.0,transparent plastic reservoir with level markings for brake fluid,7,4.4,5,,https://example.com/images/fluidreservoir_splendor_plus.jpg,68ac2a8e3c73e23c655de052,68ac2a8f3c73e23c655de054,Swathi Automobiles,Chappal Bazar Road - Kachiguda ,17.38953,78.491245,budget,modern,excellent,brake fluid reservoir splendor plus hero brakes transparent plastic reservoir with level markings for brake fluid,0,2025-08-25T12:30:19,2025-09-18T13:42:07
68d141e4b3fce85d4c560839,Throttle Body Throttle Plate,Splendor Plus,Hero,2020,,Fuel & Intake,450.0,butterfly valve inside throttle body that controls airflow into engine,4,4.6,3,,https://example.com/images/throttleplate_splendor_plus.jpg,68ac2a8e3c73e23c655de052,68ac2a8f3c73e23c655de054,Swathi Automobiles,Chappal Bazar Road - Kachiguda ,17.38953,78.491245,budget,modern,excellent,throttle body throttle plate splendor plus hero fuel intake butterfly valve inside throttle body that controls airflow into engine,0,2025-08-27T16:03:06,2025-09-20T15:24:18
68d141e4b3fce85d4c56083a,Front Brake Caliper Piston,Splendor Plus,Hero,2021,,Brakes,650.0,hydraulic piston inside caliper that pushes brake pads against rotor,3,4.8,3,,https://example.com/images/caliperpiston_splendor_plus.jpg,689d6959045c37933826818b,689d6959045c37933826818d,sai automobiles,RAMNAGAR COLONY PEERZADIGUDA UPPAL HYDERABAD,17.390358,78.606729,budget,modern,excellent,front brake caliper piston splendor plus hero brakes hydraulic piston inside caliper that pushes brake pads against rotor,0,2025-08-29T10:36:44,2025-09-21T18:05:53
68d141e4b3fce85d4c56083b,Rear Sprocket Nut,Splendor Plus,Hero,2020,,Drivetrain,45.0,locking nut that secures rear sprocket to wheel hub,15,4.4,6,,https://example.com/images/sprocketnut_splendor_plus.jpg,68ac2a8e3c73e23c655de052,68ac2a8f3c73e23c655de054,Swathi Automobiles,Chappal Bazar Road - Kachiguda ,17.38953,78.491245,budget,modern,excellent,rear sprocket nut splendor plus hero drivetrain locking nut that secures rear sprocket to wheel hub,0,2025-08-31T14:59:27,2025-09-13T11:40:39
68d141e4b3fce85d4c56083c,Air Filter Housing Clamp,Splendor Plus,Hero,2021,,Air Intake,85.0,wire or screw type clamp that secures air filter housing to carburetor or intake,10,4.3,5,,https://example.com/images/housingclamp_splendor_plus.jpg,689d6959045c37933826818b,689d6959045c37933826818d,sai automobiles,RAMNAGAR COLONY PEERZADIGUDA UPPAL HYDERABAD,17.390358,78.606729,budget,modern,excellent,air filter housing clamp splendor plus hero air intake wire or screw type clamp that secures air filter housing to carburetor or intake,0,2025-09-02T18:12:12,2025-09-17T08:49:05
68d141e4b3fce85d4c56083d,Clutch Basket Spring,Pulsar 150,Bajaj,2019,,Transmission,180.0,small springs inside clutch basket that help dampen drivetrain shocks,6,4.7,4,,https://example.com/images/basketspring_pulsar_150.jpg,689d6959045c37933826818b,689d6959045c37933826818d,sai automobiles,RAMNAGAR COLONY PEERZADIGUDA UPPAL HYDERABAD,17.390358,78.606729,budget,modern,excellent,clutch basket spring pulsar 150 bajaj transmission small springs inside clutch basket that help dampen drivetrain shocks,0,2025-09-04T11:45:28,2025-09-19T11:03:26
68d141e4b3fce85d4c56083e,Oil Cooler Hose,Splendor Plus,Hero,2021,,Cooling System,380.0,reinforced rubber hose that carries engine oil to and from oil cooler,4,4.9,3,,https://example.com/images/oilhose_splendor_plus.jpg,689d6959045c37933826818b,689d6959045c37933826818d,sai automobiles,RAMNAGAR COLONY PEERZADIGUDA UPPAL HYDERABAD,17.390358,78.606729,budget,modern,excellent,oil cooler hose splendor plus hero cooling system reinforced rubber hose that carries engine oil to and from oil cooler,0,2025-09-06T16:58:53,2025-09-22T12:43:20
68d141e4b3fce85d4c56083f,Starter Relay,Splendor Plus,Hero,2020,,Electrical,420.0,high current relay that activates starter motor when ignition switch is turned,5,4.5,5,,https://example.com/images/starterrelay_splendor_plus.jpg,68ac2a8e3c73e23c655de052,68ac2a8f3c73e23c655de054,Swathi Automobiles,Chappal Bazar Road - Kachiguda ,17.38953,78.491245,budget,modern,excellent,starter relay splendor plus hero electrical high current relay that activates starter motor when ignition switch is turned,0,2025-09-08T20:22:39,2025-09-21T09:38:47
68d141e4b3fce85d4c560840,Fuel Tank Vent Hose,Splendor Plus,Hero,2019,,Fuel & Intake,95.0,rubber hose that allows fuel tank to vent pressure and prevent vapor lock,14,4.2,8,,https://example.com/images/venthose_splendor_plus.jpg,68ac2a8e3c73e23c655de052,68ac2a8f3c73e23c655de054,Swathi Automobiles,Chappal Bazar Road - Kachiguda ,17.38953,78.491245,budget,modern,excellent,fuel tank vent hose splendor plus hero fuel intake rubber hose that allows fuel tank to vent pressure and prevent vapor lock,0,2025-09-10T12:46:25,2025-09-15T18:54:10
68d141e4b3fce85d4c560841,Handlebar End Cap,Splendor Plus,Hero,2021,,Controls,60.0,plastic or metal cap that covers end of handlebar for safety and aesthetics,18,4.3,7,,https://example.com/images/endcap_splendor_plus.jpg,68ac2a8e3c73e23c655de052,68ac2a8f3c73e23c655de054,Swathi Automobiles,Chappal Bazar Road - Kachiguda ,17.38953,78.491245,budget,modern,excellent,handlebar end cap splendor plus hero controls plastic or metal cap that covers end of handlebar for safety and aesthetics,0,2025-09-12T16:09:12,2025-09-22T13:43:04
68d141e4b3fce85d4c560842,Brake Light Bulb Holder,Splendor Plus,Hero,2020,,Electrical,75.0,socket and housing that holds and powers the brake light bulb,12,4.1,8,,https://example.com/images/brakebulbholder_splendor_plus.jpg,68ac2a8e3c73e23c655de052,68ac2a8f3c73e23c655de054,Swathi Automobiles,Chappal Bazar Road - Kachiguda ,17.38953,78.491245,budget,modern,excellent,brake light bulb holder splendor plus hero electrical socket and housing that holds and powers the brake light bulb,0,2025-09-14T10:54:28,2025-09-22T08:26:15
68d141e4b3fce85d4c560843,Clutch Cable Adjuster Nut,Splendor Plus,Hero,2021,,Cables,35.0,locking nut that secures clutch cable adjustment setting,22,4.0,10,,https://example.com/images/adjusternut_splendor_plus.jpg,68ac2a8e3c73e23c655de052,68ac2a8f3c73e23c655de054,Swathi Automobiles,Chappal Bazar Road - Kachiguda ,17.38953,78.491245,budget,modern,excellent,clutch cable adjuster nut splendor plus hero cables locking nut that secures clutch cable adjustment setting,0,2025-09-16T14:38:46,2025-09-21T17:02:29
68d141e4b3fce85d4c560844,Headlight Switch Bezel,Splendor Plus,Hero,2019,,Controls,90.0,decorative trim ring that surrounds the headlight switch,16,4.3,7,,https://example.com/images/switchbezel_splendor_plus.jpg,68ac2a8e3c73e23c655de052,68ac2a8f3c73e23c655de054,Swathi Automobiles,Chappal Bazar Road - Kachiguda ,17.38953,78.491245,budget,modern,excellent,headlight switch bezel splendor plus hero controls decorative trim ring that surrounds the headlight switch,0,2025-09-18T10:11:34,2025-09-22T07:54:58
68d141e4b3fce85d4c560845,Fuel Level Sensor Wiring,Splendor Plus,Hero,2021,,Fuel & Intake,210.0,wiring harness segment that connects fuel level sensor to instrument cluster,5,4.5,4,,https://example.com/images/sensorwiring_splendor_plus.jpg,689d6959045c37933826818b,689d6959045c37933826818d,sai automobiles,RAMNAGAR COLONY PEERZADIGUDA UPPAL HYDERABAD,17.390358,78.606729,budget,modern,excellent,fuel level sensor wiring splendor plus hero fuel intake wiring harness segment that connects fuel level sensor to instrument cluster,0,2025-09-20T13:25:22,2025-09-22T06:54:40
68d141e4b3fce85d4c560846,Turn Signal Switch,Pulsar 150,Bajaj,2021,,Controls,380.0,handlebar mounted switch that activates left and right turn signals,6,4.3,6,,https://example.com/images/signalswitch_pulsar_150.jpg,68ac2a8e3c73e23c655de052,68ac2a8f3c73e23c655de054,Swathi Automobiles,Chappal Bazar Road - Kachiguda ,17.38953,78.491245,budget,modern,excellent,turn signal switch pulsar 150 bajaj controls handlebar mounted switch that activates left and right turn signals,0,2025-09-22T04:43:16,2025-09-22T04:43:16
68d141e4b3fce85d4c560847,Shock Absorber Rebound Adjuster,Pulsar 150,Bajaj,2020,,Suspension,850.0,knob or screw that allows rider to adjust damping characteristics of shock,4,4.2,5,,https://example.com/images/reboundadjust_pulsar_150.jpg,689d6959045c37933826818b,689d6959045c37933826818d,sai automobiles,RAMNAGAR COLONY PEERZADIGUDA UPPAL HYDERABAD,17.390358,78.606729,budget,modern,excellent,shock absorber rebound adjuster pulsar 150 bajaj suspension knob or screw that allows rider to adjust damping characteristics of shock,0,2025-08-18T11:36:39,2025-09-11T10:08:23
68d141e4b3fce85d4c560848,Chain Master Link Clip,Pulsar 150,Bajaj,2021,,Drivetrain,50.0,small steel clip that secures master link pin in place on drive chain,25,4.1,8,,https://example.com/images/linkclip_pulsar_150.jpg,689d6959045c37933826818b,689d6959045c37933826818d,sai automobiles,RAMNAGAR COLONY PEERZADIGUDA UPPAL HYDERABAD,17.390358,78.606729,budget,modern,excellent,chain master link clip pulsar 150 bajaj drivetrain small steel clip that secures master link pin in place on drive chain,0,2025-08-20T16:49:05,2025-09-09T16:16:37
68d141e4b3fce85d4c560849,Carburetor Idle Screw,Apache RTR 160,TVS,2019,,Fuel & Intake,80.0,adjustment screw that controls engine idle speed by regulating air fuel mixture,10,4.0,7,,https://example.com/images/idlescrew_apache_rtr_160.jpg,68ac2a8e3c73e23c655de052,68ac2a8f3c73e23c655de054,Swathi Automobiles,Chappal Bazar Road - Kachiguda ,17.38953,78.491245,budget,modern,excellent,carburetor idle screw apache rtr 160 tvs fuel intake adjustment screw that controls engine idle speed by regulating air fuel mixture,0,2025-08-22T13:05:18,2025-09-16T11:43:49
68d141e4b3fce85d4c56084a,Neutral Switch Wiring,Pulsar 150,Bajaj,2021,,Controls,190.0,short wiring harness that connects neutral switch to indicator light and ecu,7,4.6,4,,https://example.com/images/neutralwiring_pulsar_150.jpg,689d6959045c37933826818b,689d6959045c37933826818d,sai automobiles,RAMNAGAR COLONY PEERZADIGUDA UPPAL HYDERABAD,17.390358,78.606729,budget,modern,excellent,neutral switch wiring pulsar 150 bajaj controls short wiring harness that connects neutral switch to indicator light and ecu,0,2025-08-24T17:54:53,2025-09-13T18:32:06
68d141e4b3fce85d4c56084b,Engine Temperature Sensor Gasket,Pulsar 150,Bajaj,2020,,Cooling System,75.0,small sealing washer that prevents coolant leaks at temperature sensor mounting point,9,4.5,5,,https://example.com/images/tempgasket_pulsar_150.jpg,689d6959045c37933826818b,689d6959045c37933826818d,sai automobiles,RAMNAGAR COLONY PEERZADIGUDA UPPAL HYDERABAD,17.390358,78.606729,budget,modern,excellent,engine temperature sensor gasket pulsar 150 bajaj cooling system small sealing washer that prevents coolant leaks at temperature sensor mounting point,0,2025-08-26T09:19:29,2025-09-10T10:55:22
68d141e4b3fce85d4c56084c,Brake Pad Wear Indicator,Splendor Plus,Hero,2021,,Brakes,120.0,metal tab that contacts rotor and creates squeal when brake pads are worn out,11,4.1,9,,https://example.com/images/wearindicator_splendor_plus.jpg,68ac2a8e3c73e23c655de052,68ac2a8f3c73e23c655de054,Swathi Automobiles,Chappal Bazar Road - Kachiguda ,17.38953,78.491245,budget,modern,excellent,brake pad wear indicator splendor plus hero brakes metal tab that contacts rotor and creates squeal when brake pads are worn out,0,2025-08-28T13:48:46,2025-09-14T12:29:34
68d141e4b3fce85d4c56084d,Clutch Lever Return Spring,Splendor Plus,Hero,2020,,Controls,55.0,coil spring that returns clutch lever to disengaged position when released,13,4.4,5,,https://example.com/images/clutchspring_splendor_plus.jpg,689d6959045c37933826818b,689d6959045c37933826818d,sai automobiles,RAMNAGAR COLONY PEERZADIGUDA UPPAL HYDERABAD,17.390358,78.606729,budget,modern,excellent,clutch lever return spring splendor plus hero controls coil spring that returns clutch lever to disengaged position when released,0,2025-08-30T15:27:14,2025-09-17T15:06:28
68d141e4b3fce85d4c56084e,Fuel Injector O-Ring Set,Splendor Plus,Hero,2021,,Fuel & Intake,140.0,set of rubber seals that prevent fuel leaks at injector mounting points,8,4.3,6,,https://example.com/images/oringset_splendor_plus.jpg,68ac2a8e3c73e23c655de052,68ac2a8f3c73e23c655de054,Swathi Automobiles,Chappal Bazar Road - Kachiguda ,17.38953,78.491245,budget,modern,excellent,fuel injector ring set splendor plus hero fuel intake set of rubber seals that prevent fuel leaks at injector mounting points,0,2025-09-01T11:09:38,2025-09-18T09:13:20
68d141e4b3fce85d4c56084f,Headlight Relay Socket,Splendor Plus,Hero,2020,,Electrical,130.0,plug in socket that holds and connects the headlight relay to wiring harness,10,4.5,6,,https://example.com/images/relaysocket_splendor_plus.jpg,689d6959045c37933826818b,689d6959045c37933826818d,sai automobiles,RAMNAGAR COLONY PEERZADIGUDA UPPAL HYDERABAD,17.390358,78.606729,budget,modern,excellent,headlight relay socket splendor plus hero electrical plug in socket that holds and connects the headlight relay to wiring harness,0,2025-09-03T14:42:06,2025-09-20T13:54:45
68d141e4b3fce85d4c560850,Shock Absorber Mounting Bolt,Apache RTR 160,TVS,2021,,Suspension,130.0,high strength bolt used to secure shock absorber to frame or swingarm,7,4.2,5,,https://example.com/images/shockbolt_apache_rtr_160.jpg,689d6959045c37933826818b,689d6959045c37933826818d,sai automobiles,RAMNAGAR COLONY PEERZADIGUDA UPPAL HYDERABAD,17.390358,78.606729,budget,modern,excellent,shock absorber mounting bolt apache rtr 160 tvs suspension high strength bolt used to secure shock absorber to frame or swingarm,0,2025-09-09T17:41:15,2025-09-22T10:43:57
68d141e4b3fce85d4c560851,Chain Guard Mounting Bracket,Apache RTR 160,TVS,2020,,Drivetrain,190.0,metal bracket that attaches chain guard to swingarm or frame,9,4.1,6,,https://example.com/images/guardbracket_apache_rtr_160.jpg,689d6959045c37933826818b,689d6959045c37933826818d,sai automobiles,RAMNAGAR COLONY PEERZADIGUDA UPPAL HYDERABAD,17.390358,78.606729,budget,modern,excellent,chain guard mounting bracket apache rtr 160 tvs drivetrain metal bracket that attaches chain guard to swingarm or frame,0,2025-09-11T09:54:28,2025-09-21T09:05:14
68d141e4b3fce85d4c560852,Carburetor Main Jet,Apache RTR 160,TVS,2019,,Fuel & Intake,150.0,precision orifice that meters fuel flow at wide open throttle conditions,8,4.0,7,,https://example.com/images/mainjet_apache_rtr_160.jpg,68ac2a8e3c73e23c655de052,68ac2a8f3c73e23c655de054,Swathi Automobiles,Chappal Bazar Road - Kachiguda ,17.38953,78.491245,budget,modern,excellent,carburetor main jet apache rtr 160 tvs fuel intake precision orifice that meters fuel flow at wide open throttle conditions,0,2025-09-13T15:27:43,2025-09-22T09:30:28
68d141e4b3fce85d4c560853,Neutral Switch Sensor,Pulsar 150,Bajaj,2021,,Controls,420.0,electronic sensor that detects when transmission is in neutral gear position,4,4.6,4,,https://example.com/images/neutralsensor_pulsar_150.jpg,689d6959045c37933826818b,689d6959045c37933826818d,sai automobiles,RAMNAGAR COLONY PEERZADIGUDA UPPAL HYDERABAD,17.390358,78.606729,budget,modern,excellent,neutral switch sensor pulsar 150 bajaj controls electronic sensor that detects when transmission is in neutral gear position,0,2025-09-15T11:10:09,2025-09-22T08:54:42
68d141e4b3fce85d4c560854,Engine Coolant Temperature Switch,Splendor Plus,Hero,2020,,Cooling System,380.0,on off switch that activates cooling fan when engine reaches preset temperature,5,4.5,5,,https://example.com/images/coolantswitch_splendor_plus.jpg,689d6959045c37933826818b,689d6959045c37933826818d,sai automobiles,RAMNAGAR COLONY PEERZADIGUDA UPPAL HYDERABAD,17.390358,78.606729,budget,modern,excellent,engine coolant temperature switch splendor plus hero cooling system on off switch that activates cooling fan when engine reaches preset temperature,0,2025-09-17T16:33:35,2025-09-22T08:16:04
68d141e4b3fce85d4c560855,Rear Brake Caliper,Pulsar 150,Bajaj,2019,,Brakes,1150.0,single piston floating caliper with good heat dissipation for reliable rear braking,5,4.4,7,,https://example.com/images/rearcaliper_pulsar_150.jpg,689d6959045c37933826818b,689d6959045c37933826818d,sai automobiles,RAMNAGAR COLONY PEERZADIGUDA UPPAL HYDERABAD,17.390358,78.606729,mid-range,modern,excellent,rear brake caliper pulsar 150 bajaj brakes single piston floating caliper with good heat dissipation for reliable rear braking,0,2025-08-17T14:33:12,2025-09-11T18:22:05
68d141e4b3fce85d4c560856,Front Fork Seal Kit,Apache RTR 160,TVS,2020,,Suspension,320.0,high quality rubber seals to prevent oil leakage and maintain fork damping performance,8,4.6,9,,https://example.com/images/forkseal_apache_rtr_160.jpg,68ac2a8e3c73e23c655de052,68ac2a8f3c73e23c655de054,Swathi Automobiles,Chappal Bazar Road - Kachiguda ,17.38953,78.491245,budget,modern,excellent,front fork seal kit apache rtr 160 tvs suspension high quality rubber seals to prevent oil leakage and maintain fork damping performance,0,2025-08-19T10:11:27,2025-09-07T13:44:19
68d141e4b3fce85d4c560857,Headlight Bulb (LED),FZ-S FI,Yamaha,2021,,Lighting,280.0,high lumen led bulb for brighter illumination and longer lifespan than halogen,6,4.7,8,,https://example.com/images/ledbulb_fz_s_fi.jpg,68ac2a8e3c73e23c655de052,68ac2a8f3c73e23c655de054,Swathi Automobiles,Chappal Bazar Road - Kachiguda ,17.38953,78.491245,budget,modern,excellent,headlight bulb led fz fi yamaha lighting high lumen led bulb for brighter illumination and longer lifespan than halogen,0,2025-08-23T09:22:15,2025-09-02T16:33:51
68d141e4b3fce85d4c560858,Radiator Cap,Splendor Plus,Hero,2020,,Cooling System,120.0,pressure rated cap bar to maintain optimal coolant boiling point and system pressure,10,4.2,11,,https://example.com/images/radiatorcap_splendor_plus.jpg,689d6959045c37933826818b,689d6959045c37933826818d,sai automobiles,RAMNAGAR COLONY PEERZADIGUDA UPPAL HYDERABAD,17.390358,78.606729,budget,modern,excellent,radiator cap splendor plus hero cooling system pressure rated cap bar to maintain optimal coolant boiling point and system pressure,0,2025-08-25T15:09:44,2025-09-20T11:15:22
68d141e4b3fce85d4c560859,Chain Link (Master Link),Pulsar 150,Bajaj,2018,,Drivetrain,85.0,heavy duty clip type master link for quick chain installation and removal,15,4.5,10,,https://example.com/images/masterlink_pulsar_150.jpg,689d6959045c37933826818b,689d6959045c37933826818d,sai automobiles,RAMNAGAR COLONY PEERZADIGUDA UPPAL HYDERABAD,17.390358,78.606729,budget,modern,excellent,chain link master link pulsar 150 bajaj drivetrain heavy duty clip type master link for quick chain installation and removal,0,2025-08-29T14:08:55,2025-09-10T12:39:07
68d141e4b3fce85d4c56085a,Footpeg Rubber,Splendor Plus,Hero,2021,,Frame & Footrests,45.0,replacement rubber inserts for footpegs to restore grip and reduce vibration,25,4.0,20,,https://example.com/images/footpegrubber_splendor_plus.jpg,68ac2a8e3c73e23c655de052,68ac2a8f3c73e23c655de054,Swathi Automobiles,Chappal Bazar Road - Kachiguda ,17.38953,78.491245,budget,modern,excellent,footpeg rubber splendor plus hero frame footrests replacement rubber inserts for footpegs to restore grip and reduce vibration,0,2025-08-31T18:33:19,2025-09-19T09:52:21
68d141e4b3fce85d4c56085b,Exhaust Gasket,Splendor Plus,Hero,2020,,Exhaust,90.0,multi layer steel gasket for leak free seal between cylinder head and exhaust pipe,12,4.3,9,,https://example.com/images/exhaustgasket_splendor_plus.jpg,68ac2a8e3c73e23c655de052,68ac2a8f3c73e23c655de054,Swathi Automobiles,Chappal Bazar Road - Kachiguda ,17.38953,78.491245,budget,modern,excellent,exhaust gasket splendor plus hero exhaust multi layer steel gasket for leak free seal between cylinder head and exhaust pipe,0,2025-09-04T16:23:19,2025-09-21T10:34:46
68d141e4b3fce85d4c56085c,Battery Terminal Cover,FZ-S,Yamaha,2020,,Electrical,35.0,plastic protective cover to shield battery terminals from corrosion and accidental shorts,20,4.2,13,,https://example.com/images/terminalcover_fz_s.jpg,68ac2a8e3c73e23c655de052,68ac2a8f3c73e23c655de054,Swathi Automobiles,Chappal Bazar Road - Kachiguda ,17.38953,78.491245,budget,modern,excellent,battery terminal cover fz yamaha electrical plastic protective cover to shield battery terminals from corrosion and accidental shorts,0,2025-09-06T12:38:06,2025-09-17T13:49:31
68d141e4b3fce85d4c56085d,Clutch Plate (Friction),Pulsar 150,Bajaj,2021,,Transmission,220.0,heat treated friction plate with high grip material for smooth engagement and durability,7,4.5,5,,https://example.com/images/frictionplate_pulsar_150.jpg,689d6959045c37933826818b,689d6959045c37933826818d,sai automobiles,RAMNAGAR COLONY PEERZADIGUDA UPPAL HYDERABAD,17.390358,78.606729,budget,modern,excellent,clutch plate friction pulsar 150 bajaj transmission heat treated friction plate with high grip material for smooth engagement and durability,0,2025-09-08T09:59:48,2025-09-22T08:17:04
68d141e4b3fce85d4c56085e,Speedometer Cable,FZ-S,Yamaha,2018,,Instrumentation,180.0,inner cable and outer housing for transmitting front wheel rotation to speedometer,8,4.1,7,,https://example.com/images/speedocable_fz_s.jpg,689d6959045c37933826818b,689d6959045c37933826818d,sai automobiles,RAMNAGAR COLONY PEERZADIGUDA UPPAL HYDERABAD,17.390358,78.606729,budget,modern,excellent,speedometer cable fz yamaha instrumentation inner cable and outer housing for transmitting front wheel rotation to speedometer,0,2025-09-12T10:44:23,2025-09-16T14:28:59
68d141e4b3fce85d4c56085f,Swingarm Pivot Bolt,Pulsar 150,Bajaj,2020,,Frame & Suspension,150.0,hardened steel pivot bolt with self locking nut for secure swingarm mounting,6,4.4,4,,https://example.com/images/pivotbolt_pulsar_150.jpg,689d6959045c37933826818b,689d6959045c37933826818d,sai automobiles,RAMNAGAR COLONY PEERZADIGUDA UPPAL HYDERABAD,17.390358,78.606729,budget,modern,excellent,swingarm pivot bolt pulsar 150 bajaj frame suspension hardened steel pivot bolt with self locking nut for secure swingarm mounting,0,2025-09-14T17:12:04,2025-09-18T11:56:38
68d141e4b3fce85d4c560860,Handlebar End Weight,Apache RTR 160,TVS,2020,,Controls,180.0,threaded end weights to reduce handlebar vibration and improve ride comfort,9,4.3,8,,https://example.com/images/endweight_apache_rtr_160.jpg,68ac2a8e3c73e23c655de052,68ac2a8f3c73e23c655de054,Swathi Automobiles,Chappal Bazar Road - Kachiguda ,17.38953,78.491245,budget,modern,excellent,handlebar end weight apache rtr 160 tvs controls threaded end weights to reduce handlebar vibration and improve ride comfort,0,2025-09-20T15:53:40,2025-09-22T07:42:19
68d141e4b3fce85d4c560861,Piston Ring Set,Splendor Plus,Hero,2020,,Engine & Top End,750.0,compression and oil control rings for restoring cylinder sealing and engine performance,4,4.7,5,,https://example.com/images/pistonrings_splendor_plus.jpg,689d6959045c37933826818b,689d6959045c37933826818d,sai automobiles,RAMNAGAR COLONY PEERZADIGUDA UPPAL HYDERABAD,17.390358,78.606729,budget,modern,excellent,piston ring set splendor plus hero engine top end compression and oil control rings for restoring cylinder sealing and engine performance,0,2025-09-22T05:18:29,2025-09-22T05:18:29
68d141e4b3fce85d4c560862,Throttle Cable,Splendor Plus,Hero,2019,,Cables,80.0,smooth action throttle cable with lubricated inner wire for precise throttle control,11,4.2,10,,https://example.com/images/throttlecable_splendor_plus.jpg,68ac2a8e3c73e23c655de052,68ac2a8f3c73e23c655de054,Swathi Automobiles,Chappal Bazar Road - Kachiguda ,17.38953,78.491245,budget,modern,excellent,throttle cable splendor plus hero cables smooth action throttle cable with lubricated inner wire for precise throttle control,0,2025-08-18T14:23:12,2025-09-11T18:04:49
68d141e4b3fce85d4c560863,Rear View Mirror,Splendor Plus,Hero,2021,,Controls,150.0,convex glass mirror with wide field of view and vibration damping mount,7,4.5,6,,https://example.com/images/mirror_splendor_plus.jpg,689d6959045c37933826818b,689d6959045c37933826818d,sai automobiles,RAMNAGAR COLONY PEERZADIGUDA UPPAL HYDERABAD,17.390358,78.606729,budget,modern,excellent,rear view mirror splendor plus hero controls convex glass mirror with wide field of view and vibration damping mount,0,2025-08-20T10:46:38,2025-09-09T13:19:23
68d141e4b3fce85d4c560864,Engine Oil Drain Plug,Splendor Plus,Hero,2020,,Engine & Top End,40.0,threaded steel plug with copper washer for secure sealing and easy oil changes,22,4.1,15,,https://example.com/images/drainplug_splendor_plus.jpg,68ac2a8e3c73e23c655de052,68ac2a8f3c73e23c655de054,Swathi Automobiles,Chappal Bazar Road - Kachiguda ,17.38953,78.491245,budget,modern,excellent,engine oil drain plug splendor plus hero engine top end threaded steel plug with copper washer for secure sealing and easy oil changes,0,2025-08-22T16:34:09,2025-09-17T09:45:37
68d141e4b3fce85d4c560865,Chain Tensioner,Splendor Plus,Hero,2021,,Drivetrain,220.0,sliding block tensioner with locknut for maintaining optimal chain slack,6,4.4,7,,https://example.com/images/tensioner_splendor_plus.jpg,689d6959045c37933826818b,689d6959045c37933826818d,sai automobiles,RAMNAGAR COLONY PEERZADIGUDA UPPAL HYDERABAD,17.390358,78.606729,budget,modern,excellent,chain tensioner splendor plus hero drivetrain sliding block tensioner with locknut for maintaining optimal chain slack,0,2025-08-24T12:03:56,2025-09-06T15:28:14
68d141e4b3fce85d4c560866,Seat Lock,Splendor Plus,Hero,2020,,Comfort,250.0,key operated seat lock mechanism for securing under seat storage compartment,8,4.3,9,,https://example.com/images/seatlock_splendor_plus.jpg,68ac2a8e3c73e23c655de052,68ac2a8f3c73e23c655de054,Swathi Automobiles,Chappal Bazar Road - Kachiguda ,17.38953,78.491245,budget,modern,excellent,seat lock splendor plus hero comfort key operated seat lock mechanism for securing under seat storage compartment,0,2025-08-26T17:42:24,2025-09-19T12:06:49
68d141e4b3fce85d4c560867,Throttle Position Sensor,Splendor Plus,Hero,2021,,Fuel & Intake,850.0,electronic sensor that monitors throttle valve position for ecu fuel mapping,3,4.7,4,,https://example.com/images/tps_splendor_plus.jpg,689d6959045c37933826818b,689d6959045c37933826818d,sai automobiles,RAMNAGAR COLONY PEERZADIGUDA UPPAL HYDERABAD,17.390358,78.606729,budget,modern,excellent,throttle position sensor splendor plus hero fuel intake electronic sensor that monitors throttle valve position for ecu fuel mapping,0,2025-08-28T19:20:41,2025-09-12T08:34:02
68d141e4b3fce85d4c560868,Rear Brake Shoe,Splendor Plus,Hero,2018,,Brakes,160.0,high friction brake shoes with durable lining for reliable rear drum braking,10,4.2,14,,https://example.com/images/brakeshoe_splendor_plus.jpg,68ac2a8e3c73e23c655de052,68ac2a8f3c73e23c655de054,Swathi Automobiles,Chappal Bazar Road - Kachiguda ,17.38953,78.491245,budget,modern,excellent,rear brake shoe splendor plus hero brakes high friction brake shoes with durable lining for reliable rear drum braking,0,2025-08-30T08:56:13,2025-09-15T10:23:35
68d141e4b3fce85d4c560869,Engine Mounting,Splendor Plus,Hero,2020,,Engine & Top End,650.0,rubber engine mounts to isolate vibrations and improve rider comfort,5,4.6,4,,https://example.com/images/mounting_splendor_plus.jpg,689d6959045c37933826818b,689d6959045c37933826818d,sai automobiles,RAMNAGAR COLONY PEERZADIGUDA UPPAL HYDERABAD,17.390358,78.606729,budget,modern,excellent,engine mounting splendor plus hero engine top end rubber engine mounts to isolate vibrations and improve rider comfort,0,2025-09-01T13:38:30,2025-09-14T17:49:56
68d141e4b3fce85d4c56086a,Clutch Cable Adjuster,Splendor Plus,Hero,2019,,Controls,75.0,threaded barrel adjuster for fine tuning clutch lever free play,15,4.1,11,,https://example.com/images/adjuster_splendor_plus.jpg,68ac2a8e3c73e23c655de052,68ac2a8f3c73e23c655de054,Swathi Automobiles,Chappal Bazar Road - Kachiguda ,17.38953,78.491245,budget,modern,excellent,clutch cable adjuster splendor plus hero controls threaded barrel adjuster for fine tuning clutch lever free play,0,2025-09-03T18:23:07,2025-09-20T14:15:28
68d141e4b3fce85d4c56086b,Exhaust Hanger,Splendor Plus,Hero,2020,,Exhaust,130.0,rubber mounted hanger to absorb vibrations and secure exhaust pipe position,12,4.3,8,,https://example.com/images/hanger_splendor_plus.jpg,68ac2a8e3c73e23c655de052,68ac2a8f3c73e23c655de054,Swathi Automobiles,Chappal Bazar Road - Kachiguda ,17.38953,78.491245,budget,modern,excellent,exhaust hanger splendor plus hero exhaust rubber mounted hanger to absorb vibrations and secure exhaust pipe position,0,2025-09-07T15:34:18,2025-09-21T18:50:03
68d141e4b3fce85d4c56086c,Fuel Level Sensor,Splendor Plus,Hero,2021,,Fuel & Intake,420.0,sensor that measures fuel level in tank and sends signal to fuel gauge,6,4.4,5,,https://example.com/images/sensor_splendor_plus.jpg,689d6959045c37933826818b,689d6959045c37933826818d,sai automobiles,RAMNAGAR COLONY PEERZADIGUDA UPPAL HYDERABAD,17.390358,78.606729,budget,modern,excellent,fuel level sensor splendor plus hero fuel intake sensor that measures fuel level in tank and sends signal to fuel gauge,0,2025-09-09T10:59:32,2025-09-22T11:23:16
68d141e4b3fce85d4c56086d,Turn Signal Relay,Splendor Plus,Hero,2020,,Electrical,200.0,relay module that controls flashing of turn signals and may include self cancel feature,7,4.3,7,,https://example.com/images/relay_turn_splendor_plus.jpg,68ac2a8e3c73e23c655de052,68ac2a8f3c73e23c655de054,Swathi Automobiles,Chappal Bazar Road - Kachiguda ,17.38953,78.491245,budget,modern,excellent,turn signal relay splendor plus hero electrical relay module that controls flashing of turn signals and may include self cancel feature,0,2025-09-11T17:25:54,2025-09-22T09:38:42
68d141e4b3fce85d4c56086e,Chain Guard,Splendor Plus,Hero,2020,,Drivetrain,320.0,plastic or metal guard to protect rider and bike from chain oil and debris,7,4.1,5,,https://example.com/images/chainguard_splendor_plus.jpg,689d6959045c37933826818b,689d6959045c37933826818d,sai automobiles,RAMNAGAR COLONY PEERZADIGUDA UPPAL HYDERABAD,17.390358,78.606729,budget,modern,excellent,chain guard splendor plus hero drivetrain plastic or metal guard to protect rider and bike from chain oil and debris,0,2025-09-15T14:10:15,2025-09-21T15:34:08
68d141e4b3fce85d4c56086f,Carburetor Float Bowl,Splendor Plus,Hero,2019,,Fuel & Intake,250.0,reservoir that holds fuel at constant level for the carburetor jets to draw from,12,4.0,8,,https://example.com/images/floatbowl_splendor_plus.jpg,68ac2a8e3c73e23c655de052,68ac2a8f3c73e23c655de054,Swathi Automobiles,Chappal Bazar Road - Kachiguda ,17.38953,78.491245,budget,modern,excellent,carburetor float bowl splendor plus hero fuel intake reservoir that holds fuel at constant level for the carburetor jets to draw from,0,2025-09-17T08:32:03,2025-09-22T10:09:14
68d141e4b3fce85d4c560870,Engine Temperature Sensor,Splendor Plus,Hero,2020,,Cooling System,420.0,sensor that monitors engine coolant temperature for gauge display and fan control,4,4.5,5,,https://example.com/images/tempsensor_splendor_plus.jpg,689d6959045c37933826818b,689d6959045c37933826818d,sai automobiles,RAMNAGAR COLONY PEERZADIGUDA UPPAL HYDERABAD,17.390358,78.606729,budget,modern,excellent,engine temperature sensor splendor plus hero cooling system sensor that monitors engine coolant temperature for gauge display and fan control,0,2025-09-21T11:23:52,2025-09-22T05:45:09
68d141e4b3fce85d4c560871,Clutch Lever Perch,Splendor Plus,Hero,2020,,Controls,250.0,assembly that holds the clutch lever and often includes an adjuster mechanism,6,4.4,5,,https://example.com/images/perch_splendor_plus.jpg,689d6959045c37933826818b,689d6959045c37933826818d,sai automobiles,RAMNAGAR COLONY PEERZADIGUDA UPPAL HYDERABAD,17.390358,78.606729,budget,modern,excellent,clutch lever perch splendor plus hero controls assembly that holds the clutch lever and often includes an adjuster mechanism,0,2025-08-19T09:34:16,2025-09-16T12:08:27
68d141e4b3fce85d4c560872,Fuel Injector Seal,Splendor Plus,Hero,2021,,Fuel & Intake,80.0,ring seal that prevents fuel leaks at the injector to intake manifold interface,15,4.3,7,,https://example.com/images/injectorseal_splendor_plus.jpg,68ac2a8e3c73e23c655de052,68ac2a8f3c73e23c655de054,Swathi Automobiles,Chappal Bazar Road - Kachiguda ,17.38953,78.491245,budget,modern,excellent,fuel injector seal splendor plus hero fuel intake ring seal that prevents fuel leaks at the injector to intake manifold interface,0,2025-08-21T13:56:09,2025-09-07T17:39:55
68d141e4b3fce85d4c560873,ABS Sensor Ring,Pulsar 150,Bajaj,2021,,Brakes,380.0,toothed ring mounted on wheel hub for abs system to detect wheel speed,7,4.5,5,,https://example.com/images/abssensor_pulsar_150.jpg,689d6959045c37933826818b,689d6959045c37933826818d,sai automobiles,RAMNAGAR COLONY PEERZADIGUDA UPPAL HYDERABAD,17.390358,78.606729,budget,modern,excellent,abs sensor ring pulsar 150 bajaj brakes toothed ring mounted on wheel hub for abs system to detect wheel speed,0,2025-08-23T18:28:33,2025-09-12T09:56:22
68d141e4b3fce85d4c560874,Brake Master Cylinder,Splendor Plus,Hero,2019,,Brakes,850.0,hydraulic pump that generates pressure in the brake line when lever is pulled,4,4.4,6,,https://example.com/images/mastercylinder_splendor_plus.jpg,68ac2a8e3c73e23c655de052,68ac2a8f3c73e23c655de054,Swathi Automobiles,Chappal Bazar Road - Kachiguda ,17.38953,78.491245,budget,modern,excellent,brake master cylinder splendor plus hero brakes hydraulic pump that generates pressure in the brake line when lever is pulled,0,2025-08-25T12:10:19,2025-09-18T13:22:07
68d141e4b3fce85d4c560875,Front Brake Disc,Splendor Plus,Hero,2021,,Brakes,1600.0,solid steel disc rotor that provides the friction surface for the brake pads to clamp onto,4,4.8,5,,https://example.com/images/brakedisc_splendor_plus.jpg,689d6959045c37933826818b,689d6959045c37933826818d,sai automobiles,RAMNAGAR COLONY PEERZADIGUDA UPPAL HYDERABAD,17.390358,78.606729,mid-range,modern,excellent,front brake disc splendor plus hero brakes solid steel disc rotor that provides the friction surface for the brake pads to clamp onto,0,2025-08-29T10:16:44,2025-09-21T17:45:53
68d141e4b3fce85d4c560876,Air Filter Housing,Splendor Plus,Hero,2021,,Air Intake,480.0,plastic or metal box that holds the air filter and directs filtered air to the carburetor,5,4.3,6,,https://example.com/images/airbox_splendor_plus.jpg,689d6959045c37933826818b,689d6959045c37933826818d,sai automobiles,RAMNAGAR COLONY PEERZADIGUDA UPPAL HYDERABAD,17.390358,78.606729,budget,modern,excellent,air filter housing splendor plus hero air intake plastic or metal box that holds the air filter and directs filtered air to the carburetor,0,2025-09-02T17:52:12,2025-09-17T08:29:05
68d141e4b3fce85d4c560877,Clutch Basket,Splendor Plus,Hero,2019,,Transmission,1100.0,outer drum of the clutch assembly that houses the clutch plates and is driven by the engine,3,4.7,4,,https://example.com/images/clutchbasket_splendor_plus.jpg,689d6959045c37933826818b,689d6959045c37933826818d,sai automobiles,RAMNAGAR COLONY PEERZADIGUDA UPPAL HYDERABAD,17.390358,78.606729,mid-range,modern,excellent,clutch basket splendor plus hero transmission outer drum of the clutch assembly that houses the clutch plates and is driven by the engine,0,2025-09-04T11:25:28,2025-09-19T10:43:26
68d141e4b3fce85d4c560878,Starter Motor,Splendor Plus,Hero,2020,,Electrical,2100.0,electric motor that cranks the engine to start it when the ignition key is turned,4,4.5,5,,https://example.com/images/starter_splendor_plus.jpg,68ac2a8e3c73e23c655de052,68ac2a8f3c73e23c655de054,Swathi Automobiles,Chappal Bazar Road - Kachiguda ,17.38953,78.491245,mid-range,modern,excellent,starter motor splendor plus hero electrical electric motor that cranks the engine to start it when the ignition key is turned,0,2025-09-08T20:02:39,2025-09-21T09:18:47
68d141e4b3fce85d4c560879,Fuel Tank Cap Lock,Splendor Plus,Hero,2019,,Fuel & Intake,140.0,lockable cap to prevent unauthorized access to the fuel tank,12,4.2,8,,https://example.com/images/tankcaplock_splendor_plus.jpg,68ac2a8e3c73e23c655de052,68ac2a8f3c73e23c655de054,Swathi Automobiles,Chappal Bazar Road - Kachiguda ,17.38953,78.491245,budget,modern,excellent,fuel tank cap lock splendor plus hero fuel intake lockable cap to prevent unauthorized access to the fuel tank,0,2025-09-10T12:26:25,2025-09-15T18:34:10
68d141e4b3fce85d4c56087a,Handlebar Grips,Splendor Plus,Hero,2021,,Controls,200.0,rubber or foam grips that provide comfort and control for the rider hands,10,4.3,7,,https://example.com/images/grips_splendor_plus.jpg,68ac2a8e3c73e23c655de052,68ac2a8f3c73e23c655de054,Swathi Automobiles,Chappal Bazar Road - Kachiguda ,17.38953,78.491245,budget,modern,excellent,handlebar grips splendor plus hero controls rubber or foam grips that provide comfort and control for the rider hands,0,2025-09-12T15:49:12,2025-09-22T13:23:04
68d141e4b3fce85d4c56087b,Brake Light Switch,Splendor Plus,Hero,2020,,Electrical,160.0,switch activated by brake lever or pedal to turn on the brake light,15,4.1,9,,https://example.com/images/brakeswitch_splendor_plus.jpg,68ac2a8e3c73e23c655de052,68ac2a8f3c73e23c655de054,Swathi Automobiles,Chappal Bazar Road - Kachiguda ,17.38953,78.491245,budget,modern,excellent,brake light switch splendor plus hero electrical switch activated by brake lever or pedal to turn on the brake light,0,2025-09-14T10:34:28,2025-09-22T08:06:15
68d141e4b3fce85d4c56087c,Clutch Wire Guide,Splendor Plus,Hero,2021,,Cables,55.0,plastic clip or bracket that routes and protects the clutch cable along the frame,20,4.0,11,,https://example.com/images/clutchguide_splendor_plus.jpg,68ac2a8e3c73e23c655de052,68ac2a8f3c73e23c655de054,Swathi Automobiles,Chappal Bazar Road - Kachiguda ,17.38953,78.491245,budget,modern,excellent,clutch wire guide splendor plus hero cables plastic clip or bracket that routes and protects the clutch cable along the frame,0,2025-09-16T14:18:46,2025-09-21T16:42:29
68d141e4b3fce85d4c56087d,Shock Absorber Mount,Pulsar 150,Bajaj,2020,,Suspension,170.0,shock absorber mounting bracket with bushings for reduced noise and vibration,9,4.2,6,,https://example.com/images/mount_pulsar_150.jpg,689d6959045c37933826818b,689d6959045c37933826818d,sai automobiles,RAMNAGAR COLONY PEERZADIGUDA UPPAL HYDERABAD,17.390358,78.606729,budget,modern,excellent,shock absorber mount pulsar 150 bajaj suspension shock absorber mounting bracket with bushings for reduced noise and vibration,0,2025-08-18T11:16:39,2025-09-11T09:48:23
68d141e4b3fce85d4c56087e,Neutral Switch,Pulsar 150,Bajaj,2021,,Controls,310.0,neutral position switch for gear indicator and starter safety function,5,4.6,4,,https://example.com/images/switch_pulsar_150.jpg,689d6959045c37933826818b,689d6959045c37933826818d,sai automobiles,RAMNAGAR COLONY PEERZADIGUDA UPPAL HYDERABAD,17.390358,78.606729,budget,modern,excellent,neutral switch pulsar 150 bajaj controls neutral position switch for gear indicator and starter safety function,0,2025-08-24T17:34:53,2025-09-13T18:12:06
68d141e5b3fce85d4c56087f,Brake Pad Spring,Pulsar 150,Bajaj,2021,,Brakes,32.0,brake pad retaining spring to keep pads in position and reduce noise,22,4.1,10,,https://example.com/images/spring_pulsar_150.jpg,68ac2a8e3c73e23c655de052,68ac2a8f3c73e23c655de054,Swathi Automobiles,Chappal Bazar Road - Kachiguda ,17.38953,78.491245,budget,modern,excellent,brake pad spring pulsar 150 bajaj brakes brake pad retaining spring to keep pads in position and reduce noise,0,2025-08-28T13:28:46,2025-09-14T12:09:34
68d141e5b3fce85d4c560880,Headlight Relay,Pulsar 150,Bajaj,2020,,Electrical,170.0,headlight relay for stable voltage supply and extended bulb life,8,4.5,6,,https://example.com/images/relay_pulsar_headlight.jpg,689d6959045c37933826818b,689d6959045c37933826818d,sai automobiles,RAMNAGAR COLONY PEERZADIGUDA UPPAL HYDERABAD,17.390358,78.606729,budget,modern,excellent,headlight relay pulsar 150 bajaj electrical headlight relay for stable voltage supply and extended bulb life,0,2025-09-03T14:22:06,2025-09-20T13:34:45
68d141e5b3fce85d4c560881,Front Fork Assembly,Honda Unicorn,Honda,2020,,Suspension,2800.0,telescopic front forks with damping control for smooth handling and bump absorption,4,4.5,5,,https://example.com/images/fork_unicorn.jpg,689d6959045c37933826818b,689d6959045c37933826818d,sai automobiles,RAMNAGAR COLONY PEERZADIGUDA UPPAL HYDERABAD,17.390358,78.606729,mid-range,modern,excellent,front fork assembly honda unicorn honda suspension telescopic front forks with damping control for smooth handling and bump absorption,0,2025-08-18T13:22:11,2025-09-11T17:03:49
68d141e5b3fce85d4c560882,Airbox Assembly,Yamaha R15,Yamaha,2021,,Air Intake,950.0,optimized airbox design for improved airflow and throttle response,5,4.6,7,,https://example.com/images/airbox_r15.jpg,689d6959045c37933826818b,689d6959045c37933826818d,sai automobiles,RAMNAGAR COLONY PEERZADIGUDA UPPAL HYDERABAD,17.390358,78.606729,budget,modern,excellent,airbox assembly yamaha r15 yamaha air intake optimized airbox design for improved airflow and throttle response,0,2025-08-22T15:33:08,2025-09-17T08:44:36
68d141e5b3fce85d4c560883,Clutch Lever,KTM Duke 125,KTM,2020,,Controls,250.0,adjustable clutch lever with ergonomic design for comfortable grip and smooth operation,8,4.3,9,,https://example.com/images/clutchlever_duke_125.jpg,68ac2a8e3c73e23c655de052,68ac2a8f3c73e23c655de054,Swathi Automobiles,Chappal Bazar Road - Kachiguda ,17.38953,78.491245,budget,modern,excellent,clutch lever ktm duke 125 ktm controls adjustable clutch lever with ergonomic design for comfortable grip and smooth operation,0,2025-08-24T11:02:55,2025-09-06T14:27:13
68d141e5b3fce85d4c560884,Seat Cushion,Royal Enfield Meteor 350,Royal Enfield,2021,,Comfort,1800.0,comfortable dual tone seat with high density foam for long ride comfort,3,4.7,4,,https://example.com/images/seat_meteor_350.jpg,689d6959045c37933826818b,689d6959045c37933826818d,sai automobiles,RAMNAGAR COLONY PEERZADIGUDA UPPAL HYDERABAD,17.390358,78.606729,mid-range,modern,excellent,seat cushion royal enfield meteor 350 royal enfield comfort comfortable dual tone seat with high density foam for long ride comfort,0,2025-08-26T16:41:23,2025-09-19T11:05:48
68d141e5b3fce85d4c560885,Engine Oil Cap,Hero HF Deluxe,Hero,2019,,Engine & Top End,65.0,threaded oil filler cap with rubber seal to prevent leaks and contamination,15,4.1,11,,https://example.com/images/oilcap_hf_deluxe.jpg,68ac2a8e3c73e23c655de052,68ac2a8f3c73e23c655de054,Swathi Automobiles,Chappal Bazar Road - Kachiguda ,17.38953,78.491245,budget,modern,excellent,engine oil cap hero hf deluxe hero engine top end threaded oil filler cap with rubber seal to prevent leaks and contamination,0,2025-09-01T12:37:29,2025-09-14T16:48:55
68d141e5b3fce85d4c560886,Headlight Bulb,Honda Activa 6G,Honda,2020,,Lighting,80.0,high intensity halogen bulb for bright and reliable headlight illumination,25,4.3,20,,https://example.com/images/bulb_activa_6g.jpg,68ac2a8e3c73e23c655de052,68ac2a8f3c73e23c655de054,Swathi Automobiles,Chappal Bazar Road - Kachiguda ,17.38953,78.491245,budget,modern,excellent,headlight bulb honda activa 6g honda lighting high intensity halogen bulb for bright and reliable headlight illumination,0,2025-09-05T08:11:44,2025-09-18T15:06:33
68d141e5b3fce85d4c560887,Exhaust Pipe,Suzuki V-Strom 250,Suzuki,2022,,Exhaust,4500.0,stainless steel exhaust pipe with heat shield for durability and performance,2,4.8,3,,https://example.com/images/exhaust_vstrom_250.jpg,689d6959045c37933826818b,689d6959045c37933826818d,sai automobiles,RAMNAGAR COLONY PEERZADIGUDA UPPAL HYDERABAD,17.390358,78.606729,mid-range,modern,excellent,exhaust pipe suzuki strom 250 suzuki exhaust stainless steel exhaust pipe with heat shield for durability and performance,0,2025-09-07T14:33:17,2025-09-21T17:49:02
68d141e5b3fce85d4c560888,Fuel Pump,TVS Jupiter,TVS,2021,,Fuel & Intake,1750.0,electric fuel pump for consistent fuel delivery in fuel injected scooters,4,4.4,6,,https://example.com/images/fuelpump_jupiter.jpg,68ac2a8e3c73e23c655de052,68ac2a8f3c73e23c655de054,Swathi Automobiles,Chappal Bazar Road - Kachiguda ,17.38953,78.491245,mid-range,modern,excellent,fuel pump tvs jupiter tvs fuel intake electric fuel pump for consistent fuel delivery in fuel injected scooters,0,2025-09-09T09:58:31,2025-09-22T10:22:15
68d141e5b3fce85d4c560889,Alternator,Royal Enfield Interceptor 650,Royal Enfield,2020,,Electrical,3200.0,high output alternator for powering modern electronics and charging system,3,4.7,4,,https://example.com/images/alternator_interceptor_650.jpg,689d6959045c37933826818b,689d6959045c37933826818d,sai automobiles,RAMNAGAR COLONY PEERZADIGUDA UPPAL HYDERABAD,17.390358,78.606729,mid-range,modern,excellent,alternator royal enfield interceptor 650 royal enfield electrical high output alternator for powering modern electronics and charging system,0,2025-09-11T16:24:53,2025-09-22T08:37:41
68d141e5b3fce85d4c56088a,Steering Damper,Yamaha MT-09,Yamaha,2021,,Frame & Suspension,2900.0,hydraulic steering damper to reduce handlebar wobble and improve stability,2,4.9,2,,https://example.com/images/damper_mt_09.jpg,689d6959045c37933826818b,689d6959045c37933826818d,sai automobiles,RAMNAGAR COLONY PEERZADIGUDA UPPAL HYDERABAD,17.390358,78.606729,mid-range,modern,excellent,steering damper yamaha mt 09 yamaha frame suspension hydraulic steering damper to reduce handlebar wobble and improve stability,0,2025-09-13T11:47:28,2025-09-22T06:15:59
68d141e5b3fce85d4c56088b,Side Stand,Suzuki Burgman Street,Suzuki,2020,,Frame & Footrests,380.0,reinforced side stand with rubber foot for secure parking on uneven surfaces,9,4.2,7,,https://example.com/images/sidestand_burgman_street.jpg,68ac2a8e3c73e23c655de052,68ac2a8f3c73e23c655de054,Swathi Automobiles,Chappal Bazar Road - Kachiguda ,17.38953,78.491245,budget,modern,excellent,side stand suzuki burgman street suzuki frame footrests reinforced side stand with rubber foot for secure parking on uneven surfaces,0,2025-09-15T13:09:14,2025-09-21T14:33:07
68d141e5b3fce85d4c56088c,Center Stand,Honda CB300F,Honda,2022,,Frame & Footrests,650.0,heavy duty center stand for easy maintenance and chain cleaning,6,4.5,5,,https://example.com/images/centerstand_cb300f.jpg,689d6959045c37933826818b,689d6959045c37933826818d,sai automobiles,RAMNAGAR COLONY PEERZADIGUDA UPPAL HYDERABAD,17.390358,78.606729,budget,modern,excellent,center stand honda cb300f honda frame footrests heavy duty center stand for easy maintenance and chain cleaning,0,2025-09-17T07:31:02,2025-09-22T09:08:23
68d141e5b3fce85d4c56088d,Brake Fluid Reservoir Cap,KTM RC 390,KTM,2021,,Brakes,95.0,sealed brake fluid reservoir cap to prevent contamination and moisture ingress,12,4.3,8,,https://example.com/images/fluidcap_rc_390.jpg,68ac2a8e3c73e23c655de052,68ac2a8f3c73e23c655de054,Swathi Automobiles,Chappal Bazar Road - Kachiguda ,17.38953,78.491245,budget,modern,excellent,brake fluid reservoir cap ktm rc 390 ktm brakes sealed brake fluid reservoir cap to prevent contamination and moisture ingress,0,2025-09-19T15:44:37,2025-09-22T05:51:12
68d141e5b3fce85d4c56088e,Gear Shifter Pedal,Bajaj Pulsar 220F,Bajaj,2019,,Controls,280.0,textured gear shifter pedal for improved grip and precise gear changes,8,4.4,6,,https://example.com/images/shifter_pulsar_220f.jpg,689d6959045c37933826818b,689d6959045c37933826818d,sai automobiles,RAMNAGAR COLONY PEERZADIGUDA UPPAL HYDERABAD,17.390358,78.606729,budget,modern,excellent,gear shifter pedal bajaj pulsar 220f bajaj controls textured gear shifter pedal for improved grip and precise gear changes,0,2025-09-21T10:22:51,2025-09-22T04:44:08
68d141e5b3fce85d4c56088f,Engine Cover,Honda CB Shine,Honda,2020,,Engine & Top End,480.0,protective engine cover to shield against debris and minor impacts,7,4.1,9,,https://example.com/images/cover_cb_shine.jpg,68ac2a8e3c73e23c655de052,68ac2a8f3c73e23c655de054,Swathi Automobiles,Chappal Bazar Road - Kachiguda ,17.38953,78.491245,budget,modern,excellent,engine cover honda cb shine honda engine top end protective engine cover to shield against debris and minor impacts,0,2025-08-17T14:11:23,2025-09-10T13:25:47
68d141e5b3fce85d4c560890,Radiator Fan,TVS Apache RR 310,TVS,2021,,Cooling System,1200.0,electric cooling fan with thermal sensor for automatic temperature control,4,4.6,5,,https://example.com/images/fan_apache_rr_310.jpg,689d6959045c37933826818b,689d6959045c37933826818d,sai automobiles,RAMNAGAR COLONY PEERZADIGUDA UPPAL HYDERABAD,17.390358,78.606729,mid-range,modern,excellent,radiator fan tvs apache rr 310 tvs cooling system electric cooling fan with thermal sensor for automatic temperature control,0,2025-08-19T08:33:46,2025-09-16T11:07:29
68d141e5b3fce85d4c560891,Clutch Spring,Yamaha FZ25,Yamaha,2020,,Transmission,180.0,heavy duty clutch springs for improved clutch feel and reduced slippage,10,4.2,7,,https://example.com/images/spring_fz25.jpg,68ac2a8e3c73e23c655de052,68ac2a8f3c73e23c655de054,Swathi Automobiles,Chappal Bazar Road - Kachiguda ,17.38953,78.491245,budget,modern,excellent,clutch spring yamaha fz25 yamaha transmission heavy duty clutch springs for improved clutch feel and reduced slippage,0,2025-08-21T12:55:09,2025-09-07T16:38:54
68d141e5b3fce85d4c560892,Headlight Reflector,Royal Enfield Continental GT,Royal Enfield,2020,,Lighting,320.0,chrome plated reflector bowl for enhanced light focus and beam pattern,5,4.5,4,,https://example.com/images/reflector_conti_gt.jpg,689d6959045c37933826818b,689d6959045c37933826818d,sai automobiles,RAMNAGAR COLONY PEERZADIGUDA UPPAL HYDERABAD,17.390358,78.606729,budget,modern,excellent,headlight reflector royal enfield continental gt royal enfield lighting chrome plated reflector bowl for enhanced light focus and beam pattern,0,2025-08-25T11:09:18,2025-09-18T12:21:06
68d141e5b3fce85d4c560893,Fuel Injector Nozzle,Honda CBR250R,Honda,2018,,Fuel & Intake,850.0,precision engineered fuel injector nozzle for fine atomization and efficient combustion,3,4.6,3,,https://example.com/images/nozzle_cbr250r.jpg,689d6959045c37933826818b,689d6959045c37933826818d,sai automobiles,RAMNAGAR COLONY PEERZADIGUDA UPPAL HYDERABAD,17.390358,78.606729,budget,modern,excellent,fuel injector nozzle honda cbr250r honda fuel intake precision engineered fuel injector nozzle for fine atomization and efficient combustion,0,2025-08-29T09:15:43,2025-09-21T16:44:52
68d141e5b3fce85d4c560894,Battery Terminal,Hero Karizma ZMR,Hero,2019,,Electrical,45.0,corrosion resistant battery terminals for secure and reliable electrical connections,22,4.2,15,,https://example.com/images/terminal_karizma_zmr.jpg,68ac2a8e3c73e23c655de052,68ac2a8f3c73e23c655de054,Swathi Automobiles,Chappal Bazar Road - Kachiguda ,17.38953,78.491245,budget,modern,excellent,battery terminal hero karizma zmr hero electrical corrosion resistant battery terminals for secure and reliable electrical connections,0,2025-08-31T13:38:26,2025-09-13T10:19:38
68d141e5b3fce85d4c560895,Swingarm Bearing,Bajaj Avenger Cruise 220,Bajaj,2020,,Frame & Suspension,320.0,sealed roller bearings for smooth swingarm pivot action and reduced maintenance,6,4.5,5,,https://example.com/images/bearing_avenger_cruise.jpg,689d6959045c37933826818b,689d6959045c37933826818d,sai automobiles,RAMNAGAR COLONY PEERZADIGUDA UPPAL HYDERABAD,17.390358,78.606729,budget,modern,excellent,swingarm bearing bajaj avenger cruise 220 bajaj frame suspension sealed roller bearings for smooth swingarm pivot action and reduced maintenance,0,2025-09-02T16:51:19,2025-09-17T07:28:04
68d141e5b3fce85d4c560896,Rear Sprocket,Honda Hornet 2.0,Honda,2021,,Drivetrain,650.0,hardened steel rear sprocket for durability and efficient power transfer,6,4.4,7,,https://example.com/images/sprocket_hornet_2.jpg,68ac2a8e3c73e23c655de052,68ac2a8f3c73e23c655de054,Swathi Automobiles,Chappal Bazar Road - Kachiguda ,17.38953,78.491245,budget,modern,excellent,rear sprocket honda hornet honda drivetrain hardened steel rear sprocket for durability and efficient power transfer,0,2025-09-16T13:17:45,2025-09-21T15:41:28
68d141e5b3fce85d4c560897,Oil Cooler,Honda CBR650R,Honda,2022,,Cooling System,2800.0,supplementary oil cooler for maintaining optimal engine oil temperature under load,2,4.9,3,,https://example.com/images/cooler_cbr650r.jpg,689d6959045c37933826818b,689d6959045c37933826818d,sai automobiles,RAMNAGAR COLONY PEERZADIGUDA UPPAL HYDERABAD,17.390358,78.606729,mid-range,modern,excellent,oil cooler honda cbr650r honda cooling system supplementary oil cooler for maintaining optimal engine oil temperature under load,0,2025-09-22T03:22:15,2025-09-22T03:22:15
68d141e5b3fce85d4c560898,Headlight Switch,Yamaha Saluto,Yamaha,2019,,Controls,120.0,toggle style headlight switch for high low beam selection,18,4.3,8,,https://example.com/images/switch_saluto.jpg,68ac2a8e3c73e23c655de052,68ac2a8f3c73e23c655de054,Swathi Automobiles,Chappal Bazar Road - Kachiguda ,17.38953,78.491245,budget,modern,excellent,headlight switch yamaha saluto yamaha controls toggle style headlight switch for high low beam selection,0,2025-08-30T14:06:13,2025-09-17T13:45:27
68d141e5b3fce85d4c560899,Throttle Body Gasket,TVS Apache RTR 200 4V,TVS,2021,,Fuel & Intake,110.0,throttle body mounting gasket for air tight seal and smooth idle,10,4.2,8,,https://example.com/images/gasket_apache_rtr_200_4v.jpg,68ac2a8e3c73e23c655de052,68ac2a8f3c73e23c655de054,Swathi Automobiles,Chappal Bazar Road - Kachiguda ,17.38953,78.491245,budget,modern,excellent,throttle body gasket tvs apache rtr 200 4v tvs fuel intake throttle body mounting gasket for air tight seal and smooth idle,0,2025-08-21T09:22:38,2025-09-12T16:08:25
68d141e5b3fce85d4c56089a,LED Strip - SP 125,SP 125,Honda,2023,,Lighting,3226.0,premium quality precision engineered for improved performance,19,4.8,15,,https://example.com/images/led_strip_sp_125.jpg,689d6959045c37933826818b,689d6959045c37933826818d,sai automobiles,RAMNAGAR COLONY PEERZADIGUDA UPPAL HYDERABAD,17.390358,78.606729,mid-range,modern,excellent,led strip sp 125 sp 125 honda lighting premium quality precision engineered for improved performance,0,2025-08-08T00:00:00,2025-08-14T00:00:00
68d141e5b3fce85d4c56089b,Front Shock Absorber - Unicorn,Unicorn,Honda,2016,,Suspension,1989.0,professional grade fuel efficient for longer life,13,4.4,8,,https://example.com/images/front_shock_absorber_unicorn.jpg,68ac2a8e3c73e23c655de052,68ac2a8f3c73e23c655de054,Swathi Automobiles,Chappal Bazar Road - Kachiguda ,17.38953,78.491245,mid-range,modern,excellent,front shock absorber unicorn unicorn honda suspension professional grade fuel efficient for longer life,0,2025-08-03T00:00:00,2025-08-06T00:00:00
68d141e5b3fce85d4c56089c,Piston Kit - Harley-Davidson Model 923,Harley-Davidson Model 923,Harley-Davidson,2025,,Engine,7345.0,oem quality corrosion resistant for smoother operation,7,4.6,11,,https://example.com/images/piston_kit_harley_davidson_model_923.jpg,68ac2a8e3c73e23c655de052,68ac2a8f3c73e23c655de054,Swathi Automobiles,Chappal Bazar Road - Kachiguda ,17.38953,78.491245,premium,modern,excellent,piston kit harley davidson model 923 harley davidson model 923 harley davidson engine oem quality corrosion resistant for smoother operation,0,2025-08-08T00:00:00,2025-08-09T00:00:00
68d141e5b3fce85d4c56089d,Seat Cover - Benelli Model 658,Benelli Model 658,Benelli,2020,,Body Parts,2989.0,superior maintenance free for enhanced durability,3,3.9,25,,https://example.com/images/seat_cover_benelli_model_658.jpg,689d6959045c37933826818b,689d6959045c37933826818d,sai automobiles,RAMNAGAR COLONY PEERZADIGUDA UPPAL HYDERABAD,17.390358,78.606729,mid-range,modern,good,seat cover benelli model 658 benelli model 658 benelli body parts superior maintenance free for enhanced durability,0,2025-08-19T00:00:00,2025-08-25T00:00:00
68d141e5b3fce85d4c56089e,Front Fairing - Aprilia Model 523,Aprilia Model 523,Aprilia,2020,,Body Parts,1487.0,superior eco friendly for improved performance,7,4.3,29,,https://example.com/images/front_fairing_aprilia_model_523.jpg,68ac2a8e3c73e23c655de052,68ac2a8f3c73e23c655de054,Swathi Automobiles,Chappal Bazar Road - Kachiguda ,17.38953,78.491245,mid-range,modern,excellent,front fairing aprilia model 523 aprilia model 523 aprilia body parts superior eco friendly for improved performance,0,2025-09-03T00:00:00,2025-09-10T00:00:00
68d141e5b3fce85d4c56089f,Mirror Set - Ninja 400,Ninja 400,Kawasaki,2020,,Accessories,1891.0,heavy duty long lasting for improved comfort,8,4.7,8,,https://example.com/images/mirror_set_ninja_400.jpg,689d6959045c37933826818b,689d6959045c37933826818d,sai automobiles,RAMNAGAR COLONY PEERZADIGUDA UPPAL HYDERABAD,17.390358,78.606729,mid-range,modern,excellent,mirror set ninja 400 ninja 400 kawasaki accessories heavy duty long lasting for improved comfort,0,2025-09-09T00:00:00,2025-08-04T00:00:00
68d141e5b3fce85d4c5608a0,Brake Caliper - Interceptor 650,Interceptor 650,Royal Enfield,2023,,Brakes,2336.0,lightweight heat treated for improved comfort,22,3.6,15,,https://example.com/images/brake_caliper_interceptor_650.jpg,689d6959045c37933826818b,689d6959045c37933826818d,sai automobiles,RAMNAGAR COLONY PEERZADIGUDA UPPAL HYDERABAD,17.390358,78.606729,mid-range,modern,good,brake caliper interceptor 650 interceptor 650 royal enfield brakes lightweight heat treated for improved comfort,0,2025-09-01T00:00:00,2025-09-11T00:00:00
68d141e5b3fce85d4c5608a1,Fuse Box - Pulsar 220,Pulsar 220,Bajaj,2016,,Electrical,3398.0,enhanced heat treated for better fuel economy,4,4.5,18,,https://example.com/images/fuse_box_pulsar_220.jpg,689d6959045c37933826818b,689d6959045c37933826818d,sai automobiles,RAMNAGAR COLONY PEERZADIGUDA UPPAL HYDERABAD,17.390358,78.606729,mid-range,modern,excellent,fuse box pulsar 220 pulsar 220 bajaj electrical enhanced heat treated for better fuel economy,0,2025-09-18T00:00:00,2025-09-06T00:00:00
68d141e5b3fce85d4c5608a2,Spark Plug - Multistrada V4,Multistrada V4,Ducati,2015,,Ignition,448.0,high performance maintenance free for smoother operation,3,4.3,21,,https://example.com/images/spark_plug_multistrada_v4.jpg,68ac2a8e3c73e23c655de052,68ac2a8f3c73e23c655de054,Swathi Automobiles,Chappal Bazar Road - Kachiguda ,17.38953,78.491245,budget,modern,excellent,spark plug multistrada v4 multistrada v4 ducati ignition high performance maintenance free for smoother operation,0,2025-09-08T00:00:00,2025-09-02T00:00:00
68d141e5b3fce85d4c5608a3,Spark Plug - FZ-X,FZ-X,Yamaha,2018,,Ignition,266.0,oem quality corrosion resistant for reduced maintenance,15,4.3,5,,https://example.com/images/spark_plug_fz_x.jpg,689d6959045c37933826818b,689d6959045c37933826818d,sai automobiles,RAMNAGAR COLONY PEERZADIGUDA UPPAL HYDERABAD,17.390358,78.606729,budget,modern,excellent,spark plug fz fz yamaha ignition oem quality corrosion resistant for reduced maintenance,0,2025-09-13T00:00:00,2025-08-16T00:00:00
68d141e5b3fce85d4c5608a4,Clutch Spring - Destini 125,Destini 125,Hero,2017,,Transmission,2392.0,enhanced high strength for reduced maintenance,11,4.3,23,,https://example.com/images/clutch_spring_destini_125.jpg,689d6959045c37933826818b,689d6959045c37933826818d,sai automobiles,RAMNAGAR COLONY PEERZADIGUDA UPPAL HYDERABAD,17.390358,78.606729,mid-range,modern,excellent,clutch spring destini 125 destini 125 hero transmission enhanced high strength for reduced maintenance,0,2025-08-03T00:00:00,2025-08-03T00:00:00
68d141e5b3fce85d4c5608a5,Engine Guard - W175,W175,Kawasaki,2025,,Accessories,1851.0,oem quality heat treated for improved performance,13,4.7,7,,https://example.com/images/engine_guard_w175.jpg,689d6959045c37933826818b,689d6959045c37933826818d,sai automobiles,RAMNAGAR COLONY PEERZADIGUDA UPPAL HYDERABAD,17.390358,78.606729,mid-range,modern,excellent,engine guard w175 w175 kawasaki accessories oem quality heat treated for improved performance,0,2025-09-01T00:00:00,2025-08-13T00:00:00
68d141e5b3fce85d4c5608a6,Brake Cable - Panigale V4,Panigale V4,Ducati,2024,,Brakes,2353.0,high performance long lasting for better handling,4,4.8,26,,https://example.com/images/brake_cable_panigale_v4.jpg,68ac2a8e3c73e23c655de052,68ac2a8f3c73e23c655de054,Swathi Automobiles,Chappal Bazar Road - Kachiguda ,17.38953,78.491245,mid-range,modern,excellent,brake cable panigale v4 panigale v4 ducati brakes high performance long lasting for better handling,0,2025-08-02T00:00:00,2025-08-14T00:00:00
68d141e5b3fce85d4c5608a7,Rear Cowl - FZ-X,FZ-X,Yamaha,2022,,Body Parts,917.0,high performance high strength for better handling,16,4.9,5,,https://example.com/images/rear_cowl_fz_x.jpg,689d6959045c37933826818b,689d6959045c37933826818d,sai automobiles,RAMNAGAR COLONY PEERZADIGUDA UPPAL HYDERABAD,17.390358,78.606729,budget,modern,excellent,rear cowl fz fz yamaha body parts high performance high strength for better handling,0,2025-09-14T00:00:00,2025-09-05T00:00:00
68d141e5b3fce85d4c5608a8,Connecting Rod - FZ 25,FZ 25,Yamaha,2025,,Engine,12111.0,enhanced vibration dampening for enhanced safety,7,3.5,19,,https://example.com/images/connecting_rod_fz_25.jpg,689d6959045c37933826818b,689d6959045c37933826818d,sai automobiles,RAMNAGAR COLONY PEERZADIGUDA UPPAL HYDERABAD,17.390358,78.606729,premium,modern,good,connecting rod fz 25 fz 25 yamaha engine enhanced vibration dampening for enhanced safety,0,2025-08-07T00:00:00,2025-09-11T00:00:00
68d141e5b3fce85d4c5608a9,Oil Cooler - Panigale V2,Panigale V2,Ducati,2016,,Cooling System,6987.0,oem quality fuel efficient for improved comfort,7,4.5,11,,https://example.com/images/oil_cooler_panigale_v2.jpg,689d6959045c37933826818b,689d6959045c37933826818d,sai automobiles,RAMNAGAR COLONY PEERZADIGUDA UPPAL HYDERABAD,17.390358,78.606729,premium,modern,excellent,oil cooler panigale v2 panigale v2 ducati cooling system oem quality fuel efficient for improved comfort,0,2025-09-11T00:00:00,2025-09-07T00:00:00
68d141e5b3fce85d4c5608aa,Number Plate Holder - Harley-Davidson Model 195,Harley-Davidson Model 195,Harley-Davidson,2023,,Body Parts,1192.0,durable high strength for increased power,15,4.7,8,,https://example.com/images/number_plate_holder_harley_davidson_model_195.jpg,689d6959045c37933826818b,689d6959045c37933826818d,sai automobiles,RAMNAGAR COLONY PEERZADIGUDA UPPAL HYDERABAD,17.390358,78.606729,mid-range,modern,excellent,number plate holder harley davidson model 195 harley davidson model 195 harley davidson body parts durable high strength for increased power,0,2025-09-12T00:00:00,2025-08-21T00:00:00
68d141e5b3fce85d4c5608ab,Intercooler - Ninja ZX-10R,Ninja ZX-10R,Kawasaki,2025,,Cooling System,7920.0,oem quality corrosion resistant for longer life,25,3.8,12,,https://example.com/images/intercooler_ninja_zx_10r.jpg,689d6959045c37933826818b,689d6959045c37933826818d,sai automobiles,RAMNAGAR COLONY PEERZADIGUDA UPPAL HYDERABAD,17.390358,78.606729,premium,modern,good,intercooler ninja zx 10r ninja zx 10r kawasaki cooling system oem quality corrosion resistant for longer life,0,2025-08-20T00:00:00,2025-09-11T00:00:00
68d141e5b3fce85d4c5608ac,Front Brake Pad - BMW Model 656,BMW Model 656,BMW,2021,,Brakes,1299.0,enhanced heat treated for enhanced safety,24,3.6,9,,https://example.com/images/front_brake_pad_bmw_model_656.jpg,68ac2a8e3c73e23c655de052,68ac2a8f3c73e23c655de054,Swathi Automobiles,Chappal Bazar Road - Kachiguda ,17.38953,78.491245,mid-range,modern,good,front brake pad bmw model 656 bmw model 656 bmw brakes enhanced heat treated for enhanced safety,0,2025-08-02T00:00:00,2025-08-17T00:00:00
68d141e5b3fce85d4c5608ad,Starter Relay - Triumph Model 280,Triumph Model 280,Triumph,2024,,Ignition,216.0,high performance heat treated for reduced maintenance,12,4.8,22,,https://example.com/images/starter_relay_triumph_model_280.jpg,68ac2a8e3c73e23c655de052,68ac2a8f3c73e23c655de054,Swathi Automobiles,Chappal Bazar Road - Kachiguda ,17.38953,78.491245,budget,modern,excellent,starter relay triumph model 280 triumph model 280 triumph ignition high performance heat treated for reduced maintenance,0,2025-08-09T00:00:00,2025-08-29T00:00:00
68d141e5b3fce85d4c5608ae,Gear Shift Lever - Gixxer SF,Gixxer SF,Suzuki,2025,,Transmission,4915.0,superior vibration dampening for reduced maintenance,10,5.0,2,,https://example.com/images/gear_shift_lever_gixxer_sf.jpg,689d6959045c37933826818b,689d6959045c37933826818d,sai automobiles,RAMNAGAR COLONY PEERZADIGUDA UPPAL HYDERABAD,17.390358,78.606729,mid-range,modern,excellent,gear shift lever gixxer sf gixxer sf suzuki transmission superior vibration dampening for reduced maintenance,0,2025-08-17T00:00:00,2025-09-13T00:00:00
68d141e5b3fce85d4c5608af,Fog Light - Triumph Model 686,Triumph Model 686,Triumph,2016,,Lighting,3707.0,lightweight vibration dampening for smoother operation,11,4.3,5,,https://example.com/images/fog_light_triumph_model_686.jpg,68ac2a8e3c73e23c655de052,68ac2a8f3c73e23c655de054,Swathi Automobiles,Chappal Bazar Road - Kachiguda ,17.38953,78.491245,mid-range,modern,excellent,fog light triumph model 686 triumph model 686 triumph lighting lightweight vibration dampening for smoother operation,0,2025-08-22T00:00:00,2025-09-03T00:00:00
68d141e5b3fce85d4c5608b0,Transmission Filter - Bullet 350,Bullet 350,Royal Enfield,2019,,Filters,394.0,oem quality eco friendly for better handling,19,4.4,27,,https://example.com/images/transmission_filter_bullet_350.jpg,68ac2a8e3c73e23c655de052,68ac2a8f3c73e23c655de054,Swathi Automobiles,Chappal Bazar Road - Kachiguda ,17.38953,78.491245,budget,modern,excellent,transmission filter bullet 350 bullet 350 royal enfield filters oem quality eco friendly for better handling,0,2025-09-17T00:00:00,2025-08-10T00:00:00
68d141e5b3fce85d4c5608b1,Valve Set - Aprilia Model 223,Aprilia Model 223,Aprilia,2024,,Engine,9009.0,advanced corrosion resistant for longer life,5,4.0,26,,https://example.com/images/valve_set_aprilia_model_223.jpg,68ac2a8e3c73e23c655de052,68ac2a8f3c73e23c655de054,Swathi Automobiles,Chappal Bazar Road - Kachiguda ,17.38953,78.491245,premium,modern,excellent,valve set aprilia model 223 aprilia model 223 aprilia engine advanced corrosion resistant for longer life,0,2025-09-09T00:00:00,2025-08-23T00:00:00
68d141e5b3fce85d4c5608b2,Ignition Module - Z650,Z650,Kawasaki,2021,,Ignition,406.0,durable fuel efficient for reduced maintenance,18,3.6,4,,https://example.com/images/ignition_module_z650.jpg,68ac2a8e3c73e23c655de052,68ac2a8f3c73e23c655de054,Swathi Automobiles,Chappal Bazar Road - Kachiguda ,17.38953,78.491245,budget,modern,good,ignition module z650 z650 kawasaki ignition durable fuel efficient for reduced maintenance,0,2025-08-03T00:00:00,2025-09-06T00:00:00
68d141e5b3fce85d4c5608b3,Kick Starter - Access 125,Access 125,Suzuki,2019,,Transmission,4491.0,enhanced long lasting for improved comfort,21,4.3,25,,https://example.com/images/kick_starter_access_125.jpg,689d6959045c37933826818b,689d6959045c37933826818d,sai automobiles,RAMNAGAR COLONY PEERZADIGUDA UPPAL HYDERABAD,17.390358,78.606729,mid-range,modern,excellent,kick starter access 125 access 125 suzuki transmission enhanced long lasting for improved comfort,0,2025-08-05T00:00:00,2025-09-15T00:00:00
68d141e5b3fce85d4c5608b4,Reserve Tank - BMW Model 767,BMW Model 767,BMW,2016,,Fuel System,1692.0,enhanced precision engineered for reduced maintenance,3,3.5,14,,https://example.com/images/reserve_tank_bmw_model_767.jpg,68ac2a8e3c73e23c655de052,68ac2a8f3c73e23c655de054,Swathi Automobiles,Chappal Bazar Road - Kachiguda ,17.38953,78.491245,mid-range,modern,good,reserve tank bmw model 767 bmw model 767 bmw fuel system enhanced precision engineered for reduced maintenance,0,2025-08-14T00:00:00,2025-08-01T00:00:00
68d141e5b3fce85d4c5608b5,Radiator Cap - CB Hornet 2.0,CB Hornet 2.0,Honda,2017,,Cooling System,7685.0,premium quality high strength for increased power,21,4.1,6,,https://example.com/images/radiator_cap_cb_hornet_2.0.jpg,689d6959045c37933826818b,689d6959045c37933826818d,sai automobiles,RAMNAGAR COLONY PEERZADIGUDA UPPAL HYDERABAD,17.390358,78.606729,premium,modern,excellent,radiator cap cb hornet cb hornet honda cooling system premium quality high strength for increased power,0,2025-09-13T00:00:00,2025-08-10T00:00:00
68d141e5b3fce85d4c5608b6,Fork Oil Seal - Triumph Model 992,Triumph Model 992,Triumph,2021,,Suspension,6231.0,high performance maintenance free for enhanced safety,6,4.5,12,,https://example.com/images/fork_oil_seal_triumph_model_992.jpg,68ac2a8e3c73e23c655de052,68ac2a8f3c73e23c655de054,Swathi Automobiles,Chappal Bazar Road - Kachiguda ,17.38953,78.491245,premium,modern,excellent,fork oil seal triumph model 992 triumph model 992 triumph suspension high performance maintenance free for enhanced safety,0,2025-08-02T00:00:00,2025-08-03T00:00:00
68d141e5b3fce85d4c5608b7,Clutch Spring - Ninja 300,Ninja 300,Kawasaki,2017,,Transmission,4036.0,oem quality high strength for better handling,3,4.9,4,,https://example.com/images/clutch_spring_ninja_300.jpg,68ac2a8e3c73e23c655de052,68ac2a8f3c73e23c655de054,Swathi Automobiles,Chappal Bazar Road - Kachiguda ,17.38953,78.491245,mid-range,modern,excellent,clutch spring ninja 300 ninja 300 kawasaki transmission oem quality high strength for better handling,0,2025-08-13T00:00:00,2025-08-06T00:00:00
68d141e5b3fce85d4c5608b8,Rear Shock Absorber - Harley-Davidson Model 922,Harley-Davidson Model 922,Harley-Davidson,2020,,Suspension,10174.0,advanced heat treated for enhanced durability,5,4.3,17,,https://example.com/images/rear_shock_absorber_harley_davidson_model_922.jpg,689d6959045c37933826818b,689d6959045c37933826818d,sai automobiles,RAMNAGAR COLONY PEERZADIGUDA UPPAL HYDERABAD,17.390358,78.606729,premium,modern,excellent,rear shock absorber harley davidson model 922 harley davidson model 922 harley davidson suspension advanced heat treated for enhanced durability,0,2025-08-26T00:00:00,2025-08-29T00:00:00
68d141e5b3fce85d4c5608b9,Wire Wheel - Benelli Model 577,Benelli Model 577,Benelli,2023,,Wheels & Tires,3022.0,enhanced fuel efficient for increased power,11,4.8,17,,https://example.com/images/wire_wheel_benelli_model_577.jpg,689d6959045c37933826818b,689d6959045c37933826818d,sai automobiles,RAMNAGAR COLONY PEERZADIGUDA UPPAL HYDERABAD,17.390358,78.606729,mid-range,modern,excellent,wire wheel benelli model 577 benelli model 577 benelli wheels tires enhanced fuel efficient for increased power,0,2025-09-06T00:00:00,2025-09-06T00:00:00
68d141e5b3fce85d4c5608ba,Mudguard - Himalayan,Himalayan,Royal Enfield,2015,,Body Parts,2155.0,advanced precision engineered for longer life,24,4.2,21,,https://example.com/images/mudguard_himalayan.jpg,68ac2a8e3c73e23c655de052,68ac2a8f3c73e23c655de054,Swathi Automobiles,Chappal Bazar Road - Kachiguda ,17.38953,78.491245,mid-range,modern,excellent,mudguard himalayan himalayan royal enfield body parts advanced precision engineered for longer life,0,2025-08-18T00:00:00,2025-08-27T00:00:00
68d141e5b3fce85d4c5608bb,Flywheel - Super Splendor,Super Splendor,Hero,2020,,Engine,2279.0,heavy duty eco friendly for better fuel economy,1,4.1,3,,https://example.com/images/flywheel_super_splendor.jpg,68ac2a8e3c73e23c655de052,68ac2a8f3c73e23c655de054,Swathi Automobiles,Chappal Bazar Road - Kachiguda ,17.38953,78.491245,mid-range,modern,excellent,flywheel super splendor super splendor hero engine heavy duty eco friendly for better fuel economy,0,2025-08-26T00:00:00,2025-08-05T00:00:00
68d141e5b3fce85d4c5608bc,Side Stand - Duke 390,Duke 390,KTM,2024,,Body Parts,2528.0,superior high strength for improved comfort,6,3.8,1,,https://example.com/images/side_stand_duke_390.jpg,68ac2a8e3c73e23c655de052,68ac2a8f3c73e23c655de054,Swathi Automobiles,Chappal Bazar Road - Kachiguda ,17.38953,78.491245,mid-range,modern,good,side stand duke 390 duke 390 ktm body parts superior high strength for improved comfort,0,2025-08-20T00:00:00,2025-08-08T00:00:00
68d141e5b3fce85d4c5608bd,Brake Fluid Reservoir - FZ 25,FZ 25,Yamaha,2016,,Brakes,460.0,lightweight precision engineered for smoother operation,12,4.0,5,,https://example.com/images/brake_fluid_reservoir_fz_25.jpg,689d6959045c37933826818b,689d6959045c37933826818d,sai automobiles,RAMNAGAR COLONY PEERZADIGUDA UPPAL HYDERABAD,17.390358,78.606729,budget,modern,excellent,brake fluid reservoir fz 25 fz 25 yamaha brakes lightweight precision engineered for smoother operation,0,2025-08-03T00:00:00,2025-09-10T00:00:00
68d141e5b3fce85d4c5608be,Petcock Valve - Triumph Model 496,Triumph Model 496,Triumph,2016,,Fuel System,4609.0,enhanced vibration dampening for enhanced durability,4,4.1,4,,https://example.com/images/petcock_valve_triumph_model_496.jpg,689d6959045c37933826818b,689d6959045c37933826818d,sai automobiles,RAMNAGAR COLONY PEERZADIGUDA UPPAL HYDERABAD,17.390358,78.606729,mid-range,modern,excellent,petcock valve triumph model 496 triumph model 496 triumph fuel system enhanced vibration dampening for enhanced durability,0,2025-08-09T00:00:00,2025-09-20T00:00:00
68d141e5b3fce85d4c5608bf,Rear Sprocket - MT-15,MT-15,Yamaha,2015,,Drivetrain,3252.0,lightweight corrosion resistant for better fuel economy,15,4.4,2,,https://example.com/images/rear_sprocket_mt_15.jpg,689d6959045c37933826818b,689d6959045c37933826818d,sai automobiles,RAMNAGAR COLONY PEERZADIGUDA UPPAL HYDERABAD,17.390358,78.606729,mid-range,modern,excellent,rear sprocket mt 15 mt 15 yamaha drivetrain lightweight corrosion resistant for better fuel economy,0,2025-09-08T00:00:00,2025-08-16T00:00:00
68d141e5b3fce85d4c5608c0,Radiator - Aprilia Model 884,Aprilia Model 884,Aprilia,2022,,Cooling System,3189.0,enhanced noise reducing for improved comfort,23,4.8,7,,https://example.com/images/radiator_aprilia_model_884.jpg,68d135833952f7cf7dee9109,68d135833952f7cf7dee910b,Mounika Automobiles,Karimnagar,18.435781,79.132861,mid-range,modern,excellent,radiator aprilia model 884 aprilia model 884 aprilia cooling system enhanced noise reducing for improved comfort,0,2025-08-20T00:00:00,2025-09-02T00:00:00
68d141e5b3fce85d4c5608c1,Reserve Tank - Pulsar 150,Pulsar 150,Bajaj,2015,,Fuel System,1561.0,lightweight high strength for improved performance,9,3.5,12,,https://example.com/images/reserve_tank_pulsar_150.jpg,68d0c47d09554c358655174b,68d0c47e09554c358655174d,Tarun Automobiles,,17.423605,78.546314,mid-range,modern,good,reserve tank pulsar 150 pulsar 150 bajaj fuel system lightweight high strength for improved performance,0,2025-08-28T00:00:00,2025-08-04T00:00:00
68d141e5b3fce85d4c5608c2,Spoke Set - Mahindra Model 388,Mahindra Model 388,Mahindra,2015,,Wheels & Tires,3358.0,professional grade fuel efficient for improved performance,11,4.2,6,,https://example.com/images/spoke_set_mahindra_model_388.jpg,68d134ac3952f7cf7dee90e3,68d134ac3952f7cf7dee90e5,Shiva sai Automobiles,Mahabubabad,17.594209,80.006903,mid-range,modern,excellent,spoke set mahindra model 388 mahindra model 388 mahindra wheels tires professional grade fuel efficient for improved performance,0,2025-08-26T00:00:00,2025-08-05T00:00:00
68d141e5b3fce85d4c5608c3,Timing Light - Apache RTR 200,Apache RTR 200,TVS,2020,,Ignition,146.0,heavy duty corrosion resistant for increased power,14,3.7,18,,https://example.com/images/timing_light_apache_rtr_200.jpg,68d135d63952f7cf7dee911e,68d135d63952f7cf7dee9120,baskar Automobiles,Medak,18.048948,78.269372,budget,modern,good,timing light apache rtr 200 apache rtr 200 tvs ignition heavy duty corrosion resistant for increased power,0,2025-09-05T00:00:00,2025-08-07T00:00:00
68d141e5b3fce85d4c5608c4,Final Drive Oil - Maestro Edge,Maestro Edge,Hero,2024,,Drivetrain,2921.0,superior precision engineered for reduced maintenance,9,3.8,11,,https://example.com/images/final_drive_oil_maestro_edge.jpg,68d134ac3952f7cf7dee90e3,68d134ac3952f7cf7dee90e5,Shiva sai Automobiles,Mahabubabad,17.594209,80.006903,mid-range,modern,good,final drive oil maestro edge maestro edge hero drivetrain superior precision engineered for reduced maintenance,0,2025-08-20T00:00:00,2025-09-12T00:00:00
68d141e5b3fce85d4c5608c5,Oil Filter - CT 110X,CT 110X,Bajaj,2022,,Filters,652.0,superior fuel efficient for reduced maintenance,11,3.8,22,,https://example.com/images/oil_filter_ct_110x.jpg,68d0c47d09554c358655174b,68d0c47e09554c358655174d,Tarun Automobiles,,17.423605,78.546314,budget,modern,good,oil filter ct 110x ct 110x bajaj filters superior fuel efficient for reduced maintenance,0,2025-08-17T00:00:00,2025-08-22T00:00:00
68d141e5b3fce85d4c5608c6,Spark Plug Wire - Dream Yuga,Dream Yuga,Honda,2015,,Ignition,1054.0,superior eco friendly for enhanced durability,1,4.5,30,,https://example.com/images/spark_plug_wire_dream_yuga.jpg,68d135833952f7cf7dee9109,68d135833952f7cf7dee910b,Mounika Automobiles,Karimnagar,18.435781,79.132861,mid-range,modern,excellent,spark plug wire dream yuga dream yuga honda ignition superior eco friendly for enhanced durability,0,2025-09-10T00:00:00,2025-09-21T00:00:00
68d141e5b3fce85d4c5608c7,Silencer - Mahindra Model 417,Mahindra Model 417,Mahindra,2023,,Exhaust,11987.0,high performance long lasting for improved comfort,12,4.8,12,,https://example.com/images/silencer_mahindra_model_417.jpg,68d133bf3952f7cf7dee90b7,68d133bf3952f7cf7dee90b9,Jyothi Automobiles,Hyderabad,17.511409,78.350972,premium,modern,excellent,silencer mahindra model 417 mahindra model 417 mahindra exhaust high performance long lasting for improved comfort,0,2025-08-18T00:00:00,2025-09-16T00:00:00
68d141e5b3fce85d4c5608c8,Oil Filter - Benelli Model 534,Benelli Model 534,Benelli,2016,,Filters,239.0,oem quality high strength for better fuel economy,20,3.5,13,,https://example.com/images/oil_filter_benelli_model_534.jpg,68d133bf3952f7cf7dee90b7,68d133bf3952f7cf7dee90b9,Jyothi Automobiles,Hyderabad,17.511409,78.350972,budget,modern,good,oil filter benelli model 534 benelli model 534 benelli filters oem quality high strength for better fuel economy,0,2025-09-14T00:00:00,2025-09-05T00:00:00
68d141e5b3fce85d4c5608c9,Alloy Wheel - Triumph Model 329,Triumph Model 329,Triumph,2023,,Wheels & Tires,1338.0,oem quality eco friendly for smoother operation,21,4.2,22,,https://example.com/images/alloy_wheel_triumph_model_329.jpg,689d6959045c37933826818b,689d6959045c37933826818d,sai automobiles,RAMNAGAR COLONY PEERZADIGUDA UPPAL HYDERABAD,17.390358,78.606729,mid-range,modern,excellent,alloy wheel triumph model 329 triumph model 329 triumph wheels tires oem quality eco friendly for smoother operation,0,2025-09-05T00:00:00,2025-08-02T00:00:00
68d141e5b3fce85d4c5608ca,CVT Kit - Mahindra Model 712,Mahindra Model 712,Mahindra,2019,,Drivetrain,1470.0,oem quality maintenance free for enhanced safety,22,4.1,24,,https://example.com/images/cvt_kit_mahindra_model_712.jpg,68d133bf3952f7cf7dee90b7,68d133bf3952f7cf7dee90b9,Jyothi Automobiles,Hyderabad,17.511409,78.350972,mid-range,modern,excellent,cvt kit mahindra model 712 mahindra model 712 mahindra drivetrain oem quality maintenance free for enhanced safety,0,2025-08-03T00:00:00,2025-08-06T00:00:00
68d141e5b3fce85d4c5608cb,Hub Bearing - Mahindra Model 107,Mahindra Model 107,Mahindra,2021,,Wheels & Tires,2085.0,durable vibration dampening for better handling,10,4.4,4,,https://example.com/images/hub_bearing_mahindra_model_107.jpg,68d134ac3952f7cf7dee90e3,68d134ac3952f7cf7dee90e5,Shiva sai Automobiles,Mahabubabad,17.594209,80.006903,mid-range,modern,excellent,hub bearing mahindra model 107 mahindra model 107 mahindra wheels tires durable vibration dampening for better handling,0,2025-09-05T00:00:00,2025-09-10T00:00:00
68d141e5b3fce85d4c5608cc,Battery - Super Splendor,Super Splendor,Hero,2015,,Electrical,1210.0,durable vibration dampening for better handling,17,4.2,18,,https://example.com/images/battery_super_splendor.jpg,68ac2a8e3c73e23c655de052,68ac2a8f3c73e23c655de054,Swathi Automobiles,Chappal Bazar Road - Kachiguda ,17.38953,78.491245,mid-range,modern,excellent,battery super splendor super splendor hero electrical durable vibration dampening for better handling,0,2025-08-09T00:00:00,2025-08-22T00:00:00
68d141e5b3fce85d4c5608cd,Side Stand - Duke 250,Duke 250,KTM,2023,,Body Parts,2603.0,lightweight corrosion resistant for improved comfort,11,4.1,25,,https://example.com/images/side_stand_duke_250.jpg,689d6959045c37933826818b,689d6959045c37933826818d,sai automobiles,RAMNAGAR COLONY PEERZADIGUDA UPPAL HYDERABAD,17.390358,78.606729,mid-range,modern,excellent,side stand duke 250 duke 250 ktm body parts lightweight corrosion resistant for improved comfort,0,2025-09-18T00:00:00,2025-08-08T00:00:00
68d141e5b3fce85d4c5608ce,Transmission Oil - BMW Model 211,BMW Model 211,BMW,2019,,Transmission,4420.0,oem quality long lasting for improved comfort,23,3.9,30,,https://example.com/images/transmission_oil_bmw_model_211.jpg,68d0c47d09554c358655174b,68d0c47e09554c358655174d,Tarun Automobiles,,17.423605,78.546314,mid-range,modern,good,transmission oil bmw model 211 bmw model 211 bmw transmission oem quality long lasting for improved comfort,0,2025-09-10T00:00:00,2025-08-13T00:00:00
68d141e5b3fce85d4c5608cf,Alternator - Apache RTR 180 V1,Apache RTR 180,TVS,2024,,Electrical,1152.0,oem quality vibration dampening for better fuel economy,17,4.6,12,,https://example.com/images/alternator_apache_rtr_180.jpg,68d133bf3952f7cf7dee90b7,68d133bf3952f7cf7dee90b9,Jyothi Automobiles,Hyderabad,17.511409,78.350972,mid-range,modern,excellent,alternator apache rtr 180 v1 apache rtr 180 tvs electrical oem quality vibration dampening for better fuel economy,0,2025-09-19T00:00:00,2025-08-15T00:00:00
68d141e5b3fce85d4c5608d0,Tire Valve - FZ-X,FZ-X,Yamaha,2022,,Wheels & Tires,6597.0,high performance vibration dampening for improved performance,20,4.5,12,,https://example.com/images/tire_valve_fz_x.jpg,68d134ac3952f7cf7dee90e3,68d134ac3952f7cf7dee90e5,Shiva sai Automobiles,Mahabubabad,17.594209,80.006903,premium,modern,excellent,tire valve fz fz yamaha wheels tires high performance vibration dampening for improved performance,0,2025-09-03T00:00:00,2025-08-20T00:00:00
68d141e5b3fce85d4c5608d1,Transmission Oil - Benelli Model 812,Benelli Model 812,Benelli,2018,,Transmission,5930.0,durable maintenance free for reduced maintenance,21,4.2,6,,https://example.com/images/transmission_oil_benelli_model_812.jpg,68d0c47d09554c358655174b,68d0c47e09554c358655174d,Tarun Automobiles,,17.423605,78.546314,premium,modern,excellent,transmission oil benelli model 812 benelli model 812 benelli transmission durable maintenance free for reduced maintenance,0,2025-08-20T00:00:00,2025-09-19T00:00:00
68d141e5b3fce85d4c5608d2,Fork Oil Seal - Triumph Model 120,Triumph Model 120,Triumph,2019,,Suspension,7662.0,professional grade vibration dampening for improved comfort,23,3.7,6,,https://example.com/images/fork_oil_seal_triumph_model_120.jpg,68d135d63952f7cf7dee911e,68d135d63952f7cf7dee9120,baskar Automobiles,Medak,18.048948,78.269372,premium,modern,good,fork oil seal triumph model 120 triumph model 120 triumph suspension professional grade vibration dampening for improved comfort,0,2025-08-24T00:00:00,2025-08-08T00:00:00
68d141e5b3fce85d4c5608d3,Brake Hose - Triumph Model 972,Triumph Model 972,Triumph,2018,,Brakes,2658.0,enhanced maintenance free for smoother operation,17,4.3,4,,https://example.com/images/brake_hose_triumph_model_972.jpg,68d133bf3952f7cf7dee90b7,68d133bf3952f7cf7dee90b9,Jyothi Automobiles,Hyderabad,17.511409,78.350972,mid-range,modern,excellent,brake hose triumph model 972 triumph model 972 triumph brakes enhanced maintenance free for smoother operation,0,2025-08-27T00:00:00,2025-09-14T00:00:00
68d141e5b3fce85d4c5608d4,Steering Head Bearing - Adventure 390,Adventure 390,KTM,2021,,Suspension,4780.0,durable heat treated for better handling,11,4.8,30,,https://example.com/images/steering_head_bearing_adventure_390.jpg,68d0c47d09554c358655174b,68d0c47e09554c358655174d,Tarun Automobiles,,17.423605,78.546314,mid-range,modern,excellent,steering head bearing adventure 390 adventure 390 ktm suspension durable heat treated for better handling,0,2025-08-10T00:00:00,2025-08-17T00:00:00
68d141e5b3fce85d4c5608d5,Piston Kit - BMW Model 169,BMW Model 169,BMW,2020,,Engine,7587.0,heavy duty long lasting for smoother operation,3,4.9,4,,https://example.com/images/piston_kit_bmw_model_169.jpg,68d135833952f7cf7dee9109,68d135833952f7cf7dee910b,Mounika Automobiles,Karimnagar,18.435781,79.132861,premium,modern,excellent,piston kit bmw model 169 bmw model 169 bmw engine heavy duty long lasting for smoother operation,0,2025-08-04T00:00:00,2025-09-07T00:00:00
68d141e5b3fce85d4c5608d6,Intercooler - Pulsar RS200,Pulsar RS200,Bajaj,2016,,Cooling System,2786.0,professional grade noise reducing for smoother operation,7,4.1,6,,https://example.com/images/intercooler_pulsar_rs200.jpg,68ac2a8e3c73e23c655de052,68ac2a8f3c73e23c655de054,Swathi Automobiles,Chappal Bazar Road - Kachiguda ,17.38953,78.491245,mid-range,modern,excellent,intercooler pulsar rs200 pulsar rs200 bajaj cooling system professional grade noise reducing for smoother operation,0,2025-09-06T00:00:00,2025-08-12T00:00:00
68d141e5b3fce85d4c5608d7,Mirror Set - Pulsar 150,Pulsar 150,Bajaj,2021,,Accessories,451.0,lightweight vibration dampening for improved performance,13,4.6,24,,https://example.com/images/mirror_set_pulsar_150.jpg,68d135d63952f7cf7dee911e,68d135d63952f7cf7dee9120,baskar Automobiles,Medak,18.048948,78.269372,budget,modern,excellent,mirror set pulsar 150 pulsar 150 bajaj accessories lightweight vibration dampening for improved performance,0,2025-08-16T00:00:00,2025-08-02T00:00:00
68d141e5b3fce85d4c5608d8,Immobilizer - Adventure 390,Adventure 390,KTM,2022,,Ignition,951.0,durable long lasting for smoother operation,19,4.1,15,,https://example.com/images/immobilizer_adventure_390.jpg,68d135833952f7cf7dee9109,68d135833952f7cf7dee910b,Mounika Automobiles,Karimnagar,18.435781,79.132861,budget,modern,excellent,immobilizer adventure 390 adventure 390 ktm ignition durable long lasting for smoother operation,0,2025-08-21T00:00:00,2025-08-21T00:00:00
68d141e5b3fce85d4c5608d9,Valve Set - Mahindra Model 219,Mahindra Model 219,Mahindra,2022,,Engine,3885.0,oem quality fuel efficient for improved performance,14,4.0,9,,https://example.com/images/valve_set_mahindra_model_219.jpg,68d135063952f7cf7dee90f6,68d135063952f7cf7dee90f8,Manoj Automobiles,Dilshknagar,17.367642,78.534282,mid-range,modern,excellent,valve set mahindra model 219 mahindra model 219 mahindra engine oem quality fuel efficient for improved performance,0,2025-08-21T00:00:00,2025-09-06T00:00:00
68d141e5b3fce85d4c5608da,Exhaust Clamp - Z900,Z900,Kawasaki,2020,,Exhaust,3054.0,oem quality precision engineered for smoother operation,3,4.3,18,,https://example.com/images/exhaust_clamp_z900.jpg,68d135d63952f7cf7dee911e,68d135d63952f7cf7dee9120,baskar Automobiles,Medak,18.048948,78.269372,mid-range,modern,excellent,exhaust clamp z900 z900 kawasaki exhaust oem quality precision engineered for smoother operation,0,2025-08-07T00:00:00,2025-09-14T00:00:00
68d141e5b3fce85d4c5608db,Chain Tensioner - Activa 6G,Activa 6G,Honda,2020,,Drivetrain,2809.0,high performance long lasting for enhanced durability,7,4.9,8,,https://example.com/images/chain_tensioner_activa_6g.jpg,68d135063952f7cf7dee90f6,68d135063952f7cf7dee90f8,Manoj Automobiles,Dilshknagar,17.367642,78.534282,mid-range,modern,excellent,chain tensioner activa 6g activa 6g honda drivetrain high performance long lasting for enhanced durability,0,2025-09-20T00:00:00,2025-09-05T00:00:00
68d141e5b3fce85d4c5608dc,Tube - Benelli Model 415,Benelli Model 415,Benelli,2015,,Wheels & Tires,6655.0,advanced heat treated for reduced maintenance,4,4.1,28,,https://example.com/images/tube_benelli_model_415.jpg,68d135063952f7cf7dee90f6,68d135063952f7cf7dee90f8,Manoj Automobiles,Dilshknagar,17.367642,78.534282,premium,modern,excellent,tube benelli model 415 benelli model 415 benelli wheels tires advanced heat treated for reduced maintenance,0,2025-09-13T00:00:00,2025-08-24T00:00:00
68d141e5b3fce85d4c5608dd,Silencer - Gixxer SF,Gixxer SF,Suzuki,2015,,Exhaust,3664.0,oem quality heat treated for improved performance,7,4.1,20,,https://example.com/images/silencer_gixxer_sf.jpg,68d133bf3952f7cf7dee90b7,68d133bf3952f7cf7dee90b9,Jyothi Automobiles,Hyderabad,17.511409,78.350972,mid-range,modern,excellent,silencer gixxer sf gixxer sf suzuki exhaust oem quality heat treated for improved performance,0,2025-09-15T00:00:00,2025-08-20T00:00:00
68d141e5b3fce85d4c5608de,Alternator - Pulsar NS200,Pulsar NS200,Bajaj,2024,,Electrical,691.0,advanced vibration dampening for better fuel economy,20,4.2,24,,https://example.com/images/alternator_pulsar_ns200.jpg,68d0c47d09554c358655174b,68d0c47e09554c358655174d,Tarun Automobiles,,17.423605,78.546314,budget,modern,excellent,alternator pulsar ns200 pulsar ns200 bajaj electrical advanced vibration dampening for better fuel economy,0,2025-09-08T00:00:00,2025-08-08T00:00:00
68d141e5b3fce85d4c5608df,Starter Relay - Hayabusa,Hayabusa,Suzuki,2019,,Ignition,933.0,lightweight noise reducing for smoother operation,14,3.8,30,,https://example.com/images/starter_relay_hayabusa.jpg,68d135063952f7cf7dee90f6,68d135063952f7cf7dee90f8,Manoj Automobiles,Dilshknagar,17.367642,78.534282,budget,modern,good,starter relay hayabusa hayabusa suzuki ignition lightweight noise reducing for smoother operation,0,2025-08-15T00:00:00,2025-09-01T00:00:00
68d141e5b3fce85d4c5608e0,Immobilizer - Mahindra Model 218,Mahindra Model 218,Mahindra,2022,,Ignition,845.0,superior eco friendly for improved comfort,10,4.7,1,,https://example.com/images/immobilizer_mahindra_model_218.jpg,689d6959045c37933826818b,689d6959045c37933826818d,sai automobiles,RAMNAGAR COLONY PEERZADIGUDA UPPAL HYDERABAD,17.390358,78.606729,budget,modern,excellent,immobilizer mahindra model 218 mahindra model 218 mahindra ignition superior eco friendly for improved comfort,0,2025-08-14T00:00:00,2025-09-12T00:00:00
68d141e5b3fce85d4c5608e1,Fork Oil Seal - Apache RTR 200,Apache RTR 200,TVS,2019,,Suspension,4148.0,oem quality noise reducing for reduced maintenance,9,4.6,17,,https://example.com/images/fork_oil_seal_apache_rtr_200.jpg,68d133bf3952f7cf7dee90b7,68d133bf3952f7cf7dee90b9,Jyothi Automobiles,Hyderabad,17.511409,78.350972,mid-range,modern,excellent,fork oil seal apache rtr 200 apache rtr 200 tvs suspension oem quality noise reducing for reduced maintenance,0,2025-08-13T00:00:00,2025-09-21T00:00:00
68d141e5b3fce85d4c5608e2,Coolant Filter - Duke 200,Duke 200,KTM,2025,,Filters,142.0,high performance vibration dampening for increased power,18,4.6,20,,https://example.com/images/coolant_filter_duke_200.jpg,68d134ac3952f7cf7dee90e3,68d134ac3952f7cf7dee90e5,Shiva sai Automobiles,Mahabubabad,17.594209,80.006903,budget,modern,excellent,coolant filter duke 200 duke 200 ktm filters high performance vibration dampening for increased power,0,2025-09-18T00:00:00,2025-09-01T00:00:00
68d141e6b3fce85d4c5608e3,Cabin Filter - Passion Pro,Passion Pro,Hero,2016,,Filters,753.0,enhanced noise reducing for enhanced durability,22,3.9,11,,https://example.com/images/cabin_filter_passion_pro.jpg,68d0c47d09554c358655174b,68d0c47e09554c358655174d,Tarun Automobiles,,17.423605,78.546314,budget,modern,good,cabin filter passion pro passion pro hero filters enhanced noise reducing for enhanced durability,0,2025-08-13T00:00:00,2025-09-01T00:00:00
68d141e6b3fce85d4c5608e4,DB Killer - Continental GT 650,Continental GT 650,Royal Enfield,2019,,Exhaust,11942.0,premium quality long lasting for smoother operation,15,4.5,3,,https://example.com/images/db_killer_continental_gt_650.jpg,68d136193952f7cf7dee9131,68d136193952f7cf7dee9133,Mahesh Automobiles,Khammam,17.249885,80.15615,premium,modern,excellent,db killer continental gt 650 continental gt 650 royal enfield exhaust premium quality long lasting for smoother operation,0,2025-08-23T00:00:00,2025-08-16T00:00:00
68d141e6b3fce85d4c5608e5,Kick Starter - Classic 350,Classic 350,Royal Enfield,2025,,Transmission,6066.0,enhanced fuel efficient for reduced maintenance,2,4.1,24,,https://example.com/images/kick_starter_classic_350.jpg,68ac2a8e3c73e23c655de052,68ac2a8f3c73e23c655de054,Swathi Automobiles,Chappal Bazar Road - Kachiguda ,17.38953,78.491245,premium,modern,excellent,kick starter classic 350 classic 350 royal enfield transmission enhanced fuel efficient for reduced maintenance,0,2025-08-20T00:00:00,2025-09-17T00:00:00
68d141e6b3fce85d4c5608e6,Fuse Box - CT 110X,CT 110X,Bajaj,2021,,Electrical,3634.0,premium quality maintenance free for enhanced safety,24,3.6,16,,https://example.com/images/fuse_box_ct_110x.jpg,68d135d63952f7cf7dee911e,68d135d63952f7cf7dee9120,baskar Automobiles,Medak,18.048948,78.269372,mid-range,modern,good,fuse box ct 110x ct 110x bajaj electrical premium quality maintenance free for enhanced safety,0,2025-09-21T00:00:00,2025-08-18T00:00:00
68d141e6b3fce85d4c5608e7,Fork Tube - Triumph Model 117,Triumph Model 117,Triumph,2015,,Suspension,6910.0,lightweight long lasting for enhanced durability,10,4.0,4,,https://example.com/images/fork_tube_triumph_model_117.jpg,68d133bf3952f7cf7dee90b7,68d133bf3952f7cf7dee90b9,Jyothi Automobiles,Hyderabad,17.511409,78.350972,premium,modern,excellent,fork tube triumph model 117 triumph model 117 triumph suspension lightweight long lasting for enhanced durability,0,2025-09-04T00:00:00,2025-08-02T00:00:00
68d141e6b3fce85d4c5608e8,Ignition Switch - Shine,Shine,Honda,2021,,Ignition,269.0,oem quality corrosion resistant for better handling,17,4.6,12,,https://example.com/images/ignition_switch_shine.jpg,68d0c47d09554c358655174b,68d0c47e09554c358655174d,Tarun Automobiles,,17.423605,78.546314,budget,modern,excellent,ignition switch shine shine honda ignition oem quality corrosion resistant for better handling,0,2025-08-15T00:00:00,2025-08-17T00:00:00
68d141e6b3fce85d4c5608e9,First Aid Kit - Diavel,Diavel,Ducati,2017,,Accessories,338.0,durable maintenance free for better fuel economy,14,4.0,16,,https://example.com/images/first_aid_kit_diavel.jpg,68d133bf3952f7cf7dee90b7,68d133bf3952f7cf7dee90b9,Jyothi Automobiles,Hyderabad,17.511409,78.350972,budget,modern,excellent,first aid kit diavel diavel ducati accessories durable maintenance free for better fuel economy,0,2025-08-25T00:00:00,2025-09-20T00:00:00
68d141e6b3fce85d4c5608ea,Throttle Body - V-Strom SX,V-Strom SX,Suzuki,2018,,Fuel System,3078.0,lightweight heat treated for better fuel economy,4,4.7,21,,https://example.com/images/throttle_body_v_strom_sx.jpg,689d6959045c37933826818b,689d6959045c37933826818d,sai automobiles,RAMNAGAR COLONY PEERZADIGUDA UPPAL HYDERABAD,17.390358,78.606729,mid-range,modern,excellent,throttle body strom sx strom sx suzuki fuel system lightweight heat treated for better fuel economy,0,2025-08-24T00:00:00,2025-09-08T00:00:00
68d141e6b3fce85d4c5608eb,Parking Light - BMW Model 166,BMW Model 166,BMW,2021,,Lighting,5604.0,superior maintenance free for increased power,16,4.0,21,,https://example.com/images/parking_light_bmw_model_166.jpg,68d134ac3952f7cf7dee90e3,68d134ac3952f7cf7dee90e5,Shiva sai Automobiles,Mahabubabad,17.594209,80.006903,premium,modern,excellent,parking light bmw model 166 bmw model 166 bmw lighting superior maintenance free for increased power,0,2025-08-02T00:00:00,2025-08-14T00:00:00
68d141e6b3fce85d4c5608ec,Fuel Gauge - Triumph Model 632,Triumph Model 632,Triumph,2024,,Fuel System,2768.0,enhanced maintenance free for reduced maintenance,5,4.0,4,,https://example.com/images/fuel_gauge_triumph_model_632.jpg,68d1346c3952f7cf7dee90d0,68d1346c3952f7cf7dee90d2,Kalyan Automobiles,Bala Nagar,17.475679,78.447328,mid-range,modern,excellent,fuel gauge triumph model 632 triumph model 632 triumph fuel system enhanced maintenance free for reduced maintenance,0,2025-08-26T00:00:00,2025-09-02T00:00:00
68d141e6b3fce85d4c5608ed,Starter Motor - Apache RTR 180,Apache RTR 180,TVS,2020,,Electrical,4116.0,lightweight fuel efficient for reduced maintenance,6,3.9,12,,https://example.com/images/starter_motor_apache_rtr_180.jpg,689d6959045c37933826818b,689d6959045c37933826818d,sai automobiles,RAMNAGAR COLONY PEERZADIGUDA UPPAL HYDERABAD,17.390358,78.606729,mid-range,modern,good,starter motor apache rtr 180 apache rtr 180 tvs electrical lightweight fuel efficient for reduced maintenance,0,2025-08-21T00:00:00,2025-09-03T00:00:00
68d141e6b3fce85d4c5608ee,Valve Set - RC 200,RC 200,KTM,2025,,Engine,9047.0,superior maintenance free for smoother operation,6,4.5,24,,https://example.com/images/valve_set_rc_200.jpg,68d134ac3952f7cf7dee90e3,68d134ac3952f7cf7dee90e5,Shiva sai Automobiles,Mahabubabad,17.594209,80.006903,premium,modern,excellent,valve set rc 200 rc 200 ktm engine superior maintenance free for smoother operation,0,2025-08-22T00:00:00,2025-08-21T00:00:00
68d141e6b3fce85d4c5608ef,Engine Gasket Set - Monster,Monster,Ducati,2022,,Engine,13769.0,high performance corrosion resistant for better handling,12,4.7,16,,https://example.com/images/engine_gasket_set_monster.jpg,68d0c47d09554c358655174b,68d0c47e09554c358655174d,Tarun Automobiles,,17.423605,78.546314,premium,modern,excellent,engine gasket set monster monster ducati engine high performance corrosion resistant for better handling,0,2025-09-16T00:00:00,2025-08-27T00:00:00
68d141e6b3fce85d4c5608f0,First Aid Kit - XDiavel,XDiavel,Ducati,2023,,Accessories,1718.0,durable high strength for reduced maintenance,10,4.9,14,,https://example.com/images/first_aid_kit_xdiavel.jpg,68d1346c3952f7cf7dee90d0,68d1346c3952f7cf7dee90d2,Kalyan Automobiles,Bala Nagar,17.475679,78.447328,mid-range,modern,excellent,first aid kit xdiavel xdiavel ducati accessories durable high strength for reduced maintenance,0,2025-09-08T00:00:00,2025-08-18T00:00:00
68d141e6b3fce85d4c5608f1,LED Strip - BMW Model 809,BMW Model 809,BMW,2016,,Lighting,5037.0,oem quality maintenance free for enhanced safety,7,4.9,26,,https://example.com/images/led_strip_bmw_model_809.jpg,68d133bf3952f7cf7dee90b7,68d133bf3952f7cf7dee90b9,Jyothi Automobiles,Hyderabad,17.511409,78.350972,premium,modern,excellent,led strip bmw model 809 bmw model 809 bmw lighting oem quality maintenance free for enhanced safety,0,2025-08-16T00:00:00,2025-08-20T00:00:00
68d141e6b3fce85d4c5608f2,Crash Guard - BMW Model 257,BMW Model 257,BMW,2016,,Accessories,2656.0,superior corrosion resistant for longer life,9,4.2,26,,https://example.com/images/crash_guard_bmw_model_257.jpg,68d1346c3952f7cf7dee90d0,68d1346c3952f7cf7dee90d2,Kalyan Automobiles,Bala Nagar,17.475679,78.447328,mid-range,modern,excellent,crash guard bmw model 257 bmw model 257 bmw accessories superior corrosion resistant for longer life,0,2025-09-18T00:00:00,2025-08-03T00:00:00
68d141e6b3fce85d4c5608f3,Wire Wheel - Pulsar NS200,Pulsar NS200,Bajaj,2019,,Wheels & Tires,4253.0,advanced corrosion resistant for enhanced safety,4,3.6,5,,https://example.com/images/wire_wheel_pulsar_ns200.jpg,68d1346c3952f7cf7dee90d0,68d1346c3952f7cf7dee90d2,Kalyan Automobiles,Bala Nagar,17.475679,78.447328,mid-range,modern,good,wire wheel pulsar ns200 pulsar ns200 bajaj wheels tires advanced corrosion resistant for enhanced safety,0,2025-09-11T00:00:00,2025-08-25T00:00:00
68d141e6b3fce85d4c5608f4,Handlebar Grip - Himalayan,Himalayan,Royal Enfield,2023,,Accessories,1209.0,oem quality vibration dampening for enhanced durability,14,4.9,21,,https://example.com/images/handlebar_grip_himalayan.jpg,68d135d63952f7cf7dee911e,68d135d63952f7cf7dee9120,baskar Automobiles,Medak,18.048948,78.269372,mid-range,modern,excellent,handlebar grip himalayan himalayan royal enfield accessories oem quality vibration dampening for enhanced durability,0,2025-09-03T00:00:00,2025-08-06T00:00:00
68d141e6b3fce85d4c5608f5,Master Cylinder - Apache RTR 180,Apache RTR 180,TVS,2024,,Brakes,1539.0,oem quality precision engineered for reduced maintenance,20,3.6,3,,https://example.com/images/master_cylinder_apache_rtr_180.jpg,68d136193952f7cf7dee9131,68d136193952f7cf7dee9133,Mahesh Automobiles,Khammam,17.249885,80.15615,mid-range,modern,good,master cylinder apache rtr 180 apache rtr 180 tvs brakes oem quality precision engineered for reduced maintenance,0,2025-08-19T00:00:00,2025-08-29T00:00:00
68d141e6b3fce85d4c5608f6,Mirror Set - Duke 250,Duke 250,KTM,2020,,Accessories,1883.0,high performance high strength for enhanced durability,21,4.3,15,,https://example.com/images/mirror_set_duke_250.jpg,68d135d63952f7cf7dee911e,68d135d63952f7cf7dee9120,baskar Automobiles,Medak,18.048948,78.269372,mid-range,modern,excellent,mirror set duke 250 duke 250 ktm accessories high performance high strength for enhanced durability,0,2025-08-01T00:00:00,2025-08-18T00:00:00
68d141e6b3fce85d4c5608f7,Sprocket Cover - BMW Model 358,BMW Model 358,BMW,2022,,Transmission,7917.0,oem quality eco friendly for better handling,11,3.9,19,,https://example.com/images/sprocket_cover_bmw_model_358.jpg,68d136193952f7cf7dee9131,68d136193952f7cf7dee9133,Mahesh Automobiles,Khammam,17.249885,80.15615,premium,modern,good,sprocket cover bmw model 358 bmw model 358 bmw transmission oem quality eco friendly for better handling,0,2025-09-06T00:00:00,2025-09-20T00:00:00
68d141e6b3fce85d4c5608f8,Headlight Assembly - Splendor Plus,Splendor Plus,Hero,2017,,Lighting,988.0,superior maintenance free for better handling,11,4.0,14,,https://example.com/images/headlight_assembly_splendor_plus.jpg,68d134ac3952f7cf7dee90e3,68d134ac3952f7cf7dee90e5,Shiva sai Automobiles,Mahabubabad,17.594209,80.006903,budget,modern,excellent,headlight assembly splendor plus splendor plus hero lighting superior maintenance free for better handling,0,2025-09-02T00:00:00,2025-08-19T00:00:00
68d141e6b3fce85d4c5608f9,Alternator - Aprilia Model 517,Aprilia Model 517,Aprilia,2025,,Electrical,958.0,enhanced long lasting for improved performance,16,5.0,4,,https://example.com/images/alternator_aprilia_model_517.jpg,68d136193952f7cf7dee9131,68d136193952f7cf7dee9133,Mahesh Automobiles,Khammam,17.249885,80.15615,budget,modern,excellent,alternator aprilia model 517 aprilia model 517 aprilia electrical enhanced long lasting for improved performance,0,2025-08-23T00:00:00,2025-08-11T00:00:00
68d141e6b3fce85d4c5608fa,Grab Rail - Boulevard,Boulevard,Suzuki,2021,,Body Parts,1355.0,enhanced precision engineered for enhanced durability,2,3.8,28,,https://example.com/images/grab_rail_boulevard.jpg,68d133bf3952f7cf7dee90b7,68d133bf3952f7cf7dee90b9,Jyothi Automobiles,Hyderabad,17.511409,78.350972,mid-range,modern,good,grab rail boulevard boulevard suzuki body parts enhanced precision engineered for enhanced durability,0,2025-08-05T00:00:00,2025-08-28T00:00:00
68d141e6b3fce85d4c5608fb,Throttle Body - Continental GT 650,Continental GT 650,Royal Enfield,2022,,Fuel System,3251.0,superior high strength for improved comfort,21,4.7,29,,https://example.com/images/throttle_body_continental_gt_650.jpg,68d133bf3952f7cf7dee90b7,68d133bf3952f7cf7dee90b9,Jyothi Automobiles,Hyderabad,17.511409,78.350972,mid-range,modern,excellent,throttle body continental gt 650 continental gt 650 royal enfield fuel system superior high strength for improved comfort,0,2025-08-16T00:00:00,2025-08-23T00:00:00
68d141e6b3fce85d4c5608fc,Number Plate Holder - Harley-Davidson Model 732,Harley-Davidson Model 732,Harley-Davidson,2024,,Body Parts,2892.0,oem quality fuel efficient for better handling,22,3.7,4,,https://example.com/images/number_plate_holder_harley_davidson_model_732.jpg,68d135063952f7cf7dee90f6,68d135063952f7cf7dee90f8,Manoj Automobiles,Dilshknagar,17.367642,78.534282,mid-range,modern,good,number plate holder harley davidson model 732 harley davidson model 732 harley davidson body parts oem quality fuel efficient for better handling,0,2025-09-18T00:00:00,2025-09-04T00:00:00
68d141e6b3fce85d4c5608fd,Engine Guard - Mahindra Model 160,Mahindra Model 160,Mahindra,2021,,Accessories,1182.0,oem quality precision engineered for better fuel economy,12,4.6,2,,https://example.com/images/engine_guard_mahindra_model_160.jpg,68d133bf3952f7cf7dee90b7,68d133bf3952f7cf7dee90b9,Jyothi Automobiles,Hyderabad,17.511409,78.350972,mid-range,modern,excellent,engine guard mahindra model 160 mahindra model 160 mahindra accessories oem quality precision engineered for better fuel economy,0,2025-09-18T00:00:00,2025-09-10T00:00:00
68d141e6b3fce85d4c5608fe,Parking Light - Ninja 300,Ninja 300,Kawasaki,2025,,Lighting,2348.0,oem quality maintenance free for enhanced durability,21,4.3,2,,https://example.com/images/parking_light_ninja_300.jpg,68ac2a8e3c73e23c655de052,68ac2a8f3c73e23c655de054,Swathi Automobiles,Chappal Bazar Road - Kachiguda ,17.38953,78.491245,mid-range,modern,excellent,parking light ninja 300 ninja 300 kawasaki lighting oem quality maintenance free for enhanced durability,0,2025-09-05T00:00:00,2025-09-11T00:00:00
68d141e6b3fce85d4c5608ff,Fuel Filter - Fascino 125,Fascino 125,Yamaha,2017,,Fuel System,2030.0,professional grade vibration dampening for better handling,4,4.7,1,,https://example.com/images/fuel_filter_fascino_125.jpg,68d135833952f7cf7dee9109,68d135833952f7cf7dee910b,Mounika Automobiles,Karimnagar,18.435781,79.132861,mid-range,modern,excellent,fuel filter fascino 125 fascino 125 yamaha fuel system professional grade vibration dampening for better handling,0,2025-08-07T00:00:00,2025-08-30T00:00:00
68d141e6b3fce85d4c560900,Brake Lever - BMW Model 952,BMW Model 952,BMW,2017,,Brakes,879.0,enhanced high strength for better handling,14,4.5,16,,https://example.com/images/brake_lever_bmw_model_952.jpg,68d0c47d09554c358655174b,68d0c47e09554c358655174d,Tarun Automobiles,,17.423605,78.546314,budget,modern,excellent,brake lever bmw model 952 bmw model 952 bmw brakes enhanced high strength for better handling,0,2025-09-15T00:00:00,2025-08-31T00:00:00
68d141e6b3fce85d4c560901,Header Pipe - SP 125,SP 125,Honda,2015,,Exhaust,5610.0,lightweight noise reducing for smoother operation,13,4.5,17,,https://example.com/images/header_pipe_sp_125.jpg,689d6959045c37933826818b,689d6959045c37933826818d,sai automobiles,RAMNAGAR COLONY PEERZADIGUDA UPPAL HYDERABAD,17.390358,78.606729,premium,modern,excellent,header pipe sp 125 sp 125 honda exhaust lightweight noise reducing for smoother operation,0,2025-08-10T00:00:00,2025-08-21T00:00:00
68d141e6b3fce85d4c560902,Immobilizer - Saluto RX,Saluto RX,Yamaha,2018,,Ignition,86.0,durable precision engineered for enhanced durability,3,4.1,25,,https://example.com/images/immobilizer_saluto_rx.jpg,68d135833952f7cf7dee9109,68d135833952f7cf7dee910b,Mounika Automobiles,Karimnagar,18.435781,79.132861,budget,modern,excellent,immobilizer saluto rx saluto rx yamaha ignition durable precision engineered for enhanced durability,0,2025-08-29T00:00:00,2025-09-14T00:00:00
68d141e6b3fce85d4c560903,Water Hose - Scrambler,Scrambler,Ducati,2016,,Cooling System,3651.0,advanced high strength for better fuel economy,6,4.3,17,,https://example.com/images/water_hose_scrambler.jpg,68d134ac3952f7cf7dee90e3,68d134ac3952f7cf7dee90e5,Shiva sai Automobiles,Mahabubabad,17.594209,80.006903,mid-range,modern,excellent,water hose scrambler scrambler ducati cooling system advanced high strength for better fuel economy,0,2025-08-23T00:00:00,2025-09-02T00:00:00
68d141e6b3fce85d4c560904,Throttle Body - Harley-Davidson Model 981,Harley-Davidson Model 981,Harley-Davidson,2019,,Fuel System,6633.0,durable long lasting for better fuel economy,1,4.9,14,,https://example.com/images/throttle_body_harley_davidson_model_981.jpg,68d135063952f7cf7dee90f6,68d135063952f7cf7dee90f8,Manoj Automobiles,Dilshknagar,17.367642,78.534282,premium,modern,excellent,throttle body harley davidson model 981 harley davidson model 981 harley davidson fuel system durable long lasting for better fuel economy,0,2025-09-15T00:00:00,2025-08-15T00:00:00
68d141e6b3fce85d4c560905,Crash Guard - BMW Model 721,BMW Model 721,BMW,2025,,Accessories,2434.0,durable maintenance free for longer life,25,4.9,25,,https://example.com/images/crash_guard_bmw_model_721.jpg,68d136193952f7cf7dee9131,68d136193952f7cf7dee9133,Mahesh Automobiles,Khammam,17.249885,80.15615,mid-range,modern,excellent,crash guard bmw model 721 bmw model 721 bmw accessories durable maintenance free for longer life,0,2025-08-16T00:00:00,2025-08-13T00:00:00
68d141e6b3fce85d4c560906,Wheel Balancing Weight - Mahindra Model 798,Mahindra Model 798,Mahindra,2023,,Wheels & Tires,3778.0,advanced corrosion resistant for improved performance,20,4.6,16,,https://example.com/images/wheel_balancing_weight_mahindra_model_798.jpg,68d136193952f7cf7dee9131,68d136193952f7cf7dee9133,Mahesh Automobiles,Khammam,17.249885,80.15615,mid-range,modern,excellent,wheel balancing weight mahindra model 798 mahindra model 798 mahindra wheels tires advanced corrosion resistant for improved performance,0,2025-08-01T00:00:00,2025-08-19T00:00:00
68d141e6b3fce85d4c560907,Fuse Box - Avenis,Avenis,Suzuki,2015,,Electrical,4129.0,heavy duty corrosion resistant for better fuel economy,20,5.0,21,,https://example.com/images/fuse_box_avenis.jpg,68d135063952f7cf7dee90f6,68d135063952f7cf7dee90f8,Manoj Automobiles,Dilshknagar,17.367642,78.534282,mid-range,modern,excellent,fuse box avenis avenis suzuki electrical heavy duty corrosion resistant for better fuel economy,0,2025-08-01T00:00:00,2025-08-16T00:00:00
68d141e6b3fce85d4c560908,Reserve Tank - Benelli Model 566,Benelli Model 566,Benelli,2020,,Fuel System,2858.0,oem quality high strength for reduced maintenance,16,4.8,11,,https://example.com/images/reserve_tank_benelli_model_566.jpg,68d136193952f7cf7dee9131,68d136193952f7cf7dee9133,Mahesh Automobiles,Khammam,17.249885,80.15615,mid-range,modern,excellent,reserve tank benelli model 566 benelli model 566 benelli fuel system oem quality high strength for reduced maintenance,0,2025-09-13T00:00:00,2025-08-01T00:00:00
68d141e6b3fce85d4c560909,Mobile Holder - Maestro Edge,Maestro Edge,Hero,2022,,Accessories,335.0,enhanced heat treated for better handling,21,4.4,10,,https://example.com/images/mobile_holder_maestro_edge.jpg,68d135063952f7cf7dee90f6,68d135063952f7cf7dee90f8,Manoj Automobiles,Dilshknagar,17.367642,78.534282,budget,modern,excellent,mobile holder maestro edge maestro edge hero accessories enhanced heat treated for better handling,0,2025-09-19T00:00:00,2025-08-28T00:00:00
68d141e6b3fce85d4c56090a,Side Panel - Harley-Davidson Model 860,Harley-Davidson Model 860,Harley-Davidson,2021,,Body Parts,814.0,professional grade corrosion resistant for enhanced durability,3,3.9,22,,https://example.com/images/side_panel_harley_davidson_model_860.jpg,68d1346c3952f7cf7dee90d0,68d1346c3952f7cf7dee90d2,Kalyan Automobiles,Bala Nagar,17.475679,78.447328,budget,modern,good,side panel harley davidson model 860 harley davidson model 860 harley davidson body parts professional grade corrosion resistant for enhanced durability,0,2025-08-14T00:00:00,2025-08-20T00:00:00
68d141e6b3fce85d4c56090b,Tail Light - Scram 411,Scram 411,Royal Enfield,2020,,Lighting,1353.0,professional grade long lasting for improved performance,22,4.9,21,,https://example.com/images/tail_light_scram_411.jpg,68d134ac3952f7cf7dee90e3,68d134ac3952f7cf7dee90e5,Shiva sai Automobiles,Mahabubabad,17.594209,80.006903,mid-range,modern,excellent,tail light scram 411 scram 411 royal enfield lighting professional grade long lasting for improved performance,0,2025-08-16T00:00:00,2025-08-17T00:00:00
68d141e6b3fce85d4c56090c,Tire Valve - Scrambler,Scrambler,Ducati,2023,,Wheels & Tires,6684.0,enhanced noise reducing for improved comfort,20,4.7,14,,https://example.com/images/tire_valve_scrambler.jpg,68d135d63952f7cf7dee911e,68d135d63952f7cf7dee9120,baskar Automobiles,Medak,18.048948,78.269372,premium,modern,excellent,tire valve scrambler scrambler ducati wheels tires enhanced noise reducing for improved comfort,0,2025-09-07T00:00:00,2025-08-04T00:00:00
68d141e6b3fce85d4c56090d,Handlebar Grip - Mahindra Model 567,Mahindra Model 567,Mahindra,2022,,Accessories,1832.0,oem quality fuel efficient for improved comfort,16,4.1,23,,https://example.com/images/handlebar_grip_mahindra_model_567.jpg,68ac2a8e3c73e23c655de052,68ac2a8f3c73e23c655de054,Swathi Automobiles,Chappal Bazar Road - Kachiguda ,17.38953,78.491245,mid-range,modern,excellent,handlebar grip mahindra model 567 mahindra model 567 mahindra accessories oem quality fuel efficient for improved comfort,0,2025-09-15T00:00:00,2025-08-24T00:00:00
68d141e6b3fce85d4c56090e,Valve Set - Harley-Davidson Model 347,Harley-Davidson Model 347,Harley-Davidson,2019,,Engine,7810.0,high performance high strength for reduced maintenance,3,4.6,23,,https://example.com/images/valve_set_harley_davidson_model_347.jpg,68d136193952f7cf7dee9131,68d136193952f7cf7dee9133,Mahesh Automobiles,Khammam,17.249885,80.15615,premium,modern,excellent,valve set harley davidson model 347 harley davidson model 347 harley davidson engine high performance high strength for reduced maintenance,0,2025-09-12T00:00:00,2025-09-13T00:00:00
68d141e6b3fce85d4c56090f,CVT Kit - Avenis,Avenis,Suzuki,2020,,Drivetrain,3006.0,durable eco friendly for reduced maintenance,8,3.7,20,,https://example.com/images/cvt_kit_avenis.jpg,68d133bf3952f7cf7dee90b7,68d133bf3952f7cf7dee90b9,Jyothi Automobiles,Hyderabad,17.511409,78.350972,mid-range,modern,good,cvt kit avenis avenis suzuki drivetrain durable eco friendly for reduced maintenance,0,2025-08-01T00:00:00,2025-08-21T00:00:00
68d141e6b3fce85d4c560910,Side Stand - Aprilia Model 314,Aprilia Model 314,Aprilia,2018,,Body Parts,2086.0,oem quality corrosion resistant for improved comfort,9,4.2,30,,https://example.com/images/side_stand_aprilia_model_314.jpg,689d6959045c37933826818b,689d6959045c37933826818d,sai automobiles,RAMNAGAR COLONY PEERZADIGUDA UPPAL HYDERABAD,17.390358,78.606729,mid-range,modern,excellent,side stand aprilia model 314 aprilia model 314 aprilia body parts oem quality corrosion resistant for improved comfort,0,2025-08-24T00:00:00,2025-08-09T00:00:00
68d141e6b3fce85d4c560911,Valve Set - Boulevard,Boulevard,Suzuki,2016,,Engine,14465.0,advanced noise reducing for better fuel economy,24,4.3,19,,https://example.com/images/valve_set_boulevard.jpg,68d133bf3952f7cf7dee90b7,68d133bf3952f7cf7dee90b9,Jyothi Automobiles,Hyderabad,17.511409,78.350972,premium,modern,excellent,valve set boulevard boulevard suzuki engine advanced noise reducing for better fuel economy,0,2025-08-13T00:00:00,2025-08-24T00:00:00
68d141e6b3fce85d4c560912,Air Filter - Avenger 220,Avenger 220,Bajaj,2022,,Filters,755.0,professional grade heat treated for enhanced safety,20,4.4,5,,https://example.com/images/air_filter_avenger_220.jpg,68d136193952f7cf7dee9131,68d136193952f7cf7dee9133,Mahesh Automobiles,Khammam,17.249885,80.15615,budget,modern,excellent,air filter avenger 220 avenger 220 bajaj filters professional grade heat treated for enhanced safety,0,2025-09-01T00:00:00,2025-08-20T00:00:00
68d141e6b3fce85d4c560913,Chain - BMW Model 720,BMW Model 720,BMW,2016,,Drivetrain,1285.0,lightweight corrosion resistant for enhanced safety,13,3.8,24,,https://example.com/images/chain_bmw_model_720.jpg,68d1346c3952f7cf7dee90d0,68d1346c3952f7cf7dee90d2,Kalyan Automobiles,Bala Nagar,17.475679,78.447328,mid-range,modern,good,chain bmw model 720 bmw model 720 bmw drivetrain lightweight corrosion resistant for enhanced safety,0,2025-08-31T00:00:00,2025-09-04T00:00:00
68d141e6b3fce85d4c560914,Gear Shift Lever - Benelli Model 697,Benelli Model 697,Benelli,2025,,Transmission,6731.0,durable fuel efficient for better fuel economy,22,4.1,10,,https://example.com/images/gear_shift_lever_benelli_model_697.jpg,68ac2a8e3c73e23c655de052,68ac2a8f3c73e23c655de054,Swathi Automobiles,Chappal Bazar Road - Kachiguda ,17.38953,78.491245,premium,modern,excellent,gear shift lever benelli model 697 benelli model 697 benelli transmission durable fuel efficient for better fuel economy,0,2025-08-06T00:00:00,2025-09-05T00:00:00
68d141e6b3fce85d4c560915,Fog Light - Fascino 125,Fascino 125,Yamaha,2024,,Lighting,1816.0,heavy duty corrosion resistant for improved performance,10,3.7,2,,https://example.com/images/fog_light_fascino_125.jpg,68d135d63952f7cf7dee911e,68d135d63952f7cf7dee9120,baskar Automobiles,Medak,18.048948,78.269372,mid-range,modern,good,fog light fascino 125 fascino 125 yamaha lighting heavy duty corrosion resistant for improved performance,0,2025-08-31T00:00:00,2025-09-01T00:00:00
68d141e6b3fce85d4c560916,Catalytic Converter - Passion Pro,Passion Pro,Hero,2015,,Exhaust,11610.0,high performance corrosion resistant for enhanced durability,24,3.5,3,,https://example.com/images/catalytic_converter_passion_pro.jpg,68d133bf3952f7cf7dee90b7,68d133bf3952f7cf7dee90b9,Jyothi Automobiles,Hyderabad,17.511409,78.350972,premium,modern,good,catalytic converter passion pro passion pro hero exhaust high performance corrosion resistant for enhanced durability,0,2025-08-31T00:00:00,2025-08-29T00:00:00
68d141e6b3fce85d4c560917,Gear Box - Ninja 400,Ninja 400,Kawasaki,2024,,Transmission,5970.0,advanced eco friendly for better handling,7,5.0,28,,https://example.com/images/gear_box_ninja_400.jpg,68d0c47d09554c358655174b,68d0c47e09554c358655174d,Tarun Automobiles,,17.423605,78.546314,premium,modern,excellent,gear box ninja 400 ninja 400 kawasaki transmission advanced eco friendly for better handling,0,2025-08-19T00:00:00,2025-09-07T00:00:00
68d141e6b3fce85d4c560918,Starter Relay - Triumph Model 388,Triumph Model 388,Triumph,2022,,Ignition,164.0,enhanced vibration dampening for improved performance,10,4.1,29,,https://example.com/images/starter_relay_triumph_model_388.jpg,68d135833952f7cf7dee9109,68d135833952f7cf7dee910b,Mounika Automobiles,Karimnagar,18.435781,79.132861,budget,modern,excellent,starter relay triumph model 388 triumph model 388 triumph ignition enhanced vibration dampening for improved performance,0,2025-08-09T00:00:00,2025-09-14T00:00:00
68d141e6b3fce85d4c560919,Radiator Cap - Mahindra Model 304,Mahindra Model 304,Mahindra,2019,,Cooling System,3614.0,oem quality heat treated for improved comfort,13,4.4,14,,https://example.com/images/radiator_cap_mahindra_model_304.jpg,68d136193952f7cf7dee9131,68d136193952f7cf7dee9133,Mahesh Automobiles,Khammam,17.249885,80.15615,mid-range,modern,excellent,radiator cap mahindra model 304 mahindra model 304 mahindra cooling system oem quality heat treated for improved comfort,0,2025-08-27T00:00:00,2025-08-07T00:00:00
68d141e6b3fce85d4c56091a,Cabin Filter - Avenis,Avenis,Suzuki,2024,,Filters,767.0,oem quality noise reducing for better fuel economy,23,3.5,30,,https://example.com/images/cabin_filter_avenis.jpg,68d136193952f7cf7dee9131,68d136193952f7cf7dee9133,Mahesh Automobiles,Khammam,17.249885,80.15615,budget,modern,good,cabin filter avenis avenis suzuki filters oem quality noise reducing for better fuel economy,0,2025-08-18T00:00:00,2025-08-08T00:00:00
68d141e6b3fce85d4c56091b,Rear Cowl - Benelli Model 611,Benelli Model 611,Benelli,2022,,Body Parts,2905.0,superior noise reducing for better handling,21,4.0,7,,https://example.com/images/rear_cowl_benelli_model_611.jpg,68d135d63952f7cf7dee911e,68d135d63952f7cf7dee9120,baskar Automobiles,Medak,18.048948,78.269372,mid-range,modern,excellent,rear cowl benelli model 611 benelli model 611 benelli body parts superior noise reducing for better handling,0,2025-09-19T00:00:00,2025-09-01T00:00:00
68d141e6b3fce85d4c56091c,Throttle Body - Mahindra Model 604,Mahindra Model 604,Mahindra,2023,,Fuel System,3345.0,premium quality eco friendly for enhanced safety,23,4.1,21,,https://example.com/images/throttle_body_mahindra_model_604.jpg,689d6959045c37933826818b,689d6959045c37933826818d,sai automobiles,RAMNAGAR COLONY PEERZADIGUDA UPPAL HYDERABAD,17.390358,78.606729,mid-range,modern,excellent,throttle body mahindra model 604 mahindra model 604 mahindra fuel system premium quality eco friendly for enhanced safety,0,2025-08-21T00:00:00,2025-08-13T00:00:00
68d141e6b3fce85d4c56091d,Carbon Filter - YZF-R3,YZF-R3,Yamaha,2022,,Filters,636.0,lightweight long lasting for enhanced safety,12,4.3,5,,https://example.com/images/carbon_filter_yzf_r3.jpg,68d1346c3952f7cf7dee90d0,68d1346c3952f7cf7dee90d2,Kalyan Automobiles,Bala Nagar,17.475679,78.447328,budget,modern,excellent,carbon filter yzf r3 yzf r3 yamaha filters lightweight long lasting for enhanced safety,0,2025-08-25T00:00:00,2025-08-01T00:00:00
68d141e6b3fce85d4c56091e,Brake Caliper - Shotgun 650,Shotgun 650,Royal Enfield,2017,,Brakes,1899.0,oem quality vibration dampening for better handling,13,3.7,17,,https://example.com/images/brake_caliper_shotgun_650.jpg,68d133bf3952f7cf7dee90b7,68d133bf3952f7cf7dee90b9,Jyothi Automobiles,Hyderabad,17.511409,78.350972,mid-range,modern,good,brake caliper shotgun 650 shotgun 650 royal enfield brakes oem quality vibration dampening for better handling,0,2025-09-18T00:00:00,2025-08-15T00:00:00
68d141e6b3fce85d4c56091f,Heat Shield - Avenger 220,Avenger 220,Bajaj,2016,,Exhaust,7245.0,advanced vibration dampening for enhanced safety,23,4.5,19,,https://example.com/images/heat_shield_avenger_220.jpg,68d135833952f7cf7dee9109,68d135833952f7cf7dee910b,Mounika Automobiles,Karimnagar,18.435781,79.132861,premium,modern,excellent,heat shield avenger 220 avenger 220 bajaj exhaust advanced vibration dampening for enhanced safety,0,2025-09-06T00:00:00,2025-08-02T00:00:00
68d141e6b3fce85d4c560920,Hazard Light Switch - Adventure 250,Adventure 250,KTM,2017,,Lighting,1669.0,lightweight precision engineered for improved comfort,19,3.9,7,,https://example.com/images/hazard_light_switch_adventure_250.jpg,68d135d63952f7cf7dee911e,68d135d63952f7cf7dee9120,baskar Automobiles,Medak,18.048948,78.269372,mid-range,modern,good,hazard light switch adventure 250 adventure 250 ktm lighting lightweight precision engineered for improved comfort,0,2025-08-20T00:00:00,2025-08-03T00:00:00
68d141e6b3fce85d4c560921,Drive Belt - Himalayan,Himalayan,Royal Enfield,2021,,Drivetrain,3333.0,superior vibration dampening for enhanced safety,12,3.6,14,,https://example.com/images/drive_belt_himalayan.jpg,68d133bf3952f7cf7dee90b7,68d133bf3952f7cf7dee90b9,Jyothi Automobiles,Hyderabad,17.511409,78.350972,mid-range,modern,good,drive belt himalayan himalayan royal enfield drivetrain superior vibration dampening for enhanced safety,0,2025-08-28T00:00:00,2025-08-23T00:00:00
68d141e6b3fce85d4c560922,Oil Filter - Aprilia Model 741,Aprilia Model 741,Aprilia,2018,,Filters,367.0,superior heat treated for increased power,3,4.0,25,,https://example.com/images/oil_filter_aprilia_model_741.jpg,68d134ac3952f7cf7dee90e3,68d134ac3952f7cf7dee90e5,Shiva sai Automobiles,Mahabubabad,17.594209,80.006903,budget,modern,excellent,oil filter aprilia model 741 aprilia model 741 aprilia filters superior heat treated for increased power,0,2025-08-31T00:00:00,2025-09-16T00:00:00
68d141e6b3fce85d4c560923,Headlight Assembly - FZ-X,FZ-X,Yamaha,2017,,Lighting,1254.0,oem quality eco friendly for increased power,1,4.0,9,,https://example.com/images/headlight_assembly_fz_x.jpg,68d133bf3952f7cf7dee90b7,68d133bf3952f7cf7dee90b9,Jyothi Automobiles,Hyderabad,17.511409,78.350972,mid-range,modern,excellent,headlight assembly fz fz yamaha lighting oem quality eco friendly for increased power,0,2025-08-01T00:00:00,2025-09-20T00:00:00
68d141e6b3fce85d4c560924,Carbon Filter - Z650,Z650,Kawasaki,2021,,Filters,620.0,heavy duty long lasting for reduced maintenance,22,4.6,28,,https://example.com/images/carbon_filter_z650.jpg,689d6959045c37933826818b,689d6959045c37933826818d,sai automobiles,RAMNAGAR COLONY PEERZADIGUDA UPPAL HYDERABAD,17.390358,78.606729,budget,modern,excellent,carbon filter z650 z650 kawasaki filters heavy duty long lasting for reduced maintenance,0,2025-09-06T00:00:00,2025-08-15T00:00:00
68d141e6b3fce85d4c560925,Starter Motor - Adventure 250,Adventure 250,KTM,2020,,Electrical,3206.0,durable noise reducing for increased power,15,4.6,23,,https://example.com/images/starter_motor_adventure_250.jpg,68d1346c3952f7cf7dee90d0,68d1346c3952f7cf7dee90d2,Kalyan Automobiles,Bala Nagar,17.475679,78.447328,mid-range,modern,excellent,starter motor adventure 250 adventure 250 ktm electrical durable noise reducing for increased power,0,2025-09-08T00:00:00,2025-08-12T00:00:00
68d141e6b3fce85d4c560926,Wiring Harness - Mahindra Model 820,Mahindra Model 820,Mahindra,2015,,Electrical,4978.0,lightweight high strength for better fuel economy,24,4.9,21,,https://example.com/images/wiring_harness_mahindra_model_820.jpg,68d136193952f7cf7dee9131,68d136193952f7cf7dee9133,Mahesh Automobiles,Khammam,17.249885,80.15615,mid-range,modern,excellent,wiring harness mahindra model 820 mahindra model 820 mahindra electrical lightweight high strength for better fuel economy,0,2025-08-29T00:00:00,2025-08-15T00:00:00
68d141e6b3fce85d4c560927,Pressure Plate - Benelli Model 498,Benelli Model 498,Benelli,2018,,Transmission,5534.0,high performance high strength for improved comfort,7,4.0,3,,https://example.com/images/pressure_plate_benelli_model_498.jpg,68d134ac3952f7cf7dee90e3,68d134ac3952f7cf7dee90e5,Shiva sai Automobiles,Mahabubabad,17.594209,80.006903,premium,modern,excellent,pressure plate benelli model 498 benelli model 498 benelli transmission high performance high strength for improved comfort,0,2025-08-22T00:00:00,2025-08-31T00:00:00
68d141e6b3fce85d4c560928,Hub Bearing - CB Hornet 2.0,CB Hornet 2.0,Honda,2025,,Wheels & Tires,1808.0,enhanced maintenance free for longer life,21,4.6,20,,https://example.com/images/hub_bearing_cb_hornet_2.0.jpg,68ac2a8e3c73e23c655de052,68ac2a8f3c73e23c655de054,Swathi Automobiles,Chappal Bazar Road - Kachiguda ,17.38953,78.491245,mid-range,modern,excellent,hub bearing cb hornet cb hornet honda wheels tires enhanced maintenance free for longer life,0,2025-09-09T00:00:00,2025-09-18T00:00:00
68d141e6b3fce85d4c560929,Brake Hose - CT 110X,CT 110X,Bajaj,2016,,Brakes,2665.0,high performance heat treated for smoother operation,11,4.7,25,,https://example.com/images/brake_hose_ct_110x.jpg,689d6959045c37933826818b,689d6959045c37933826818d,sai automobiles,RAMNAGAR COLONY PEERZADIGUDA UPPAL HYDERABAD,17.390358,78.606729,mid-range,modern,excellent,brake hose ct 110x ct 110x bajaj brakes high performance heat treated for smoother operation,0,2025-08-02T00:00:00,2025-09-18T00:00:00
68d141e6b3fce85d4c56092a,Engine Guard - Triumph Model 705,Triumph Model 705,Triumph,2021,,Accessories,1787.0,superior eco friendly for enhanced durability,25,4.6,13,,https://example.com/images/engine_guard_triumph_model_705.jpg,68d135063952f7cf7dee90f6,68d135063952f7cf7dee90f8,Manoj Automobiles,Dilshknagar,17.367642,78.534282,mid-range,modern,excellent,engine guard triumph model 705 triumph model 705 triumph accessories superior eco friendly for enhanced durability,0,2025-09-08T00:00:00,2025-08-08T00:00:00
68d141e6b3fce85d4c56092b,USB Charger - Harley-Davidson Model 296,Harley-Davidson Model 296,Harley-Davidson,2020,,Accessories,1215.0,oem quality maintenance free for smoother operation,24,4.1,19,,https://example.com/images/usb_charger_harley_davidson_model_296.jpg,68ac2a8e3c73e23c655de052,68ac2a8f3c73e23c655de054,Swathi Automobiles,Chappal Bazar Road - Kachiguda ,17.38953,78.491245,mid-range,modern,excellent,usb charger harley davidson model 296 harley davidson model 296 harley davidson accessories oem quality maintenance free for smoother operation,0,2025-09-20T00:00:00,2025-09-08T00:00:00
68d141e6b3fce85d4c56092c,Final Drive - XDiavel,XDiavel,Ducati,2021,,Transmission,1555.0,heavy duty vibration dampening for smoother operation,18,3.7,6,,https://example.com/images/final_drive_xdiavel.jpg,68d133bf3952f7cf7dee90b7,68d133bf3952f7cf7dee90b9,Jyothi Automobiles,Hyderabad,17.511409,78.350972,mid-range,modern,good,final drive xdiavel xdiavel ducati transmission heavy duty vibration dampening for smoother operation,0,2025-08-03T00:00:00,2025-09-07T00:00:00
68d141e6b3fce85d4c56092d,Rear Spring - Jupiter,Jupiter,TVS,2025,,Suspension,4941.0,advanced heat treated for improved performance,15,3.9,17,,https://example.com/images/rear_spring_jupiter.jpg,68d133bf3952f7cf7dee90b7,68d133bf3952f7cf7dee90b9,Jyothi Automobiles,Hyderabad,17.511409,78.350972,mid-range,modern,good,rear spring jupiter jupiter tvs suspension advanced heat treated for improved performance,0,2025-09-10T00:00:00,2025-09-02T00:00:00
68d141e6b3fce85d4c56092e,Brake Cable - Karizma XMR,Karizma XMR,Hero,2021,,Brakes,430.0,oem quality precision engineered for longer life,22,3.5,11,,https://example.com/images/brake_cable_karizma_xmr.jpg,68d0c47d09554c358655174b,68d0c47e09554c358655174d,Tarun Automobiles,,17.423605,78.546314,budget,modern,good,brake cable karizma xmr karizma xmr hero brakes oem quality precision engineered for longer life,0,2025-09-04T00:00:00,2025-08-02T00:00:00
68d141e6b3fce85d4c56092f,Catalytic Converter - Xpulse 200,Xpulse 200,Hero,2018,,Exhaust,11264.0,heavy duty high strength for longer life,6,5.0,9,,https://example.com/images/catalytic_converter_xpulse_200.jpg,68d0c47d09554c358655174b,68d0c47e09554c358655174d,Tarun Automobiles,,17.423605,78.546314,premium,modern,excellent,catalytic converter xpulse 200 xpulse 200 hero exhaust heavy duty high strength for longer life,0,2025-08-30T00:00:00,2025-08-13T00:00:00
68d141e6b3fce85d4c560930,Air Filter - Aprilia Model 322,Aprilia Model 322,Aprilia,2019,,Filters,784.0,enhanced noise reducing for enhanced durability,3,3.6,10,,https://example.com/images/air_filter_aprilia_model_322.jpg,689d6959045c37933826818b,689d6959045c37933826818d,sai automobiles,RAMNAGAR COLONY PEERZADIGUDA UPPAL HYDERABAD,17.390358,78.606729,budget,modern,good,air filter aprilia model 322 aprilia model 322 aprilia filters enhanced noise reducing for enhanced durability,0,2025-08-09T00:00:00,2025-09-20T00:00:00
68d141e6b3fce85d4c560931,Coolant Pump - Avenger 160,Avenger 160,Bajaj,2025,,Cooling System,2153.0,superior eco friendly for better handling,3,3.6,9,,https://example.com/images/coolant_pump_avenger_160.jpg,68d0c47d09554c358655174b,68d0c47e09554c358655174d,Tarun Automobiles,,17.423605,78.546314,mid-range,modern,good,coolant pump avenger 160 avenger 160 bajaj cooling system superior eco friendly for better handling,0,2025-08-22T00:00:00,2025-09-12T00:00:00
68d141e6b3fce85d4c560932,Temperature Sensor - Pulsar 150,Pulsar 150,Bajaj,2021,,Cooling System,7869.0,advanced noise reducing for better handling,5,3.7,20,,https://example.com/images/temperature_sensor_pulsar_150.jpg,68d135063952f7cf7dee90f6,68d135063952f7cf7dee90f8,Manoj Automobiles,Dilshknagar,17.367642,78.534282,premium,modern,good,temperature sensor pulsar 150 pulsar 150 bajaj cooling system advanced noise reducing for better handling,0,2025-08-31T00:00:00,2025-08-07T00:00:00
68d141e6b3fce85d4c560933,Tank Cap - Benelli Model 233,Benelli Model 233,Benelli,2015,,Fuel System,5290.0,oem quality vibration dampening for enhanced durability,25,4.5,24,,https://example.com/images/tank_cap_benelli_model_233.jpg,68ac2a8e3c73e23c655de052,68ac2a8f3c73e23c655de054,Swathi Automobiles,Chappal Bazar Road - Kachiguda ,17.38953,78.491245,premium,modern,excellent,tank cap benelli model 233 benelli model 233 benelli fuel system oem quality vibration dampening for enhanced durability,0,2025-09-18T00:00:00,2025-08-18T00:00:00
68d141e6b3fce85d4c560934,Rear Shock Absorber - Aprilia Model 781,Aprilia Model 781,Aprilia,2021,,Suspension,3035.0,premium quality noise reducing for smoother operation,7,3.9,25,,https://example.com/images/rear_shock_absorber_aprilia_model_781.jpg,689d6959045c37933826818b,689d6959045c37933826818d,sai automobiles,RAMNAGAR COLONY PEERZADIGUDA UPPAL HYDERABAD,17.390358,78.606729,mid-range,modern,good,rear shock absorber aprilia model 781 aprilia model 781 aprilia suspension premium quality noise reducing for smoother operation,0,2025-09-14T00:00:00,2025-09-05T00:00:00
68d141e6b3fce85d4c560935,Rim - Gixxer,Gixxer,Suzuki,2024,,Wheels & Tires,3982.0,advanced precision engineered for smoother operation,16,4.1,13,,https://example.com/images/rim_gixxer.jpg,68d133bf3952f7cf7dee90b7,68d133bf3952f7cf7dee90b9,Jyothi Automobiles,Hyderabad,17.511409,78.350972,mid-range,modern,excellent,rim gixxer gixxer suzuki wheels tires advanced precision engineered for smoother operation,0,2025-09-15T00:00:00,2025-08-01T00:00:00
68d141e6b3fce85d4c560936,Silencer - Triumph Model 574,Triumph Model 574,Triumph,2021,,Exhaust,9947.0,oem quality eco friendly for increased power,14,4.6,6,,https://example.com/images/silencer_triumph_model_574.jpg,68d1346c3952f7cf7dee90d0,68d1346c3952f7cf7dee90d2,Kalyan Automobiles,Bala Nagar,17.475679,78.447328,premium,modern,excellent,silencer triumph model 574 triumph model 574 triumph exhaust oem quality eco friendly for increased power,0,2025-09-01T00:00:00,2025-09-15T00:00:00
68d141e6b3fce85d4c560937,Performance Exhaust - Meteor 350,Meteor 350,Royal Enfield,2022,,Exhaust,10652.0,premium quality eco friendly for enhanced safety,9,4.2,23,,https://example.com/images/performance_exhaust_meteor_350.jpg,68d133bf3952f7cf7dee90b7,68d133bf3952f7cf7dee90b9,Jyothi Automobiles,Hyderabad,17.511409,78.350972,premium,modern,excellent,performance exhaust meteor 350 meteor 350 royal enfield exhaust premium quality eco friendly for enhanced safety,0,2025-08-25T00:00:00,2025-09-05T00:00:00
68d141e6b3fce85d4c560938,Mobile Holder - SP 125,SP 125,Honda,2015,,Accessories,279.0,high performance corrosion resistant for increased power,23,4.0,4,,https://example.com/images/mobile_holder_sp_125.jpg,68d135063952f7cf7dee90f6,68d135063952f7cf7dee90f8,Manoj Automobiles,Dilshknagar,17.367642,78.534282,budget,modern,excellent,mobile holder sp 125 sp 125 honda accessories high performance corrosion resistant for increased power,0,2025-09-05T00:00:00,2025-09-04T00:00:00
68d141e6b3fce85d4c560939,Tire Valve - Meteor 350,Meteor 350,Royal Enfield,2021,,Wheels & Tires,5657.0,premium quality maintenance free for enhanced safety,8,4.2,8,,https://example.com/images/tire_valve_meteor_350.jpg,68d134ac3952f7cf7dee90e3,68d134ac3952f7cf7dee90e5,Shiva sai Automobiles,Mahabubabad,17.594209,80.006903,premium,modern,excellent,tire valve meteor 350 meteor 350 royal enfield wheels tires premium quality maintenance free for enhanced safety,0,2025-09-05T00:00:00,2025-09-11T00:00:00
68d141e6b3fce85d4c56093a,Gear Shift Lever - Ninja 300,Ninja 300,Kawasaki,2021,,Transmission,4610.0,heavy duty noise reducing for better handling,12,4.8,8,,https://example.com/images/gear_shift_lever_ninja_300.jpg,68d134ac3952f7cf7dee90e3,68d134ac3952f7cf7dee90e5,Shiva sai Automobiles,Mahabubabad,17.594209,80.006903,mid-range,modern,excellent,gear shift lever ninja 300 ninja 300 kawasaki transmission heavy duty noise reducing for better handling,0,2025-08-23T00:00:00,2025-08-08T00:00:00
68d141e6b3fce85d4c56093b,Mobile Holder - BMW Model 855,BMW Model 855,BMW,2025,,Accessories,1587.0,oem quality vibration dampening for longer life,20,4.5,19,,https://example.com/images/mobile_holder_bmw_model_855.jpg,68d136193952f7cf7dee9131,68d136193952f7cf7dee9133,Mahesh Automobiles,Khammam,17.249885,80.15615,mid-range,modern,excellent,mobile holder bmw model 855 bmw model 855 bmw accessories oem quality vibration dampening for longer life,0,2025-08-20T00:00:00,2025-08-31T00:00:00
68d141e6b3fce85d4c56093c,Gear Shift Lever - Duke 250,Duke 250,KTM,2021,,Transmission,5513.0,professional grade maintenance free for improved performance,23,3.6,13,,https://example.com/images/gear_shift_lever_duke_250.jpg,68d135063952f7cf7dee90f6,68d135063952f7cf7dee90f8,Manoj Automobiles,Dilshknagar,17.367642,78.534282,premium,modern,good,gear shift lever duke 250 duke 250 ktm transmission professional grade maintenance free for improved performance,0,2025-08-19T00:00:00,2025-08-20T00:00:00
68d141e6b3fce85d4c56093d,Clutch Spring - Mahindra Model 625,Mahindra Model 625,Mahindra,2021,,Transmission,6662.0,heavy duty high strength for better handling,2,4.0,1,,https://example.com/images/clutch_spring_mahindra_model_625.jpg,68d1346c3952f7cf7dee90d0,68d1346c3952f7cf7dee90d2,Kalyan Automobiles,Bala Nagar,17.475679,78.447328,premium,modern,excellent,clutch spring mahindra model 625 mahindra model 625 mahindra transmission heavy duty high strength for better handling,0,2025-08-08T00:00:00,2025-08-20T00:00:00
68d141e6b3fce85d4c56093e,Engine Guard - BMW Model 326,BMW Model 326,BMW,2025,,Accessories,2587.0,enhanced eco friendly for longer life,6,3.8,16,,https://example.com/images/engine_guard_bmw_model_326.jpg,689d6959045c37933826818b,689d6959045c37933826818d,sai automobiles,RAMNAGAR COLONY PEERZADIGUDA UPPAL HYDERABAD,17.390358,78.606729,mid-range,modern,good,engine guard bmw model 326 bmw model 326 bmw accessories enhanced eco friendly for longer life,0,2025-08-25T00:00:00,2025-09-07T00:00:00
68d141e6b3fce85d4c56093f,Air Filter - Boulevard,Boulevard,Suzuki,2019,,Filters,493.0,superior heat treated for better fuel economy,5,3.6,28,,https://example.com/images/air_filter_boulevard.jpg,68d135063952f7cf7dee90f6,68d135063952f7cf7dee90f8,Manoj Automobiles,Dilshknagar,17.367642,78.534282,budget,modern,good,air filter boulevard boulevard suzuki filters superior heat treated for better fuel economy,0,2025-09-16T00:00:00,2025-09-06T00:00:00
68d141e6b3fce85d4c560940,Rear Tire - Aprilia Model 592,Aprilia Model 592,Aprilia,2025,,Wheels & Tires,2046.0,heavy duty heat treated for improved comfort,10,4.0,28,,https://example.com/images/rear_tire_aprilia_model_592.jpg,68d135063952f7cf7dee90f6,68d135063952f7cf7dee90f8,Manoj Automobiles,Dilshknagar,17.367642,78.534282,mid-range,modern,excellent,rear tire aprilia model 592 aprilia model 592 aprilia wheels tires heavy duty heat treated for improved comfort,0,2025-08-19T00:00:00,2025-09-08T00:00:00
68d141e6b3fce85d4c560941,Coolant Reservoir - Mahindra Model 207,Mahindra Model 207,Mahindra,2025,,Cooling System,4178.0,heavy duty vibration dampening for better fuel economy,8,3.6,28,,https://example.com/images/coolant_reservoir_mahindra_model_207.jpg,68ac2a8e3c73e23c655de052,68ac2a8f3c73e23c655de054,Swathi Automobiles,Chappal Bazar Road - Kachiguda ,17.38953,78.491245,mid-range,modern,good,coolant reservoir mahindra model 207 mahindra model 207 mahindra cooling system heavy duty vibration dampening for better fuel economy,0,2025-09-14T00:00:00,2025-08-10T00:00:00
68d141e6b3fce85d4c560942,Gear Box - Triumph Model 719,Triumph Model 719,Triumph,2021,,Transmission,6183.0,oem quality maintenance free for reduced maintenance,16,3.8,24,,https://example.com/images/gear_box_triumph_model_719.jpg,68d136193952f7cf7dee9131,68d136193952f7cf7dee9133,Mahesh Automobiles,Khammam,17.249885,80.15615,premium,modern,good,gear box triumph model 719 triumph model 719 triumph transmission oem quality maintenance free for reduced maintenance,0,2025-08-09T00:00:00,2025-08-25T00:00:00
68d141e6b3fce85d4c560943,Carbon Filter - Scram 411,Scram 411,Royal Enfield,2023,,Filters,568.0,professional grade corrosion resistant for improved comfort,16,4.4,1,,https://example.com/images/carbon_filter_scram_411.jpg,68d133bf3952f7cf7dee90b7,68d133bf3952f7cf7dee90b9,Jyothi Automobiles,Hyderabad,17.511409,78.350972,budget,modern,excellent,carbon filter scram 411 scram 411 royal enfield filters professional grade corrosion resistant for improved comfort,0,2025-08-12T00:00:00,2025-09-21T00:00:00
68d141e6b3fce85d4c560944,Fuel Tank - FZ-X,FZ-X,Yamaha,2016,,Fuel System,4220.0,lightweight long lasting for enhanced durability,21,4.7,16,,https://example.com/images/fuel_tank_fz_x.jpg,68ac2a8e3c73e23c655de052,68ac2a8f3c73e23c655de054,Swathi Automobiles,Chappal Bazar Road - Kachiguda ,17.38953,78.491245,mid-range,modern,excellent,fuel tank fz fz yamaha fuel system lightweight long lasting for enhanced durability,0,2025-09-17T00:00:00,2025-08-24T00:00:00
68d141e6b3fce85d4c560945,Fuel Tank - Fascino 125,Fascino 125,Yamaha,2020,,Fuel System,4135.0,heavy duty vibration dampening for better fuel economy,12,4.5,3,,https://example.com/images/fuel_tank_fascino_125.jpg,68ac2a8e3c73e23c655de052,68ac2a8f3c73e23c655de054,Swathi Automobiles,Chappal Bazar Road - Kachiguda ,17.38953,78.491245,mid-range,modern,excellent,fuel tank fascino 125 fascino 125 yamaha fuel system heavy duty vibration dampening for better fuel economy,0,2025-08-30T00:00:00,2025-08-17T00:00:00
68d141e6b3fce85d4c560946,Exhaust Pipe - Dominar 400,Dominar 400,Bajaj,2015,,Exhaust,2512.0,lightweight high strength for enhanced durability,21,4.0,21,,https://example.com/images/exhaust_pipe_dominar_400.jpg,68d135063952f7cf7dee90f6,68d135063952f7cf7dee90f8,Manoj Automobiles,Dilshknagar,17.367642,78.534282,mid-range,modern,excellent,exhaust pipe dominar 400 dominar 400 bajaj exhaust lightweight high strength for enhanced durability,0,2025-08-30T00:00:00,2025-08-26T00:00:00
68d141e7b3fce85d4c560947,Tank Cap - Triumph Model 541,Triumph Model 541,Triumph,2019,,Fuel System,4214.0,high performance corrosion resistant for enhanced durability,1,4.7,27,,https://example.com/images/tank_cap_triumph_model_541.jpg,68d135833952f7cf7dee9109,68d135833952f7cf7dee910b,Mounika Automobiles,Karimnagar,18.435781,79.132861,mid-range,modern,excellent,tank cap triumph model 541 triumph model 541 triumph fuel system high performance corrosion resistant for enhanced durability,0,2025-08-01T00:00:00,2025-08-30T00:00:00
68d141e7b3fce85d4c560948,Exhaust Gasket - Avenger 220,Avenger 220,Bajaj,2025,,Exhaust,6408.0,professional grade high strength for longer life,20,4.8,3,,https://example.com/images/exhaust_gasket_avenger_220.jpg,68d1346c3952f7cf7dee90d0,68d1346c3952f7cf7dee90d2,Kalyan Automobiles,Bala Nagar,17.475679,78.447328,premium,modern,excellent,exhaust gasket avenger 220 avenger 220 bajaj exhaust professional grade high strength for longer life,0,2025-08-22T00:00:00,2025-08-11T00:00:00
68d141e7b3fce85d4c560949,Fuel Tank - Mahindra Model 777,Mahindra Model 777,Mahindra,2018,,Fuel System,5976.0,advanced corrosion resistant for better handling,8,3.5,29,,https://example.com/images/fuel_tank_mahindra_model_777.jpg,68d135833952f7cf7dee9109,68d135833952f7cf7dee910b,Mounika Automobiles,Karimnagar,18.435781,79.132861,premium,modern,good,fuel tank mahindra model 777 mahindra model 777 mahindra fuel system advanced corrosion resistant for better handling,0,2025-09-02T00:00:00,2025-08-31T00:00:00
68d141e7b3fce85d4c56094a,Suspension Linkage - Star City Plus,Star City Plus,TVS,2019,,Suspension,3225.0,advanced heat treated for longer life,2,4.0,24,,https://example.com/images/suspension_linkage_star_city_plus.jpg,68d135d63952f7cf7dee911e,68d135d63952f7cf7dee9120,baskar Automobiles,Medak,18.048948,78.269372,mid-range,modern,excellent,suspension linkage star city plus star city plus tvs suspension advanced heat treated for longer life,0,2025-08-18T00:00:00,2025-08-13T00:00:00
68d141e7b3fce85d4c56094b,Radiator - RC 200,RC 200,KTM,2025,,Cooling System,2007.0,superior long lasting for enhanced durability,8,3.8,13,,https://example.com/images/radiator_rc_200.jpg,68d133bf3952f7cf7dee90b7,68d133bf3952f7cf7dee90b9,Jyothi Automobiles,Hyderabad,17.511409,78.350972,mid-range,modern,good,radiator rc 200 rc 200 ktm cooling system superior long lasting for enhanced durability,0,2025-08-20T00:00:00,2025-09-18T00:00:00
68d141e7b3fce85d4c56094c,Hub Bearing - Harley-Davidson Model 865,Harley-Davidson Model 865,Harley-Davidson,2023,,Wheels & Tires,3180.0,superior noise reducing for enhanced safety,2,4.7,22,,https://example.com/images/hub_bearing_harley_davidson_model_865.jpg,68d0c47d09554c358655174b,68d0c47e09554c358655174d,Tarun Automobiles,,17.423605,78.546314,mid-range,modern,excellent,hub bearing harley davidson model 865 harley davidson model 865 harley davidson wheels tires superior noise reducing for enhanced safety,0,2025-09-18T00:00:00,2025-08-27T00:00:00
68d141e7b3fce85d4c56094d,Cabin Filter - Aerox 155,Aerox 155,Yamaha,2022,,Filters,795.0,enhanced noise reducing for longer life,9,3.5,24,,https://example.com/images/cabin_filter_aerox_155.jpg,68d135d63952f7cf7dee911e,68d135d63952f7cf7dee9120,baskar Automobiles,Medak,18.048948,78.269372,budget,modern,good,cabin filter aerox 155 aerox 155 yamaha filters enhanced noise reducing for longer life,0,2025-08-09T00:00:00,2025-08-06T00:00:00
68d141e7b3fce85d4c56094e,Alloy Wheel - Harley-Davidson Model 989,Harley-Davidson Model 989,Harley-Davidson,2017,,Wheels & Tires,10125.0,professional grade maintenance free for improved comfort,25,4.2,19,,https://example.com/images/alloy_wheel_harley_davidson_model_989.jpg,689d6959045c37933826818b,689d6959045c37933826818d,sai automobiles,RAMNAGAR COLONY PEERZADIGUDA UPPAL HYDERABAD,17.390358,78.606729,premium,modern,excellent,alloy wheel harley davidson model 989 harley davidson model 989 harley davidson wheels tires professional grade maintenance free for improved comfort,0,2025-09-10T00:00:00,2025-09-19T00:00:00
68d141e7b3fce85d4c56094f,ABS Module - Triumph Model 175,Triumph Model 175,Triumph,2025,,Brakes,2498.0,advanced maintenance free for longer life,24,3.6,28,,https://example.com/images/abs_module_triumph_model_175.jpg,689d6959045c37933826818b,689d6959045c37933826818d,sai automobiles,RAMNAGAR COLONY PEERZADIGUDA UPPAL HYDERABAD,17.390358,78.606729,mid-range,modern,good,abs module triumph model 175 triumph model 175 triumph brakes advanced maintenance free for longer life,0,2025-08-27T00:00:00,2025-09-13T00:00:00
68d141e7b3fce85d4c560950,Wiring Harness - Adventure 390,Adventure 390,KTM,2017,,Electrical,776.0,premium quality long lasting for enhanced durability,6,3.8,15,,https://example.com/images/wiring_harness_adventure_390.jpg,689d6959045c37933826818b,689d6959045c37933826818d,sai automobiles,RAMNAGAR COLONY PEERZADIGUDA UPPAL HYDERABAD,17.390358,78.606729,budget,modern,good,wiring harness adventure 390 adventure 390 ktm electrical premium quality long lasting for enhanced durability,0,2025-08-03T00:00:00,2025-08-17T00:00:00
68d141e7b3fce85d4c560951,Cylinder Head - Harley-Davidson Model 690,Harley-Davidson Model 690,Harley-Davidson,2021,,Engine,20317.0,high performance noise reducing for improved performance,13,4.4,11,,https://example.com/images/cylinder_head_harley_davidson_model_690.jpg,68d136193952f7cf7dee9131,68d136193952f7cf7dee9133,Mahesh Automobiles,Khammam,17.249885,80.15615,premium,modern,excellent,cylinder head harley davidson model 690 harley davidson model 690 harley davidson engine high performance noise reducing for improved performance,0,2025-09-03T00:00:00,2025-09-11T00:00:00
68d141e7b3fce85d4c560952,License Plate Light - XDiavel,XDiavel,Ducati,2018,,Lighting,2212.0,premium quality precision engineered for reduced maintenance,21,4.4,1,,https://example.com/images/license_plate_light_xdiavel.jpg,68d135063952f7cf7dee90f6,68d135063952f7cf7dee90f8,Manoj Automobiles,Dilshknagar,17.367642,78.534282,mid-range,modern,excellent,license plate light xdiavel xdiavel ducati lighting premium quality precision engineered for reduced maintenance,0,2025-08-30T00:00:00,2025-09-11T00:00:00
68d141e7b3fce85d4c560953,Starter Motor - Benelli Model 944,Benelli Model 944,Benelli,2021,,Electrical,1606.0,professional grade long lasting for increased power,20,4.8,20,,https://example.com/images/starter_motor_benelli_model_944.jpg,68d1346c3952f7cf7dee90d0,68d1346c3952f7cf7dee90d2,Kalyan Automobiles,Bala Nagar,17.475679,78.447328,mid-range,modern,excellent,starter motor benelli model 944 benelli model 944 benelli electrical professional grade long lasting for increased power,0,2025-09-10T00:00:00,2025-08-19T00:00:00
68d141e7b3fce85d4c560954,Brake Cable - Shotgun 650,Shotgun 650,Royal Enfield,2024,,Brakes,2205.0,enhanced noise reducing for longer life,23,3.7,30,,https://example.com/images/brake_cable_shotgun_650.jpg,68d135d63952f7cf7dee911e,68d135d63952f7cf7dee9120,baskar Automobiles,Medak,18.048948,78.269372,mid-range,modern,good,brake cable shotgun 650 shotgun 650 royal enfield brakes enhanced noise reducing for longer life,0,2025-08-30T00:00:00,2025-08-15T00:00:00
68d141e7b3fce85d4c560955,Turn Signal Light - Versys-X 300,Versys-X 300,Kawasaki,2019,,Lighting,2838.0,oem quality long lasting for increased power,21,3.6,15,,https://example.com/images/turn_signal_light_versys_x_300.jpg,68d133bf3952f7cf7dee90b7,68d133bf3952f7cf7dee90b9,Jyothi Automobiles,Hyderabad,17.511409,78.350972,mid-range,modern,good,turn signal light versys 300 versys 300 kawasaki lighting oem quality long lasting for increased power,0,2025-09-02T00:00:00,2025-09-03T00:00:00
68d141e7b3fce85d4c560956,Vacuum Filter - BMW Model 681,BMW Model 681,BMW,2021,,Filters,531.0,enhanced long lasting for enhanced safety,16,4.0,16,,https://example.com/images/vacuum_filter_bmw_model_681.jpg,68d133bf3952f7cf7dee90b7,68d133bf3952f7cf7dee90b9,Jyothi Automobiles,Hyderabad,17.511409,78.350972,budget,modern,excellent,vacuum filter bmw model 681 bmw model 681 bmw filters enhanced long lasting for enhanced safety,0,2025-08-01T00:00:00,2025-09-15T00:00:00
68d141e7b3fce85d4c560957,Parking Light - RC 200,RC 200,KTM,2019,,Lighting,1621.0,lightweight corrosion resistant for longer life,5,4.5,15,,https://example.com/images/parking_light_rc_200.jpg,68d136193952f7cf7dee9131,68d136193952f7cf7dee9133,Mahesh Automobiles,Khammam,17.249885,80.15615,mid-range,modern,excellent,parking light rc 200 rc 200 ktm lighting lightweight corrosion resistant for longer life,0,2025-09-17T00:00:00,2025-08-20T00:00:00
68d141e7b3fce85d4c560958,Tool Kit - Aprilia Model 870,Aprilia Model 870,Aprilia,2017,,Accessories,1885.0,durable noise reducing for better handling,5,4.3,26,,https://example.com/images/tool_kit_aprilia_model_870.jpg,68d134ac3952f7cf7dee90e3,68d134ac3952f7cf7dee90e5,Shiva sai Automobiles,Mahabubabad,17.594209,80.006903,mid-range,modern,excellent,tool kit aprilia model 870 aprilia model 870 aprilia accessories durable noise reducing for better handling,0,2025-09-06T00:00:00,2025-08-02T00:00:00
68d141e7b3fce85d4c560959,Headlight Assembly - Bullet 350,Bullet 350,Royal Enfield,2025,,Lighting,2546.0,heavy duty precision engineered for better fuel economy,13,3.6,12,,https://example.com/images/headlight_assembly_bullet_350.jpg,689d6959045c37933826818b,689d6959045c37933826818d,sai automobiles,RAMNAGAR COLONY PEERZADIGUDA UPPAL HYDERABAD,17.390358,78.606729,mid-range,modern,good,headlight assembly bullet 350 bullet 350 royal enfield lighting heavy duty precision engineered for better fuel economy,0,2025-09-05T00:00:00,2025-09-10T00:00:00
68d141e7b3fce85d4c56095a,Ignition Coil - FZ-X,FZ-X,Yamaha,2023,,Ignition,353.0,professional grade corrosion resistant for enhanced durability,2,3.5,12,,https://example.com/images/ignition_coil_fz_x.jpg,68d0c47d09554c358655174b,68d0c47e09554c358655174d,Tarun Automobiles,,17.423605,78.546314,budget,modern,good,ignition coil fz fz yamaha ignition professional grade corrosion resistant for enhanced durability,0,2025-08-05T00:00:00,2025-08-24T00:00:00
68d141e7b3fce85d4c56095b,Horn - Mahindra Model 257,Mahindra Model 257,Mahindra,2019,,Electrical,2711.0,durable high strength for reduced maintenance,19,4.3,27,,https://example.com/images/horn_mahindra_model_257.jpg,689d6959045c37933826818b,689d6959045c37933826818d,sai automobiles,RAMNAGAR COLONY PEERZADIGUDA UPPAL HYDERABAD,17.390358,78.606729,mid-range,modern,excellent,horn mahindra model 257 mahindra model 257 mahindra electrical durable high strength for reduced maintenance,0,2025-08-18T00:00:00,2025-08-24T00:00:00
68d141e7b3fce85d4c56095c,Chain - Aprilia Model 147,Aprilia Model 147,Aprilia,2019,,Drivetrain,3707.0,enhanced corrosion resistant for improved comfort,20,4.8,14,,https://example.com/images/chain_aprilia_model_147.jpg,68d135063952f7cf7dee90f6,68d135063952f7cf7dee90f8,Manoj Automobiles,Dilshknagar,17.367642,78.534282,mid-range,modern,excellent,chain aprilia model 147 aprilia model 147 aprilia drivetrain enhanced corrosion resistant for improved comfort,0,2025-08-24T00:00:00,2025-09-11T00:00:00
68d141e7b3fce85d4c56095d,Rear Tire - Mahindra Model 310,Mahindra Model 310,Mahindra,2024,,Wheels & Tires,7310.0,advanced fuel efficient for enhanced durability,20,3.8,25,,https://example.com/images/rear_tire_mahindra_model_310.jpg,68d136193952f7cf7dee9131,68d136193952f7cf7dee9133,Mahesh Automobiles,Khammam,17.249885,80.15615,premium,modern,good,rear tire mahindra model 310 mahindra model 310 mahindra wheels tires advanced fuel efficient for enhanced durability,0,2025-09-07T00:00:00,2025-08-03T00:00:00
68d141e7b3fce85d4c56095e,Grab Rail - Benelli Model 601,Benelli Model 601,Benelli,2018,,Body Parts,2587.0,enhanced precision engineered for better handling,21,4.7,8,,https://example.com/images/grab_rail_benelli_model_601.jpg,689d6959045c37933826818b,689d6959045c37933826818d,sai automobiles,RAMNAGAR COLONY PEERZADIGUDA UPPAL HYDERABAD,17.390358,78.606729,mid-range,modern,excellent,grab rail benelli model 601 benelli model 601 benelli body parts enhanced precision engineered for better handling,0,2025-08-06T00:00:00,2025-09-21T00:00:00
68d141e7b3fce85d4c56095f,Clutch Plate - V-Strom SX,V-Strom SX,Suzuki,2023,,Transmission,1582.0,superior eco friendly for better handling,11,4.8,20,,https://example.com/images/clutch_plate_v_strom_sx.jpg,68d135833952f7cf7dee9109,68d135833952f7cf7dee910b,Mounika Automobiles,Karimnagar,18.435781,79.132861,mid-range,modern,excellent,clutch plate strom sx strom sx suzuki transmission superior eco friendly for better handling,0,2025-08-12T00:00:00,2025-08-17T00:00:00
68d141e7b3fce85d4c560960,Timing Chain - Ray ZR,Ray ZR,Yamaha,2017,,Engine,11971.0,heavy duty maintenance free for improved comfort,19,4.2,22,,https://example.com/images/timing_chain_ray_zr.jpg,68d134ac3952f7cf7dee90e3,68d134ac3952f7cf7dee90e5,Shiva sai Automobiles,Mahabubabad,17.594209,80.006903,premium,modern,excellent,timing chain ray zr ray zr yamaha engine heavy duty maintenance free for improved comfort,0,2025-09-16T00:00:00,2025-08-06T00:00:00
68d141e7b3fce85d4c560961,Coil - Apache RTR 200,Apache RTR 200,TVS,2018,,Electrical,2649.0,lightweight eco friendly for smoother operation,13,4.2,5,,https://example.com/images/coil_apache_rtr_200.jpg,68ac2a8e3c73e23c655de052,68ac2a8f3c73e23c655de054,Swathi Automobiles,Chappal Bazar Road - Kachiguda ,17.38953,78.491245,mid-range,modern,excellent,coil apache rtr 200 apache rtr 200 tvs electrical lightweight eco friendly for smoother operation,0,2025-09-14T00:00:00,2025-08-15T00:00:00
68d141e7b3fce85d4c560962,Distributor - Harley-Davidson Model 261,Harley-Davidson Model 261,Harley-Davidson,2022,,Ignition,1203.0,high performance maintenance free for reduced maintenance,5,4.3,21,,https://example.com/images/distributor_harley_davidson_model_261.jpg,689d6959045c37933826818b,689d6959045c37933826818d,sai automobiles,RAMNAGAR COLONY PEERZADIGUDA UPPAL HYDERABAD,17.390358,78.606729,mid-range,modern,excellent,distributor harley davidson model 261 harley davidson model 261 harley davidson ignition high performance maintenance free for reduced maintenance,0,2025-08-20T00:00:00,2025-09-06T00:00:00
68d141e7b3fce85d4c560963,Final Drive Oil - Fascino 125,Fascino 125,Yamaha,2023,,Drivetrain,1235.0,heavy duty maintenance free for better handling,3,4.9,26,,https://example.com/images/final_drive_oil_fascino_125.jpg,68d135063952f7cf7dee90f6,68d135063952f7cf7dee90f8,Manoj Automobiles,Dilshknagar,17.367642,78.534282,mid-range,modern,excellent,final drive oil fascino 125 fascino 125 yamaha drivetrain heavy duty maintenance free for better handling,0,2025-08-31T00:00:00,2025-08-14T00:00:00
68d141e7b3fce85d4c560964,Brake Caliper - Triumph Model 625,Triumph Model 625,Triumph,2015,,Brakes,1756.0,lightweight maintenance free for enhanced durability,10,3.5,22,,https://example.com/images/brake_caliper_triumph_model_625.jpg,68d135063952f7cf7dee90f6,68d135063952f7cf7dee90f8,Manoj Automobiles,Dilshknagar,17.367642,78.534282,mid-range,modern,good,brake caliper triumph model 625 triumph model 625 triumph brakes lightweight maintenance free for enhanced durability,0,2025-08-29T00:00:00,2025-08-03T00:00:00
68d141e7b3fce85d4c560965,Tank Cover - Benelli Model 468,Benelli Model 468,Benelli,2015,,Body Parts,1015.0,heavy duty noise reducing for better handling,4,4.7,6,,https://example.com/images/tank_cover_benelli_model_468.jpg,68d1346c3952f7cf7dee90d0,68d1346c3952f7cf7dee90d2,Kalyan Automobiles,Bala Nagar,17.475679,78.447328,mid-range,modern,excellent,tank cover benelli model 468 benelli model 468 benelli body parts heavy duty noise reducing for better handling,0,2025-08-11T00:00:00,2025-09-08T00:00:00
68d141e7b3fce85d4c560966,Brake Cable - Star City Plus,Star City Plus,TVS,2015,,Brakes,1022.0,advanced corrosion resistant for better handling,23,3.8,21,,https://example.com/images/brake_cable_star_city_plus.jpg,689d6959045c37933826818b,689d6959045c37933826818d,sai automobiles,RAMNAGAR COLONY PEERZADIGUDA UPPAL HYDERABAD,17.390358,78.606729,mid-range,modern,good,brake cable star city plus star city plus tvs brakes advanced corrosion resistant for better handling,0,2025-09-07T00:00:00,2025-09-13T00:00:00
68d141e7b3fce85d4c560967,Rear Cowl - FZ-X V1,FZ-X,Yamaha,2019,,Body Parts,501.0,enhanced eco friendly for reduced maintenance,16,5.0,15,,https://example.com/images/rear_cowl_fz_x.jpg,68d135d63952f7cf7dee911e,68d135d63952f7cf7dee9120,baskar Automobiles,Medak,18.048948,78.269372,budget,modern,excellent,rear cowl fz v1 fz yamaha body parts enhanced eco friendly for reduced maintenance,0,2025-09-09T00:00:00,2025-08-27T00:00:00
68d141e7b3fce85d4c560968,Coolant Filter - Burgman Street,Burgman Street,Suzuki,2020,,Filters,343.0,superior high strength for longer life,4,4.6,3,,https://example.com/images/coolant_filter_burgman_street.jpg,68d135d63952f7cf7dee911e,68d135d63952f7cf7dee9120,baskar Automobiles,Medak,18.048948,78.269372,budget,modern,excellent,coolant filter burgman street burgman street suzuki filters superior high strength for longer life,0,2025-09-06T00:00:00,2025-08-04T00:00:00
68d141e7b3fce85d4c560969,Intercooler - Triumph Model 339,Triumph Model 339,Triumph,2024,,Cooling System,1788.0,durable long lasting for enhanced durability,8,4.8,12,,https://example.com/images/intercooler_triumph_model_339.jpg,68d0c47d09554c358655174b,68d0c47e09554c358655174d,Tarun Automobiles,,17.423605,78.546314,mid-range,modern,excellent,intercooler triumph model 339 triumph model 339 triumph cooling system durable long lasting for enhanced durability,0,2025-08-23T00:00:00,2025-09-10T00:00:00
68d141e7b3fce85d4c56096a,Wheel Balancing Weight - Apache RTR 160,Apache RTR 160,TVS,2019,,Wheels & Tires,2051.0,durable maintenance free for better fuel economy,21,4.3,20,,https://example.com/images/wheel_balancing_weight_apache_rtr_160.jpg,68d135d63952f7cf7dee911e,68d135d63952f7cf7dee9120,baskar Automobiles,Medak,18.048948,78.269372,mid-range,modern,excellent,wheel balancing weight apache rtr 160 apache rtr 160 tvs wheels tires durable maintenance free for better fuel economy,0,2025-08-12T00:00:00,2025-09-06T00:00:00
68d141e7b3fce85d4c56096b,Brake Hose - Harley-Davidson Model 735,Harley-Davidson Model 735,Harley-Davidson,2023,,Brakes,1207.0,oem quality vibration dampening for longer life,8,4.1,4,,https://example.com/images/brake_hose_harley_davidson_model_735.jpg,68d135063952f7cf7dee90f6,68d135063952f7cf7dee90f8,Manoj Automobiles,Dilshknagar,17.367642,78.534282,mid-range,modern,excellent,brake hose harley davidson model 735 harley davidson model 735 harley davidson brakes oem quality vibration dampening for longer life,0,2025-08-15T00:00:00,2025-08-29T00:00:00
68d141e7b3fce85d4c56096c,Cabin Filter - Maestro Edge,Maestro Edge,Hero,2017,,Filters,181.0,professional grade high strength for enhanced safety,17,3.7,1,,https://example.com/images/cabin_filter_maestro_edge.jpg,68d135d63952f7cf7dee911e,68d135d63952f7cf7dee9120,baskar Automobiles,Medak,18.048948,78.269372,budget,modern,good,cabin filter maestro edge maestro edge hero filters professional grade high strength for enhanced safety,0,2025-08-16T00:00:00,2025-09-15T00:00:00
68d141e7b3fce85d4c56096d,Suspension Linkage - RC 200,RC 200,KTM,2015,,Suspension,6666.0,professional grade high strength for longer life,20,3.6,24,,https://example.com/images/suspension_linkage_rc_200.jpg,68d1346c3952f7cf7dee90d0,68d1346c3952f7cf7dee90d2,Kalyan Automobiles,Bala Nagar,17.475679,78.447328,premium,modern,good,suspension linkage rc 200 rc 200 ktm suspension professional grade high strength for longer life,0,2025-09-14T00:00:00,2025-09-20T00:00:00
68d141e7b3fce85d4c56096e,Gear Box - Pulsar 180,Pulsar 180,Bajaj,2016,,Transmission,5666.0,lightweight heat treated for enhanced safety,2,4.8,11,,https://example.com/images/gear_box_pulsar_180.jpg,68d135d63952f7cf7dee911e,68d135d63952f7cf7dee9120,baskar Automobiles,Medak,18.048948,78.269372,premium,modern,excellent,gear box pulsar 180 pulsar 180 bajaj transmission lightweight heat treated for enhanced safety,0,2025-09-08T00:00:00,2025-08-09T00:00:00
68d141e7b3fce85d4c56096f,Oil Pump - Star City Plus,Star City Plus,TVS,2021,,Engine,12659.0,premium quality high strength for enhanced durability,13,3.6,4,,https://example.com/images/oil_pump_star_city_plus.jpg,68d134ac3952f7cf7dee90e3,68d134ac3952f7cf7dee90e5,Shiva sai Automobiles,Mahabubabad,17.594209,80.006903,premium,modern,good,oil pump star city plus star city plus tvs engine premium quality high strength for enhanced durability,0,2025-08-29T00:00:00,2025-08-12T00:00:00
68d141e7b3fce85d4c560970,Rear Cowl - Triumph Model 716,Triumph Model 716,Triumph,2024,,Body Parts,736.0,advanced eco friendly for increased power,22,3.7,19,,https://example.com/images/rear_cowl_triumph_model_716.jpg,68d0c47d09554c358655174b,68d0c47e09554c358655174d,Tarun Automobiles,,17.423605,78.546314,budget,modern,good,rear cowl triumph model 716 triumph model 716 triumph body parts advanced eco friendly for increased power,0,2025-08-02T00:00:00,2025-08-30T00:00:00
68d141e7b3fce85d4c560971,Brake Fluid Reservoir - Diavel,Diavel,Ducati,2021,,Brakes,776.0,oem quality heat treated for improved comfort,17,3.5,29,,https://example.com/images/brake_fluid_reservoir_diavel.jpg,68d133bf3952f7cf7dee90b7,68d133bf3952f7cf7dee90b9,Jyothi Automobiles,Hyderabad,17.511409,78.350972,budget,modern,good,brake fluid reservoir diavel diavel ducati brakes oem quality heat treated for improved comfort,0,2025-08-20T00:00:00,2025-09-11T00:00:00
68d141e7b3fce85d4c560972,Tank Cap - BMW Model 745,BMW Model 745,BMW,2025,,Fuel System,2829.0,enhanced heat treated for improved comfort,25,3.6,19,,https://example.com/images/tank_cap_bmw_model_745.jpg,68ac2a8e3c73e23c655de052,68ac2a8f3c73e23c655de054,Swathi Automobiles,Chappal Bazar Road - Kachiguda ,17.38953,78.491245,mid-range,modern,good,tank cap bmw model 745 bmw model 745 bmw fuel system enhanced heat treated for improved comfort,0,2025-08-26T00:00:00,2025-09-19T00:00:00
68d141e7b3fce85d4c560973,Wiring Harness - Triumph Model 198,Triumph Model 198,Triumph,2021,,Electrical,1375.0,durable noise reducing for enhanced safety,19,5.0,30,,https://example.com/images/wiring_harness_triumph_model_198.jpg,68ac2a8e3c73e23c655de052,68ac2a8f3c73e23c655de054,Swathi Automobiles,Chappal Bazar Road - Kachiguda ,17.38953,78.491245,mid-range,modern,excellent,wiring harness triumph model 198 triumph model 198 triumph electrical durable noise reducing for enhanced safety,0,2025-09-06T00:00:00,2025-08-19T00:00:00
68d141e7b3fce85d4c560974,Tank Bag - Duke 200,Duke 200,KTM,2022,,Accessories,945.0,superior heat treated for improved comfort,19,3.9,29,,https://example.com/images/tank_bag_duke_200.jpg,68d134ac3952f7cf7dee90e3,68d134ac3952f7cf7dee90e5,Shiva sai Automobiles,Mahabubabad,17.594209,80.006903,budget,modern,good,tank bag duke 200 duke 200 ktm accessories superior heat treated for improved comfort,0,2025-09-03T00:00:00,2025-08-07T00:00:00
68d141e7b3fce85d4c560975,Engine Guard - Aprilia Model 753,Aprilia Model 753,Aprilia,2025,,Accessories,900.0,oem quality vibration dampening for better fuel economy,16,4.0,28,,https://example.com/images/engine_guard_aprilia_model_753.jpg,68d136193952f7cf7dee9131,68d136193952f7cf7dee9133,Mahesh Automobiles,Khammam,17.249885,80.15615,budget,modern,excellent,engine guard aprilia model 753 aprilia model 753 aprilia accessories oem quality vibration dampening for better fuel economy,0,2025-08-24T00:00:00,2025-08-18T00:00:00
68d141e7b3fce85d4c560976,Master Cylinder - Karizma XMR,Karizma XMR,Hero,2020,,Brakes,2781.0,enhanced eco friendly for improved comfort,9,4.1,26,,https://example.com/images/master_cylinder_karizma_xmr.jpg,68d135063952f7cf7dee90f6,68d135063952f7cf7dee90f8,Manoj Automobiles,Dilshknagar,17.367642,78.534282,mid-range,modern,excellent,master cylinder karizma xmr karizma xmr hero brakes enhanced eco friendly for improved comfort,0,2025-08-04T00:00:00,2025-09-09T00:00:00
68d141e7b3fce85d4c560977,Pressure Plate - Ninja 400,Ninja 400,Kawasaki,2025,,Transmission,4265.0,durable eco friendly for improved performance,16,5.0,19,,https://example.com/images/pressure_plate_ninja_400.jpg,68d134ac3952f7cf7dee90e3,68d134ac3952f7cf7dee90e5,Shiva sai Automobiles,Mahabubabad,17.594209,80.006903,mid-range,modern,excellent,pressure plate ninja 400 ninja 400 kawasaki transmission durable eco friendly for improved performance,0,2025-09-06T00:00:00,2025-09-06T00:00:00
68d141e7b3fce85d4c560978,Regulator Rectifier - Saluto RX,Saluto RX,Yamaha,2022,,Electrical,1688.0,lightweight heat treated for improved performance,4,4.4,6,,https://example.com/images/regulator_rectifier_saluto_rx.jpg,68d135833952f7cf7dee9109,68d135833952f7cf7dee910b,Mounika Automobiles,Karimnagar,18.435781,79.132861,mid-range,modern,excellent,regulator rectifier saluto rx saluto rx yamaha electrical lightweight heat treated for improved performance,0,2025-08-01T00:00:00,2025-08-22T00:00:00
68d141e7b3fce85d4c560979,Reserve Tank - Panigale V4,Panigale V4,Ducati,2022,,Fuel System,843.0,heavy duty noise reducing for better handling,13,4.1,17,,https://example.com/images/reserve_tank_panigale_v4.jpg,68d135063952f7cf7dee90f6,68d135063952f7cf7dee90f8,Manoj Automobiles,Dilshknagar,17.367642,78.534282,budget,modern,excellent,reserve tank panigale v4 panigale v4 ducati fuel system heavy duty noise reducing for better handling,0,2025-09-05T00:00:00,2025-08-30T00:00:00
68d141e7b3fce85d4c56097a,Rear Sprocket - 1290 Super Duke R,1290 Super Duke R,KTM,2024,,Drivetrain,840.0,oem quality vibration dampening for better handling,7,4.6,26,,https://example.com/images/rear_sprocket_1290_super_duke_r.jpg,68d133bf3952f7cf7dee90b7,68d133bf3952f7cf7dee90b9,Jyothi Automobiles,Hyderabad,17.511409,78.350972,budget,modern,excellent,rear sprocket 1290 super duke 1290 super duke ktm drivetrain oem quality vibration dampening for better handling,0,2025-09-14T00:00:00,2025-09-10T00:00:00
68d141e7b3fce85d4c56097b,Wiring Harness - Adventure 250,Adventure 250,KTM,2015,,Electrical,4392.0,professional grade noise reducing for smoother operation,22,4.2,22,,https://example.com/images/wiring_harness_adventure_250.jpg,68d135833952f7cf7dee9109,68d135833952f7cf7dee910b,Mounika Automobiles,Karimnagar,18.435781,79.132861,mid-range,modern,excellent,wiring harness adventure 250 adventure 250 ktm electrical professional grade noise reducing for smoother operation,0,2025-08-24T00:00:00,2025-08-11T00:00:00
68d141e7b3fce85d4c56097c,Spark Plug Wire - Mahindra Model 994,Mahindra Model 994,Mahindra,2021,,Ignition,933.0,superior vibration dampening for longer life,20,4.9,19,,https://example.com/images/spark_plug_wire_mahindra_model_994.jpg,68d135d63952f7cf7dee911e,68d135d63952f7cf7dee9120,baskar Automobiles,Medak,18.048948,78.269372,budget,modern,excellent,spark plug wire mahindra model 994 mahindra model 994 mahindra ignition superior vibration dampening for longer life,0,2025-08-04T00:00:00,2025-09-01T00:00:00
68d141e7b3fce85d4c56097d,Battery - Diavel,Diavel,Ducati,2022,,Electrical,3875.0,heavy duty long lasting for improved performance,23,3.5,3,,https://example.com/images/battery_diavel.jpg,68ac2a8e3c73e23c655de052,68ac2a8f3c73e23c655de054,Swathi Automobiles,Chappal Bazar Road - Kachiguda ,17.38953,78.491245,mid-range,modern,good,battery diavel diavel ducati electrical heavy duty long lasting for improved performance,0,2025-09-04T00:00:00,2025-09-17T00:00:00
68d141e7b3fce85d4c56097e,Radiator Cap - Hypermotard,Hypermotard,Ducati,2017,,Cooling System,2922.0,professional grade precision engineered for improved performance,17,4.8,12,,https://example.com/images/radiator_cap_hypermotard.jpg,68d135d63952f7cf7dee911e,68d135d63952f7cf7dee9120,baskar Automobiles,Medak,18.048948,78.269372,mid-range,modern,excellent,radiator cap hypermotard hypermotard ducati cooling system professional grade precision engineered for improved performance,0,2025-09-04T00:00:00,2025-08-06T00:00:00
68d141e7b3fce85d4c56097f,Drive Belt - Super Splendor,Super Splendor,Hero,2015,,Drivetrain,2737.0,enhanced noise reducing for enhanced durability,7,4.9,30,,https://example.com/images/drive_belt_super_splendor.jpg,68d134ac3952f7cf7dee90e3,68d134ac3952f7cf7dee90e5,Shiva sai Automobiles,Mahabubabad,17.594209,80.006903,mid-range,modern,excellent,drive belt super splendor super splendor hero drivetrain enhanced noise reducing for enhanced durability,0,2025-09-05T00:00:00,2025-08-22T00:00:00
68d141e7b3fce85d4c560980,Fuel Filter - Meteor 350,Meteor 350,Royal Enfield,2015,,Fuel System,4770.0,enhanced corrosion resistant for improved comfort,23,3.6,2,,https://example.com/images/fuel_filter_meteor_350.jpg,68d134ac3952f7cf7dee90e3,68d134ac3952f7cf7dee90e5,Shiva sai Automobiles,Mahabubabad,17.594209,80.006903,mid-range,modern,good,fuel filter meteor 350 meteor 350 royal enfield fuel system enhanced corrosion resistant for improved comfort,0,2025-08-05T00:00:00,2025-08-24T00:00:00
68d141e7b3fce85d4c560981,Swing Arm Bearing - FZ 25,FZ 25,Yamaha,2021,,Suspension,2351.0,advanced long lasting for increased power,23,3.8,12,,https://example.com/images/swing_arm_bearing_fz_25.jpg,68d133bf3952f7cf7dee90b7,68d133bf3952f7cf7dee90b9,Jyothi Automobiles,Hyderabad,17.511409,78.350972,mid-range,modern,good,swing arm bearing fz 25 fz 25 yamaha suspension advanced long lasting for increased power,0,2025-08-11T00:00:00,2025-08-09T00:00:00
68d141e7b3fce85d4c560982,Water Pump - GSX-R1000R,GSX-R1000R,Suzuki,2016,,Engine,11186.0,premium quality vibration dampening for improved performance,21,4.5,25,,https://example.com/images/water_pump_gsx_r1000r.jpg,68d135833952f7cf7dee9109,68d135833952f7cf7dee910b,Mounika Automobiles,Karimnagar,18.435781,79.132861,premium,modern,excellent,water pump gsx r1000r gsx r1000r suzuki engine premium quality vibration dampening for improved performance,0,2025-09-11T00:00:00,2025-09-14T00:00:00
68d141e7b3fce85d4c560983,Side Stand - Benelli Model 697,Benelli Model 697,Benelli,2021,,Body Parts,2060.0,oem quality corrosion resistant for improved comfort,23,3.6,15,,https://example.com/images/side_stand_benelli_model_697.jpg,68ac2a8e3c73e23c655de052,68ac2a8f3c73e23c655de054,Swathi Automobiles,Chappal Bazar Road - Kachiguda ,17.38953,78.491245,mid-range,modern,good,side stand benelli model 697 benelli model 697 benelli body parts oem quality corrosion resistant for improved comfort,0,2025-09-08T00:00:00,2025-08-30T00:00:00
68d141e7b3fce85d4c560984,Front Brake Pad - Himalayan,Himalayan,Royal Enfield,2021,,Brakes,264.0,durable fuel efficient for better handling,25,4.7,22,,https://example.com/images/front_brake_pad_himalayan.jpg,68d135063952f7cf7dee90f6,68d135063952f7cf7dee90f8,Manoj Automobiles,Dilshknagar,17.367642,78.534282,budget,modern,excellent,front brake pad himalayan himalayan royal enfield brakes durable fuel efficient for better handling,0,2025-09-14T00:00:00,2025-09-11T00:00:00
68d141e7b3fce85d4c560985,Vacuum Filter - Hayabusa,Hayabusa,Suzuki,2020,,Filters,515.0,superior corrosion resistant for better handling,1,4.1,28,,https://example.com/images/vacuum_filter_hayabusa.jpg,689d6959045c37933826818b,689d6959045c37933826818d,sai automobiles,RAMNAGAR COLONY PEERZADIGUDA UPPAL HYDERABAD,17.390358,78.606729,budget,modern,excellent,vacuum filter hayabusa hayabusa suzuki filters superior corrosion resistant for better handling,0,2025-08-07T00:00:00,2025-08-25T00:00:00
68d141e7b3fce85d4c560986,Ignition Coil - Avenger 220 V1,Avenger 220,Bajaj,2016,,Ignition,686.0,lightweight fuel efficient for longer life,25,4.9,14,,https://example.com/images/ignition_coil_avenger_220.jpg,68d134ac3952f7cf7dee90e3,68d134ac3952f7cf7dee90e5,Shiva sai Automobiles,Mahabubabad,17.594209,80.006903,budget,modern,excellent,ignition coil avenger 220 v1 avenger 220 bajaj ignition lightweight fuel efficient for longer life,0,2025-08-02T00:00:00,2025-08-16T00:00:00
68d141e7b3fce85d4c560987,Oil Cooler - Harley-Davidson Model 420,Harley-Davidson Model 420,Harley-Davidson,2018,,Cooling System,2680.0,heavy duty high strength for improved performance,24,4.3,4,,https://example.com/images/oil_cooler_harley_davidson_model_420.jpg,68d135063952f7cf7dee90f6,68d135063952f7cf7dee90f8,Manoj Automobiles,Dilshknagar,17.367642,78.534282,mid-range,modern,excellent,oil cooler harley davidson model 420 harley davidson model 420 harley davidson cooling system heavy duty high strength for improved performance,0,2025-09-01T00:00:00,2025-09-07T00:00:00
68d141e7b3fce85d4c560988,Hazard Light Switch - Ray ZR,Ray ZR,Yamaha,2018,,Lighting,3105.0,high performance fuel efficient for smoother operation,2,4.0,22,,https://example.com/images/hazard_light_switch_ray_zr.jpg,68d133bf3952f7cf7dee90b7,68d133bf3952f7cf7dee90b9,Jyothi Automobiles,Hyderabad,17.511409,78.350972,mid-range,modern,excellent,hazard light switch ray zr ray zr yamaha lighting high performance fuel efficient for smoother operation,0,2025-09-19T00:00:00,2025-09-01T00:00:00
68d141e7b3fce85d4c560989,Swing Arm Bearing - Harley-Davidson Model 356,Harley-Davidson Model 356,Harley-Davidson,2020,,Suspension,11095.0,heavy duty fuel efficient for increased power,2,4.4,29,,https://example.com/images/swing_arm_bearing_harley_davidson_model_356.jpg,68d136193952f7cf7dee9131,68d136193952f7cf7dee9133,Mahesh Automobiles,Khammam,17.249885,80.15615,premium,modern,excellent,swing arm bearing harley davidson model 356 harley davidson model 356 harley davidson suspension heavy duty fuel efficient for increased power,0,2025-09-21T00:00:00,2025-08-20T00:00:00
68d141e7b3fce85d4c56098a,Coolant Pump - RC 390,RC 390,KTM,2022,,Cooling System,4282.0,premium quality heat treated for improved performance,19,4.0,4,,https://example.com/images/coolant_pump_rc_390.jpg,68d135063952f7cf7dee90f6,68d135063952f7cf7dee90f8,Manoj Automobiles,Dilshknagar,17.367642,78.534282,mid-range,modern,excellent,coolant pump rc 390 rc 390 ktm cooling system premium quality heat treated for improved performance,0,2025-08-22T00:00:00,2025-09-19T00:00:00
68d141e7b3fce85d4c56098b,Thermostat - Benelli Model 777,Benelli Model 777,Benelli,2025,,Cooling System,5014.0,enhanced fuel efficient for improved performance,1,3.5,20,,https://example.com/images/thermostat_benelli_model_777.jpg,689d6959045c37933826818b,689d6959045c37933826818d,sai automobiles,RAMNAGAR COLONY PEERZADIGUDA UPPAL HYDERABAD,17.390358,78.606729,premium,modern,good,thermostat benelli model 777 benelli model 777 benelli cooling system enhanced fuel efficient for improved performance,0,2025-08-30T00:00:00,2025-09-06T00:00:00
68d141e7b3fce85d4c56098c,Starter Motor - Grazia,Grazia,Honda,2018,,Electrical,2819.0,professional grade corrosion resistant for enhanced safety,18,3.9,15,,https://example.com/images/starter_motor_grazia.jpg,68d135d63952f7cf7dee911e,68d135d63952f7cf7dee9120,baskar Automobiles,Medak,18.048948,78.269372,mid-range,modern,good,starter motor grazia grazia honda electrical professional grade corrosion resistant for enhanced safety,0,2025-08-07T00:00:00,2025-09-21T00:00:00
68d141e7b3fce85d4c56098d,Front Brake Pad - Harley-Davidson Model 330,Harley-Davidson Model 330,Harley-Davidson,2023,,Brakes,2404.0,high performance eco friendly for longer life,20,4.0,8,,https://example.com/images/front_brake_pad_harley_davidson_model_330.jpg,68ac2a8e3c73e23c655de052,68ac2a8f3c73e23c655de054,Swathi Automobiles,Chappal Bazar Road - Kachiguda ,17.38953,78.491245,mid-range,modern,excellent,front brake pad harley davidson model 330 harley davidson model 330 harley davidson brakes high performance eco friendly for longer life,0,2025-08-14T00:00:00,2025-08-24T00:00:00
68d141e7b3fce85d4c56098e,Oil Pump - Benelli Model 794,Benelli Model 794,Benelli,2025,,Engine,11692.0,lightweight heat treated for improved performance,25,5.0,24,,https://example.com/images/oil_pump_benelli_model_794.jpg,68d0c47d09554c358655174b,68d0c47e09554c358655174d,Tarun Automobiles,,17.423605,78.546314,premium,modern,excellent,oil pump benelli model 794 benelli model 794 benelli engine lightweight heat treated for improved performance,0,2025-09-19T00:00:00,2025-09-04T00:00:00
68d141e7b3fce85d4c56098f,Parking Light - Glamour,Glamour,Hero,2018,,Lighting,1902.0,durable vibration dampening for improved comfort,17,4.8,23,,https://example.com/images/parking_light_glamour.jpg,68d1346c3952f7cf7dee90d0,68d1346c3952f7cf7dee90d2,Kalyan Automobiles,Bala Nagar,17.475679,78.447328,mid-range,modern,excellent,parking light glamour glamour hero lighting durable vibration dampening for improved comfort,0,2025-08-21T00:00:00,2025-09-17T00:00:00
68d141e7b3fce85d4c560990,Header Pipe - Triumph Model 574,Triumph Model 574,Triumph,2025,,Exhaust,5362.0,oem quality eco friendly for better fuel economy,23,4.5,6,,https://example.com/images/header_pipe_triumph_model_574.jpg,689d6959045c37933826818b,689d6959045c37933826818d,sai automobiles,RAMNAGAR COLONY PEERZADIGUDA UPPAL HYDERABAD,17.390358,78.606729,premium,modern,excellent,header pipe triumph model 574 triumph model 574 triumph exhaust oem quality eco friendly for better fuel economy,0,2025-08-15T00:00:00,2025-09-16T00:00:00
68d141e7b3fce85d4c560991,Transmission Oil - Bullet 350,Bullet 350,Royal Enfield,2021,,Transmission,3730.0,lightweight maintenance free for better handling,9,3.8,19,,https://example.com/images/transmission_oil_bullet_350.jpg,68d134ac3952f7cf7dee90e3,68d134ac3952f7cf7dee90e5,Shiva sai Automobiles,Mahabubabad,17.594209,80.006903,mid-range,modern,good,transmission oil bullet 350 bullet 350 royal enfield transmission lightweight maintenance free for better handling,0,2025-09-05T00:00:00,2025-08-29T00:00:00
68d141e7b3fce85d4c560992,Oil Pump - Benelli Model 428,Benelli Model 428,Benelli,2015,,Engine,2529.0,superior eco friendly for reduced maintenance,16,4.7,19,,https://example.com/images/oil_pump_benelli_model_428.jpg,68d136193952f7cf7dee9131,68d136193952f7cf7dee9133,Mahesh Automobiles,Khammam,17.249885,80.15615,mid-range,modern,excellent,oil pump benelli model 428 benelli model 428 benelli engine superior eco friendly for reduced maintenance,0,2025-09-20T00:00:00,2025-08-23T00:00:00
68d141e7b3fce85d4c560993,Tank Bag - Avenger 220,Avenger 220,Bajaj,2023,,Accessories,360.0,durable precision engineered for reduced maintenance,19,4.8,1,,https://example.com/images/tank_bag_avenger_220.jpg,68d135d63952f7cf7dee911e,68d135d63952f7cf7dee9120,baskar Automobiles,Medak,18.048948,78.269372,budget,modern,excellent,tank bag avenger 220 avenger 220 bajaj accessories durable precision engineered for reduced maintenance,0,2025-08-11T00:00:00,2025-08-25T00:00:00
68d141e7b3fce85d4c560994,Fuel Filter - BMW Model 830,BMW Model 830,BMW,2022,,Filters,180.0,superior noise reducing for increased power,6,3.8,8,,https://example.com/images/fuel_filter_bmw_model_830.jpg,68d0c47d09554c358655174b,68d0c47e09554c358655174d,Tarun Automobiles,,17.423605,78.546314,budget,modern,good,fuel filter bmw model 830 bmw model 830 bmw filters superior noise reducing for increased power,0,2025-08-01T00:00:00,2025-09-16T00:00:00
68d141e7b3fce85d4c560995,Silencer - Fascino 125,Fascino 125,Yamaha,2019,,Exhaust,9439.0,durable vibration dampening for improved performance,16,3.5,16,,https://example.com/images/silencer_fascino_125.jpg,68d0c47d09554c358655174b,68d0c47e09554c358655174d,Tarun Automobiles,,17.423605,78.546314,premium,modern,good,silencer fascino 125 fascino 125 yamaha exhaust durable vibration dampening for improved performance,0,2025-09-15T00:00:00,2025-09-09T00:00:00
68d141e7b3fce85d4c560996,Performance Exhaust - BMW Model 936,BMW Model 936,BMW,2015,,Exhaust,14491.0,oem quality maintenance free for enhanced durability,22,3.5,5,,https://example.com/images/performance_exhaust_bmw_model_936.jpg,68ac2a8e3c73e23c655de052,68ac2a8f3c73e23c655de054,Swathi Automobiles,Chappal Bazar Road - Kachiguda ,17.38953,78.491245,premium,modern,good,performance exhaust bmw model 936 bmw model 936 bmw exhaust oem quality maintenance free for enhanced durability,0,2025-08-09T00:00:00,2025-09-15T00:00:00
68d141e7b3fce85d4c560997,Hazard Light Switch - Duke 390,Duke 390,KTM,2024,,Lighting,2370.0,advanced vibration dampening for enhanced durability,10,4.1,13,,https://example.com/images/hazard_light_switch_duke_390.jpg,689d6959045c37933826818b,689d6959045c37933826818d,sai automobiles,RAMNAGAR COLONY PEERZADIGUDA UPPAL HYDERABAD,17.390358,78.606729,mid-range,modern,excellent,hazard light switch duke 390 duke 390 ktm lighting advanced vibration dampening for enhanced durability,0,2025-09-03T00:00:00,2025-08-18T00:00:00
68d141e7b3fce85d4c560998,Silencer - Mahindra Model 413,Mahindra Model 413,Mahindra,2022,,Exhaust,5653.0,high performance eco friendly for better handling,4,3.6,12,,https://example.com/images/silencer_mahindra_model_413.jpg,68d0c47d09554c358655174b,68d0c47e09554c358655174d,Tarun Automobiles,,17.423605,78.546314,premium,modern,good,silencer mahindra model 413 mahindra model 413 mahindra exhaust high performance eco friendly for better handling,0,2025-09-18T00:00:00,2025-08-05T00:00:00
68d141e7b3fce85d4c560999,Swing Arm Bearing - Interceptor 650,Interceptor 650,Royal Enfield,2017,,Suspension,1918.0,enhanced heat treated for improved comfort,23,4.6,11,,https://example.com/images/swing_arm_bearing_interceptor_650.jpg,68d133bf3952f7cf7dee90b7,68d133bf3952f7cf7dee90b9,Jyothi Automobiles,Hyderabad,17.511409,78.350972,mid-range,modern,excellent,swing arm bearing interceptor 650 interceptor 650 royal enfield suspension enhanced heat treated for improved comfort,0,2025-08-30T00:00:00,2025-08-26T00:00:00
68d141e7b3fce85d4c56099a,Rear Sprocket - BMW Model 303,BMW Model 303,BMW,2021,,Drivetrain,6000.0,enhanced fuel efficient for reduced maintenance,8,3.7,2,,https://example.com/images/rear_sprocket_bmw_model_303.jpg,68d135833952f7cf7dee9109,68d135833952f7cf7dee910b,Mounika Automobiles,Karimnagar,18.435781,79.132861,premium,modern,good,rear sprocket bmw model 303 bmw model 303 bmw drivetrain enhanced fuel efficient for reduced maintenance,0,2025-08-04T00:00:00,2025-09-03T00:00:00
68d141e7b3fce85d4c56099b,Tank Cap - BMW Model 590,BMW Model 590,BMW,2024,,Fuel System,6778.0,enhanced fuel efficient for enhanced safety,16,4.2,20,,https://example.com/images/tank_cap_bmw_model_590.jpg,68d136193952f7cf7dee9131,68d136193952f7cf7dee9133,Mahesh Automobiles,Khammam,17.249885,80.15615,premium,modern,excellent,tank cap bmw model 590 bmw model 590 bmw fuel system enhanced fuel efficient for enhanced safety,0,2025-09-12T00:00:00,2025-08-14T00:00:00
68d141e7b3fce85d4c56099c,Rear Brake Pad - Super Splendor,Super Splendor,Hero,2019,,Brakes,707.0,enhanced high strength for reduced maintenance,24,3.8,7,,https://example.com/images/rear_brake_pad_super_splendor.jpg,689d6959045c37933826818b,689d6959045c37933826818d,sai automobiles,RAMNAGAR COLONY PEERZADIGUDA UPPAL HYDERABAD,17.390358,78.606729,budget,modern,good,rear brake pad super splendor super splendor hero brakes enhanced high strength for reduced maintenance,0,2025-09-03T00:00:00,2025-09-08T00:00:00
68d141e7b3fce85d4c56099d,Turn Signal - Triumph Model 294,Triumph Model 294,Triumph,2017,,Electrical,4415.0,advanced heat treated for improved performance,1,4.8,17,,https://example.com/images/turn_signal_triumph_model_294.jpg,68d135063952f7cf7dee90f6,68d135063952f7cf7dee90f8,Manoj Automobiles,Dilshknagar,17.367642,78.534282,mid-range,modern,excellent,turn signal triumph model 294 triumph model 294 triumph electrical advanced heat treated for improved performance,0,2025-08-15T00:00:00,2025-08-15T00:00:00
68d141e7b3fce85d4c56099e,Spark Plug - Triumph Model 111,Triumph Model 111,Triumph,2021,,Ignition,944.0,lightweight maintenance free for enhanced safety,14,4.8,6,,https://example.com/images/spark_plug_triumph_model_111.jpg,689d6959045c37933826818b,689d6959045c37933826818d,sai automobiles,RAMNAGAR COLONY PEERZADIGUDA UPPAL HYDERABAD,17.390358,78.606729,budget,modern,excellent,spark plug triumph model 111 triumph model 111 triumph ignition lightweight maintenance free for enhanced safety,0,2025-09-16T00:00:00,2025-08-24T00:00:00
68d141e7b3fce85d4c56099f,Radiator - GSX-R1000R,GSX-R1000R,Suzuki,2015,,Cooling System,4343.0,high performance heat treated for improved comfort,6,4.7,13,,https://example.com/images/radiator_gsx_r1000r.jpg,689d6959045c37933826818b,689d6959045c37933826818d,sai automobiles,RAMNAGAR COLONY PEERZADIGUDA UPPAL HYDERABAD,17.390358,78.606729,mid-range,modern,excellent,radiator gsx r1000r gsx r1000r suzuki cooling system high performance heat treated for improved comfort,0,2025-08-21T00:00:00,2025-08-19T00:00:00
68d141e7b3fce85d4c5609a0,Parking Light - HF Deluxe,HF Deluxe,Hero,2024,,Lighting,3217.0,superior maintenance free for improved comfort,20,4.7,15,,https://example.com/images/parking_light_hf_deluxe.jpg,68ac2a8e3c73e23c655de052,68ac2a8f3c73e23c655de054,Swathi Automobiles,Chappal Bazar Road - Kachiguda ,17.38953,78.491245,mid-range,modern,excellent,parking light hf deluxe hf deluxe hero lighting superior maintenance free for improved comfort,0,2025-08-19T00:00:00,2025-08-05T00:00:00
68d141e7b3fce85d4c5609a1,Water Pump - Dream Yuga,Dream Yuga,Honda,2021,,Engine,12804.0,professional grade corrosion resistant for better fuel economy,20,3.9,21,,https://example.com/images/water_pump_dream_yuga.jpg,689d6959045c37933826818b,689d6959045c37933826818d,sai automobiles,RAMNAGAR COLONY PEERZADIGUDA UPPAL HYDERABAD,17.390358,78.606729,premium,modern,good,water pump dream yuga dream yuga honda engine professional grade corrosion resistant for better fuel economy,0,2025-08-20T00:00:00,2025-09-07T00:00:00
68d141e7b3fce85d4c5609a2,Clutch Cable - Dominar 400,Dominar 400,Bajaj,2023,,Transmission,3348.0,high performance noise reducing for longer life,4,4.5,25,,https://example.com/images/clutch_cable_dominar_400.jpg,68d133bf3952f7cf7dee90b7,68d133bf3952f7cf7dee90b9,Jyothi Automobiles,Hyderabad,17.511409,78.350972,mid-range,modern,excellent,clutch cable dominar 400 dominar 400 bajaj transmission high performance noise reducing for longer life,0,2025-09-20T00:00:00,2025-09-18T00:00:00
68d141e7b3fce85d4c5609a3,Engine Gasket Set - Harley-Davidson Model 683,Harley-Davidson Model 683,Harley-Davidson,2019,,Engine,20331.0,lightweight corrosion resistant for reduced maintenance,6,4.4,6,,https://example.com/images/engine_gasket_set_harley_davidson_model_683.jpg,68d134ac3952f7cf7dee90e3,68d134ac3952f7cf7dee90e5,Shiva sai Automobiles,Mahabubabad,17.594209,80.006903,premium,modern,excellent,engine gasket set harley davidson model 683 harley davidson model 683 harley davidson engine lightweight corrosion resistant for reduced maintenance,0,2025-08-16T00:00:00,2025-08-26T00:00:00
68d141e7b3fce85d4c5609a4,Wire Wheel - Triumph Model 829,Triumph Model 829,Triumph,2015,,Wheels & Tires,6347.0,premium quality heat treated for smoother operation,23,4.2,29,,https://example.com/images/wire_wheel_triumph_model_829.jpg,68d133bf3952f7cf7dee90b7,68d133bf3952f7cf7dee90b9,Jyothi Automobiles,Hyderabad,17.511409,78.350972,premium,modern,excellent,wire wheel triumph model 829 triumph model 829 triumph wheels tires premium quality heat treated for smoother operation,0,2025-09-09T00:00:00,2025-09-18T00:00:00
68d141e7b3fce85d4c5609a5,Wire Wheel - Interceptor 650,Interceptor 650,Royal Enfield,2021,,Wheels & Tires,1925.0,advanced corrosion resistant for better fuel economy,21,4.6,2,,https://example.com/images/wire_wheel_interceptor_650.jpg,68d134ac3952f7cf7dee90e3,68d134ac3952f7cf7dee90e5,Shiva sai Automobiles,Mahabubabad,17.594209,80.006903,mid-range,modern,excellent,wire wheel interceptor 650 interceptor 650 royal enfield wheels tires advanced corrosion resistant for better fuel economy,0,2025-08-01T00:00:00,2025-09-13T00:00:00
68d141e7b3fce85d4c5609a6,Distributor - Grazia,Grazia,Honda,2018,,Ignition,842.0,professional grade fuel efficient for increased power,24,4.2,4,,https://example.com/images/distributor_grazia.jpg,68d136193952f7cf7dee9131,68d136193952f7cf7dee9133,Mahesh Automobiles,Khammam,17.249885,80.15615,budget,modern,excellent,distributor grazia grazia honda ignition professional grade fuel efficient for increased power,0,2025-09-13T00:00:00,2025-08-05T00:00:00
68d141e7b3fce85d4c5609a7,CDI Unit - Mahindra Model 880,Mahindra Model 880,Mahindra,2016,,Electrical,620.0,heavy duty high strength for reduced maintenance,17,4.7,10,,https://example.com/images/cdi_unit_mahindra_model_880.jpg,68ac2a8e3c73e23c655de052,68ac2a8f3c73e23c655de054,Swathi Automobiles,Chappal Bazar Road - Kachiguda ,17.38953,78.491245,budget,modern,excellent,cdi unit mahindra model 880 mahindra model 880 mahindra electrical heavy duty high strength for reduced maintenance,0,2025-08-30T00:00:00,2025-08-13T00:00:00
68d141e7b3fce85d4c5609a8,Engine Gasket Set - FZ-S,FZ-S,Yamaha,2024,,Engine,11635.0,advanced fuel efficient for better fuel economy,15,4.4,15,,https://example.com/images/engine_gasket_set_fz_s.jpg,68d135d63952f7cf7dee911e,68d135d63952f7cf7dee9120,baskar Automobiles,Medak,18.048948,78.269372,premium,modern,excellent,engine gasket set fz fz yamaha engine advanced fuel efficient for better fuel economy,0,2025-08-03T00:00:00,2025-09-17T00:00:00
68d141e7b3fce85d4c5609a9,Front Sprocket - Monster,Monster,Ducati,2015,,Drivetrain,2525.0,durable fuel efficient for improved performance,12,3.7,20,,https://example.com/images/front_sprocket_monster.jpg,68d133bf3952f7cf7dee90b7,68d133bf3952f7cf7dee90b9,Jyothi Automobiles,Hyderabad,17.511409,78.350972,mid-range,modern,good,front sprocket monster monster ducati drivetrain durable fuel efficient for improved performance,0,2025-08-14T00:00:00,2025-09-13T00:00:00
68d141e7b3fce85d4c5609aa,Seat Cover - Harley-Davidson Model 672,Harley-Davidson Model 672,Harley-Davidson,2016,,Body Parts,2988.0,superior heat treated for reduced maintenance,17,4.7,29,,https://example.com/images/seat_cover_harley_davidson_model_672.jpg,68d133bf3952f7cf7dee90b7,68d133bf3952f7cf7dee90b9,Jyothi Automobiles,Hyderabad,17.511409,78.350972,mid-range,modern,excellent,seat cover harley davidson model 672 harley davidson model 672 harley davidson body parts superior heat treated for reduced maintenance,0,2025-08-09T00:00:00,2025-08-01T00:00:00
68d141e8b3fce85d4c5609ab,Fog Light - Aprilia Model 307,Aprilia Model 307,Aprilia,2024,,Lighting,3657.0,high performance high strength for reduced maintenance,7,3.7,14,,https://example.com/images/fog_light_aprilia_model_307.jpg,68d134ac3952f7cf7dee90e3,68d134ac3952f7cf7dee90e5,Shiva sai Automobiles,Mahabubabad,17.594209,80.006903,mid-range,modern,good,fog light aprilia model 307 aprilia model 307 aprilia lighting high performance high strength for reduced maintenance,0,2025-08-07T00:00:00,2025-09-09T00:00:00
68d141e8b3fce85d4c5609ac,Fuel Filter - Z400,Z400,Kawasaki,2017,,Filters,466.0,professional grade high strength for improved comfort,3,4.4,26,,https://example.com/images/fuel_filter_z400.jpg,68ac2a8e3c73e23c655de052,68ac2a8f3c73e23c655de054,Swathi Automobiles,Chappal Bazar Road - Kachiguda ,17.38953,78.491245,budget,modern,excellent,fuel filter z400 z400 kawasaki filters professional grade high strength for improved comfort,0,2025-08-10T00:00:00,2025-09-20T00:00:00
68d141e8b3fce85d4c5609ad,Radiator - Benelli Model 975,Benelli Model 975,Benelli,2025,,Cooling System,7477.0,high performance fuel efficient for improved performance,22,3.8,16,,https://example.com/images/radiator_benelli_model_975.jpg,68d135833952f7cf7dee9109,68d135833952f7cf7dee910b,Mounika Automobiles,Karimnagar,18.435781,79.132861,premium,modern,good,radiator benelli model 975 benelli model 975 benelli cooling system high performance fuel efficient for improved performance,0,2025-09-10T00:00:00,2025-08-15T00:00:00
68d141e8b3fce85d4c5609ae,Hub Bearing - Harley-Davidson Model 358,Harley-Davidson Model 358,Harley-Davidson,2022,,Wheels & Tires,3072.0,premium quality corrosion resistant for better handling,20,4.3,27,,https://example.com/images/hub_bearing_harley_davidson_model_358.jpg,689d6959045c37933826818b,689d6959045c37933826818d,sai automobiles,RAMNAGAR COLONY PEERZADIGUDA UPPAL HYDERABAD,17.390358,78.606729,mid-range,modern,excellent,hub bearing harley davidson model 358 harley davidson model 358 harley davidson wheels tires premium quality corrosion resistant for better handling,0,2025-08-10T00:00:00,2025-09-08T00:00:00
68d141e8b3fce85d4c5609af,Swing Arm Bearing - Access 125,Access 125,Suzuki,2021,,Suspension,2793.0,superior eco friendly for reduced maintenance,15,3.7,27,,https://example.com/images/swing_arm_bearing_access_125.jpg,689d6959045c37933826818b,689d6959045c37933826818d,sai automobiles,RAMNAGAR COLONY PEERZADIGUDA UPPAL HYDERABAD,17.390358,78.606729,mid-range,modern,good,swing arm bearing access 125 access 125 suzuki suspension superior eco friendly for reduced maintenance,0,2025-09-11T00:00:00,2025-08-19T00:00:00
68d141e8b3fce85d4c5609b0,Fork Tube - Burgman Street,Burgman Street,Suzuki,2016,,Suspension,1952.0,superior corrosion resistant for longer life,12,4.2,19,,https://example.com/images/fork_tube_burgman_street.jpg,68ac2a8e3c73e23c655de052,68ac2a8f3c73e23c655de054,Swathi Automobiles,Chappal Bazar Road - Kachiguda ,17.38953,78.491245,mid-range,modern,excellent,fork tube burgman street burgman street suzuki suspension superior corrosion resistant for longer life,0,2025-08-14T00:00:00,2025-08-25T00:00:00
68d141e8b3fce85d4c5609b1,Seat Cover - BMW Model 529,BMW Model 529,BMW,2016,,Body Parts,2437.0,heavy duty noise reducing for increased power,18,4.2,23,,https://example.com/images/seat_cover_bmw_model_529.jpg,68d0c47d09554c358655174b,68d0c47e09554c358655174d,Tarun Automobiles,,17.423605,78.546314,mid-range,modern,excellent,seat cover bmw model 529 bmw model 529 bmw body parts heavy duty noise reducing for increased power,0,2025-08-28T00:00:00,2025-08-31T00:00:00
68d141e8b3fce85d4c5609b2,Carbon Filter - Aerox 155,Aerox 155,Yamaha,2023,,Filters,326.0,durable noise reducing for increased power,14,3.8,29,,https://example.com/images/carbon_filter_aerox_155.jpg,68d0c47d09554c358655174b,68d0c47e09554c358655174d,Tarun Automobiles,,17.423605,78.546314,budget,modern,good,carbon filter aerox 155 aerox 155 yamaha filters durable noise reducing for increased power,0,2025-08-13T00:00:00,2025-09-11T00:00:00
68d141e8b3fce85d4c5609b3,CDI Unit - Harley-Davidson Model 280,Harley-Davidson Model 280,Harley-Davidson,2016,,Electrical,1246.0,high performance long lasting for better fuel economy,16,3.7,30,,https://example.com/images/cdi_unit_harley_davidson_model_280.jpg,68d134ac3952f7cf7dee90e3,68d134ac3952f7cf7dee90e5,Shiva sai Automobiles,Mahabubabad,17.594209,80.006903,mid-range,modern,good,cdi unit harley davidson model 280 harley davidson model 280 harley davidson electrical high performance long lasting for better fuel economy,0,2025-08-09T00:00:00,2025-09-01T00:00:00
68d141e8b3fce85d4c5609b4,Cabin Filter - Access 125,Access 125,Suzuki,2024,,Filters,318.0,superior corrosion resistant for improved performance,14,4.4,23,,https://example.com/images/cabin_filter_access_125.jpg,68d136193952f7cf7dee9131,68d136193952f7cf7dee9133,Mahesh Automobiles,Khammam,17.249885,80.15615,budget,modern,excellent,cabin filter access 125 access 125 suzuki filters superior corrosion resistant for improved performance,0,2025-09-02T00:00:00,2025-08-11T00:00:00
68d141e8b3fce85d4c5609b5,Tool Kit - Hayabusa,Hayabusa,Suzuki,2016,,Accessories,379.0,lightweight high strength for enhanced durability,20,4.1,2,,https://example.com/images/tool_kit_hayabusa.jpg,68d1346c3952f7cf7dee90d0,68d1346c3952f7cf7dee90d2,Kalyan Automobiles,Bala Nagar,17.475679,78.447328,budget,modern,excellent,tool kit hayabusa hayabusa suzuki accessories lightweight high strength for enhanced durability,0,2025-08-16T00:00:00,2025-09-17T00:00:00
68d141e8b3fce85d4c5609b6,Clutch Plate - FZ-S,FZ-S,Yamaha,2019,,Transmission,1243.0,superior noise reducing for improved comfort,21,4.4,25,,https://example.com/images/clutch_plate_fz_s.jpg,68ac2a8e3c73e23c655de052,68ac2a8f3c73e23c655de054,Swathi Automobiles,Chappal Bazar Road - Kachiguda ,17.38953,78.491245,mid-range,modern,excellent,clutch plate fz fz yamaha transmission superior noise reducing for improved comfort,0,2025-08-15T00:00:00,2025-08-16T00:00:00
68d141e8b3fce85d4c5609b7,Turn Signal - Destini 125,Destini 125,Hero,2020,,Electrical,3572.0,advanced maintenance free for improved comfort,25,4.2,26,,https://example.com/images/turn_signal_destini_125.jpg,68d134ac3952f7cf7dee90e3,68d134ac3952f7cf7dee90e5,Shiva sai Automobiles,Mahabubabad,17.594209,80.006903,mid-range,modern,excellent,turn signal destini 125 destini 125 hero electrical advanced maintenance free for improved comfort,0,2025-08-10T00:00:00,2025-09-03T00:00:00
68d141e8b3fce85d4c5609b8,Wheel Balancing Weight - Triumph Model 358,Triumph Model 358,Triumph,2025,,Wheels & Tires,2316.0,premium quality fuel efficient for better fuel economy,15,4.8,1,,https://example.com/images/wheel_balancing_weight_triumph_model_358.jpg,68d135063952f7cf7dee90f6,68d135063952f7cf7dee90f8,Manoj Automobiles,Dilshknagar,17.367642,78.534282,mid-range,modern,excellent,wheel balancing weight triumph model 358 triumph model 358 triumph wheels tires premium quality fuel efficient for better fuel economy,0,2025-08-03T00:00:00,2025-08-23T00:00:00
68d141e8b3fce85d4c5609b9,Engine Guard - Dio,Dio,Honda,2023,,Accessories,1891.0,advanced maintenance free for enhanced durability,7,3.8,11,,https://example.com/images/engine_guard_dio.jpg,68d0c47d09554c358655174b,68d0c47e09554c358655174d,Tarun Automobiles,,17.423605,78.546314,mid-range,modern,good,engine guard dio dio honda accessories advanced maintenance free for enhanced durability,0,2025-08-09T00:00:00,2025-08-09T00:00:00
68d141e8b3fce85d4c5609ba,Exhaust Pipe - Benelli Model 218,Benelli Model 218,Benelli,2015,,Exhaust,2274.0,enhanced noise reducing for better fuel economy,3,4.7,13,,https://example.com/images/exhaust_pipe_benelli_model_218.jpg,68ac2a8e3c73e23c655de052,68ac2a8f3c73e23c655de054,Swathi Automobiles,Chappal Bazar Road - Kachiguda ,17.38953,78.491245,mid-range,modern,excellent,exhaust pipe benelli model 218 benelli model 218 benelli exhaust enhanced noise reducing for better fuel economy,0,2025-08-16T00:00:00,2025-09-04T00:00:00
68d141e8b3fce85d4c5609bb,Kick Starter - Harley-Davidson Model 325,Harley-Davidson Model 325,Harley-Davidson,2018,,Transmission,2496.0,durable long lasting for reduced maintenance,20,4.1,8,,https://example.com/images/kick_starter_harley_davidson_model_325.jpg,68d134ac3952f7cf7dee90e3,68d134ac3952f7cf7dee90e5,Shiva sai Automobiles,Mahabubabad,17.594209,80.006903,mid-range,modern,excellent,kick starter harley davidson model 325 harley davidson model 325 harley davidson transmission durable long lasting for reduced maintenance,0,2025-08-18T00:00:00,2025-09-08T00:00:00
68d141e8b3fce85d4c5609bc,Fork Oil Seal - Livo,Livo,Honda,2024,,Suspension,6365.0,heavy duty long lasting for reduced maintenance,6,4.3,23,,https://example.com/images/fork_oil_seal_livo.jpg,68d134ac3952f7cf7dee90e3,68d134ac3952f7cf7dee90e5,Shiva sai Automobiles,Mahabubabad,17.594209,80.006903,premium,modern,excellent,fork oil seal livo livo honda suspension heavy duty long lasting for reduced maintenance,0,2025-08-18T00:00:00,2025-09-17T00:00:00
68d141e8b3fce85d4c5609bd,Gear Box - Mahindra Model 403,Mahindra Model 403,Mahindra,2022,,Transmission,3197.0,lightweight corrosion resistant for improved performance,14,4.3,9,,https://example.com/images/gear_box_mahindra_model_403.jpg,68d136193952f7cf7dee9131,68d136193952f7cf7dee9133,Mahesh Automobiles,Khammam,17.249885,80.15615,mid-range,modern,excellent,gear box mahindra model 403 mahindra model 403 mahindra transmission lightweight corrosion resistant for improved performance,0,2025-09-03T00:00:00,2025-08-22T00:00:00
68d141e8b3fce85d4c5609be,Brake Caliper - Shine,Shine,Honda,2024,,Brakes,1619.0,superior maintenance free for smoother operation,1,3.7,26,,https://example.com/images/brake_caliper_shine.jpg,689d6959045c37933826818b,689d6959045c37933826818d,sai automobiles,RAMNAGAR COLONY PEERZADIGUDA UPPAL HYDERABAD,17.390358,78.606729,mid-range,modern,good,brake caliper shine shine honda brakes superior maintenance free for smoother operation,0,2025-09-01T00:00:00,2025-08-15T00:00:00
68d141e8b3fce85d4c5609bf,Transmission Oil - XDiavel,XDiavel,Ducati,2020,,Transmission,2480.0,heavy duty maintenance free for better fuel economy,6,4.4,28,,https://example.com/images/transmission_oil_xdiavel.jpg,68d135833952f7cf7dee9109,68d135833952f7cf7dee910b,Mounika Automobiles,Karimnagar,18.435781,79.132861,mid-range,modern,excellent,transmission oil xdiavel xdiavel ducati transmission heavy duty maintenance free for better fuel economy,0,2025-09-16T00:00:00,2025-09-17T00:00:00
68d141e8b3fce85d4c5609c0,Parking Light - Dominar 400,Dominar 400,Bajaj,2021,,Lighting,2451.0,heavy duty maintenance free for better handling,25,3.6,14,,https://example.com/images/parking_light_dominar_400.jpg,68d135833952f7cf7dee9109,68d135833952f7cf7dee910b,Mounika Automobiles,Karimnagar,18.435781,79.132861,mid-range,modern,good,parking light dominar 400 dominar 400 bajaj lighting heavy duty maintenance free for better handling,0,2025-08-07T00:00:00,2025-08-04T00:00:00
68d141e8b3fce85d4c5609c1,Intercooler - Harley-Davidson Model 185,Harley-Davidson Model 185,Harley-Davidson,2024,,Cooling System,2568.0,durable corrosion resistant for better fuel economy,19,4.0,26,,https://example.com/images/intercooler_harley_davidson_model_185.jpg,68d136193952f7cf7dee9131,68d136193952f7cf7dee9133,Mahesh Automobiles,Khammam,17.249885,80.15615,mid-range,modern,excellent,intercooler harley davidson model 185 harley davidson model 185 harley davidson cooling system durable corrosion resistant for better fuel economy,0,2025-08-20T00:00:00,2025-08-07T00:00:00
68d141e8b3fce85d4c5609c2,Mobile Holder - Destini 125,Destini 125,Hero,2020,,Accessories,1912.0,oem quality corrosion resistant for better fuel economy,2,4.1,4,,https://example.com/images/mobile_holder_destini_125.jpg,68d135833952f7cf7dee9109,68d135833952f7cf7dee910b,Mounika Automobiles,Karimnagar,18.435781,79.132861,mid-range,modern,excellent,mobile holder destini 125 destini 125 hero accessories oem quality corrosion resistant for better fuel economy,0,2025-08-09T00:00:00,2025-08-12T00:00:00
68d141e8b3fce85d4c5609c3,Clutch Spring - Hypermotard,Hypermotard,Ducati,2023,,Transmission,5919.0,professional grade noise reducing for longer life,14,4.9,8,,https://example.com/images/clutch_spring_hypermotard.jpg,68d0c47d09554c358655174b,68d0c47e09554c358655174d,Tarun Automobiles,,17.423605,78.546314,premium,modern,excellent,clutch spring hypermotard hypermotard ducati transmission professional grade noise reducing for longer life,0,2025-08-04T00:00:00,2025-09-09T00:00:00
68d141e8b3fce85d4c5609c4,First Aid Kit - Hypermotard,Hypermotard,Ducati,2023,,Accessories,998.0,oem quality heat treated for increased power,24,4.7,14,,https://example.com/images/first_aid_kit_hypermotard.jpg,68d136193952f7cf7dee9131,68d136193952f7cf7dee9133,Mahesh Automobiles,Khammam,17.249885,80.15615,budget,modern,excellent,first aid kit hypermotard hypermotard ducati accessories oem quality heat treated for increased power,0,2025-09-14T00:00:00,2025-08-14T00:00:00
68d141e8b3fce85d4c5609c5,Fuel Gauge - Harley-Davidson Model 837,Harley-Davidson Model 837,Harley-Davidson,2025,,Fuel System,2295.0,high performance heat treated for increased power,5,4.7,2,,https://example.com/images/fuel_gauge_harley_davidson_model_837.jpg,68d134ac3952f7cf7dee90e3,68d134ac3952f7cf7dee90e5,Shiva sai Automobiles,Mahabubabad,17.594209,80.006903,mid-range,modern,excellent,fuel gauge harley davidson model 837 harley davidson model 837 harley davidson fuel system high performance heat treated for increased power,0,2025-08-07T00:00:00,2025-08-06T00:00:00
68d141e8b3fce85d4c5609c6,Immobilizer - BMW Model 405,BMW Model 405,BMW,2025,,Ignition,409.0,lightweight high strength for improved comfort,15,4.9,14,,https://example.com/images/immobilizer_bmw_model_405.jpg,68d135d63952f7cf7dee911e,68d135d63952f7cf7dee9120,baskar Automobiles,Medak,18.048948,78.269372,budget,modern,excellent,immobilizer bmw model 405 bmw model 405 bmw ignition lightweight high strength for improved comfort,0,2025-08-29T00:00:00,2025-08-20T00:00:00
68d141e8b3fce85d4c5609c7,Coolant Filter - Ray ZR,Ray ZR,Yamaha,2024,,Filters,306.0,lightweight vibration dampening for smoother operation,11,4.6,8,,https://example.com/images/coolant_filter_ray_zr.jpg,68d133bf3952f7cf7dee90b7,68d133bf3952f7cf7dee90b9,Jyothi Automobiles,Hyderabad,17.511409,78.350972,budget,modern,excellent,coolant filter ray zr ray zr yamaha filters lightweight vibration dampening for smoother operation,0,2025-08-07T00:00:00,2025-08-12T00:00:00
68d141e8b3fce85d4c5609c8,Side Stand - Avenis,Avenis,Suzuki,2023,,Body Parts,1748.0,oem quality vibration dampening for enhanced safety,17,4.8,30,,https://example.com/images/side_stand_avenis.jpg,68d134ac3952f7cf7dee90e3,68d134ac3952f7cf7dee90e5,Shiva sai Automobiles,Mahabubabad,17.594209,80.006903,mid-range,modern,excellent,side stand avenis avenis suzuki body parts oem quality vibration dampening for enhanced safety,0,2025-09-10T00:00:00,2025-08-11T00:00:00
68d141e8b3fce85d4c5609c9,Thermostat - Xtreme 160R,Xtreme 160R,Hero,2017,,Cooling System,2737.0,premium quality fuel efficient for increased power,25,4.5,29,,https://example.com/images/thermostat_xtreme_160r.jpg,68d133bf3952f7cf7dee90b7,68d133bf3952f7cf7dee90b9,Jyothi Automobiles,Hyderabad,17.511409,78.350972,mid-range,modern,excellent,thermostat xtreme 160r xtreme 160r hero cooling system premium quality fuel efficient for increased power,0,2025-08-03T00:00:00,2025-09-06T00:00:00
68d141e8b3fce85d4c5609ca,Side Panel - Versys-X 300,Versys-X 300,Kawasaki,2018,,Body Parts,2413.0,high performance long lasting for reduced maintenance,17,4.7,12,,https://example.com/images/side_panel_versys_x_300.jpg,68d133bf3952f7cf7dee90b7,68d133bf3952f7cf7dee90b9,Jyothi Automobiles,Hyderabad,17.511409,78.350972,mid-range,modern,excellent,side panel versys 300 versys 300 kawasaki body parts high performance long lasting for reduced maintenance,0,2025-09-11T00:00:00,2025-08-06T00:00:00
68d141e8b3fce85d4c5609cb,Front Fairing - Harley-Davidson Model 531,Harley-Davidson Model 531,Harley-Davidson,2017,,Body Parts,1843.0,advanced fuel efficient for longer life,6,4.4,20,,https://example.com/images/front_fairing_harley_davidson_model_531.jpg,68d133bf3952f7cf7dee90b7,68d133bf3952f7cf7dee90b9,Jyothi Automobiles,Hyderabad,17.511409,78.350972,mid-range,modern,excellent,front fairing harley davidson model 531 harley davidson model 531 harley davidson body parts advanced fuel efficient for longer life,0,2025-09-04T00:00:00,2025-08-31T00:00:00
68d141e8b3fce85d4c5609cc,Tail Light - Grazia,Grazia,Honda,2017,,Lighting,2862.0,enhanced long lasting for better fuel economy,16,5.0,30,,https://example.com/images/tail_light_grazia.jpg,68d134ac3952f7cf7dee90e3,68d134ac3952f7cf7dee90e5,Shiva sai Automobiles,Mahabubabad,17.594209,80.006903,mid-range,modern,excellent,tail light grazia grazia honda lighting enhanced long lasting for better fuel economy,0,2025-09-20T00:00:00,2025-08-25T00:00:00
68d141e8b3fce85d4c5609cd,Rear Tire - Adventure 390,Adventure 390,KTM,2016,,Wheels & Tires,5754.0,heavy duty noise reducing for improved performance,2,4.4,15,,https://example.com/images/rear_tire_adventure_390.jpg,68d0c47d09554c358655174b,68d0c47e09554c358655174d,Tarun Automobiles,,17.423605,78.546314,premium,modern,excellent,rear tire adventure 390 adventure 390 ktm wheels tires heavy duty noise reducing for improved performance,0,2025-08-26T00:00:00,2025-08-20T00:00:00
68d141e8b3fce85d4c5609ce,Hub Bearing - Duke 250,Duke 250,KTM,2020,,Wheels & Tires,4990.0,lightweight maintenance free for longer life,19,4.4,24,,https://example.com/images/hub_bearing_duke_250.jpg,68ac2a8e3c73e23c655de052,68ac2a8f3c73e23c655de054,Swathi Automobiles,Chappal Bazar Road - Kachiguda ,17.38953,78.491245,mid-range,modern,excellent,hub bearing duke 250 duke 250 ktm wheels tires lightweight maintenance free for longer life,0,2025-08-21T00:00:00,2025-08-10T00:00:00
68d141e8b3fce85d4c5609cf,Valve Set - Hunter 350,Hunter 350,Royal Enfield,2018,,Engine,5064.0,professional grade long lasting for better fuel economy,23,4.4,11,,https://example.com/images/valve_set_hunter_350.jpg,689d6959045c37933826818b,689d6959045c37933826818d,sai automobiles,RAMNAGAR COLONY PEERZADIGUDA UPPAL HYDERABAD,17.390358,78.606729,premium,modern,excellent,valve set hunter 350 hunter 350 royal enfield engine professional grade long lasting for better fuel economy,0,2025-09-04T00:00:00,2025-08-16T00:00:00
68d141e8b3fce85d4c5609d0,Variator - Benelli Model 326,Benelli Model 326,Benelli,2023,,Drivetrain,2467.0,premium quality maintenance free for improved comfort,18,3.8,13,,https://example.com/images/variator_benelli_model_326.jpg,68d135833952f7cf7dee9109,68d135833952f7cf7dee910b,Mounika Automobiles,Karimnagar,18.435781,79.132861,mid-range,modern,good,variator benelli model 326 benelli model 326 benelli drivetrain premium quality maintenance free for improved comfort,0,2025-08-11T00:00:00,2025-09-09T00:00:00
68d141e8b3fce85d4c5609d1,Pressure Plate - Platina 110,Platina 110,Bajaj,2020,,Transmission,4314.0,professional grade corrosion resistant for longer life,22,4.8,25,,https://example.com/images/pressure_plate_platina_110.jpg,68d135063952f7cf7dee90f6,68d135063952f7cf7dee90f8,Manoj Automobiles,Dilshknagar,17.367642,78.534282,mid-range,modern,excellent,pressure plate platina 110 platina 110 bajaj transmission professional grade corrosion resistant for longer life,0,2025-08-30T00:00:00,2025-09-14T00:00:00
68d141e8b3fce85d4c5609d2,Carbon Filter - Mahindra Model 245,Mahindra Model 245,Mahindra,2021,,Filters,466.0,professional grade vibration dampening for increased power,7,4.3,3,,https://example.com/images/carbon_filter_mahindra_model_245.jpg,689d6959045c37933826818b,689d6959045c37933826818d,sai automobiles,RAMNAGAR COLONY PEERZADIGUDA UPPAL HYDERABAD,17.390358,78.606729,budget,modern,excellent,carbon filter mahindra model 245 mahindra model 245 mahindra filters professional grade vibration dampening for increased power,0,2025-08-06T00:00:00,2025-08-03T00:00:00
68d141e8b3fce85d4c5609d3,Front Fairing - BMW Model 908,BMW Model 908,BMW,2019,,Body Parts,840.0,advanced long lasting for improved comfort,8,4.5,14,,https://example.com/images/front_fairing_bmw_model_908.jpg,68d135833952f7cf7dee9109,68d135833952f7cf7dee910b,Mounika Automobiles,Karimnagar,18.435781,79.132861,budget,modern,excellent,front fairing bmw model 908 bmw model 908 bmw body parts advanced long lasting for improved comfort,0,2025-09-19T00:00:00,2025-09-06T00:00:00
68d141e8b3fce85d4c5609d4,Intercooler - Shine,Shine,Honda,2018,,Cooling System,5821.0,lightweight long lasting for reduced maintenance,6,4.2,16,,https://example.com/images/intercooler_shine.jpg,68d135833952f7cf7dee9109,68d135833952f7cf7dee910b,Mounika Automobiles,Karimnagar,18.435781,79.132861,premium,modern,excellent,intercooler shine shine honda cooling system lightweight long lasting for reduced maintenance,0,2025-08-21T00:00:00,2025-09-18T00:00:00
68d141e8b3fce85d4c5609d5,Hub Bearing - Gixxer SF,Gixxer SF,Suzuki,2023,,Wheels & Tires,1460.0,high performance long lasting for improved comfort,4,4.6,9,,https://example.com/images/hub_bearing_gixxer_sf.jpg,68d135063952f7cf7dee90f6,68d135063952f7cf7dee90f8,Manoj Automobiles,Dilshknagar,17.367642,78.534282,mid-range,modern,excellent,hub bearing gixxer sf gixxer sf suzuki wheels tires high performance long lasting for improved comfort,0,2025-08-08T00:00:00,2025-08-02T00:00:00
68d141e8b3fce85d4c5609d6,Side Stand - Super Meteor 650,Super Meteor 650,Royal Enfield,2015,,Body Parts,2931.0,heavy duty corrosion resistant for improved performance,14,3.7,9,,https://example.com/images/side_stand_super_meteor_650.jpg,68d135d63952f7cf7dee911e,68d135d63952f7cf7dee9120,baskar Automobiles,Medak,18.048948,78.269372,mid-range,modern,good,side stand super meteor 650 super meteor 650 royal enfield body parts heavy duty corrosion resistant for improved performance,0,2025-09-20T00:00:00,2025-09-14T00:00:00
68d141e8b3fce85d4c5609d7,Timing Chain - BMW Model 393,BMW Model 393,BMW,2019,,Engine,11530.0,oem quality fuel efficient for longer life,16,4.9,21,,https://example.com/images/timing_chain_bmw_model_393.jpg,68d134ac3952f7cf7dee90e3,68d134ac3952f7cf7dee90e5,Shiva sai Automobiles,Mahabubabad,17.594209,80.006903,premium,modern,excellent,timing chain bmw model 393 bmw model 393 bmw engine oem quality fuel efficient for longer life,0,2025-09-05T00:00:00,2025-09-10T00:00:00
68d141e8b3fce85d4c5609d8,Hazard Light Switch - Super Meteor 650,Super Meteor 650,Royal Enfield,2016,,Lighting,3537.0,advanced eco friendly for increased power,2,4.1,28,,https://example.com/images/hazard_light_switch_super_meteor_650.jpg,68d136193952f7cf7dee9131,68d136193952f7cf7dee9133,Mahesh Automobiles,Khammam,17.249885,80.15615,mid-range,modern,excellent,hazard light switch super meteor 650 super meteor 650 royal enfield lighting advanced eco friendly for increased power,0,2025-08-03T00:00:00,2025-08-17T00:00:00
68d141e8b3fce85d4c5609d9,Brake Caliper - 790 Duke,790 Duke,KTM,2018,,Brakes,2793.0,oem quality eco friendly for improved performance,5,4.3,28,,https://example.com/images/brake_caliper_790_duke.jpg,68ac2a8e3c73e23c655de052,68ac2a8f3c73e23c655de054,Swathi Automobiles,Chappal Bazar Road - Kachiguda ,17.38953,78.491245,mid-range,modern,excellent,brake caliper 790 duke 790 duke ktm brakes oem quality eco friendly for improved performance,0,2025-08-18T00:00:00,2025-08-23T00:00:00
68d141e8b3fce85d4c5609da,Alternator - Pulsar NS200 V1,Pulsar NS200,Bajaj,2022,,Electrical,4161.0,superior noise reducing for better fuel economy,16,3.7,9,,https://example.com/images/alternator_pulsar_ns200.jpg,68d0c47d09554c358655174b,68d0c47e09554c358655174d,Tarun Automobiles,,17.423605,78.546314,mid-range,modern,good,alternator pulsar ns200 v1 pulsar ns200 bajaj electrical superior noise reducing for better fuel economy,0,2025-09-07T00:00:00,2025-08-30T00:00:00
68d141e8b3fce85d4c5609db,Cylinder Head - Scram 411,Scram 411,Royal Enfield,2020,,Engine,5041.0,oem quality long lasting for better handling,20,4.8,24,,https://example.com/images/cylinder_head_scram_411.jpg,68d136193952f7cf7dee9131,68d136193952f7cf7dee9133,Mahesh Automobiles,Khammam,17.249885,80.15615,premium,modern,excellent,cylinder head scram 411 scram 411 royal enfield engine oem quality long lasting for better handling,0,2025-08-01T00:00:00,2025-08-08T00:00:00
68d141e8b3fce85d4c5609dc,Water Pump - Scram 411,Scram 411,Royal Enfield,2025,,Engine,7661.0,heavy duty high strength for improved performance,19,4.5,16,,https://example.com/images/water_pump_scram_411.jpg,68d1346c3952f7cf7dee90d0,68d1346c3952f7cf7dee90d2,Kalyan Automobiles,Bala Nagar,17.475679,78.447328,premium,modern,excellent,water pump scram 411 scram 411 royal enfield engine heavy duty high strength for improved performance,0,2025-08-11T00:00:00,2025-08-15T00:00:00
68d141e8b3fce85d4c5609dd,Valve Set - Benelli Model 835,Benelli Model 835,Benelli,2025,,Engine,7846.0,superior maintenance free for better handling,7,4.1,24,,https://example.com/images/valve_set_benelli_model_835.jpg,68d136193952f7cf7dee9131,68d136193952f7cf7dee9133,Mahesh Automobiles,Khammam,17.249885,80.15615,premium,modern,excellent,valve set benelli model 835 benelli model 835 benelli engine superior maintenance free for better handling,0,2025-08-29T00:00:00,2025-08-22T00:00:00
68d141e8b3fce85d4c5609de,Brake Hose - Benelli Model 296,Benelli Model 296,Benelli,2020,,Brakes,1608.0,high performance vibration dampening for smoother operation,1,5.0,22,,https://example.com/images/brake_hose_benelli_model_296.jpg,68d134ac3952f7cf7dee90e3,68d134ac3952f7cf7dee90e5,Shiva sai Automobiles,Mahabubabad,17.594209,80.006903,mid-range,modern,excellent,brake hose benelli model 296 benelli model 296 benelli brakes high performance vibration dampening for smoother operation,0,2025-09-06T00:00:00,2025-09-18T00:00:00
68d141e8b3fce85d4c5609df,Universal Joint - Splendor Plus,Splendor Plus,Hero,2016,,Drivetrain,3679.0,premium quality corrosion resistant for enhanced safety,23,4.8,30,,https://example.com/images/universal_joint_splendor_plus.jpg,68d0c47d09554c358655174b,68d0c47e09554c358655174d,Tarun Automobiles,,17.423605,78.546314,mid-range,modern,excellent,universal joint splendor plus splendor plus hero drivetrain premium quality corrosion resistant for enhanced safety,0,2025-08-02T00:00:00,2025-08-20T00:00:00
68d141e8b3fce85d4c5609e0,Chain Guide - Splendor Plus,Splendor Plus,Hero,2024,,Drivetrain,2352.0,lightweight corrosion resistant for longer life,18,4.2,21,,https://example.com/images/chain_guide_splendor_plus.jpg,689d6959045c37933826818b,689d6959045c37933826818d,sai automobiles,RAMNAGAR COLONY PEERZADIGUDA UPPAL HYDERABAD,17.390358,78.606729,mid-range,modern,excellent,chain guide splendor plus splendor plus hero drivetrain lightweight corrosion resistant for longer life,0,2025-08-02T00:00:00,2025-08-05T00:00:00
68d141e8b3fce85d4c5609e1,Wiring Harness - Harley-Davidson Model 600,Harley-Davidson Model 600,Harley-Davidson,2018,,Electrical,2628.0,enhanced noise reducing for enhanced safety,12,3.8,29,,https://example.com/images/wiring_harness_harley_davidson_model_600.jpg,68d135d63952f7cf7dee911e,68d135d63952f7cf7dee9120,baskar Automobiles,Medak,18.048948,78.269372,mid-range,modern,good,wiring harness harley davidson model 600 harley davidson model 600 harley davidson electrical enhanced noise reducing for enhanced safety,0,2025-09-02T00:00:00,2025-08-19T00:00:00
68d141e8b3fce85d4c5609e2,Water Pump - Triumph Model 656,Triumph Model 656,Triumph,2022,,Engine,11084.0,advanced heat treated for smoother operation,24,4.4,20,,https://example.com/images/water_pump_triumph_model_656.jpg,68d1346c3952f7cf7dee90d0,68d1346c3952f7cf7dee90d2,Kalyan Automobiles,Bala Nagar,17.475679,78.447328,premium,modern,excellent,water pump triumph model 656 triumph model 656 triumph engine advanced heat treated for smoother operation,0,2025-08-08T00:00:00,2025-09-12T00:00:00
68d141e8b3fce85d4c5609e3,Throttle Body - CB350RS,CB350RS,Honda,2021,,Fuel System,5876.0,professional grade maintenance free for improved performance,1,4.8,25,,https://example.com/images/throttle_body_cb350rs.jpg,689d6959045c37933826818b,689d6959045c37933826818d,sai automobiles,RAMNAGAR COLONY PEERZADIGUDA UPPAL HYDERABAD,17.390358,78.606729,premium,modern,excellent,throttle body cb350rs cb350rs honda fuel system professional grade maintenance free for improved performance,0,2025-08-11T00:00:00,2025-09-01T00:00:00
68d141e8b3fce85d4c5609e4,License Plate Light - Harley-Davidson Model 993,Harley-Davidson Model 993,Harley-Davidson,2023,,Lighting,2053.0,superior precision engineered for improved performance,3,4.4,17,,https://example.com/images/license_plate_light_harley_davidson_model_993.jpg,68d1346c3952f7cf7dee90d0,68d1346c3952f7cf7dee90d2,Kalyan Automobiles,Bala Nagar,17.475679,78.447328,mid-range,modern,excellent,license plate light harley davidson model 993 harley davidson model 993 harley davidson lighting superior precision engineered for improved performance,0,2025-09-01T00:00:00,2025-09-05T00:00:00
68d141e8b3fce85d4c5609e5,Regulator Rectifier - 1290 Super Duke R,1290 Super Duke R,KTM,2016,,Electrical,4366.0,superior high strength for reduced maintenance,21,4.1,8,,https://example.com/images/regulator_rectifier_1290_super_duke_r.jpg,68d136193952f7cf7dee9131,68d136193952f7cf7dee9133,Mahesh Automobiles,Khammam,17.249885,80.15615,mid-range,modern,excellent,regulator rectifier 1290 super duke 1290 super duke ktm electrical superior high strength for reduced maintenance,0,2025-09-21T00:00:00,2025-08-02T00:00:00
68d141e8b3fce85d4c5609e6,Master Cylinder - Mahindra Model 394,Mahindra Model 394,Mahindra,2017,,Brakes,1540.0,professional grade maintenance free for better handling,9,4.3,13,,https://example.com/images/master_cylinder_mahindra_model_394.jpg,68d135833952f7cf7dee9109,68d135833952f7cf7dee910b,Mounika Automobiles,Karimnagar,18.435781,79.132861,mid-range,modern,excellent,master cylinder mahindra model 394 mahindra model 394 mahindra brakes professional grade maintenance free for better handling,0,2025-09-21T00:00:00,2025-09-14T00:00:00
68d141e8b3fce85d4c5609e7,Suspension Linkage - Glamour,Glamour,Hero,2021,,Suspension,2883.0,professional grade maintenance free for better handling,9,4.2,8,,https://example.com/images/suspension_linkage_glamour.jpg,68d135063952f7cf7dee90f6,68d135063952f7cf7dee90f8,Manoj Automobiles,Dilshknagar,17.367642,78.534282,mid-range,modern,excellent,suspension linkage glamour glamour hero suspension professional grade maintenance free for better handling,0,2025-09-19T00:00:00,2025-09-04T00:00:00
68d141e8b3fce85d4c5609e8,Regulator Rectifier - XDiavel,XDiavel,Ducati,2021,,Electrical,1162.0,heavy duty high strength for longer life,25,4.9,29,,https://example.com/images/regulator_rectifier_xdiavel.jpg,68d135833952f7cf7dee9109,68d135833952f7cf7dee910b,Mounika Automobiles,Karimnagar,18.435781,79.132861,mid-range,modern,excellent,regulator rectifier xdiavel xdiavel ducati electrical heavy duty high strength for longer life,0,2025-09-13T00:00:00,2025-08-02T00:00:00
68d141e8b3fce85d4c5609e9,Pressure Plate - Benelli Model 705,Benelli Model 705,Benelli,2019,,Transmission,6734.0,advanced heat treated for enhanced safety,8,3.8,10,,https://example.com/images/pressure_plate_benelli_model_705.jpg,68d1346c3952f7cf7dee90d0,68d1346c3952f7cf7dee90d2,Kalyan Automobiles,Bala Nagar,17.475679,78.447328,premium,modern,good,pressure plate benelli model 705 benelli model 705 benelli transmission advanced heat treated for enhanced safety,0,2025-08-02T00:00:00,2025-08-13T00:00:00
68d141e8b3fce85d4c5609ea,Side Stand - Mahindra Model 528,Mahindra Model 528,Mahindra,2017,,Body Parts,659.0,durable fuel efficient for better fuel economy,7,5.0,27,,https://example.com/images/side_stand_mahindra_model_528.jpg,68d133bf3952f7cf7dee90b7,68d133bf3952f7cf7dee90b9,Jyothi Automobiles,Hyderabad,17.511409,78.350972,budget,modern,excellent,side stand mahindra model 528 mahindra model 528 mahindra body parts durable fuel efficient for better fuel economy,0,2025-08-03T00:00:00,2025-09-20T00:00:00
68d141e8b3fce85d4c5609eb,Throttle Body - W175,W175,Kawasaki,2025,,Fuel System,2803.0,high performance eco friendly for smoother operation,20,4.2,17,,https://example.com/images/throttle_body_w175.jpg,68d136193952f7cf7dee9131,68d136193952f7cf7dee9133,Mahesh Automobiles,Khammam,17.249885,80.15615,mid-range,modern,excellent,throttle body w175 w175 kawasaki fuel system high performance eco friendly for smoother operation,0,2025-08-05T00:00:00,2025-09-20T00:00:00
68d141e8b3fce85d4c5609ec,Heat Shield - Aprilia Model 704,Aprilia Model 704,Aprilia,2019,,Exhaust,11257.0,professional grade vibration dampening for longer life,19,3.8,5,,https://example.com/images/heat_shield_aprilia_model_704.jpg,68ac2a8e3c73e23c655de052,68ac2a8f3c73e23c655de054,Swathi Automobiles,Chappal Bazar Road - Kachiguda ,17.38953,78.491245,premium,modern,good,heat shield aprilia model 704 aprilia model 704 aprilia exhaust professional grade vibration dampening for longer life,0,2025-09-12T00:00:00,2025-08-16T00:00:00
68d141e8b3fce85d4c5609ed,Brake Hose - Triumph Model 420,Triumph Model 420,Triumph,2017,,Brakes,1268.0,professional grade eco friendly for improved performance,10,4.4,14,,https://example.com/images/brake_hose_triumph_model_420.jpg,68d135833952f7cf7dee9109,68d135833952f7cf7dee910b,Mounika Automobiles,Karimnagar,18.435781,79.132861,mid-range,modern,excellent,brake hose triumph model 420 triumph model 420 triumph brakes professional grade eco friendly for improved performance,0,2025-09-04T00:00:00,2025-08-07T00:00:00
68d141e8b3fce85d4c5609ee,Vacuum Filter - DesertX,DesertX,Ducati,2024,,Filters,445.0,durable vibration dampening for enhanced durability,24,4.7,12,,https://example.com/images/vacuum_filter_desertx.jpg,68d1346c3952f7cf7dee90d0,68d1346c3952f7cf7dee90d2,Kalyan Automobiles,Bala Nagar,17.475679,78.447328,budget,modern,excellent,vacuum filter desertx desertx ducati filters durable vibration dampening for enhanced durability,0,2025-08-15T00:00:00,2025-08-04T00:00:00
68d141e8b3fce85d4c5609ef,Mudguard - Xpulse 200,Xpulse 200,Hero,2016,,Body Parts,1678.0,advanced high strength for enhanced safety,14,3.9,15,,https://example.com/images/mudguard_xpulse_200.jpg,68d134ac3952f7cf7dee90e3,68d134ac3952f7cf7dee90e5,Shiva sai Automobiles,Mahabubabad,17.594209,80.006903,mid-range,modern,good,mudguard xpulse 200 xpulse 200 hero body parts advanced high strength for enhanced safety,0,2025-08-09T00:00:00,2025-08-27T00:00:00
68d141e8b3fce85d4c5609f0,Chain - Panigale V2,Panigale V2,Ducati,2024,,Drivetrain,666.0,lightweight corrosion resistant for better fuel economy,5,4.7,3,,https://example.com/images/chain_panigale_v2.jpg,68d133bf3952f7cf7dee90b7,68d133bf3952f7cf7dee90b9,Jyothi Automobiles,Hyderabad,17.511409,78.350972,budget,modern,excellent,chain panigale v2 panigale v2 ducati drivetrain lightweight corrosion resistant for better fuel economy,0,2025-09-15T00:00:00,2025-08-18T00:00:00
68d141e8b3fce85d4c5609f1,Coil - CB350RS,CB350RS,Honda,2022,,Electrical,2915.0,advanced precision engineered for better fuel economy,18,4.8,11,,https://example.com/images/coil_cb350rs.jpg,68d135063952f7cf7dee90f6,68d135063952f7cf7dee90f8,Manoj Automobiles,Dilshknagar,17.367642,78.534282,mid-range,modern,excellent,coil cb350rs cb350rs honda electrical advanced precision engineered for better fuel economy,0,2025-09-16T00:00:00,2025-09-14T00:00:00
68d141e8b3fce85d4c5609f2,Connecting Rod - Harley-Davidson Model 219,Harley-Davidson Model 219,Harley-Davidson,2023,,Engine,17062.0,enhanced vibration dampening for better handling,16,5.0,22,,https://example.com/images/connecting_rod_harley_davidson_model_219.jpg,68d135d63952f7cf7dee911e,68d135d63952f7cf7dee9120,baskar Automobiles,Medak,18.048948,78.269372,premium,modern,excellent,connecting rod harley davidson model 219 harley davidson model 219 harley davidson engine enhanced vibration dampening for better handling,0,2025-08-27T00:00:00,2025-08-29T00:00:00
68d141e8b3fce85d4c5609f3,Battery - Mahindra Model 740,Mahindra Model 740,Mahindra,2020,,Electrical,4699.0,high performance long lasting for reduced maintenance,6,3.8,25,,https://example.com/images/battery_mahindra_model_740.jpg,68d133bf3952f7cf7dee90b7,68d133bf3952f7cf7dee90b9,Jyothi Automobiles,Hyderabad,17.511409,78.350972,mid-range,modern,good,battery mahindra model 740 mahindra model 740 mahindra electrical high performance long lasting for reduced maintenance,0,2025-09-09T00:00:00,2025-09-03T00:00:00
68d141e8b3fce85d4c5609f4,Mudguard - DesertX,DesertX,Ducati,2023,,Body Parts,623.0,professional grade high strength for longer life,9,4.9,10,,https://example.com/images/mudguard_desertx.jpg,68d133bf3952f7cf7dee90b7,68d133bf3952f7cf7dee90b9,Jyothi Automobiles,Hyderabad,17.511409,78.350972,budget,modern,excellent,mudguard desertx desertx ducati body parts professional grade high strength for longer life,0,2025-09-05T00:00:00,2025-09-01T00:00:00
68d141e8b3fce85d4c5609f5,Clutch Spring - BMW Model 598,BMW Model 598,BMW,2019,,Transmission,4515.0,professional grade eco friendly for better fuel economy,8,3.6,19,,https://example.com/images/clutch_spring_bmw_model_598.jpg,68ac2a8e3c73e23c655de052,68ac2a8f3c73e23c655de054,Swathi Automobiles,Chappal Bazar Road - Kachiguda ,17.38953,78.491245,mid-range,modern,good,clutch spring bmw model 598 bmw model 598 bmw transmission professional grade eco friendly for better fuel economy,0,2025-09-20T00:00:00,2025-08-18T00:00:00
68d141e8b3fce85d4c5609f6,Final Drive - Benelli Model 613,Benelli Model 613,Benelli,2020,,Transmission,2643.0,advanced long lasting for smoother operation,13,4.9,7,,https://example.com/images/final_drive_benelli_model_613.jpg,68d0c47d09554c358655174b,68d0c47e09554c358655174d,Tarun Automobiles,,17.423605,78.546314,mid-range,modern,excellent,final drive benelli model 613 benelli model 613 benelli transmission advanced long lasting for smoother operation,0,2025-09-14T00:00:00,2025-09-20T00:00:00
68d141e8b3fce85d4c5609f7,Master Cylinder - Mahindra Model 806,Mahindra Model 806,Mahindra,2018,,Brakes,2185.0,high performance maintenance free for smoother operation,5,4.2,11,,https://example.com/images/master_cylinder_mahindra_model_806.jpg,68d135063952f7cf7dee90f6,68d135063952f7cf7dee90f8,Manoj Automobiles,Dilshknagar,17.367642,78.534282,mid-range,modern,excellent,master cylinder mahindra model 806 mahindra model 806 mahindra brakes high performance maintenance free for smoother operation,0,2025-08-25T00:00:00,2025-08-11T00:00:00
68d141e8b3fce85d4c5609f8,Rear Cowl - Ray ZR,Ray ZR,Yamaha,2017,,Body Parts,2578.0,high performance eco friendly for smoother operation,14,4.5,6,,https://example.com/images/rear_cowl_ray_zr.jpg,68d0c47d09554c358655174b,68d0c47e09554c358655174d,Tarun Automobiles,,17.423605,78.546314,mid-range,modern,excellent,rear cowl ray zr ray zr yamaha body parts high performance eco friendly for smoother operation,0,2025-08-09T00:00:00,2025-08-27T00:00:00
68d141e8b3fce85d4c5609f9,Fuel Injector - Aprilia Model 826,Aprilia Model 826,Aprilia,2018,,Fuel System,1641.0,heavy duty high strength for reduced maintenance,25,4.8,28,,https://example.com/images/fuel_injector_aprilia_model_826.jpg,689d6959045c37933826818b,689d6959045c37933826818d,sai automobiles,RAMNAGAR COLONY PEERZADIGUDA UPPAL HYDERABAD,17.390358,78.606729,mid-range,modern,excellent,fuel injector aprilia model 826 aprilia model 826 aprilia fuel system heavy duty high strength for reduced maintenance,0,2025-09-18T00:00:00,2025-09-08T00:00:00
68d141e8b3fce85d4c5609fa,Brake Caliper - Access 125,Access 125,Suzuki,2018,,Brakes,413.0,heavy duty maintenance free for better handling,20,4.1,14,,https://example.com/images/brake_caliper_access_125.jpg,68d136193952f7cf7dee9131,68d136193952f7cf7dee9133,Mahesh Automobiles,Khammam,17.249885,80.15615,budget,modern,excellent,brake caliper access 125 access 125 suzuki brakes heavy duty maintenance free for better handling,0,2025-08-07T00:00:00,2025-08-06T00:00:00
68d141e8b3fce85d4c5609fb,Starter Motor - Boulevard,Boulevard,Suzuki,2017,,Electrical,2841.0,heavy duty vibration dampening for improved comfort,6,3.7,3,,https://example.com/images/starter_motor_boulevard.jpg,68d135833952f7cf7dee9109,68d135833952f7cf7dee910b,Mounika Automobiles,Karimnagar,18.435781,79.132861,mid-range,modern,good,starter motor boulevard boulevard suzuki electrical heavy duty vibration dampening for improved comfort,0,2025-08-10T00:00:00,2025-08-18T00:00:00
68d141e8b3fce85d4c5609fc,Radiator Cap - Ninja ZX-10R,Ninja ZX-10R,Kawasaki,2017,,Cooling System,5892.0,oem quality corrosion resistant for increased power,25,3.5,15,,https://example.com/images/radiator_cap_ninja_zx_10r.jpg,68d136193952f7cf7dee9131,68d136193952f7cf7dee9133,Mahesh Automobiles,Khammam,17.249885,80.15615,premium,modern,good,radiator cap ninja zx 10r ninja zx 10r kawasaki cooling system oem quality corrosion resistant for increased power,0,2025-08-29T00:00:00,2025-08-29T00:00:00
68d141e8b3fce85d4c5609fd,Rear Cowl - Pulsar NS200,Pulsar NS200,Bajaj,2018,,Body Parts,1477.0,professional grade corrosion resistant for improved comfort,7,4.1,2,,https://example.com/images/rear_cowl_pulsar_ns200.jpg,68d133bf3952f7cf7dee90b7,68d133bf3952f7cf7dee90b9,Jyothi Automobiles,Hyderabad,17.511409,78.350972,mid-range,modern,excellent,rear cowl pulsar ns200 pulsar ns200 bajaj body parts professional grade corrosion resistant for improved comfort,0,2025-09-09T00:00:00,2025-08-03T00:00:00
68d141e8b3fce85d4c5609fe,Engine Gasket Set - Aprilia Model 138,Aprilia Model 138,Aprilia,2015,,Engine,2351.0,high performance long lasting for longer life,8,4.1,12,,https://example.com/images/engine_gasket_set_aprilia_model_138.jpg,68d133bf3952f7cf7dee90b7,68d133bf3952f7cf7dee90b9,Jyothi Automobiles,Hyderabad,17.511409,78.350972,mid-range,modern,excellent,engine gasket set aprilia model 138 aprilia model 138 aprilia engine high performance long lasting for longer life,0,2025-08-02T00:00:00,2025-08-25T00:00:00
68d141e8b3fce85d4c5609ff,Crankshaft - Benelli Model 288,Benelli Model 288,Benelli,2017,,Engine,8194.0,superior eco friendly for reduced maintenance,6,3.6,13,,https://example.com/images/crankshaft_benelli_model_288.jpg,68d133bf3952f7cf7dee90b7,68d133bf3952f7cf7dee90b9,Jyothi Automobiles,Hyderabad,17.511409,78.350972,premium,modern,good,crankshaft benelli model 288 benelli model 288 benelli engine superior eco friendly for reduced maintenance,0,2025-08-04T00:00:00,2025-09-17T00:00:00
68d141e8b3fce85d4c560a00,Horn - BMW Model 236,BMW Model 236,BMW,2019,,Electrical,2604.0,durable corrosion resistant for better fuel economy,5,4.5,28,,https://example.com/images/horn_bmw_model_236.jpg,68d136193952f7cf7dee9131,68d136193952f7cf7dee9133,Mahesh Automobiles,Khammam,17.249885,80.15615,mid-range,modern,excellent,horn bmw model 236 bmw model 236 bmw electrical durable corrosion resistant for better fuel economy,0,2025-09-18T00:00:00,2025-08-21T00:00:00
68d141e8b3fce85d4c560a01,Dashboard Light - Shine,Shine,Honda,2022,,Lighting,1862.0,high performance long lasting for better fuel economy,24,4.1,14,,https://example.com/images/dashboard_light_shine.jpg,68ac2a8e3c73e23c655de052,68ac2a8f3c73e23c655de054,Swathi Automobiles,Chappal Bazar Road - Kachiguda ,17.38953,78.491245,mid-range,modern,excellent,dashboard light shine shine honda lighting high performance long lasting for better fuel economy,0,2025-08-10T00:00:00,2025-09-18T00:00:00
68d141e8b3fce85d4c560a02,Distributor - Z400,Z400,Kawasaki,2025,,Ignition,319.0,high performance fuel efficient for improved performance,8,4.6,30,,https://example.com/images/distributor_z400.jpg,68d135833952f7cf7dee9109,68d135833952f7cf7dee910b,Mounika Automobiles,Karimnagar,18.435781,79.132861,budget,modern,excellent,distributor z400 z400 kawasaki ignition high performance fuel efficient for improved performance,0,2025-08-20T00:00:00,2025-09-14T00:00:00
68d141e8b3fce85d4c560a03,Tool Kit - Panigale V2,Panigale V2,Ducati,2016,,Accessories,1709.0,high performance noise reducing for improved performance,20,4.9,13,,https://example.com/images/tool_kit_panigale_v2.jpg,68d135d63952f7cf7dee911e,68d135d63952f7cf7dee9120,baskar Automobiles,Medak,18.048948,78.269372,mid-range,modern,excellent,tool kit panigale v2 panigale v2 ducati accessories high performance noise reducing for improved performance,0,2025-08-12T00:00:00,2025-08-04T00:00:00
68d141e8b3fce85d4c560a04,Fuel Gauge - Xpulse 200,Xpulse 200,Hero,2016,,Fuel System,5082.0,lightweight corrosion resistant for increased power,12,4.1,14,,https://example.com/images/fuel_gauge_xpulse_200.jpg,68d135833952f7cf7dee9109,68d135833952f7cf7dee910b,Mounika Automobiles,Karimnagar,18.435781,79.132861,premium,modern,excellent,fuel gauge xpulse 200 xpulse 200 hero fuel system lightweight corrosion resistant for increased power,0,2025-08-19T00:00:00,2025-09-02T00:00:00
68d141e8b3fce85d4c560a05,Connecting Rod - XDiavel,XDiavel,Ducati,2015,,Engine,8791.0,heavy duty maintenance free for improved performance,9,4.6,15,,https://example.com/images/connecting_rod_xdiavel.jpg,68d135063952f7cf7dee90f6,68d135063952f7cf7dee90f8,Manoj Automobiles,Dilshknagar,17.367642,78.534282,premium,modern,excellent,connecting rod xdiavel xdiavel ducati engine heavy duty maintenance free for improved performance,0,2025-08-07T00:00:00,2025-09-11T00:00:00
68d141e8b3fce85d4c560a06,Muffler - Dream Yuga,Dream Yuga,Honda,2020,,Exhaust,9295.0,enhanced eco friendly for smoother operation,24,4.7,4,,https://example.com/images/muffler_dream_yuga.jpg,68d135063952f7cf7dee90f6,68d135063952f7cf7dee90f8,Manoj Automobiles,Dilshknagar,17.367642,78.534282,premium,modern,excellent,muffler dream yuga dream yuga honda exhaust enhanced eco friendly for smoother operation,0,2025-09-16T00:00:00,2025-09-04T00:00:00
68d141e8b3fce85d4c560a07,Tail Light - Adventure 390,Adventure 390,KTM,2017,,Lighting,2690.0,durable noise reducing for enhanced durability,20,4.2,29,,https://example.com/images/tail_light_adventure_390.jpg,68d133bf3952f7cf7dee90b7,68d133bf3952f7cf7dee90b9,Jyothi Automobiles,Hyderabad,17.511409,78.350972,mid-range,modern,excellent,tail light adventure 390 adventure 390 ktm lighting durable noise reducing for enhanced durability,0,2025-08-19T00:00:00,2025-09-13T00:00:00
68d141e8b3fce85d4c560a08,Petcock Valve - Pulsar NS200,Pulsar NS200,Bajaj,2015,,Fuel System,1557.0,advanced precision engineered for smoother operation,8,4.4,17,,https://example.com/images/petcock_valve_pulsar_ns200.jpg,68d135833952f7cf7dee9109,68d135833952f7cf7dee910b,Mounika Automobiles,Karimnagar,18.435781,79.132861,mid-range,modern,excellent,petcock valve pulsar ns200 pulsar ns200 bajaj fuel system advanced precision engineered for smoother operation,0,2025-08-15T00:00:00,2025-09-08T00:00:00
68d141e8b3fce85d4c560a09,Reserve Tank - Triumph Model 631,Triumph Model 631,Triumph,2019,,Fuel System,3889.0,lightweight fuel efficient for reduced maintenance,15,4.8,11,,https://example.com/images/reserve_tank_triumph_model_631.jpg,68d1346c3952f7cf7dee90d0,68d1346c3952f7cf7dee90d2,Kalyan Automobiles,Bala Nagar,17.475679,78.447328,mid-range,modern,excellent,reserve tank triumph model 631 triumph model 631 triumph fuel system lightweight fuel efficient for reduced maintenance,0,2025-09-06T00:00:00,2025-09-07T00:00:00
68d141e8b3fce85d4c560a0a,Cylinder Head - Ninja 400,Ninja 400,Kawasaki,2016,,Engine,10347.0,lightweight high strength for longer life,20,4.3,30,,https://example.com/images/cylinder_head_ninja_400.jpg,68d1346c3952f7cf7dee90d0,68d1346c3952f7cf7dee90d2,Kalyan Automobiles,Bala Nagar,17.475679,78.447328,premium,modern,excellent,cylinder head ninja 400 ninja 400 kawasaki engine lightweight high strength for longer life,0,2025-09-04T00:00:00,2025-08-26T00:00:00
68d141e8b3fce85d4c560a0b,Performance Exhaust - Adventure 390,Adventure 390,KTM,2022,,Exhaust,5876.0,oem quality noise reducing for improved performance,19,4.2,5,,https://example.com/images/performance_exhaust_adventure_390.jpg,68d135063952f7cf7dee90f6,68d135063952f7cf7dee90f8,Manoj Automobiles,Dilshknagar,17.367642,78.534282,premium,modern,excellent,performance exhaust adventure 390 adventure 390 ktm exhaust oem quality noise reducing for improved performance,0,2025-09-20T00:00:00,2025-08-07T00:00:00
68d141e8b3fce85d4c560a0c,Mobile Holder - Intruder,Intruder,Suzuki,2024,,Accessories,1956.0,lightweight precision engineered for smoother operation,14,4.8,28,,https://example.com/images/mobile_holder_intruder.jpg,68d136193952f7cf7dee9131,68d136193952f7cf7dee9133,Mahesh Automobiles,Khammam,17.249885,80.15615,mid-range,modern,excellent,mobile holder intruder intruder suzuki accessories lightweight precision engineered for smoother operation,0,2025-09-17T00:00:00,2025-08-10T00:00:00
68d141e8b3fce85d4c560a0d,Distributor - CB350RS,CB350RS,Honda,2019,,Ignition,347.0,oem quality corrosion resistant for longer life,16,3.9,10,,https://example.com/images/distributor_cb350rs.jpg,68ac2a8e3c73e23c655de052,68ac2a8f3c73e23c655de054,Swathi Automobiles,Chappal Bazar Road - Kachiguda ,17.38953,78.491245,budget,modern,good,distributor cb350rs cb350rs honda ignition oem quality corrosion resistant for longer life,0,2025-09-10T00:00:00,2025-09-08T00:00:00
68d141e8b3fce85d4c560a0e,Master Cylinder - Dominar 400,Dominar 400,Bajaj,2025,,Brakes,596.0,superior high strength for enhanced safety,16,3.6,14,,https://example.com/images/master_cylinder_dominar_400.jpg,68d133bf3952f7cf7dee90b7,68d133bf3952f7cf7dee90b9,Jyothi Automobiles,Hyderabad,17.511409,78.350972,budget,modern,good,master cylinder dominar 400 dominar 400 bajaj brakes superior high strength for enhanced safety,0,2025-08-29T00:00:00,2025-09-06T00:00:00
68d141e9b3fce85d4c560a0f,Tire Valve - V-Strom SX,V-Strom SX,Suzuki,2020,,Wheels & Tires,3357.0,advanced precision engineered for increased power,3,4.7,30,,https://example.com/images/tire_valve_v_strom_sx.jpg,68d135833952f7cf7dee9109,68d135833952f7cf7dee910b,Mounika Automobiles,Karimnagar,18.435781,79.132861,mid-range,modern,excellent,tire valve strom sx strom sx suzuki wheels tires advanced precision engineered for increased power,0,2025-08-09T00:00:00,2025-09-15T00:00:00
68d141e9b3fce85d4c560a10,Cabin Filter - 790 Duke,790 Duke,KTM,2019,,Filters,198.0,advanced long lasting for enhanced durability,4,3.6,3,,https://example.com/images/cabin_filter_790_duke.jpg,68ac2a8e3c73e23c655de052,68ac2a8f3c73e23c655de054,Swathi Automobiles,Chappal Bazar Road - Kachiguda ,17.38953,78.491245,budget,modern,good,cabin filter 790 duke 790 duke ktm filters advanced long lasting for enhanced durability,0,2025-08-15T00:00:00,2025-08-14T00:00:00
68d141e9b3fce85d4c560a11,Rear Shock Absorber - Panigale V4,Panigale V4,Ducati,2023,,Suspension,5402.0,durable eco friendly for better handling,13,4.4,6,,https://example.com/images/rear_shock_absorber_panigale_v4.jpg,68d136193952f7cf7dee9131,68d136193952f7cf7dee9133,Mahesh Automobiles,Khammam,17.249885,80.15615,premium,modern,excellent,rear shock absorber panigale v4 panigale v4 ducati suspension durable eco friendly for better handling,0,2025-09-06T00:00:00,2025-09-05T00:00:00
68d141e9b3fce85d4c560a12,Alloy Wheel - Platina 110,Platina 110,Bajaj,2024,,Wheels & Tires,2893.0,lightweight eco friendly for improved performance,19,4.3,10,,https://example.com/images/alloy_wheel_platina_110.jpg,68d133bf3952f7cf7dee90b7,68d133bf3952f7cf7dee90b9,Jyothi Automobiles,Hyderabad,17.511409,78.350972,mid-range,modern,excellent,alloy wheel platina 110 platina 110 bajaj wheels tires lightweight eco friendly for improved performance,0,2025-08-15T00:00:00,2025-09-21T00:00:00
68d141e9b3fce85d4c560a13,Exhaust Gasket - Triumph Model 250,Triumph Model 250,Triumph,2019,,Exhaust,2525.0,superior fuel efficient for improved comfort,17,4.6,2,,https://example.com/images/exhaust_gasket_triumph_model_250.jpg,68d135063952f7cf7dee90f6,68d135063952f7cf7dee90f8,Manoj Automobiles,Dilshknagar,17.367642,78.534282,mid-range,modern,excellent,exhaust gasket triumph model 250 triumph model 250 triumph exhaust superior fuel efficient for improved comfort,0,2025-08-09T00:00:00,2025-08-14T00:00:00
68d141e9b3fce85d4c560a14,Water Pump - FZ-S,FZ-S,Yamaha,2020,,Engine,12293.0,advanced heat treated for improved performance,25,4.3,10,,https://example.com/images/water_pump_fz_s.jpg,68d134ac3952f7cf7dee90e3,68d134ac3952f7cf7dee90e5,Shiva sai Automobiles,Mahabubabad,17.594209,80.006903,premium,modern,excellent,water pump fz fz yamaha engine advanced heat treated for improved performance,0,2025-08-16T00:00:00,2025-08-04T00:00:00
68d141e9b3fce85d4c560a15,Fuel Line - BMW Model 489,BMW Model 489,BMW,2020,,Fuel System,8223.0,lightweight fuel efficient for better handling,16,4.1,28,,https://example.com/images/fuel_line_bmw_model_489.jpg,68d135833952f7cf7dee9109,68d135833952f7cf7dee910b,Mounika Automobiles,Karimnagar,18.435781,79.132861,premium,modern,excellent,fuel line bmw model 489 bmw model 489 bmw fuel system lightweight fuel efficient for better handling,0,2025-08-04T00:00:00,2025-09-11T00:00:00
68d141e9b3fce85d4c560a16,Fuel Injector - Dream Yuga,Dream Yuga,Honda,2023,,Fuel System,4905.0,enhanced maintenance free for better fuel economy,7,4.7,2,,https://example.com/images/fuel_injector_dream_yuga.jpg,68d133bf3952f7cf7dee90b7,68d133bf3952f7cf7dee90b9,Jyothi Automobiles,Hyderabad,17.511409,78.350972,mid-range,modern,excellent,fuel injector dream yuga dream yuga honda fuel system enhanced maintenance free for better fuel economy,0,2025-08-06T00:00:00,2025-09-21T00:00:00
68d141e9b3fce85d4c560a17,Air Filter - Duke 390,Duke 390,KTM,2017,,Filters,627.0,lightweight long lasting for enhanced durability,2,3.6,5,,https://example.com/images/air_filter_duke_390.jpg,68d135833952f7cf7dee9109,68d135833952f7cf7dee910b,Mounika Automobiles,Karimnagar,18.435781,79.132861,budget,modern,good,air filter duke 390 duke 390 ktm filters lightweight long lasting for enhanced durability,0,2025-08-18T00:00:00,2025-09-11T00:00:00
68d141e9b3fce85d4c560a18,Coil - BMW Model 682,BMW Model 682,BMW,2025,,Electrical,1915.0,premium quality precision engineered for longer life,3,4.9,24,,https://example.com/images/coil_bmw_model_682.jpg,68d135063952f7cf7dee90f6,68d135063952f7cf7dee90f8,Manoj Automobiles,Dilshknagar,17.367642,78.534282,mid-range,modern,excellent,coil bmw model 682 bmw model 682 bmw electrical premium quality precision engineered for longer life,0,2025-08-27T00:00:00,2025-08-03T00:00:00
68d141e9b3fce85d4c560a19,CVT Kit - XDiavel,XDiavel,Ducati,2022,,Drivetrain,1911.0,premium quality eco friendly for improved comfort,7,4.8,22,,https://example.com/images/cvt_kit_xdiavel.jpg,68d133bf3952f7cf7dee90b7,68d133bf3952f7cf7dee90b9,Jyothi Automobiles,Hyderabad,17.511409,78.350972,mid-range,modern,excellent,cvt kit xdiavel xdiavel ducati drivetrain premium quality eco friendly for improved comfort,0,2025-08-14T00:00:00,2025-09-15T00:00:00
68d141e9b3fce85d4c560a1a,Tank Cover - Triumph Model 891,Triumph Model 891,Triumph,2017,,Body Parts,517.0,oem quality high strength for reduced maintenance,1,4.7,11,,https://example.com/images/tank_cover_triumph_model_891.jpg,68d136193952f7cf7dee9131,68d136193952f7cf7dee9133,Mahesh Automobiles,Khammam,17.249885,80.15615,budget,modern,excellent,tank cover triumph model 891 triumph model 891 triumph body parts oem quality high strength for reduced maintenance,0,2025-09-03T00:00:00,2025-08-25T00:00:00
68d141e9b3fce85d4c560a1b,Spark Plug Wire - Ninja ZX-10R,Ninja ZX-10R,Kawasaki,2020,,Ignition,561.0,durable precision engineered for enhanced safety,24,3.6,13,,https://example.com/images/spark_plug_wire_ninja_zx_10r.jpg,68d135833952f7cf7dee9109,68d135833952f7cf7dee910b,Mounika Automobiles,Karimnagar,18.435781,79.132861,budget,modern,good,spark plug wire ninja zx 10r ninja zx 10r kawasaki ignition durable precision engineered for enhanced safety,0,2025-08-29T00:00:00,2025-08-11T00:00:00
68d141e9b3fce85d4c560a1c,Hub Bearing - Bullet 350,Bullet 350,Royal Enfield,2015,,Wheels & Tires,3693.0,durable precision engineered for longer life,16,3.8,10,,https://example.com/images/hub_bearing_bullet_350.jpg,68d134ac3952f7cf7dee90e3,68d134ac3952f7cf7dee90e5,Shiva sai Automobiles,Mahabubabad,17.594209,80.006903,mid-range,modern,good,hub bearing bullet 350 bullet 350 royal enfield wheels tires durable precision engineered for longer life,0,2025-08-13T00:00:00,2025-09-20T00:00:00
68d141e9b3fce85d4c560a1d,Chain Tensioner - CT 110X,CT 110X,Bajaj,2017,,Drivetrain,3300.0,professional grade fuel efficient for longer life,5,4.0,16,,https://example.com/images/chain_tensioner_ct_110x.jpg,68d133bf3952f7cf7dee90b7,68d133bf3952f7cf7dee90b9,Jyothi Automobiles,Hyderabad,17.511409,78.350972,mid-range,modern,excellent,chain tensioner ct 110x ct 110x bajaj drivetrain professional grade fuel efficient for longer life,0,2025-08-12T00:00:00,2025-08-16T00:00:00
68d141e9b3fce85d4c560a1e,Drive Belt - CB350RS,CB350RS,Honda,2023,,Drivetrain,1309.0,premium quality heat treated for better fuel economy,10,4.7,3,,https://example.com/images/drive_belt_cb350rs.jpg,68d136193952f7cf7dee9131,68d136193952f7cf7dee9133,Mahesh Automobiles,Khammam,17.249885,80.15615,mid-range,modern,excellent,drive belt cb350rs cb350rs honda drivetrain premium quality heat treated for better fuel economy,0,2025-09-18T00:00:00,2025-08-03T00:00:00
68d141e9b3fce85d4c560a1f,Brake Cable - Benelli Model 318,Benelli Model 318,Benelli,2015,,Brakes,883.0,premium quality long lasting for reduced maintenance,23,4.5,13,,https://example.com/images/brake_cable_benelli_model_318.jpg,68d135d63952f7cf7dee911e,68d135d63952f7cf7dee9120,baskar Automobiles,Medak,18.048948,78.269372,budget,modern,excellent,brake cable benelli model 318 benelli model 318 benelli brakes premium quality long lasting for reduced maintenance,0,2025-08-28T00:00:00,2025-09-19T00:00:00
68d141e9b3fce85d4c560a20,Chain Tensioner - Diavel,Diavel,Ducati,2017,,Drivetrain,3072.0,superior heat treated for better handling,7,3.5,30,,https://example.com/images/chain_tensioner_diavel.jpg,68d135063952f7cf7dee90f6,68d135063952f7cf7dee90f8,Manoj Automobiles,Dilshknagar,17.367642,78.534282,mid-range,modern,good,chain tensioner diavel diavel ducati drivetrain superior heat treated for better handling,0,2025-08-07T00:00:00,2025-08-06T00:00:00
68d141e9b3fce85d4c560a21,Universal Joint - Gixxer SF,Gixxer SF,Suzuki,2024,,Drivetrain,2516.0,heavy duty heat treated for better handling,4,4.5,28,,https://example.com/images/universal_joint_gixxer_sf.jpg,68d136193952f7cf7dee9131,68d136193952f7cf7dee9133,Mahesh Automobiles,Khammam,17.249885,80.15615,mid-range,modern,excellent,universal joint gixxer sf gixxer sf suzuki drivetrain heavy duty heat treated for better handling,0,2025-09-21T00:00:00,2025-09-16T00:00:00
68d141e9b3fce85d4c560a22,Turn Signal - BMW Model 446,BMW Model 446,BMW,2025,,Electrical,5647.0,professional grade precision engineered for better fuel economy,8,4.8,12,,https://example.com/images/turn_signal_bmw_model_446.jpg,68ac2a8e3c73e23c655de052,68ac2a8f3c73e23c655de054,Swathi Automobiles,Chappal Bazar Road - Kachiguda ,17.38953,78.491245,premium,modern,excellent,turn signal bmw model 446 bmw model 446 bmw electrical professional grade precision engineered for better fuel economy,0,2025-09-14T00:00:00,2025-08-11T00:00:00
68d141e9b3fce85d4c560a23,Timing Light - Duke 200,Duke 200,KTM,2018,,Ignition,370.0,durable maintenance free for enhanced durability,23,3.7,15,,https://example.com/images/timing_light_duke_200.jpg,68d0c47d09554c358655174b,68d0c47e09554c358655174d,Tarun Automobiles,,17.423605,78.546314,budget,modern,good,timing light duke 200 duke 200 ktm ignition durable maintenance free for enhanced durability,0,2025-08-31T00:00:00,2025-08-22T00:00:00
68d141e9b3fce85d4c560a24,Headlight Assembly - Benelli Model 665,Benelli Model 665,Benelli,2022,,Lighting,3857.0,professional grade heat treated for smoother operation,11,4.7,17,,https://example.com/images/headlight_assembly_benelli_model_665.jpg,68d135833952f7cf7dee9109,68d135833952f7cf7dee910b,Mounika Automobiles,Karimnagar,18.435781,79.132861,mid-range,modern,excellent,headlight assembly benelli model 665 benelli model 665 benelli lighting professional grade heat treated for smoother operation,0,2025-08-10T00:00:00,2025-08-29T00:00:00
68d141e9b3fce85d4c560a25,Air Filter - Scram 411,Scram 411,Royal Enfield,2019,,Filters,546.0,heavy duty fuel efficient for increased power,17,4.1,28,,https://example.com/images/air_filter_scram_411.jpg,68d135833952f7cf7dee9109,68d135833952f7cf7dee910b,Mounika Automobiles,Karimnagar,18.435781,79.132861,budget,modern,excellent,air filter scram 411 scram 411 royal enfield filters heavy duty fuel efficient for increased power,0,2025-09-20T00:00:00,2025-08-27T00:00:00
68d141e9b3fce85d4c560a26,DRL Kit - Benelli Model 264,Benelli Model 264,Benelli,2017,,Lighting,3806.0,oem quality high strength for smoother operation,12,4.4,30,,https://example.com/images/drl_kit_benelli_model_264.jpg,68d135d63952f7cf7dee911e,68d135d63952f7cf7dee9120,baskar Automobiles,Medak,18.048948,78.269372,mid-range,modern,excellent,drl kit benelli model 264 benelli model 264 benelli lighting oem quality high strength for smoother operation,0,2025-09-14T00:00:00,2025-09-03T00:00:00
68d141e9b3fce85d4c560a27,Fork Oil Seal - Benelli Model 230,Benelli Model 230,Benelli,2018,,Suspension,1871.0,enhanced noise reducing for increased power,23,5.0,14,,https://example.com/images/fork_oil_seal_benelli_model_230.jpg,68d1346c3952f7cf7dee90d0,68d1346c3952f7cf7dee90d2,Kalyan Automobiles,Bala Nagar,17.475679,78.447328,mid-range,modern,excellent,fork oil seal benelli model 230 benelli model 230 benelli suspension enhanced noise reducing for increased power,0,2025-09-12T00:00:00,2025-08-03T00:00:00
68d141e9b3fce85d4c560a28,Center Stand - Triumph Model 941,Triumph Model 941,Triumph,2020,,Body Parts,2572.0,lightweight precision engineered for smoother operation,11,4.2,1,,https://example.com/images/center_stand_triumph_model_941.jpg,68d134ac3952f7cf7dee90e3,68d134ac3952f7cf7dee90e5,Shiva sai Automobiles,Mahabubabad,17.594209,80.006903,mid-range,modern,excellent,center stand triumph model 941 triumph model 941 triumph body parts lightweight precision engineered for smoother operation,0,2025-08-31T00:00:00,2025-09-13T00:00:00
68d141e9b3fce85d4c560a29,Final Drive Oil - Triumph Model 896,Triumph Model 896,Triumph,2019,,Drivetrain,2756.0,durable corrosion resistant for longer life,18,4.8,17,,https://example.com/images/final_drive_oil_triumph_model_896.jpg,68d1346c3952f7cf7dee90d0,68d1346c3952f7cf7dee90d2,Kalyan Automobiles,Bala Nagar,17.475679,78.447328,mid-range,modern,excellent,final drive oil triumph model 896 triumph model 896 triumph drivetrain durable corrosion resistant for longer life,0,2025-09-20T00:00:00,2025-08-11T00:00:00
68d141e9b3fce85d4c560a2a,Gear Shift Lever - Z650,Z650,Kawasaki,2023,,Transmission,3943.0,advanced long lasting for better handling,2,3.8,7,,https://example.com/images/gear_shift_lever_z650.jpg,68d133bf3952f7cf7dee90b7,68d133bf3952f7cf7dee90b9,Jyothi Automobiles,Hyderabad,17.511409,78.350972,mid-range,modern,good,gear shift lever z650 z650 kawasaki transmission advanced long lasting for better handling,0,2025-09-15T00:00:00,2025-09-12T00:00:00
68d141e9b3fce85d4c560a2b,Transmission Oil - Mahindra Model 992,Mahindra Model 992,Mahindra,2018,,Transmission,3820.0,superior eco friendly for increased power,8,4.0,7,,https://example.com/images/transmission_oil_mahindra_model_992.jpg,689d6959045c37933826818b,689d6959045c37933826818d,sai automobiles,RAMNAGAR COLONY PEERZADIGUDA UPPAL HYDERABAD,17.390358,78.606729,mid-range,modern,excellent,transmission oil mahindra model 992 mahindra model 992 mahindra transmission superior eco friendly for increased power,0,2025-08-09T00:00:00,2025-08-06T00:00:00
68d141e9b3fce85d4c560a2c,Fork Spring - CB350RS,CB350RS,Honda,2016,,Suspension,2252.0,professional grade precision engineered for improved performance,3,4.5,20,,https://example.com/images/fork_spring_cb350rs.jpg,68d134ac3952f7cf7dee90e3,68d134ac3952f7cf7dee90e5,Shiva sai Automobiles,Mahabubabad,17.594209,80.006903,mid-range,modern,excellent,fork spring cb350rs cb350rs honda suspension professional grade precision engineered for improved performance,0,2025-09-09T00:00:00,2025-09-04T00:00:00
68d141e9b3fce85d4c560a2d,Mudguard - Panigale V2,Panigale V2,Ducati,2025,,Body Parts,2188.0,premium quality noise reducing for improved performance,9,3.7,13,,https://example.com/images/mudguard_panigale_v2.jpg,68d134ac3952f7cf7dee90e3,68d134ac3952f7cf7dee90e5,Shiva sai Automobiles,Mahabubabad,17.594209,80.006903,mid-range,modern,good,mudguard panigale v2 panigale v2 ducati body parts premium quality noise reducing for improved performance,0,2025-08-22T00:00:00,2025-09-03T00:00:00
68d141e9b3fce85d4c560a2e,Final Drive Oil - Mahindra Model 755,Mahindra Model 755,Mahindra,2015,,Drivetrain,2960.0,superior corrosion resistant for enhanced safety,25,3.7,25,,https://example.com/images/final_drive_oil_mahindra_model_755.jpg,68ac2a8e3c73e23c655de052,68ac2a8f3c73e23c655de054,Swathi Automobiles,Chappal Bazar Road - Kachiguda ,17.38953,78.491245,mid-range,modern,good,final drive oil mahindra model 755 mahindra model 755 mahindra drivetrain superior corrosion resistant for enhanced safety,0,2025-08-30T00:00:00,2025-08-06T00:00:00
68d141e9b3fce85d4c560a2f,Final Drive Oil - Super Meteor 650,Super Meteor 650,Royal Enfield,2023,,Drivetrain,1739.0,superior maintenance free for better fuel economy,18,4.7,17,,https://example.com/images/final_drive_oil_super_meteor_650.jpg,68d0c47d09554c358655174b,68d0c47e09554c358655174d,Tarun Automobiles,,17.423605,78.546314,mid-range,modern,excellent,final drive oil super meteor 650 super meteor 650 royal enfield drivetrain superior maintenance free for better fuel economy,0,2025-08-31T00:00:00,2025-08-01T00:00:00
68d141e9b3fce85d4c560a30,Spark Plug - CB350RS,CB350RS,Honda,2025,,Ignition,422.0,advanced vibration dampening for better handling,12,4.0,18,,https://example.com/images/spark_plug_cb350rs.jpg,68d136193952f7cf7dee9131,68d136193952f7cf7dee9133,Mahesh Automobiles,Khammam,17.249885,80.15615,budget,modern,excellent,spark plug cb350rs cb350rs honda ignition advanced vibration dampening for better handling,0,2025-09-03T00:00:00,2025-08-03T00:00:00
68d141e9b3fce85d4c560a31,Vacuum Filter - Mahindra Model 798,Mahindra Model 798,Mahindra,2020,,Filters,257.0,oem quality eco friendly for enhanced safety,3,4.2,3,,https://example.com/images/vacuum_filter_mahindra_model_798.jpg,689d6959045c37933826818b,689d6959045c37933826818d,sai automobiles,RAMNAGAR COLONY PEERZADIGUDA UPPAL HYDERABAD,17.390358,78.606729,budget,modern,excellent,vacuum filter mahindra model 798 mahindra model 798 mahindra filters oem quality eco friendly for enhanced safety,0,2025-09-11T00:00:00,2025-08-16T00:00:00
68d141e9b3fce85d4c560a32,Turn Signal - RC 390,RC 390,KTM,2017,,Electrical,1009.0,high performance high strength for enhanced safety,23,4.7,2,,https://example.com/images/turn_signal_rc_390.jpg,68d134ac3952f7cf7dee90e3,68d134ac3952f7cf7dee90e5,Shiva sai Automobiles,Mahabubabad,17.594209,80.006903,mid-range,modern,excellent,turn signal rc 390 rc 390 ktm electrical high performance high strength for enhanced safety,0,2025-09-02T00:00:00,2025-08-06T00:00:00
68d141e9b3fce85d4c560a33,Brake Caliper - Dio,Dio,Honda,2025,,Brakes,2662.0,durable high strength for reduced maintenance,11,4.2,8,,https://example.com/images/brake_caliper_dio.jpg,68d1346c3952f7cf7dee90d0,68d1346c3952f7cf7dee90d2,Kalyan Automobiles,Bala Nagar,17.475679,78.447328,mid-range,modern,excellent,brake caliper dio dio honda brakes durable high strength for reduced maintenance,0,2025-08-27T00:00:00,2025-08-28T00:00:00
68d141e9b3fce85d4c560a34,Tank Cap - Platina 110,Platina 110,Bajaj,2015,,Fuel System,5491.0,high performance corrosion resistant for longer life,23,3.9,24,,https://example.com/images/tank_cap_platina_110.jpg,68d134ac3952f7cf7dee90e3,68d134ac3952f7cf7dee90e5,Shiva sai Automobiles,Mahabubabad,17.594209,80.006903,premium,modern,good,tank cap platina 110 platina 110 bajaj fuel system high performance corrosion resistant for longer life,0,2025-08-10T00:00:00,2025-09-05T00:00:00
68d141e9b3fce85d4c560a35,Clutch Spring - Ninja 400,Ninja 400,Kawasaki,2021,,Transmission,2119.0,premium quality vibration dampening for increased power,8,4.7,5,,https://example.com/images/clutch_spring_ninja_400.jpg,68d135063952f7cf7dee90f6,68d135063952f7cf7dee90f8,Manoj Automobiles,Dilshknagar,17.367642,78.534282,mid-range,modern,excellent,clutch spring ninja 400 ninja 400 kawasaki transmission premium quality vibration dampening for increased power,0,2025-09-13T00:00:00,2025-08-29T00:00:00
68d141e9b3fce85d4c560a36,Fuel Filter - Access 125,Access 125,Suzuki,2017,,Filters,315.0,superior corrosion resistant for enhanced safety,8,4.2,18,,https://example.com/images/fuel_filter_access_125.jpg,68d136193952f7cf7dee9131,68d136193952f7cf7dee9133,Mahesh Automobiles,Khammam,17.249885,80.15615,budget,modern,excellent,fuel filter access 125 access 125 suzuki filters superior corrosion resistant for enhanced safety,0,2025-08-26T00:00:00,2025-09-05T00:00:00
68d141e9b3fce85d4c560a37,License Plate Light - Triumph Model 485,Triumph Model 485,Triumph,2016,,Lighting,3976.0,professional grade eco friendly for smoother operation,11,4.1,21,,https://example.com/images/license_plate_light_triumph_model_485.jpg,68d136193952f7cf7dee9131,68d136193952f7cf7dee9133,Mahesh Automobiles,Khammam,17.249885,80.15615,mid-range,modern,excellent,license plate light triumph model 485 triumph model 485 triumph lighting professional grade eco friendly for smoother operation,0,2025-08-06T00:00:00,2025-09-04T00:00:00
68d141e9b3fce85d4c560a38,Carbon Filter - Harley-Davidson Model 166,Harley-Davidson Model 166,Harley-Davidson,2019,,Filters,754.0,oem quality long lasting for reduced maintenance,2,4.2,14,,https://example.com/images/carbon_filter_harley_davidson_model_166.jpg,68d1346c3952f7cf7dee90d0,68d1346c3952f7cf7dee90d2,Kalyan Automobiles,Bala Nagar,17.475679,78.447328,budget,modern,excellent,carbon filter harley davidson model 166 harley davidson model 166 harley davidson filters oem quality long lasting for reduced maintenance,0,2025-08-18T00:00:00,2025-08-29T00:00:00
68d141e9b3fce85d4c560a39,Hydraulic Filter - Gixxer,Gixxer,Suzuki,2024,,Filters,161.0,lightweight precision engineered for better handling,8,5.0,25,,https://example.com/images/hydraulic_filter_gixxer.jpg,689d6959045c37933826818b,689d6959045c37933826818d,sai automobiles,RAMNAGAR COLONY PEERZADIGUDA UPPAL HYDERABAD,17.390358,78.606729,budget,modern,excellent,hydraulic filter gixxer gixxer suzuki filters lightweight precision engineered for better handling,0,2025-09-15T00:00:00,2025-08-01T00:00:00
68d141e9b3fce85d4c560a3a,Wheel Balancing Weight - Triumph Model 510,Triumph Model 510,Triumph,2025,,Wheels & Tires,7674.0,professional grade long lasting for enhanced durability,11,3.6,21,,https://example.com/images/wheel_balancing_weight_triumph_model_510.jpg,68d135833952f7cf7dee9109,68d135833952f7cf7dee910b,Mounika Automobiles,Karimnagar,18.435781,79.132861,premium,modern,good,wheel balancing weight triumph model 510 triumph model 510 triumph wheels tires professional grade long lasting for enhanced durability,0,2025-08-14T00:00:00,2025-09-09T00:00:00
68d141e9b3fce85d4c560a3b,Tool Kit - Apache RTR 200,Apache RTR 200,TVS,2018,,Accessories,425.0,lightweight noise reducing for improved performance,2,4.1,12,,https://example.com/images/tool_kit_apache_rtr_200.jpg,68d136193952f7cf7dee9131,68d136193952f7cf7dee9133,Mahesh Automobiles,Khammam,17.249885,80.15615,budget,modern,excellent,tool kit apache rtr 200 apache rtr 200 tvs accessories lightweight noise reducing for improved performance,0,2025-09-17T00:00:00,2025-09-05T00:00:00
68d141e9b3fce85d4c560a3c,Brake Lever - Mahindra Model 717,Mahindra Model 717,Mahindra,2021,,Brakes,1719.0,professional grade long lasting for smoother operation,20,3.6,9,,https://example.com/images/brake_lever_mahindra_model_717.jpg,68ac2a8e3c73e23c655de052,68ac2a8f3c73e23c655de054,Swathi Automobiles,Chappal Bazar Road - Kachiguda ,17.38953,78.491245,mid-range,modern,good,brake lever mahindra model 717 mahindra model 717 mahindra brakes professional grade long lasting for smoother operation,0,2025-08-25T00:00:00,2025-08-26T00:00:00
68d141e9b3fce85d4c560a3d,Water Hose - Burgman Street V1,Burgman Street,Suzuki,2021,,Cooling System,6145.0,advanced vibration dampening for enhanced safety,11,3.6,12,,https://example.com/images/water_hose_burgman_street.jpg,68ac2a8e3c73e23c655de052,68ac2a8f3c73e23c655de054,Swathi Automobiles,Chappal Bazar Road - Kachiguda ,17.38953,78.491245,premium,modern,good,water hose burgman street v1 burgman street suzuki cooling system advanced vibration dampening for enhanced safety,0,2025-08-09T00:00:00,2025-08-05T00:00:00
68d141e9b3fce85d4c560a3e,Master Cylinder - Multistrada V4,Multistrada V4,Ducati,2019,,Brakes,1888.0,high performance long lasting for longer life,16,5.0,25,,https://example.com/images/master_cylinder_multistrada_v4.jpg,68d1346c3952f7cf7dee90d0,68d1346c3952f7cf7dee90d2,Kalyan Automobiles,Bala Nagar,17.475679,78.447328,mid-range,modern,excellent,master cylinder multistrada v4 multistrada v4 ducati brakes high performance long lasting for longer life,0,2025-08-04T00:00:00,2025-08-29T00:00:00
68d141e9b3fce85d4c560a3f,Master Cylinder - Livo,Livo,Honda,2025,,Brakes,1465.0,advanced maintenance free for smoother operation,25,4.4,6,,https://example.com/images/master_cylinder_livo.jpg,68d133bf3952f7cf7dee90b7,68d133bf3952f7cf7dee90b9,Jyothi Automobiles,Hyderabad,17.511409,78.350972,mid-range,modern,excellent,master cylinder livo livo honda brakes advanced maintenance free for smoother operation,0,2025-08-23T00:00:00,2025-09-10T00:00:00
68d141e9b3fce85d4c560a40,Ignition Module - Triumph Model 920,Triumph Model 920,Triumph,2018,,Ignition,588.0,professional grade eco friendly for improved comfort,16,5.0,25,,https://example.com/images/ignition_module_triumph_model_920.jpg,68d134ac3952f7cf7dee90e3,68d134ac3952f7cf7dee90e5,Shiva sai Automobiles,Mahabubabad,17.594209,80.006903,budget,modern,excellent,ignition module triumph model 920 triumph model 920 triumph ignition professional grade eco friendly for improved comfort,0,2025-08-13T00:00:00,2025-08-10T00:00:00
68d141e9b3fce85d4c560a41,Kick Starter - Unicorn,Unicorn,Honda,2018,,Transmission,4266.0,high performance noise reducing for increased power,14,3.5,23,,https://example.com/images/kick_starter_unicorn.jpg,68ac2a8e3c73e23c655de052,68ac2a8f3c73e23c655de054,Swathi Automobiles,Chappal Bazar Road - Kachiguda ,17.38953,78.491245,mid-range,modern,good,kick starter unicorn unicorn honda transmission high performance noise reducing for increased power,0,2025-08-24T00:00:00,2025-08-20T00:00:00
68d141e9b3fce85d4c560a42,Radiator - Apache RTR 180,Apache RTR 180,TVS,2023,,Cooling System,1885.0,oem quality vibration dampening for improved comfort,21,4.8,16,,https://example.com/images/radiator_apache_rtr_180.jpg,68d135833952f7cf7dee9109,68d135833952f7cf7dee910b,Mounika Automobiles,Karimnagar,18.435781,79.132861,mid-range,modern,excellent,radiator apache rtr 180 apache rtr 180 tvs cooling system oem quality vibration dampening for improved comfort,0,2025-08-09T00:00:00,2025-09-06T00:00:00
68d141e9b3fce85d4c560a43,Hub Bearing - Diavel,Diavel,Ducati,2020,,Wheels & Tires,5656.0,superior heat treated for increased power,2,3.7,13,,https://example.com/images/hub_bearing_diavel.jpg,68d0c47d09554c358655174b,68d0c47e09554c358655174d,Tarun Automobiles,,17.423605,78.546314,premium,modern,good,hub bearing diavel diavel ducati wheels tires superior heat treated for increased power,0,2025-08-15T00:00:00,2025-08-20T00:00:00
68d141e9b3fce85d4c560a44,Coolant Filter - Harley-Davidson Model 853,Harley-Davidson Model 853,Harley-Davidson,2019,,Filters,1044.0,heavy duty high strength for improved performance,23,4.2,2,,https://example.com/images/coolant_filter_harley_davidson_model_853.jpg,68ac2a8e3c73e23c655de052,68ac2a8f3c73e23c655de054,Swathi Automobiles,Chappal Bazar Road - Kachiguda ,17.38953,78.491245,mid-range,modern,excellent,coolant filter harley davidson model 853 harley davidson model 853 harley davidson filters heavy duty high strength for improved performance,0,2025-08-02T00:00:00,2025-08-31T00:00:00
68d141e9b3fce85d4c560a45,Alternator - Benelli Model 612,Benelli Model 612,Benelli,2017,,Electrical,3219.0,professional grade corrosion resistant for longer life,10,3.9,30,,https://example.com/images/alternator_benelli_model_612.jpg,68d136193952f7cf7dee9131,68d136193952f7cf7dee9133,Mahesh Automobiles,Khammam,17.249885,80.15615,mid-range,modern,good,alternator benelli model 612 benelli model 612 benelli electrical professional grade corrosion resistant for longer life,0,2025-08-18T00:00:00,2025-09-05T00:00:00
68d141e9b3fce85d4c560a46,Valve Set - Star City Plus,Star City Plus,TVS,2019,,Engine,14761.0,heavy duty eco friendly for improved performance,22,4.3,22,,https://example.com/images/valve_set_star_city_plus.jpg,68d135833952f7cf7dee9109,68d135833952f7cf7dee910b,Mounika Automobiles,Karimnagar,18.435781,79.132861,premium,modern,excellent,valve set star city plus star city plus tvs engine heavy duty eco friendly for improved performance,0,2025-09-13T00:00:00,2025-08-21T00:00:00
68d141e9b3fce85d4c560a47,Tail Light - Apache RR 310,Apache RR 310,TVS,2023,,Lighting,3436.0,high performance noise reducing for better handling,18,4.5,24,,https://example.com/images/tail_light_apache_rr_310.jpg,68d1346c3952f7cf7dee90d0,68d1346c3952f7cf7dee90d2,Kalyan Automobiles,Bala Nagar,17.475679,78.447328,mid-range,modern,excellent,tail light apache rr 310 apache rr 310 tvs lighting high performance noise reducing for better handling,0,2025-09-12T00:00:00,2025-09-06T00:00:00
68d141e9b3fce85d4c560a48,License Plate Light - Bullet 350,Bullet 350,Royal Enfield,2023,,Lighting,808.0,enhanced long lasting for enhanced safety,3,3.6,20,,https://example.com/images/license_plate_light_bullet_350.jpg,68d1346c3952f7cf7dee90d0,68d1346c3952f7cf7dee90d2,Kalyan Automobiles,Bala Nagar,17.475679,78.447328,budget,modern,good,license plate light bullet 350 bullet 350 royal enfield lighting enhanced long lasting for enhanced safety,0,2025-09-07T00:00:00,2025-08-29T00:00:00
68d141e9b3fce85d4c560a49,Pressure Plate - Pulsar 180,Pulsar 180,Bajaj,2017,,Transmission,6156.0,heavy duty vibration dampening for enhanced durability,2,3.9,16,,https://example.com/images/pressure_plate_pulsar_180.jpg,68d133bf3952f7cf7dee90b7,68d133bf3952f7cf7dee90b9,Jyothi Automobiles,Hyderabad,17.511409,78.350972,premium,modern,good,pressure plate pulsar 180 pulsar 180 bajaj transmission heavy duty vibration dampening for enhanced durability,0,2025-09-20T00:00:00,2025-08-10T00:00:00
68d141e9b3fce85d4c560a4a,CDI Unit - Vulcan S,Vulcan S,Kawasaki,2022,,Electrical,3139.0,advanced vibration dampening for better handling,8,4.8,20,,https://example.com/images/cdi_unit_vulcan_s.jpg,68ac2a8e3c73e23c655de052,68ac2a8f3c73e23c655de054,Swathi Automobiles,Chappal Bazar Road - Kachiguda ,17.38953,78.491245,mid-range,modern,excellent,cdi unit vulcan vulcan kawasaki electrical advanced vibration dampening for better handling,0,2025-09-14T00:00:00,2025-08-25T00:00:00
68d141e9b3fce85d4c560a4b,Clutch Spring - Triumph Model 682,Triumph Model 682,Triumph,2021,,Transmission,2972.0,lightweight vibration dampening for longer life,1,3.8,6,,https://example.com/images/clutch_spring_triumph_model_682.jpg,68d135063952f7cf7dee90f6,68d135063952f7cf7dee90f8,Manoj Automobiles,Dilshknagar,17.367642,78.534282,mid-range,modern,good,clutch spring triumph model 682 triumph model 682 triumph transmission lightweight vibration dampening for longer life,0,2025-08-10T00:00:00,2025-09-21T00:00:00
68d141e9b3fce85d4c560a4c,Performance Exhaust - Triumph Model 646,Triumph Model 646,Triumph,2020,,Exhaust,8524.0,high performance heat treated for smoother operation,8,3.9,12,,https://example.com/images/performance_exhaust_triumph_model_646.jpg,68d135063952f7cf7dee90f6,68d135063952f7cf7dee90f8,Manoj Automobiles,Dilshknagar,17.367642,78.534282,premium,modern,good,performance exhaust triumph model 646 triumph model 646 triumph exhaust high performance heat treated for smoother operation,0,2025-09-20T00:00:00,2025-09-13T00:00:00
68d141e9b3fce85d4c560a4d,Transmission Oil - Grazia,Grazia,Honda,2023,,Transmission,2936.0,superior eco friendly for reduced maintenance,8,5.0,26,,https://example.com/images/transmission_oil_grazia.jpg,68d133bf3952f7cf7dee90b7,68d133bf3952f7cf7dee90b9,Jyothi Automobiles,Hyderabad,17.511409,78.350972,mid-range,modern,excellent,transmission oil grazia grazia honda transmission superior eco friendly for reduced maintenance,0,2025-09-07T00:00:00,2025-08-30T00:00:00
68d141e9b3fce85d4c560a4e,Tool Kit - Aprilia Model 796,Aprilia Model 796,Aprilia,2020,,Accessories,692.0,heavy duty precision engineered for improved performance,9,4.6,9,,https://example.com/images/tool_kit_aprilia_model_796.jpg,689d6959045c37933826818b,689d6959045c37933826818d,sai automobiles,RAMNAGAR COLONY PEERZADIGUDA UPPAL HYDERABAD,17.390358,78.606729,budget,modern,excellent,tool kit aprilia model 796 aprilia model 796 aprilia accessories heavy duty precision engineered for improved performance,0,2025-09-07T00:00:00,2025-08-07T00:00:00
68d141e9b3fce85d4c560a4f,Variator - Mahindra Model 464,Mahindra Model 464,Mahindra,2023,,Drivetrain,2850.0,high performance vibration dampening for enhanced safety,2,4.4,5,,https://example.com/images/variator_mahindra_model_464.jpg,689d6959045c37933826818b,689d6959045c37933826818d,sai automobiles,RAMNAGAR COLONY PEERZADIGUDA UPPAL HYDERABAD,17.390358,78.606729,mid-range,modern,excellent,variator mahindra model 464 mahindra model 464 mahindra drivetrain high performance vibration dampening for enhanced safety,0,2025-08-18T00:00:00,2025-08-04T00:00:00
68d141e9b3fce85d4c560a50,Coolant Pump - BMW Model 950,BMW Model 950,BMW,2022,,Cooling System,3447.0,high performance high strength for better handling,25,4.3,29,,https://example.com/images/coolant_pump_bmw_model_950.jpg,68d0c47d09554c358655174b,68d0c47e09554c358655174d,Tarun Automobiles,,17.423605,78.546314,mid-range,modern,excellent,coolant pump bmw model 950 bmw model 950 bmw cooling system high performance high strength for better handling,0,2025-08-31T00:00:00,2025-08-12T00:00:00
68d141e9b3fce85d4c560a51,Gear Shift Lever - Benelli Model 650,Benelli Model 650,Benelli,2015,,Transmission,6360.0,enhanced noise reducing for better handling,4,4.3,17,,https://example.com/images/gear_shift_lever_benelli_model_650.jpg,68d135063952f7cf7dee90f6,68d135063952f7cf7dee90f8,Manoj Automobiles,Dilshknagar,17.367642,78.534282,premium,modern,excellent,gear shift lever benelli model 650 benelli model 650 benelli transmission enhanced noise reducing for better handling,0,2025-09-11T00:00:00,2025-08-30T00:00:00
68d141e9b3fce85d4c560a52,Front Tire - 790 Duke,790 Duke,KTM,2017,,Wheels & Tires,5414.0,durable corrosion resistant for improved performance,18,4.3,22,,https://example.com/images/front_tire_790_duke.jpg,68d135063952f7cf7dee90f6,68d135063952f7cf7dee90f8,Manoj Automobiles,Dilshknagar,17.367642,78.534282,premium,modern,excellent,front tire 790 duke 790 duke ktm wheels tires durable corrosion resistant for improved performance,0,2025-08-24T00:00:00,2025-08-27T00:00:00
68d141e9b3fce85d4c560a53,Front Shock Absorber - Aprilia Model 541,Aprilia Model 541,Aprilia,2025,,Suspension,4746.0,advanced eco friendly for smoother operation,7,3.6,6,,https://example.com/images/front_shock_absorber_aprilia_model_541.jpg,68d135063952f7cf7dee90f6,68d135063952f7cf7dee90f8,Manoj Automobiles,Dilshknagar,17.367642,78.534282,mid-range,modern,good,front shock absorber aprilia model 541 aprilia model 541 aprilia suspension advanced eco friendly for smoother operation,0,2025-08-05T00:00:00,2025-09-18T00:00:00
68d141e9b3fce85d4c560a54,Mudguard - CB Hornet 2.0,CB Hornet 2.0,Honda,2022,,Body Parts,2666.0,enhanced precision engineered for increased power,14,4.6,24,,https://example.com/images/mudguard_cb_hornet_2.0.jpg,68d0c47d09554c358655174b,68d0c47e09554c358655174d,Tarun Automobiles,,17.423605,78.546314,mid-range,modern,excellent,mudguard cb hornet cb hornet honda body parts enhanced precision engineered for increased power,0,2025-08-24T00:00:00,2025-08-29T00:00:00
68d141e9b3fce85d4c560a55,Wire Wheel - BMW Model 351,BMW Model 351,BMW,2015,,Wheels & Tires,9336.0,advanced corrosion resistant for longer life,23,4.6,2,,https://example.com/images/wire_wheel_bmw_model_351.jpg,68d135063952f7cf7dee90f6,68d135063952f7cf7dee90f8,Manoj Automobiles,Dilshknagar,17.367642,78.534282,premium,modern,excellent,wire wheel bmw model 351 bmw model 351 bmw wheels tires advanced corrosion resistant for longer life,0,2025-08-29T00:00:00,2025-09-06T00:00:00
68d141e9b3fce85d4c560a56,Performance Exhaust - BMW Model 225,BMW Model 225,BMW,2015,,Exhaust,12786.0,lightweight precision engineered for enhanced safety,25,3.6,15,,https://example.com/images/performance_exhaust_bmw_model_225.jpg,68d133bf3952f7cf7dee90b7,68d133bf3952f7cf7dee90b9,Jyothi Automobiles,Hyderabad,17.511409,78.350972,premium,modern,good,performance exhaust bmw model 225 bmw model 225 bmw exhaust lightweight precision engineered for enhanced safety,0,2025-08-13T00:00:00,2025-09-01T00:00:00
68d141e9b3fce85d4c560a57,CDI Unit - Hypermotard,Hypermotard,Ducati,2015,,Electrical,1442.0,durable noise reducing for smoother operation,4,3.7,25,,https://example.com/images/cdi_unit_hypermotard.jpg,68d133bf3952f7cf7dee90b7,68d133bf3952f7cf7dee90b9,Jyothi Automobiles,Hyderabad,17.511409,78.350972,mid-range,modern,good,cdi unit hypermotard hypermotard ducati electrical durable noise reducing for smoother operation,0,2025-08-04T00:00:00,2025-08-26T00:00:00
68d141e9b3fce85d4c560a58,Engine Guard - 790 Duke V1,790 Duke,KTM,2018,,Accessories,1553.0,premium quality heat treated for enhanced durability,4,4.3,11,,https://example.com/images/engine_guard_790_duke.jpg,68d133bf3952f7cf7dee90b7,68d133bf3952f7cf7dee90b9,Jyothi Automobiles,Hyderabad,17.511409,78.350972,mid-range,modern,excellent,engine guard 790 duke v1 790 duke ktm accessories premium quality heat treated for enhanced durability,0,2025-08-16T00:00:00,2025-08-14T00:00:00
68d141e9b3fce85d4c560a59,Breather Filter - Harley-Davidson Model 682,Harley-Davidson Model 682,Harley-Davidson,2015,,Filters,639.0,advanced corrosion resistant for better fuel economy,19,4.1,11,,https://example.com/images/breather_filter_harley_davidson_model_682.jpg,68d135833952f7cf7dee9109,68d135833952f7cf7dee910b,Mounika Automobiles,Karimnagar,18.435781,79.132861,budget,modern,excellent,breather filter harley davidson model 682 harley davidson model 682 harley davidson filters advanced corrosion resistant for better fuel economy,0,2025-09-17T00:00:00,2025-09-16T00:00:00
68d141e9b3fce85d4c560a5a,Rim - Glamour,Glamour,Hero,2022,,Wheels & Tires,7262.0,high performance vibration dampening for improved comfort,20,4.3,15,,https://example.com/images/rim_glamour.jpg,68d134ac3952f7cf7dee90e3,68d134ac3952f7cf7dee90e5,Shiva sai Automobiles,Mahabubabad,17.594209,80.006903,premium,modern,excellent,rim glamour glamour hero wheels tires high performance vibration dampening for improved comfort,0,2025-08-29T00:00:00,2025-08-16T00:00:00
68d141e9b3fce85d4c560a5b,Sprocket Cover - Triumph Model 855,Triumph Model 855,Triumph,2016,,Transmission,1623.0,durable long lasting for enhanced durability,11,3.7,1,,https://example.com/images/sprocket_cover_triumph_model_855.jpg,689d6959045c37933826818b,689d6959045c37933826818d,sai automobiles,RAMNAGAR COLONY PEERZADIGUDA UPPAL HYDERABAD,17.390358,78.606729,mid-range,modern,good,sprocket cover triumph model 855 triumph model 855 triumph transmission durable long lasting for enhanced durability,0,2025-09-19T00:00:00,2025-09-17T00:00:00
68d141e9b3fce85d4c560a5c,Steering Head Bearing - Triumph Model 688,Triumph Model 688,Triumph,2025,,Suspension,4552.0,heavy duty noise reducing for improved comfort,12,3.8,11,,https://example.com/images/steering_head_bearing_triumph_model_688.jpg,68d133bf3952f7cf7dee90b7,68d133bf3952f7cf7dee90b9,Jyothi Automobiles,Hyderabad,17.511409,78.350972,mid-range,modern,good,steering head bearing triumph model 688 triumph model 688 triumph suspension heavy duty noise reducing for improved comfort,0,2025-08-25T00:00:00,2025-09-14T00:00:00
68d141e9b3fce85d4c560a5d,Fork Tube - BMW Model 609,BMW Model 609,BMW,2021,,Suspension,2644.0,professional grade precision engineered for smoother operation,10,4.2,21,,https://example.com/images/fork_tube_bmw_model_609.jpg,68d135d63952f7cf7dee911e,68d135d63952f7cf7dee9120,baskar Automobiles,Medak,18.048948,78.269372,mid-range,modern,excellent,fork tube bmw model 609 bmw model 609 bmw suspension professional grade precision engineered for smoother operation,0,2025-09-05T00:00:00,2025-08-22T00:00:00
68d141e9b3fce85d4c560a5e,Dashboard Light - V-Strom SX,V-Strom SX,Suzuki,2022,,Lighting,2412.0,high performance corrosion resistant for enhanced durability,9,3.9,21,,https://example.com/images/dashboard_light_v_strom_sx.jpg,68d135063952f7cf7dee90f6,68d135063952f7cf7dee90f8,Manoj Automobiles,Dilshknagar,17.367642,78.534282,mid-range,modern,good,dashboard light strom sx strom sx suzuki lighting high performance corrosion resistant for enhanced durability,0,2025-08-08T00:00:00,2025-08-24T00:00:00
68d141e9b3fce85d4c560a5f,Fuel Gauge - MT-15,MT-15,Yamaha,2017,,Fuel System,1281.0,oem quality long lasting for better fuel economy,20,3.8,8,,https://example.com/images/fuel_gauge_mt_15.jpg,68d133bf3952f7cf7dee90b7,68d133bf3952f7cf7dee90b9,Jyothi Automobiles,Hyderabad,17.511409,78.350972,mid-range,modern,good,fuel gauge mt 15 mt 15 yamaha fuel system oem quality long lasting for better fuel economy,0,2025-08-02T00:00:00,2025-09-09T00:00:00
68d141e9b3fce85d4c560a60,Rear Sprocket - Pulsar RS200,Pulsar RS200,Bajaj,2019,,Drivetrain,1677.0,enhanced maintenance free for enhanced safety,19,4.5,9,,https://example.com/images/rear_sprocket_pulsar_rs200.jpg,689d6959045c37933826818b,689d6959045c37933826818d,sai automobiles,RAMNAGAR COLONY PEERZADIGUDA UPPAL HYDERABAD,17.390358,78.606729,mid-range,modern,excellent,rear sprocket pulsar rs200 pulsar rs200 bajaj drivetrain enhanced maintenance free for enhanced safety,0,2025-09-10T00:00:00,2025-08-30T00:00:00
68d141e9b3fce85d4c560a61,Spoke Set - Harley-Davidson Model 636,Harley-Davidson Model 636,Harley-Davidson,2019,,Wheels & Tires,8322.0,lightweight high strength for increased power,1,3.8,11,,https://example.com/images/spoke_set_harley_davidson_model_636.jpg,68d1346c3952f7cf7dee90d0,68d1346c3952f7cf7dee90d2,Kalyan Automobiles,Bala Nagar,17.475679,78.447328,premium,modern,good,spoke set harley davidson model 636 harley davidson model 636 harley davidson wheels tires lightweight high strength for increased power,0,2025-08-18T00:00:00,2025-09-16T00:00:00
68d141e9b3fce85d4c560a62,Brake Fluid Reservoir - Dominar 400,Dominar 400,Bajaj,2025,,Brakes,1119.0,enhanced heat treated for enhanced durability,5,4.4,10,,https://example.com/images/brake_fluid_reservoir_dominar_400.jpg,68d135833952f7cf7dee9109,68d135833952f7cf7dee910b,Mounika Automobiles,Karimnagar,18.435781,79.132861,mid-range,modern,excellent,brake fluid reservoir dominar 400 dominar 400 bajaj brakes enhanced heat treated for enhanced durability,0,2025-08-09T00:00:00,2025-09-17T00:00:00
68d141e9b3fce85d4c560a63,LED Strip - Super Splendor,Super Splendor,Hero,2024,,Lighting,1117.0,oem quality fuel efficient for improved performance,5,4.7,4,,https://example.com/images/led_strip_super_splendor.jpg,68d135833952f7cf7dee9109,68d135833952f7cf7dee910b,Mounika Automobiles,Karimnagar,18.435781,79.132861,mid-range,modern,excellent,led strip super splendor super splendor hero lighting oem quality fuel efficient for improved performance,0,2025-08-26T00:00:00,2025-08-09T00:00:00
68d141e9b3fce85d4c560a64,Kick Starter - Activa 6G,Activa 6G,Honda,2015,,Transmission,4774.0,lightweight precision engineered for reduced maintenance,2,4.6,11,,https://example.com/images/kick_starter_activa_6g.jpg,68d1346c3952f7cf7dee90d0,68d1346c3952f7cf7dee90d2,Kalyan Automobiles,Bala Nagar,17.475679,78.447328,mid-range,modern,excellent,kick starter activa 6g activa 6g honda transmission lightweight precision engineered for reduced maintenance,0,2025-08-18T00:00:00,2025-08-04T00:00:00
68d141e9b3fce85d4c560a65,Hub Bearing - Maestro Edge,Maestro Edge,Hero,2019,,Wheels & Tires,4196.0,oem quality fuel efficient for improved comfort,2,4.5,22,,https://example.com/images/hub_bearing_maestro_edge.jpg,68d134ac3952f7cf7dee90e3,68d134ac3952f7cf7dee90e5,Shiva sai Automobiles,Mahabubabad,17.594209,80.006903,mid-range,modern,excellent,hub bearing maestro edge maestro edge hero wheels tires oem quality fuel efficient for improved comfort,0,2025-09-21T00:00:00,2025-09-03T00:00:00
68d141e9b3fce85d4c560a66,Drive Belt - Triumph Model 521,Triumph Model 521,Triumph,2025,,Drivetrain,2448.0,premium quality long lasting for better handling,2,4.5,11,,https://example.com/images/drive_belt_triumph_model_521.jpg,68d1346c3952f7cf7dee90d0,68d1346c3952f7cf7dee90d2,Kalyan Automobiles,Bala Nagar,17.475679,78.447328,mid-range,modern,excellent,drive belt triumph model 521 triumph model 521 triumph drivetrain premium quality long lasting for better handling,0,2025-09-04T00:00:00,2025-08-18T00:00:00
68d141e9b3fce85d4c560a67,Variator - Super Meteor 650,Super Meteor 650,Royal Enfield,2016,,Drivetrain,1357.0,enhanced high strength for better fuel economy,19,3.6,11,,https://example.com/images/variator_super_meteor_650.jpg,68d136193952f7cf7dee9131,68d136193952f7cf7dee9133,Mahesh Automobiles,Khammam,17.249885,80.15615,mid-range,modern,good,variator super meteor 650 super meteor 650 royal enfield drivetrain enhanced high strength for better fuel economy,0,2025-09-17T00:00:00,2025-08-03T00:00:00
68d141e9b3fce85d4c560a68,Thermostat - Harley-Davidson Model 768,Harley-Davidson Model 768,Harley-Davidson,2021,,Cooling System,10732.0,durable precision engineered for better handling,22,4.1,30,,https://example.com/images/thermostat_harley_davidson_model_768.jpg,68d136193952f7cf7dee9131,68d136193952f7cf7dee9133,Mahesh Automobiles,Khammam,17.249885,80.15615,premium,modern,excellent,thermostat harley davidson model 768 harley davidson model 768 harley davidson cooling system durable precision engineered for better handling,0,2025-08-28T00:00:00,2025-08-18T00:00:00
68d141e9b3fce85d4c560a69,Spark Plug Wire - Aprilia Model 838,Aprilia Model 838,Aprilia,2018,,Ignition,588.0,advanced fuel efficient for improved performance,11,4.8,18,,https://example.com/images/spark_plug_wire_aprilia_model_838.jpg,68d135063952f7cf7dee90f6,68d135063952f7cf7dee90f8,Manoj Automobiles,Dilshknagar,17.367642,78.534282,budget,modern,excellent,spark plug wire aprilia model 838 aprilia model 838 aprilia ignition advanced fuel efficient for improved performance,0,2025-08-21T00:00:00,2025-08-10T00:00:00
68d141e9b3fce85d4c560a6a,Heat Shield - Pulsar NS200,Pulsar NS200,Bajaj,2015,,Exhaust,8946.0,professional grade long lasting for longer life,4,4.0,8,,https://example.com/images/heat_shield_pulsar_ns200.jpg,68d136193952f7cf7dee9131,68d136193952f7cf7dee9133,Mahesh Automobiles,Khammam,17.249885,80.15615,premium,modern,excellent,heat shield pulsar ns200 pulsar ns200 bajaj exhaust professional grade long lasting for longer life,0,2025-09-18T00:00:00,2025-08-25T00:00:00
68d141e9b3fce85d4c560a6b,Universal Joint - Aerox 155,Aerox 155,Yamaha,2021,,Drivetrain,2364.0,durable precision engineered for reduced maintenance,12,3.5,28,,https://example.com/images/universal_joint_aerox_155.jpg,68d135833952f7cf7dee9109,68d135833952f7cf7dee910b,Mounika Automobiles,Karimnagar,18.435781,79.132861,mid-range,modern,good,universal joint aerox 155 aerox 155 yamaha drivetrain durable precision engineered for reduced maintenance,0,2025-09-10T00:00:00,2025-09-05T00:00:00
68d141e9b3fce85d4c560a6c,Vacuum Filter - Ninja 400,Ninja 400,Kawasaki,2024,,Filters,494.0,high performance fuel efficient for reduced maintenance,25,3.9,1,,https://example.com/images/vacuum_filter_ninja_400.jpg,68d135833952f7cf7dee9109,68d135833952f7cf7dee910b,Mounika Automobiles,Karimnagar,18.435781,79.132861,budget,modern,good,vacuum filter ninja 400 ninja 400 kawasaki filters high performance fuel efficient for reduced maintenance,0,2025-08-27T00:00:00,2025-09-17T00:00:00
68d141e9b3fce85d4c560a6d,Center Stand - Hunter 350,Hunter 350,Royal Enfield,2024,,Body Parts,1688.0,enhanced corrosion resistant for better fuel economy,20,4.6,14,,https://example.com/images/center_stand_hunter_350.jpg,68d135833952f7cf7dee9109,68d135833952f7cf7dee910b,Mounika Automobiles,Karimnagar,18.435781,79.132861,mid-range,modern,excellent,center stand hunter 350 hunter 350 royal enfield body parts enhanced corrosion resistant for better fuel economy,0,2025-08-01T00:00:00,2025-08-20T00:00:00
68d141e9b3fce85d4c560a6e,Transmission Oil - FZ-S,FZ-S,Yamaha,2015,,Transmission,6530.0,enhanced noise reducing for improved performance,5,4.8,23,,https://example.com/images/transmission_oil_fz_s.jpg,68d136193952f7cf7dee9131,68d136193952f7cf7dee9133,Mahesh Automobiles,Khammam,17.249885,80.15615,premium,modern,excellent,transmission oil fz fz yamaha transmission enhanced noise reducing for improved performance,0,2025-09-01T00:00:00,2025-08-16T00:00:00
68d141e9b3fce85d4c560a6f,Front Shock Absorber - Duke 390,Duke 390,KTM,2016,,Suspension,4606.0,durable precision engineered for increased power,3,4.8,5,,https://example.com/images/front_shock_absorber_duke_390.jpg,68ac2a8e3c73e23c655de052,68ac2a8f3c73e23c655de054,Swathi Automobiles,Chappal Bazar Road - Kachiguda ,17.38953,78.491245,mid-range,modern,excellent,front shock absorber duke 390 duke 390 ktm suspension durable precision engineered for increased power,0,2025-09-13T00:00:00,2025-08-25T00:00:00
68d141e9b3fce85d4c560a70,Starter Relay - Benelli Model 750,Benelli Model 750,Benelli,2017,,Ignition,875.0,superior vibration dampening for reduced maintenance,2,4.8,18,,https://example.com/images/starter_relay_benelli_model_750.jpg,68d133bf3952f7cf7dee90b7,68d133bf3952f7cf7dee90b9,Jyothi Automobiles,Hyderabad,17.511409,78.350972,budget,modern,excellent,starter relay benelli model 750 benelli model 750 benelli ignition superior vibration dampening for reduced maintenance,0,2025-08-23T00:00:00,2025-09-06T00:00:00
68d141e9b3fce85d4c560a71,Tool Kit - Aerox 155,Aerox 155,Yamaha,2017,,Accessories,949.0,lightweight noise reducing for longer life,3,3.9,17,,https://example.com/images/tool_kit_aerox_155.jpg,68d136193952f7cf7dee9131,68d136193952f7cf7dee9133,Mahesh Automobiles,Khammam,17.249885,80.15615,budget,modern,good,tool kit aerox 155 aerox 155 yamaha accessories lightweight noise reducing for longer life,0,2025-09-06T00:00:00,2025-08-14T00:00:00
68d141e9b3fce85d4c560a72,Cylinder Head - CT 110X,CT 110X,Bajaj,2020,,Engine,9449.0,premium quality corrosion resistant for longer life,21,3.8,12,,https://example.com/images/cylinder_head_ct_110x.jpg,68d0c47d09554c358655174b,68d0c47e09554c358655174d,Tarun Automobiles,,17.423605,78.546314,premium,modern,good,cylinder head ct 110x ct 110x bajaj engine premium quality corrosion resistant for longer life,0,2025-08-30T00:00:00,2025-08-14T00:00:00
68d141eab3fce85d4c560a73,Side Stand - Burgman Street,Burgman Street,Suzuki,2016,,Body Parts,1857.0,premium quality high strength for longer life,21,5.0,27,,https://example.com/images/side_stand_burgman_street.jpg,68d135833952f7cf7dee9109,68d135833952f7cf7dee910b,Mounika Automobiles,Karimnagar,18.435781,79.132861,mid-range,modern,excellent,side stand burgman street burgman street suzuki body parts premium quality high strength for longer life,0,2025-08-22T00:00:00,2025-09-08T00:00:00
68d141eab3fce85d4c560a74,Tube - Triumph Model 450,Triumph Model 450,Triumph,2015,,Wheels & Tires,1844.0,premium quality maintenance free for reduced maintenance,17,4.0,16,,https://example.com/images/tube_triumph_model_450.jpg,68d134ac3952f7cf7dee90e3,68d134ac3952f7cf7dee90e5,Shiva sai Automobiles,Mahabubabad,17.594209,80.006903,mid-range,modern,excellent,tube triumph model 450 triumph model 450 triumph wheels tires premium quality maintenance free for reduced maintenance,0,2025-09-01T00:00:00,2025-08-04T00:00:00
68d141eab3fce85d4c560a75,Spoke Set - Shotgun 650,Shotgun 650,Royal Enfield,2025,,Wheels & Tires,3134.0,lightweight vibration dampening for improved comfort,17,3.9,23,,https://example.com/images/spoke_set_shotgun_650.jpg,68d136193952f7cf7dee9131,68d136193952f7cf7dee9133,Mahesh Automobiles,Khammam,17.249885,80.15615,mid-range,modern,good,spoke set shotgun 650 shotgun 650 royal enfield wheels tires lightweight vibration dampening for improved comfort,0,2025-09-11T00:00:00,2025-08-21T00:00:00
68d141eab3fce85d4c560a76,Clutch Plate - MT-15,MT-15,Yamaha,2015,,Transmission,2914.0,lightweight high strength for improved performance,19,4.9,5,,https://example.com/images/clutch_plate_mt_15.jpg,689d6959045c37933826818b,689d6959045c37933826818d,sai automobiles,RAMNAGAR COLONY PEERZADIGUDA UPPAL HYDERABAD,17.390358,78.606729,mid-range,modern,excellent,clutch plate mt 15 mt 15 yamaha transmission lightweight high strength for improved performance,0,2025-08-21T00:00:00,2025-08-26T00:00:00
68d141eab3fce85d4c560a77,Crash Guard - Harley-Davidson Model 683,Harley-Davidson Model 683,Harley-Davidson,2020,,Accessories,793.0,heavy duty eco friendly for better handling,25,4.9,1,,https://example.com/images/crash_guard_harley_davidson_model_683.jpg,68d135833952f7cf7dee9109,68d135833952f7cf7dee910b,Mounika Automobiles,Karimnagar,18.435781,79.132861,budget,modern,excellent,crash guard harley davidson model 683 harley davidson model 683 harley davidson accessories heavy duty eco friendly for better handling,0,2025-08-21T00:00:00,2025-09-17T00:00:00
68d141eab3fce85d4c560a78,Universal Joint - Triumph Model 759,Triumph Model 759,Triumph,2024,,Drivetrain,1416.0,durable heat treated for increased power,24,3.7,5,,https://example.com/images/universal_joint_triumph_model_759.jpg,68d135063952f7cf7dee90f6,68d135063952f7cf7dee90f8,Manoj Automobiles,Dilshknagar,17.367642,78.534282,mid-range,modern,good,universal joint triumph model 759 triumph model 759 triumph drivetrain durable heat treated for increased power,0,2025-08-30T00:00:00,2025-09-03T00:00:00
68d141eab3fce85d4c560a79,Spark Plug - Multistrada V4 V1,Multistrada V4,Ducati,2015,,Ignition,677.0,oem quality noise reducing for smoother operation,3,4.7,29,,https://example.com/images/spark_plug_multistrada_v4.jpg,68d1346c3952f7cf7dee90d0,68d1346c3952f7cf7dee90d2,Kalyan Automobiles,Bala Nagar,17.475679,78.447328,budget,modern,excellent,spark plug multistrada v4 v1 multistrada v4 ducati ignition oem quality noise reducing for smoother operation,0,2025-09-09T00:00:00,2025-08-24T00:00:00
68d141eab3fce85d4c560a7a,Gear Shift Lever - Star City Plus,Star City Plus,TVS,2025,,Transmission,6391.0,high performance vibration dampening for better fuel economy,24,4.2,19,,https://example.com/images/gear_shift_lever_star_city_plus.jpg,68d134ac3952f7cf7dee90e3,68d134ac3952f7cf7dee90e5,Shiva sai Automobiles,Mahabubabad,17.594209,80.006903,premium,modern,excellent,gear shift lever star city plus star city plus tvs transmission high performance vibration dampening for better fuel economy,0,2025-09-03T00:00:00,2025-08-06T00:00:00
68d141eab3fce85d4c560a7b,License Plate Light - Hayabusa,Hayabusa,Suzuki,2020,,Lighting,2239.0,heavy duty heat treated for reduced maintenance,22,4.0,14,,https://example.com/images/license_plate_light_hayabusa.jpg,68d135d63952f7cf7dee911e,68d135d63952f7cf7dee9120,baskar Automobiles,Medak,18.048948,78.269372,mid-range,modern,excellent,license plate light hayabusa hayabusa suzuki lighting heavy duty heat treated for reduced maintenance,0,2025-08-02T00:00:00,2025-09-03T00:00:00
68d141eab3fce85d4c560a7c,Crankshaft - FZ-X,FZ-X,Yamaha,2024,,Engine,11001.0,heavy duty fuel efficient for improved performance,10,4.9,10,,https://example.com/images/crankshaft_fz_x.jpg,68d135833952f7cf7dee9109,68d135833952f7cf7dee910b,Mounika Automobiles,Karimnagar,18.435781,79.132861,premium,modern,excellent,crankshaft fz fz yamaha engine heavy duty fuel efficient for improved performance,0,2025-08-13T00:00:00,2025-08-02T00:00:00
68d141eab3fce85d4c560a7d,Variator - Harley-Davidson Model 420,Harley-Davidson Model 420,Harley-Davidson,2017,,Drivetrain,2115.0,oem quality high strength for better fuel economy,13,4.1,12,,https://example.com/images/variator_harley_davidson_model_420.jpg,68d135833952f7cf7dee9109,68d135833952f7cf7dee910b,Mounika Automobiles,Karimnagar,18.435781,79.132861,mid-range,modern,excellent,variator harley davidson model 420 harley davidson model 420 harley davidson drivetrain oem quality high strength for better fuel economy,0,2025-09-07T00:00:00,2025-09-06T00:00:00
68d141eab3fce85d4c560a7e,Fuel Gauge - Hypermotard,Hypermotard,Ducati,2017,,Fuel System,3492.0,durable maintenance free for longer life,4,4.8,17,,https://example.com/images/fuel_gauge_hypermotard.jpg,68d135833952f7cf7dee9109,68d135833952f7cf7dee910b,Mounika Automobiles,Karimnagar,18.435781,79.132861,mid-range,modern,excellent,fuel gauge hypermotard hypermotard ducati fuel system durable maintenance free for longer life,0,2025-08-05T00:00:00,2025-08-20T00:00:00
68d141eab3fce85d4c560a7f,Cylinder Head - Platina 110,Platina 110,Bajaj,2018,,Engine,4332.0,advanced high strength for smoother operation,17,3.7,15,,https://example.com/images/cylinder_head_platina_110.jpg,68d135833952f7cf7dee9109,68d135833952f7cf7dee910b,Mounika Automobiles,Karimnagar,18.435781,79.132861,mid-range,modern,good,cylinder head platina 110 platina 110 bajaj engine advanced high strength for smoother operation,0,2025-08-20T00:00:00,2025-08-31T00:00:00
68d141eab3fce85d4c560a80,Spoke Set - Bullet 350,Bullet 350,Royal Enfield,2018,,Wheels & Tires,6823.0,advanced fuel efficient for increased power,3,4.8,8,,https://example.com/images/spoke_set_bullet_350.jpg,68d136193952f7cf7dee9131,68d136193952f7cf7dee9133,Mahesh Automobiles,Khammam,17.249885,80.15615,premium,modern,excellent,spoke set bullet 350 bullet 350 royal enfield wheels tires advanced fuel efficient for increased power,0,2025-08-28T00:00:00,2025-08-06T00:00:00
68d141eab3fce85d4c560a81,Seat Cover - Benelli Model 298,Benelli Model 298,Benelli,2018,,Body Parts,699.0,oem quality maintenance free for smoother operation,5,4.0,28,,https://example.com/images/seat_cover_benelli_model_298.jpg,68d136193952f7cf7dee9131,68d136193952f7cf7dee9133,Mahesh Automobiles,Khammam,17.249885,80.15615,budget,modern,excellent,seat cover benelli model 298 benelli model 298 benelli body parts oem quality maintenance free for smoother operation,0,2025-09-02T00:00:00,2025-08-22T00:00:00
68d141eab3fce85d4c560a82,Fuel Filter - Aerox 155,Aerox 155,Yamaha,2018,,Filters,654.0,advanced eco friendly for smoother operation,19,5.0,11,,https://example.com/images/fuel_filter_aerox_155.jpg,68d134ac3952f7cf7dee90e3,68d134ac3952f7cf7dee90e5,Shiva sai Automobiles,Mahabubabad,17.594209,80.006903,budget,modern,excellent,fuel filter aerox 155 aerox 155 yamaha filters advanced eco friendly for smoother operation,0,2025-09-18T00:00:00,2025-09-20T00:00:00
68d141eab3fce85d4c560a83,Air Filter - Continental GT 650,Continental GT 650,Royal Enfield,2018,,Filters,493.0,premium quality corrosion resistant for better handling,1,4.3,29,,https://example.com/images/air_filter_continental_gt_650.jpg,68d0c47d09554c358655174b,68d0c47e09554c358655174d,Tarun Automobiles,,17.423605,78.546314,budget,modern,excellent,air filter continental gt 650 continental gt 650 royal enfield filters premium quality corrosion resistant for better handling,0,2025-09-02T00:00:00,2025-09-01T00:00:00
68d141eab3fce85d4c560a84,Intercooler - Benelli Model 931,Benelli Model 931,Benelli,2024,,Cooling System,4690.0,oem quality fuel efficient for enhanced durability,18,4.7,30,,https://example.com/images/intercooler_benelli_model_931.jpg,68ac2a8e3c73e23c655de052,68ac2a8f3c73e23c655de054,Swathi Automobiles,Chappal Bazar Road - Kachiguda ,17.38953,78.491245,mid-range,modern,excellent,intercooler benelli model 931 benelli model 931 benelli cooling system oem quality fuel efficient for enhanced durability,0,2025-08-19T00:00:00,2025-08-30T00:00:00
68d141eab3fce85d4c560a85,Fork Tube - Triumph Model 467,Triumph Model 467,Triumph,2016,,Suspension,2837.0,enhanced fuel efficient for smoother operation,13,4.0,10,,https://example.com/images/fork_tube_triumph_model_467.jpg,68d0c47d09554c358655174b,68d0c47e09554c358655174d,Tarun Automobiles,,17.423605,78.546314,mid-range,modern,excellent,fork tube triumph model 467 triumph model 467 triumph suspension enhanced fuel efficient for smoother operation,0,2025-09-20T00:00:00,2025-09-09T00:00:00
68d141eab3fce85d4c560a86,Fuel Tank - Gixxer,Gixxer,Suzuki,2019,,Fuel System,5818.0,enhanced fuel efficient for better handling,12,4.2,24,,https://example.com/images/fuel_tank_gixxer.jpg,68d1346c3952f7cf7dee90d0,68d1346c3952f7cf7dee90d2,Kalyan Automobiles,Bala Nagar,17.475679,78.447328,premium,modern,excellent,fuel tank gixxer gixxer suzuki fuel system enhanced fuel efficient for better handling,0,2025-09-14T00:00:00,2025-08-24T00:00:00
68d141eab3fce85d4c560a87,LED Strip - Passion Pro,Passion Pro,Hero,2023,,Lighting,1555.0,advanced maintenance free for improved performance,3,4.0,7,,https://example.com/images/led_strip_passion_pro.jpg,68d136193952f7cf7dee9131,68d136193952f7cf7dee9133,Mahesh Automobiles,Khammam,17.249885,80.15615,mid-range,modern,excellent,led strip passion pro passion pro hero lighting advanced maintenance free for improved performance,0,2025-09-07T00:00:00,2025-08-14T00:00:00
68d141eab3fce85d4c560a88,Pressure Plate - Mahindra Model 852,Mahindra Model 852,Mahindra,2016,,Transmission,3205.0,heavy duty high strength for increased power,21,4.7,21,,https://example.com/images/pressure_plate_mahindra_model_852.jpg,68d136193952f7cf7dee9131,68d136193952f7cf7dee9133,Mahesh Automobiles,Khammam,17.249885,80.15615,mid-range,modern,excellent,pressure plate mahindra model 852 mahindra model 852 mahindra transmission heavy duty high strength for increased power,0,2025-08-05T00:00:00,2025-09-13T00:00:00
68d141eab3fce85d4c560a89,Piston Kit - Continental GT 650,Continental GT 650,Royal Enfield,2023,,Engine,9195.0,high performance maintenance free for better fuel economy,12,4.9,2,,https://example.com/images/piston_kit_continental_gt_650.jpg,689d6959045c37933826818b,689d6959045c37933826818d,sai automobiles,RAMNAGAR COLONY PEERZADIGUDA UPPAL HYDERABAD,17.390358,78.606729,premium,modern,excellent,piston kit continental gt 650 continental gt 650 royal enfield engine high performance maintenance free for better fuel economy,0,2025-09-20T00:00:00,2025-09-05T00:00:00
68d141eab3fce85d4c560a8a,Number Plate Holder - Gixxer,Gixxer,Suzuki,2015,,Body Parts,1998.0,oem quality noise reducing for better fuel economy,3,4.3,24,,https://example.com/images/number_plate_holder_gixxer.jpg,68d133bf3952f7cf7dee90b7,68d133bf3952f7cf7dee90b9,Jyothi Automobiles,Hyderabad,17.511409,78.350972,mid-range,modern,excellent,number plate holder gixxer gixxer suzuki body parts oem quality noise reducing for better fuel economy,0,2025-08-12T00:00:00,2025-09-13T00:00:00
68d141eab3fce85d4c560a8b,Air Filter - Benelli Model 196,Benelli Model 196,Benelli,2020,,Filters,317.0,professional grade eco friendly for enhanced durability,19,4.3,10,,https://example.com/images/air_filter_benelli_model_196.jpg,68d135063952f7cf7dee90f6,68d135063952f7cf7dee90f8,Manoj Automobiles,Dilshknagar,17.367642,78.534282,budget,modern,excellent,air filter benelli model 196 benelli model 196 benelli filters professional grade eco friendly for enhanced durability,0,2025-08-07T00:00:00,2025-08-17T00:00:00
68d141eab3fce85d4c560a8c,Fog Light - Benelli Model 922,Benelli Model 922,Benelli,2019,,Lighting,3836.0,advanced maintenance free for increased power,14,4.1,21,,https://example.com/images/fog_light_benelli_model_922.jpg,689d6959045c37933826818b,689d6959045c37933826818d,sai automobiles,RAMNAGAR COLONY PEERZADIGUDA UPPAL HYDERABAD,17.390358,78.606729,mid-range,modern,excellent,fog light benelli model 922 benelli model 922 benelli lighting advanced maintenance free for increased power,0,2025-09-18T00:00:00,2025-08-16T00:00:00
68d141eab3fce85d4c560a8d,Brake Hose - Star City Plus,Star City Plus,TVS,2024,,Brakes,422.0,premium quality maintenance free for better handling,15,3.9,10,,https://example.com/images/brake_hose_star_city_plus.jpg,68d135063952f7cf7dee90f6,68d135063952f7cf7dee90f8,Manoj Automobiles,Dilshknagar,17.367642,78.534282,budget,modern,good,brake hose star city plus star city plus tvs brakes premium quality maintenance free for better handling,0,2025-08-22T00:00:00,2025-08-30T00:00:00
68d141eab3fce85d4c560a8e,Vacuum Filter - Triumph Model 648,Triumph Model 648,Triumph,2020,,Filters,492.0,heavy duty precision engineered for smoother operation,24,4.9,12,,https://example.com/images/vacuum_filter_triumph_model_648.jpg,689d6959045c37933826818b,689d6959045c37933826818d,sai automobiles,RAMNAGAR COLONY PEERZADIGUDA UPPAL HYDERABAD,17.390358,78.606729,budget,modern,excellent,vacuum filter triumph model 648 triumph model 648 triumph filters heavy duty precision engineered for smoother operation,0,2025-09-13T00:00:00,2025-09-12T00:00:00
68d141eab3fce85d4c560a8f,Spark Plug Wire - Mahindra Model 483,Mahindra Model 483,Mahindra,2021,,Ignition,371.0,high performance vibration dampening for increased power,23,4.9,16,,https://example.com/images/spark_plug_wire_mahindra_model_483.jpg,68d134ac3952f7cf7dee90e3,68d134ac3952f7cf7dee90e5,Shiva sai Automobiles,Mahabubabad,17.594209,80.006903,budget,modern,excellent,spark plug wire mahindra model 483 mahindra model 483 mahindra ignition high performance vibration dampening for increased power,0,2025-09-19T00:00:00,2025-08-14T00:00:00
68d141eab3fce85d4c560a90,Wheel Balancing Weight - BMW Model 834,BMW Model 834,BMW,2018,,Wheels & Tires,9571.0,high performance precision engineered for increased power,5,4.5,6,,https://example.com/images/wheel_balancing_weight_bmw_model_834.jpg,68d133bf3952f7cf7dee90b7,68d133bf3952f7cf7dee90b9,Jyothi Automobiles,Hyderabad,17.511409,78.350972,premium,modern,excellent,wheel balancing weight bmw model 834 bmw model 834 bmw wheels tires high performance precision engineered for increased power,0,2025-08-25T00:00:00,2025-08-14T00:00:00
68d141eab3fce85d4c560a91,Suspension Linkage - Classic 350,Classic 350,Royal Enfield,2021,,Suspension,1954.0,heavy duty vibration dampening for enhanced durability,10,3.7,22,,https://example.com/images/suspension_linkage_classic_350.jpg,68d136193952f7cf7dee9131,68d136193952f7cf7dee9133,Mahesh Automobiles,Khammam,17.249885,80.15615,mid-range,modern,good,suspension linkage classic 350 classic 350 royal enfield suspension heavy duty vibration dampening for enhanced durability,0,2025-09-21T00:00:00,2025-08-30T00:00:00
68d141eab3fce85d4c560a92,Water Pump - Mahindra Model 726,Mahindra Model 726,Mahindra,2024,,Engine,7701.0,heavy duty eco friendly for increased power,16,3.7,26,,https://example.com/images/water_pump_mahindra_model_726.jpg,68d135063952f7cf7dee90f6,68d135063952f7cf7dee90f8,Manoj Automobiles,Dilshknagar,17.367642,78.534282,premium,modern,good,water pump mahindra model 726 mahindra model 726 mahindra engine heavy duty eco friendly for increased power,0,2025-09-14T00:00:00,2025-09-18T00:00:00
68d141eab3fce85d4c560a93,Performance Exhaust - YZF-R3,YZF-R3,Yamaha,2021,,Exhaust,3754.0,superior corrosion resistant for better handling,5,4.7,17,,https://example.com/images/performance_exhaust_yzf_r3.jpg,689d6959045c37933826818b,689d6959045c37933826818d,sai automobiles,RAMNAGAR COLONY PEERZADIGUDA UPPAL HYDERABAD,17.390358,78.606729,mid-range,modern,excellent,performance exhaust yzf r3 yzf r3 yamaha exhaust superior corrosion resistant for better handling,0,2025-08-14T00:00:00,2025-08-31T00:00:00
68d141eab3fce85d4c560a94,Exhaust Gasket - Livo,Livo,Honda,2023,,Exhaust,3514.0,premium quality maintenance free for improved comfort,24,4.6,30,,https://example.com/images/exhaust_gasket_livo.jpg,68d135d63952f7cf7dee911e,68d135d63952f7cf7dee9120,baskar Automobiles,Medak,18.048948,78.269372,mid-range,modern,excellent,exhaust gasket livo livo honda exhaust premium quality maintenance free for improved comfort,0,2025-08-29T00:00:00,2025-08-11T00:00:00
68d141eab3fce85d4c560a95,Fuel Pump - Triumph Model 135,Triumph Model 135,Triumph,2015,,Fuel System,5742.0,professional grade vibration dampening for reduced maintenance,6,4.2,25,,https://example.com/images/fuel_pump_triumph_model_135.jpg,68d0c47d09554c358655174b,68d0c47e09554c358655174d,Tarun Automobiles,,17.423605,78.546314,premium,modern,excellent,fuel pump triumph model 135 triumph model 135 triumph fuel system professional grade vibration dampening for reduced maintenance,0,2025-09-19T00:00:00,2025-09-16T00:00:00
68d141eab3fce85d4c560a96,Ignition Module - BMW Model 806,BMW Model 806,BMW,2015,,Ignition,1557.0,lightweight long lasting for enhanced durability,5,4.4,8,,https://example.com/images/ignition_module_bmw_model_806.jpg,68d135d63952f7cf7dee911e,68d135d63952f7cf7dee9120,baskar Automobiles,Medak,18.048948,78.269372,mid-range,modern,excellent,ignition module bmw model 806 bmw model 806 bmw ignition lightweight long lasting for enhanced durability,0,2025-09-19T00:00:00,2025-09-20T00:00:00
68d141eab3fce85d4c560a97,Battery - Duke 200,Duke 200,KTM,2016,,Electrical,1146.0,professional grade long lasting for improved performance,16,4.3,15,,https://example.com/images/battery_duke_200.jpg,68d135d63952f7cf7dee911e,68d135d63952f7cf7dee9120,baskar Automobiles,Medak,18.048948,78.269372,mid-range,modern,excellent,battery duke 200 duke 200 ktm electrical professional grade long lasting for improved performance,0,2025-08-05T00:00:00,2025-08-31T00:00:00
68d141eab3fce85d4c560a98,Carbon Filter - Panigale V4,Panigale V4,Ducati,2016,,Filters,271.0,durable noise reducing for reduced maintenance,23,3.5,6,,https://example.com/images/carbon_filter_panigale_v4.jpg,68d136193952f7cf7dee9131,68d136193952f7cf7dee9133,Mahesh Automobiles,Khammam,17.249885,80.15615,budget,modern,good,carbon filter panigale v4 panigale v4 ducati filters durable noise reducing for reduced maintenance,0,2025-08-15T00:00:00,2025-08-24T00:00:00
68d141eab3fce85d4c560a99,Hazard Light Switch - FZ-S,FZ-S,Yamaha,2017,,Lighting,933.0,advanced heat treated for longer life,24,3.9,4,,https://example.com/images/hazard_light_switch_fz_s.jpg,68d133bf3952f7cf7dee90b7,68d133bf3952f7cf7dee90b9,Jyothi Automobiles,Hyderabad,17.511409,78.350972,budget,modern,good,hazard light switch fz fz yamaha lighting advanced heat treated for longer life,0,2025-08-22T00:00:00,2025-09-10T00:00:00
68d141eab3fce85d4c560a9a,Starter Relay - Mahindra Model 755,Mahindra Model 755,Mahindra,2024,,Ignition,1195.0,premium quality vibration dampening for enhanced durability,13,4.5,9,,https://example.com/images/starter_relay_mahindra_model_755.jpg,68d134ac3952f7cf7dee90e3,68d134ac3952f7cf7dee90e5,Shiva sai Automobiles,Mahabubabad,17.594209,80.006903,mid-range,modern,excellent,starter relay mahindra model 755 mahindra model 755 mahindra ignition premium quality vibration dampening for enhanced durability,0,2025-09-13T00:00:00,2025-09-19T00:00:00
68d141eab3fce85d4c560a9b,Brake Caliper - 1290 Super Duke R,1290 Super Duke R,KTM,2019,,Brakes,1779.0,advanced precision engineered for longer life,17,4.0,10,,https://example.com/images/brake_caliper_1290_super_duke_r.jpg,68d136193952f7cf7dee9131,68d136193952f7cf7dee9133,Mahesh Automobiles,Khammam,17.249885,80.15615,mid-range,modern,excellent,brake caliper 1290 super duke 1290 super duke ktm brakes advanced precision engineered for longer life,0,2025-08-24T00:00:00,2025-09-07T00:00:00
68d141eab3fce85d4c560a9c,First Aid Kit - FZ-S,FZ-S,Yamaha,2017,,Accessories,864.0,advanced long lasting for enhanced durability,6,5.0,18,,https://example.com/images/first_aid_kit_fz_s.jpg,68d135833952f7cf7dee9109,68d135833952f7cf7dee910b,Mounika Automobiles,Karimnagar,18.435781,79.132861,budget,modern,excellent,first aid kit fz fz yamaha accessories advanced long lasting for enhanced durability,0,2025-08-20T00:00:00,2025-08-18T00:00:00
68d141eab3fce85d4c560a9d,Ignition Module - Aprilia Model 431,Aprilia Model 431,Aprilia,2020,,Ignition,925.0,durable fuel efficient for better fuel economy,14,4.8,23,,https://example.com/images/ignition_module_aprilia_model_431.jpg,68d136193952f7cf7dee9131,68d136193952f7cf7dee9133,Mahesh Automobiles,Khammam,17.249885,80.15615,budget,modern,excellent,ignition module aprilia model 431 aprilia model 431 aprilia ignition durable fuel efficient for better fuel economy,0,2025-08-02T00:00:00,2025-08-25T00:00:00
68d141eab3fce85d4c560a9e,Muffler - Boulevard,Boulevard,Suzuki,2024,,Exhaust,4305.0,premium quality high strength for enhanced safety,5,4.1,28,,https://example.com/images/muffler_boulevard.jpg,689d6959045c37933826818b,689d6959045c37933826818d,sai automobiles,RAMNAGAR COLONY PEERZADIGUDA UPPAL HYDERABAD,17.390358,78.606729,mid-range,modern,excellent,muffler boulevard boulevard suzuki exhaust premium quality high strength for enhanced safety,0,2025-09-04T00:00:00,2025-08-11T00:00:00
68d141eab3fce85d4c560a9f,ABS Module - Aprilia Model 547,Aprilia Model 547,Aprilia,2018,,Brakes,1127.0,lightweight precision engineered for enhanced safety,22,4.0,20,,https://example.com/images/abs_module_aprilia_model_547.jpg,68d0c47d09554c358655174b,68d0c47e09554c358655174d,Tarun Automobiles,,17.423605,78.546314,mid-range,modern,excellent,abs module aprilia model 547 aprilia model 547 aprilia brakes lightweight precision engineered for enhanced safety,0,2025-08-03T00:00:00,2025-08-07T00:00:00
68d141eab3fce85d4c560aa0,Silencer - GSX-R1000R,GSX-R1000R,Suzuki,2024,,Exhaust,2868.0,oem quality precision engineered for better handling,14,4.1,13,,https://example.com/images/silencer_gsx_r1000r.jpg,68d134ac3952f7cf7dee90e3,68d134ac3952f7cf7dee90e5,Shiva sai Automobiles,Mahabubabad,17.594209,80.006903,mid-range,modern,excellent,silencer gsx r1000r gsx r1000r suzuki exhaust oem quality precision engineered for better handling,0,2025-08-21T00:00:00,2025-09-18T00:00:00
68d141eab3fce85d4c560aa1,First Aid Kit - BMW Model 784,BMW Model 784,BMW,2025,,Accessories,759.0,durable eco friendly for enhanced durability,10,4.3,6,,https://example.com/images/first_aid_kit_bmw_model_784.jpg,68d136193952f7cf7dee9131,68d136193952f7cf7dee9133,Mahesh Automobiles,Khammam,17.249885,80.15615,budget,modern,excellent,first aid kit bmw model 784 bmw model 784 bmw accessories durable eco friendly for enhanced durability,0,2025-09-15T00:00:00,2025-08-20T00:00:00
68d141eab3fce85d4c560aa2,Headlight Assembly - Avenger 160,Avenger 160,Bajaj,2017,,Lighting,3965.0,professional grade eco friendly for enhanced safety,21,3.6,3,,https://example.com/images/headlight_assembly_avenger_160.jpg,68d0c47d09554c358655174b,68d0c47e09554c358655174d,Tarun Automobiles,,17.423605,78.546314,mid-range,modern,good,headlight assembly avenger 160 avenger 160 bajaj lighting professional grade eco friendly for enhanced safety,0,2025-09-12T00:00:00,2025-08-29T00:00:00
68d141eab3fce85d4c560aa3,Seat Cover - Mahindra Model 728,Mahindra Model 728,Mahindra,2017,,Body Parts,1384.0,advanced vibration dampening for enhanced safety,19,3.9,3,,https://example.com/images/seat_cover_mahindra_model_728.jpg,68d0c47d09554c358655174b,68d0c47e09554c358655174d,Tarun Automobiles,,17.423605,78.546314,mid-range,modern,good,seat cover mahindra model 728 mahindra model 728 mahindra body parts advanced vibration dampening for enhanced safety,0,2025-08-10T00:00:00,2025-08-05T00:00:00
68d141eab3fce85d4c560aa4,Air Filter - Mahindra Model 805,Mahindra Model 805,Mahindra,2024,,Filters,533.0,durable vibration dampening for enhanced durability,21,4.4,4,,https://example.com/images/air_filter_mahindra_model_805.jpg,68d135833952f7cf7dee9109,68d135833952f7cf7dee910b,Mounika Automobiles,Karimnagar,18.435781,79.132861,budget,modern,excellent,air filter mahindra model 805 mahindra model 805 mahindra filters durable vibration dampening for enhanced durability,0,2025-09-13T00:00:00,2025-09-07T00:00:00
68d141eab3fce85d4c560aa5,Turn Signal - Mahindra Model 428,Mahindra Model 428,Mahindra,2016,,Electrical,1176.0,premium quality precision engineered for better handling,1,3.9,23,,https://example.com/images/turn_signal_mahindra_model_428.jpg,68d134ac3952f7cf7dee90e3,68d134ac3952f7cf7dee90e5,Shiva sai Automobiles,Mahabubabad,17.594209,80.006903,mid-range,modern,good,turn signal mahindra model 428 mahindra model 428 mahindra electrical premium quality precision engineered for better handling,0,2025-08-15T00:00:00,2025-08-29T00:00:00
68d141eab3fce85d4c560aa6,Horn - Scrambler,Scrambler,Ducati,2024,,Electrical,4117.0,high performance heat treated for better fuel economy,8,4.0,27,,https://example.com/images/horn_scrambler.jpg,689d6959045c37933826818b,689d6959045c37933826818d,sai automobiles,RAMNAGAR COLONY PEERZADIGUDA UPPAL HYDERABAD,17.390358,78.606729,mid-range,modern,excellent,horn scrambler scrambler ducati electrical high performance heat treated for better fuel economy,0,2025-08-15T00:00:00,2025-09-09T00:00:00
68d141eab3fce85d4c560aa7,Rear Sprocket - Duke 200,Duke 200,KTM,2018,,Drivetrain,1671.0,enhanced vibration dampening for better handling,16,4.6,25,,https://example.com/images/rear_sprocket_duke_200.jpg,68d0c47d09554c358655174b,68d0c47e09554c358655174d,Tarun Automobiles,,17.423605,78.546314,mid-range,modern,excellent,rear sprocket duke 200 duke 200 ktm drivetrain enhanced vibration dampening for better handling,0,2025-09-17T00:00:00,2025-08-27T00:00:00
68d141eab3fce85d4c560aa8,Timing Light - Z900,Z900,Kawasaki,2025,,Ignition,514.0,enhanced heat treated for improved comfort,15,3.9,8,,https://example.com/images/timing_light_z900.jpg,68d133bf3952f7cf7dee90b7,68d133bf3952f7cf7dee90b9,Jyothi Automobiles,Hyderabad,17.511409,78.350972,budget,modern,good,timing light z900 z900 kawasaki ignition enhanced heat treated for improved comfort,0,2025-09-15T00:00:00,2025-09-14T00:00:00
68d141eab3fce85d4c560aa9,Clutch Spring - Harley-Davidson Model 984,Harley-Davidson Model 984,Harley-Davidson,2022,,Transmission,2166.0,professional grade fuel efficient for improved comfort,22,4.6,12,,https://example.com/images/clutch_spring_harley_davidson_model_984.jpg,68d135d63952f7cf7dee911e,68d135d63952f7cf7dee9120,baskar Automobiles,Medak,18.048948,78.269372,mid-range,modern,excellent,clutch spring harley davidson model 984 harley davidson model 984 harley davidson transmission professional grade fuel efficient for improved comfort,0,2025-09-01T00:00:00,2025-09-18T00:00:00
68d141eab3fce85d4c560aaa,Final Drive - Triumph Model 160,Triumph Model 160,Triumph,2016,,Transmission,4750.0,high performance high strength for reduced maintenance,10,3.9,23,,https://example.com/images/final_drive_triumph_model_160.jpg,68d135d63952f7cf7dee911e,68d135d63952f7cf7dee9120,baskar Automobiles,Medak,18.048948,78.269372,mid-range,modern,good,final drive triumph model 160 triumph model 160 triumph transmission high performance high strength for reduced maintenance,0,2025-09-18T00:00:00,2025-08-01T00:00:00
68d141eab3fce85d4c560aab,Final Drive Oil - Vulcan S,Vulcan S,Kawasaki,2018,,Drivetrain,1072.0,premium quality long lasting for improved comfort,5,4.9,29,,https://example.com/images/final_drive_oil_vulcan_s.jpg,68d135833952f7cf7dee9109,68d135833952f7cf7dee910b,Mounika Automobiles,Karimnagar,18.435781,79.132861,mid-range,modern,excellent,final drive oil vulcan vulcan kawasaki drivetrain premium quality long lasting for improved comfort,0,2025-08-30T00:00:00,2025-08-01T00:00:00
68d141eab3fce85d4c560aac,Gear Box - Star City Plus V1,Star City Plus,TVS,2023,,Transmission,2684.0,professional grade corrosion resistant for longer life,15,3.8,18,,https://example.com/images/gear_box_star_city_plus.jpg,68d136193952f7cf7dee9131,68d136193952f7cf7dee9133,Mahesh Automobiles,Khammam,17.249885,80.15615,mid-range,modern,good,gear box star city plus v1 star city plus tvs transmission professional grade corrosion resistant for longer life,0,2025-09-18T00:00:00,2025-08-30T00:00:00
68d141eab3fce85d4c560aad,Coil - Dominar 400,Dominar 400,Bajaj,2017,,Electrical,4413.0,oem quality high strength for smoother operation,6,4.9,28,,https://example.com/images/coil_dominar_400.jpg,68d136193952f7cf7dee9131,68d136193952f7cf7dee9133,Mahesh Automobiles,Khammam,17.249885,80.15615,mid-range,modern,excellent,coil dominar 400 dominar 400 bajaj electrical oem quality high strength for smoother operation,0,2025-08-09T00:00:00,2025-09-14T00:00:00
68d141eab3fce85d4c560aae,Tank Bag - Radeon,Radeon,TVS,2017,,Accessories,1965.0,lightweight corrosion resistant for enhanced durability,14,4.7,22,,https://example.com/images/tank_bag_radeon.jpg,68d135d63952f7cf7dee911e,68d135d63952f7cf7dee9120,baskar Automobiles,Medak,18.048948,78.269372,mid-range,modern,excellent,tank bag radeon radeon tvs accessories lightweight corrosion resistant for enhanced durability,0,2025-08-08T00:00:00,2025-09-09T00:00:00
68d141eab3fce85d4c560aaf,Rear Spring - Aprilia Model 663,Aprilia Model 663,Aprilia,2025,,Suspension,2013.0,oem quality precision engineered for better handling,17,3.5,30,,https://example.com/images/rear_spring_aprilia_model_663.jpg,68d135d63952f7cf7dee911e,68d135d63952f7cf7dee9120,baskar Automobiles,Medak,18.048948,78.269372,mid-range,modern,good,rear spring aprilia model 663 aprilia model 663 aprilia suspension oem quality precision engineered for better handling,0,2025-08-12T00:00:00,2025-08-13T00:00:00
68d141eab3fce85d4c560ab0,Universal Joint - CB Hornet 2.0,CB Hornet 2.0,Honda,2025,,Drivetrain,1843.0,premium quality long lasting for better fuel economy,25,4.6,20,,https://example.com/images/universal_joint_cb_hornet_2.0.jpg,68ac2a8e3c73e23c655de052,68ac2a8f3c73e23c655de054,Swathi Automobiles,Chappal Bazar Road - Kachiguda ,17.38953,78.491245,mid-range,modern,excellent,universal joint cb hornet cb hornet honda drivetrain premium quality long lasting for better fuel economy,0,2025-09-10T00:00:00,2025-09-20T00:00:00
68d141eab3fce85d4c560ab1,Thermostat - Z900,Z900,Kawasaki,2022,,Cooling System,5931.0,high performance maintenance free for improved performance,8,4.3,11,,https://example.com/images/thermostat_z900.jpg,68d1346c3952f7cf7dee90d0,68d1346c3952f7cf7dee90d2,Kalyan Automobiles,Bala Nagar,17.475679,78.447328,premium,modern,excellent,thermostat z900 z900 kawasaki cooling system high performance maintenance free for improved performance,0,2025-09-15T00:00:00,2025-08-11T00:00:00
68d141eab3fce85d4c560ab2,Coolant Pump - Apache RTR 180,Apache RTR 180,TVS,2021,,Cooling System,4496.0,lightweight eco friendly for enhanced safety,6,4.2,23,,https://example.com/images/coolant_pump_apache_rtr_180.jpg,68d136193952f7cf7dee9131,68d136193952f7cf7dee9133,Mahesh Automobiles,Khammam,17.249885,80.15615,mid-range,modern,excellent,coolant pump apache rtr 180 apache rtr 180 tvs cooling system lightweight eco friendly for enhanced safety,0,2025-08-06T00:00:00,2025-08-06T00:00:00
68d141eab3fce85d4c560ab3,Tire Valve - Benelli Model 852,Benelli Model 852,Benelli,2022,,Wheels & Tires,4471.0,heavy duty noise reducing for better fuel economy,16,3.8,26,,https://example.com/images/tire_valve_benelli_model_852.jpg,68d135d63952f7cf7dee911e,68d135d63952f7cf7dee9120,baskar Automobiles,Medak,18.048948,78.269372,mid-range,modern,good,tire valve benelli model 852 benelli model 852 benelli wheels tires heavy duty noise reducing for better fuel economy,0,2025-08-07T00:00:00,2025-09-10T00:00:00
68d141eab3fce85d4c560ab4,Racing Tire Iron - Vida V1 Electric,Vida V1 Electric,Hero,2025,,Wheels & Tires,13363.0,enhanced chemical resistant for superior reliability,18,4.4,39,,https://example.com/images/tire_iron_vida_v1_electric.jpg,689d6959045c37933826818b,689d6959045c37933826818d,sai automobiles,RAMNAGAR COLONY PEERZADIGUDA UPPAL HYDERABAD,17.390358,78.606729,premium,modern,excellent,racing tire iron vida v1 electric vida v1 electric hero wheels tires enhanced chemical resistant for superior reliability,0,2025-08-17T00:00:00,2025-08-09T00:00:00
68d141eab3fce85d4c560ab5,Heavy Duty Number Plate Holder - SV650,SV650,Suzuki,2015,,Body Parts,547.0,long lasting chemical resistant for enhanced stability,14,4.1,33,,https://example.com/images/number_plate_holder_sv650.jpg,68ac2a8e3c73e23c655de052,68ac2a8f3c73e23c655de054,Swathi Automobiles,Chappal Bazar Road - Kachiguda ,17.38953,78.491245,budget,modern,excellent,heavy duty number plate holder sv650 sv650 suzuki body parts long lasting chemical resistant for enhanced stability,0,2025-07-16T00:00:00,2025-08-20T00:00:00
68d141eab3fce85d4c560ab6,OEM Fuel Filter - CL 300,CL 300,Jawa,2023,,Filters,858.0,premium quality precision engineered for enhanced safety,10,4.2,26,,https://example.com/images/fuel_filter_cl_300.jpg,68d0c47d09554c358655174b,68d0c47e09554c358655174d,Tarun Automobiles,,17.423605,78.546314,budget,modern,excellent,oem fuel filter cl 300 cl 300 jawa filters premium quality precision engineered for enhanced safety,0,2025-08-01T00:00:00,2025-09-19T00:00:00
68d141eab3fce85d4c560ab7,OEM Brake Shoe - Shiver 900,Shiver 900,Aprilia,2020,,Brakes,3380.0,heavy duty corrosion resistant for better handling,9,3.6,32,,https://example.com/images/brake_shoe_shiver_900.jpg,68d133bf3952f7cf7dee90b7,68d133bf3952f7cf7dee90b9,Jyothi Automobiles,Hyderabad,17.511409,78.350972,mid-range,modern,good,oem brake shoe shiver 900 shiver 900 aprilia brakes heavy duty corrosion resistant for better handling,0,2025-09-09T00:00:00,2025-07-03T00:00:00
68d141eab3fce85d4c560ab8,Racing Header Pipe - Road King,Road King,Harley-Davidson,2020,,Exhaust,18334.0,high performance wear resistant for longer life,1,5.0,23,,https://example.com/images/header_pipe_road_king.jpg,68d1346c3952f7cf7dee90d0,68d1346c3952f7cf7dee90d2,Kalyan Automobiles,Bala Nagar,17.475679,78.447328,premium,modern,excellent,racing header pipe road king road king harley davidson exhaust high performance wear resistant for longer life,0,2025-09-14T00:00:00,2025-08-26T00:00:00
68d141eab3fce85d4c560ab9,Genuine Trigger Coil - Dragster 800,Dragster 800,MV Agusta,2013,,Ignition,1138.0,heavy duty chemical resistant for better handling,19,4.3,36,,https://example.com/images/trigger_coil_dragster_800.jpg,68d134ac3952f7cf7dee90e3,68d134ac3952f7cf7dee90e5,Shiva sai Automobiles,Mahabubabad,17.594209,80.006903,mid-range,classic,excellent,genuine trigger coil dragster 800 dragster 800 mv agusta ignition heavy duty chemical resistant for better handling,0,2025-07-25T00:00:00,2025-07-21T00:00:00
68d141eab3fce85d4c560aba,Racing Cylinder Block - Scout Bobber,Scout Bobber,Indian,2011,,Engine,21010.0,oem quality precision engineered for enhanced safety,4,3.3,31,,https://example.com/images/cylinder_block_scout_bobber.jpg,68d135063952f7cf7dee90f6,68d135063952f7cf7dee90f8,Manoj Automobiles,Dilshknagar,17.367642,78.534282,premium,classic,good,racing cylinder block scout bobber scout bobber indian engine oem quality precision engineered for enhanced safety,0,2025-09-15T00:00:00,2025-09-20T00:00:00
68d141eab3fce85d4c560abb,Premium Master Cylinder for Caponord 1200,Caponord 1200,Aprilia,2023,,Brakes,3778.0,durable long lasting for optimal efficiency,2,4.6,47,,https://example.com/images/master_cylinder_caponord_1200.jpg,68d135833952f7cf7dee9109,68d135833952f7cf7dee910b,Mounika Automobiles,Karimnagar,18.435781,79.132861,mid-range,modern,excellent,premium master cylinder for caponord 1200 caponord 1200 aprilia brakes durable long lasting for optimal efficiency,0,2025-07-20T00:00:00,2025-09-20T00:00:00
68d141eab3fce85d4c560abc,Duke 200 Belly Pan,Duke 200,KTM,2013,,Body Parts,3426.0,durable noise reducing for enhanced durability,11,3.4,7,,https://example.com/images/belly_pan_duke_200.jpg,68d135d63952f7cf7dee911e,68d135d63952f7cf7dee9120,baskar Automobiles,Medak,18.048948,78.269372,mid-range,classic,good,duke 200 belly pan duke 200 ktm body parts durable noise reducing for enhanced durability,0,2025-08-06T00:00:00,2025-07-22T00:00:00
68d141eab3fce85d4c560abd,Street 750 Clutch Plate,Street 750,Harley-Davidson,2018,,Transmission,11230.0,advanced fuel efficient for enhanced safety,15,3.5,0,,https://example.com/images/clutch_plate_street_750.jpg,68d136193952f7cf7dee9131,68d136193952f7cf7dee9133,Mahesh Automobiles,Khammam,17.249885,80.15615,premium,modern,good,street 750 clutch plate street 750 harley davidson transmission advanced fuel efficient for enhanced safety,0,2025-08-19T00:00:00,2025-07-23T00:00:00
68d141eab3fce85d4c560abe,Indicator Bulb Assembly - ZX-6R,ZX-6R,Kawasaki,2024,,Lighting,1381.0,racing quality heat treated for reduced maintenance,8,4.6,32,,https://example.com/images/indicator_bulb_zx_6r.jpg,689d6959045c37933826818b,689d6959045c37933826818d,sai automobiles,RAMNAGAR COLONY PEERZADIGUDA UPPAL HYDERABAD,17.390358,78.606729,mid-range,modern,excellent,indicator bulb assembly zx 6r zx 6r kawasaki lighting racing quality heat treated for reduced maintenance,0,2025-09-01T00:00:00,2025-07-01T00:00:00
68d141eab3fce85d4c560abf,Exhaust Clamp Assembly - Scrambler 1200,Scrambler 1200,Triumph,2012,,Exhaust,15688.0,industrial grade wear resistant for superior reliability,7,3.2,11,,https://example.com/images/exhaust_clamp_scrambler_1200.jpg,68ac2a8e3c73e23c655de052,68ac2a8f3c73e23c655de054,Swathi Automobiles,Chappal Bazar Road - Kachiguda ,17.38953,78.491245,premium,classic,good,exhaust clamp assembly scrambler 1200 scrambler 1200 triumph exhaust industrial grade wear resistant for superior reliability,0,2025-09-17T00:00:00,2025-07-16T00:00:00
68d141eab3fce85d4c560ac0,Hero Safety Triangle for Maestro Edge,Maestro Edge,Hero,2016,,Safety,3258.0,precision made wear resistant for enhanced stability,8,3.3,41,,https://example.com/images/safety_triangle_maestro_edge.jpg,68d0c47d09554c358655174b,68d0c47e09554c358655174d,Tarun Automobiles,,17.423605,78.546314,mid-range,modern,good,hero safety triangle for maestro edge maestro edge hero safety precision made wear resistant for enhanced stability,0,2025-08-20T00:00:00,2025-08-25T00:00:00
68d141eab3fce85d4c560ac1,Performance Rear Shock Absorber - R15 V4,R15 V4,Yamaha,2011,,Suspension,11769.0,premium quality weather resistant for smoother operation,6,4.8,14,,https://example.com/images/rear_shock_absorber_r15_v4.jpg,68d133bf3952f7cf7dee90b7,68d133bf3952f7cf7dee90b9,Jyothi Automobiles,Hyderabad,17.511409,78.350972,premium,classic,excellent,performance rear shock absorber r15 v4 r15 v4 yamaha suspension premium quality weather resistant for smoother operation,0,2025-08-10T00:00:00,2025-07-19T00:00:00
68d141eab3fce85d4c560ac2,Heavy Duty Protective Pants - Roadking,Roadking,Yezdi,2014,,Safety,6765.0,high performance fuel efficient for superior reliability,30,4.9,46,,https://example.com/images/protective_pants_roadking.jpg,68d1346c3952f7cf7dee90d0,68d1346c3952f7cf7dee90d2,Kalyan Automobiles,Bala Nagar,17.475679,78.447328,premium,classic,excellent,heavy duty protective pants roadking roadking yezdi safety high performance fuel efficient for superior reliability,0,2025-09-10T00:00:00,2025-09-08T00:00:00
68d141eab3fce85d4c560ac3,Brake Light Bulb Assembly - Avenger 220,Avenger 220,Bajaj,2013,,Lighting,2220.0,industrial grade fuel efficient for better handling,1,4.2,8,,https://example.com/images/brake_light_bulb_avenger_220.jpg,68d134ac3952f7cf7dee90e3,68d134ac3952f7cf7dee90e5,Shiva sai Automobiles,Mahabubabad,17.594209,80.006903,mid-range,classic,excellent,brake light bulb assembly avenger 220 avenger 220 bajaj lighting industrial grade fuel efficient for better handling,0,2025-08-28T00:00:00,2025-07-24T00:00:00
68d141eab3fce85d4c560ac4,Genuine Ignition Coil - FTR 1200,FTR 1200,Indian,2022,,Ignition,620.0,street performance high strength for optimal efficiency,29,3.9,34,,https://example.com/images/ignition_coil_ftr_1200.jpg,68d135063952f7cf7dee90f6,68d135063952f7cf7dee90f8,Manoj Automobiles,Dilshknagar,17.367642,78.534282,budget,modern,good,genuine ignition coil ftr 1200 ftr 1200 indian ignition street performance high strength for optimal efficiency,0,2025-08-03T00:00:00,2025-07-27T00:00:00
68d141eab3fce85d4c560ac5,OEM Engine Mount - Thruxton RS,Thruxton RS,Triumph,2019,,Engine,2327.0,professional grade temperature stable for reduced maintenance,8,4.1,12,,https://example.com/images/engine_mount_thruxton_rs.jpg,68d135833952f7cf7dee9109,68d135833952f7cf7dee910b,Mounika Automobiles,Karimnagar,18.435781,79.132861,mid-range,modern,excellent,oem engine mount thruxton rs thruxton rs triumph engine professional grade temperature stable for reduced maintenance,0,2025-07-05T00:00:00,2025-07-04T00:00:00
68d141eab3fce85d4c560ac6,Performance Dashboard Light - XL100,XL100,TVS,2020,,Lighting,2247.0,advanced corrosion resistant for better handling,23,4.4,20,,https://example.com/images/dashboard_light_xl100.jpg,68d135d63952f7cf7dee911e,68d135d63952f7cf7dee9120,baskar Automobiles,Medak,18.048948,78.269372,mid-range,modern,excellent,performance dashboard light xl100 xl100 tvs lighting advanced corrosion resistant for better handling,0,2025-09-14T00:00:00,2025-09-21T00:00:00
68d141eab3fce85d4c560ac7,Turn Signal Light - Chief Vintage,Chief Vintage,Indian,2012,,Lighting,629.0,professional grade wear resistant for better control,13,4.0,25,,https://example.com/images/turn_signal_light_chief_vintage.jpg,68d136193952f7cf7dee9131,68d136193952f7cf7dee9133,Mahesh Automobiles,Khammam,17.249885,80.15615,budget,classic,excellent,turn signal light chief vintage chief vintage indian lighting professional grade wear resistant for better control,0,2025-09-02T00:00:00,2025-07-22T00:00:00
68d141eab3fce85d4c560ac8,OEM Paper Filter - Thunderbird 500,Thunderbird 500,Royal Enfield,2012,,Filters,761.0,advanced precision engineered for better control,18,3.7,43,,https://example.com/images/paper_filter_thunderbird_500.jpg,689d6959045c37933826818b,689d6959045c37933826818d,sai automobiles,RAMNAGAR COLONY PEERZADIGUDA UPPAL HYDERABAD,17.390358,78.606729,budget,classic,good,oem paper filter thunderbird 500 thunderbird 500 royal enfield filters advanced precision engineered for better control,0,2025-07-12T00:00:00,2025-07-09T00:00:00
68d141eab3fce85d4c560ac9,Luggage Rack - Panigale V4,Panigale V4,Ducati,2012,,Accessories,4813.0,high performance precision engineered for optimal efficiency,12,3.8,18,,https://example.com/images/luggage_rack_panigale_v4.jpg,68ac2a8e3c73e23c655de052,68ac2a8f3c73e23c655de054,Swathi Automobiles,Chappal Bazar Road - Kachiguda ,17.38953,78.491245,mid-range,classic,good,luggage rack panigale v4 panigale v4 ducati accessories high performance precision engineered for optimal efficiency,0,2025-09-08T00:00:00,2025-07-13T00:00:00
68d141eab3fce85d4c560aca,Honda Helmet for Dream Yuga,Dream Yuga,Honda,2017,,Safety,4913.0,high performance impact resistant for improved performance,18,4.2,38,,https://example.com/images/helmet_dream_yuga.jpg,68d0c47d09554c358655174b,68d0c47e09554c358655174d,Tarun Automobiles,,17.423605,78.546314,mid-range,modern,excellent,honda helmet for dream yuga dream yuga honda safety high performance impact resistant for improved performance,0,2025-07-27T00:00:00,2025-07-08T00:00:00
68d141eab3fce85d4c560acb,Genuine Engine Gasket Set - Brutale 1000,Brutale 1000,MV Agusta,2021,,Engine,9269.0,precision made weather resistant for better control,8,3.5,1,,https://example.com/images/engine_gasket_set_brutale_1000.jpg,68d133bf3952f7cf7dee90b7,68d133bf3952f7cf7dee90b9,Jyothi Automobiles,Hyderabad,17.511409,78.350972,premium,modern,good,genuine engine gasket set brutale 1000 brutale 1000 mv agusta engine precision made weather resistant for better control,0,2025-09-07T00:00:00,2025-07-17T00:00:00
68d141eab3fce85d4c560acc,Premium Ground Wire for Tiger 900,Tiger 900,Triumph,2024,,Electrical,6357.0,durable long lasting for maximum protection,13,3.9,6,,https://example.com/images/ground_wire_tiger_900.jpg,68d1346c3952f7cf7dee90d0,68d1346c3952f7cf7dee90d2,Kalyan Automobiles,Bala Nagar,17.475679,78.447328,premium,modern,good,premium ground wire for tiger 900 tiger 900 triumph electrical durable long lasting for maximum protection,0,2025-08-31T00:00:00,2025-09-13T00:00:00
68d141eab3fce85d4c560acd,Benelli Torque Converter for TNT 1130R,TNT 1130R,Benelli,2024,,Drivetrain,6839.0,precision made fuel efficient for enhanced durability,9,3.9,3,,https://example.com/images/torque_converter_tnt_1130r.jpg,68d134ac3952f7cf7dee90e3,68d134ac3952f7cf7dee90e5,Shiva sai Automobiles,Mahabubabad,17.594209,80.006903,premium,modern,good,benelli torque converter for tnt 1130r tnt 1130r benelli drivetrain precision made fuel efficient for enhanced durability,0,2025-09-18T00:00:00,2025-09-08T00:00:00
68d141eab3fce85d4c560ace,OEM Tube - Dragster 800,Dragster 800,MV Agusta,2024,,Wheels & Tires,14603.0,lightweight heat treated for reduced maintenance,26,4.0,25,,https://example.com/images/tube_dragster_800.jpg,68d135063952f7cf7dee90f6,68d135063952f7cf7dee90f8,Manoj Automobiles,Dilshknagar,17.367642,78.534282,premium,modern,excellent,oem tube dragster 800 dragster 800 mv agusta wheels tires lightweight heat treated for reduced maintenance,0,2025-07-30T00:00:00,2025-09-17T00:00:00
68d141eab3fce85d4c560acf,OEM Elbow Guard - Rush 1000,Rush 1000,MV Agusta,2011,,Safety,619.0,advanced corrosion resistant for better fuel economy,25,4.5,29,,https://example.com/images/elbow_guard_rush_1000.jpg,68d135833952f7cf7dee9109,68d135833952f7cf7dee910b,Mounika Automobiles,Karimnagar,18.435781,79.132861,budget,classic,excellent,oem elbow guard rush 1000 rush 1000 mv agusta safety advanced corrosion resistant for better fuel economy,0,2025-09-10T00:00:00,2025-07-04T00:00:00
68d141eab3fce85d4c560ad0,OEM Ground Wire - iQube Electric,iQube Electric,TVS,2024,,Electrical,7724.0,durable fuel efficient for improved comfort,12,3.9,17,,https://example.com/images/ground_wire_iqube_electric.jpg,68d135d63952f7cf7dee911e,68d135d63952f7cf7dee9120,baskar Automobiles,Medak,18.048948,78.269372,premium,modern,good,oem ground wire iqube electric iqube electric tvs electrical durable fuel efficient for improved comfort,0,2025-07-04T00:00:00,2025-08-03T00:00:00
68d141eab3fce85d4c560ad1,Performance Starter Relay - Ninja H2,Ninja H2,Kawasaki,2021,,Electrical,3761.0,enhanced maintenance free for optimal efficiency,3,4.4,37,,https://example.com/images/starter_relay_ninja_h2.jpg,68d136193952f7cf7dee9131,68d136193952f7cf7dee9133,Mahesh Automobiles,Khammam,17.249885,80.15615,mid-range,modern,excellent,performance starter relay ninja h2 ninja h2 kawasaki electrical enhanced maintenance free for optimal efficiency,0,2025-09-12T00:00:00,2025-07-24T00:00:00
68d141eab3fce85d4c560ad2,Racing Coolant Pump - Duke 200,Duke 200,KTM,2012,,Cooling System,9790.0,durable fuel efficient for improved comfort,6,4.3,9,,https://example.com/images/coolant_pump_duke_200.jpg,689d6959045c37933826818b,689d6959045c37933826818d,sai automobiles,RAMNAGAR COLONY PEERZADIGUDA UPPAL HYDERABAD,17.390358,78.606729,premium,classic,excellent,racing coolant pump duke 200 duke 200 ktm cooling system durable fuel efficient for improved comfort,0,2025-08-14T00:00:00,2025-08-20T00:00:00
68d141eab3fce85d4c560ad3,MV Agusta Tool Box for Brutale 1000,Brutale 1000,MV Agusta,2021,,Body Parts,2440.0,heavy duty high strength for improved comfort,27,3.7,40,,https://example.com/images/tool_box_brutale_1000.jpg,68ac2a8e3c73e23c655de052,68ac2a8f3c73e23c655de054,Swathi Automobiles,Chappal Bazar Road - Kachiguda ,17.38953,78.491245,mid-range,modern,good,mv agusta tool box for brutale 1000 brutale 1000 mv agusta body parts heavy duty high strength for improved comfort,0,2025-08-15T00:00:00,2025-07-09T00:00:00
68d141eab3fce85d4c560ad4,OEM Safety Triangle - Oilking,Oilking,Yezdi,2011,,Safety,493.0,lightweight maintenance free for smoother operation,11,4.4,40,,https://example.com/images/safety_triangle_oilking.jpg,68d0c47d09554c358655174b,68d0c47e09554c358655174d,Tarun Automobiles,,17.423605,78.546314,budget,classic,excellent,oem safety triangle oilking oilking yezdi safety lightweight maintenance free for smoother operation,0,2025-09-10T00:00:00,2025-09-02T00:00:00
68d141eab3fce85d4c560ad5,Emergency Kit Assembly - CL 300,CL 300,Jawa,2015,,Safety,5108.0,long lasting chemical resistant for longer life,14,3.7,3,,https://example.com/images/emergency_kit_cl_300.jpg,68d133bf3952f7cf7dee90b7,68d133bf3952f7cf7dee90b9,Jyothi Automobiles,Hyderabad,17.511409,78.350972,premium,modern,good,emergency kit assembly cl 300 cl 300 jawa safety long lasting chemical resistant for longer life,0,2025-09-13T00:00:00,2025-09-20T00:00:00
68d141eab3fce85d4c560ad6,Heavy Duty Coil - Rush 1000,Rush 1000,MV Agusta,2018,,Electrical,7138.0,superior impact resistant for increased power,12,3.6,12,,https://example.com/images/coil_rush_1000.jpg,68d1346c3952f7cf7dee90d0,68d1346c3952f7cf7dee90d2,Kalyan Automobiles,Bala Nagar,17.475679,78.447328,premium,modern,good,heavy duty coil rush 1000 rush 1000 mv agusta electrical superior impact resistant for increased power,0,2025-08-15T00:00:00,2025-08-16T00:00:00
68d141ebb3fce85d4c560ad7,Yezdi Hazard Light Switch for Deluxe,Deluxe,Yezdi,2013,,Lighting,3904.0,lightweight heat treated for longer life,12,4.0,39,,https://example.com/images/hazard_light_switch_deluxe.jpg,68d134ac3952f7cf7dee90e3,68d134ac3952f7cf7dee90e5,Shiva sai Automobiles,Mahabubabad,17.594209,80.006903,mid-range,classic,excellent,yezdi hazard light switch for deluxe deluxe yezdi lighting lightweight heat treated for longer life,0,2025-07-07T00:00:00,2025-09-06T00:00:00
68d141ebb3fce85d4c560ad8,Heavy Duty Tank Cover - RC 8C,RC 8C,KTM,2019,,Body Parts,3169.0,high performance maintenance free for superior reliability,1,3.5,13,,https://example.com/images/tank_cover_rc_8c.jpg,68d135063952f7cf7dee90f6,68d135063952f7cf7dee90f8,Manoj Automobiles,Dilshknagar,17.367642,78.534282,mid-range,modern,good,heavy duty tank cover rc 8c rc 8c ktm body parts high performance maintenance free for superior reliability,0,2025-07-13T00:00:00,2025-07-08T00:00:00
68d141ebb3fce85d4c560ad9,Premium Mesh Filter for iQube Electric,iQube Electric,TVS,2011,,Filters,494.0,high performance noise reducing for smoother operation,26,3.3,35,,https://example.com/images/mesh_filter_iqube_electric.jpg,68d135833952f7cf7dee9109,68d135833952f7cf7dee910b,Mounika Automobiles,Karimnagar,18.435781,79.132861,budget,classic,good,premium mesh filter for iqube electric iqube electric tvs filters high performance noise reducing for smoother operation,0,2025-08-17T00:00:00,2025-09-20T00:00:00
68d141ebb3fce85d4c560ada,Radiator - Roadking,Roadking,Yezdi,2014,,Cooling System,1708.0,oem quality wear resistant for reduced maintenance,25,3.4,21,,https://example.com/images/radiator_roadking.jpg,68d135d63952f7cf7dee911e,68d135d63952f7cf7dee9120,baskar Automobiles,Medak,18.048948,78.269372,mid-range,classic,good,radiator roadking roadking yezdi cooling system oem quality wear resistant for reduced maintenance,0,2025-07-12T00:00:00,2025-08-20T00:00:00
68d141ebb3fce85d4c560adb,Racing Mid Pipe - SXR 160,SXR 160,Aprilia,2017,,Exhaust,13542.0,durable chemical resistant for maximum protection,6,4.7,22,,https://example.com/images/mid_pipe_sxr_160.jpg,68d136193952f7cf7dee9131,68d136193952f7cf7dee9133,Mahesh Automobiles,Khammam,17.249885,80.15615,premium,modern,excellent,racing mid pipe sxr 160 sxr 160 aprilia exhaust durable chemical resistant for maximum protection,0,2025-07-24T00:00:00,2025-07-12T00:00:00
68d141ebb3fce85d4c560adc,Royal Enfield Riding Jacket for Machismo,Machismo,Royal Enfield,2013,,Safety,8229.0,durable long lasting for reduced maintenance,2,3.5,38,,https://example.com/images/riding_jacket_machismo.jpg,689d6959045c37933826818b,689d6959045c37933826818d,sai automobiles,RAMNAGAR COLONY PEERZADIGUDA UPPAL HYDERABAD,17.390358,78.606729,premium,classic,good,royal enfield riding jacket for machismo machismo royal enfield safety durable long lasting for reduced maintenance,0,2025-07-03T00:00:00,2025-08-23T00:00:00
68d141ebb3fce85d4c560add,Heavy Duty Windshield - Roadster,Roadster,Yezdi,2017,,Accessories,3319.0,durable long lasting for enhanced durability,16,3.8,38,,https://example.com/images/windshield_roadster.jpg,68ac2a8e3c73e23c655de052,68ac2a8f3c73e23c655de054,Swathi Automobiles,Chappal Bazar Road - Kachiguda ,17.38953,78.491245,mid-range,modern,good,heavy duty windshield roadster roadster yezdi accessories durable long lasting for enhanced durability,0,2025-07-29T00:00:00,2025-09-18T00:00:00
68d141ebb3fce85d4c560ade,Leoncino 500 Belt Guard,Leoncino 500,Benelli,2014,,Drivetrain,6078.0,advanced impact resistant for improved performance,7,4.7,33,,https://example.com/images/belt_guard_leoncino_500.jpg,68d0c47d09554c358655174b,68d0c47e09554c358655174d,Tarun Automobiles,,17.423605,78.546314,premium,classic,excellent,leoncino 500 belt guard leoncino 500 benelli drivetrain advanced impact resistant for improved performance,0,2025-09-01T00:00:00,2025-07-12T00:00:00
68d141ebb3fce85d4c560adf,Aprilia Turn Signal Light for Tuono 660,Tuono 660,Aprilia,2025,,Lighting,1417.0,high performance vibration dampening for enhanced safety,12,4.4,24,,https://example.com/images/turn_signal_light_tuono_660.jpg,68d133bf3952f7cf7dee90b7,68d133bf3952f7cf7dee90b9,Jyothi Automobiles,Hyderabad,17.511409,78.350972,mid-range,modern,excellent,aprilia turn signal light for tuono 660 tuono 660 aprilia lighting high performance vibration dampening for enhanced safety,0,2025-08-17T00:00:00,2025-08-16T00:00:00
68d141ebb3fce85d4c560ae0,Racing Brake Drum - TNT 135,TNT 135,Benelli,2014,,Brakes,3796.0,heavy duty wear resistant for enhanced safety,8,4.8,26,,https://example.com/images/brake_drum_tnt_135.jpg,68d1346c3952f7cf7dee90d0,68d1346c3952f7cf7dee90d2,Kalyan Automobiles,Bala Nagar,17.475679,78.447328,mid-range,classic,excellent,racing brake drum tnt 135 tnt 135 benelli brakes heavy duty wear resistant for enhanced safety,0,2025-07-19T00:00:00,2025-08-13T00:00:00
68d141ebb3fce85d4c560ae1,Compression Adjuster - RSV4,RSV4,Aprilia,2021,,Suspension,6856.0,premium quality wear resistant for improved performance,24,3.6,7,,https://example.com/images/compression_adjuster_rsv4.jpg,68d134ac3952f7cf7dee90e3,68d134ac3952f7cf7dee90e5,Shiva sai Automobiles,Mahabubabad,17.594209,80.006903,premium,modern,good,compression adjuster rsv4 rsv4 aprilia suspension premium quality wear resistant for improved performance,0,2025-07-28T00:00:00,2025-07-16T00:00:00
68d141ebb3fce85d4c560ae2,OEM Engine Guard - Xtreme 160R,Xtreme 160R,Hero,2014,,Accessories,488.0,professional grade precision engineered for optimal efficiency,19,3.3,9,,https://example.com/images/engine_guard_xtreme_160r.jpg,68d135063952f7cf7dee90f6,68d135063952f7cf7dee90f8,Manoj Automobiles,Dilshknagar,17.367642,78.534282,budget,classic,good,oem engine guard xtreme 160r xtreme 160r hero accessories professional grade precision engineered for optimal efficiency,0,2025-08-18T00:00:00,2025-07-12T00:00:00
68d141ebb3fce85d4c560ae3,Heavy Duty Tubeless Valve - PCX 150,PCX 150,Honda,2015,,Wheels & Tires,12036.0,high performance maintenance free for smoother operation,28,3.8,7,,https://example.com/images/tubeless_valve_pcx_150.jpg,68d135833952f7cf7dee9109,68d135833952f7cf7dee910b,Mounika Automobiles,Karimnagar,18.435781,79.132861,premium,modern,good,heavy duty tubeless valve pcx 150 pcx 150 honda wheels tires high performance maintenance free for smoother operation,0,2025-08-31T00:00:00,2025-07-30T00:00:00
68d141ebb3fce85d4c560ae4,Racing Gasket Maker - Scrambler,Scrambler,Ducati,2023,,Maintenance,846.0,heavy duty chemical resistant for better control,11,4.2,46,,https://example.com/images/gasket_maker_scrambler.jpg,68d135d63952f7cf7dee911e,68d135d63952f7cf7dee9120,baskar Automobiles,Medak,18.048948,78.269372,budget,modern,excellent,racing gasket maker scrambler scrambler ducati maintenance heavy duty chemical resistant for better control,0,2025-09-05T00:00:00,2025-07-17T00:00:00
68d141ebb3fce85d4c560ae5,Performance Mobile Holder - 450 Rally,450 Rally,KTM,2013,,Accessories,3305.0,oem quality maintenance free for enhanced durability,18,5.0,2,,https://example.com/images/mobile_holder_450_rally.jpg,68d136193952f7cf7dee9131,68d136193952f7cf7dee9133,Mahesh Automobiles,Khammam,17.249885,80.15615,mid-range,classic,excellent,performance mobile holder 450 rally 450 rally ktm accessories oem quality maintenance free for enhanced durability,0,2025-07-28T00:00:00,2025-09-01T00:00:00
68d141ebb3fce85d4c560ae6,Performance Magnetic Filter - Scrambler,Scrambler,Yezdi,2012,,Filters,580.0,advanced maintenance free for maximum protection,23,4.0,12,,https://example.com/images/magnetic_filter_scrambler.jpg,689d6959045c37933826818b,689d6959045c37933826818d,sai automobiles,RAMNAGAR COLONY PEERZADIGUDA UPPAL HYDERABAD,17.390358,78.606729,budget,classic,excellent,performance magnetic filter scrambler scrambler yezdi filters advanced maintenance free for maximum protection,0,2025-08-16T00:00:00,2025-09-14T00:00:00
68d141ebb3fce85d4c560ae7,Tire Iron - Sportster S,Sportster S,Harley-Davidson,2012,,Wheels & Tires,10372.0,precision made fuel efficient for enhanced safety,3,3.9,2,,https://example.com/images/tire_iron_sportster_s.jpg,68ac2a8e3c73e23c655de052,68ac2a8f3c73e23c655de054,Swathi Automobiles,Chappal Bazar Road - Kachiguda ,17.38953,78.491245,premium,classic,good,tire iron sportster sportster harley davidson wheels tires precision made fuel efficient for enhanced safety,0,2025-09-10T00:00:00,2025-08-11T00:00:00
68d141ebb3fce85d4c560ae8,OEM Distributor - Road King,Road King,Harley-Davidson,2012,,Ignition,1326.0,advanced chemical resistant for longer life,8,4.6,15,,https://example.com/images/distributor_road_king.jpg,68d0c47d09554c358655174b,68d0c47e09554c358655174d,Tarun Automobiles,,17.423605,78.546314,mid-range,classic,excellent,oem distributor road king road king harley davidson ignition advanced chemical resistant for longer life,0,2025-09-07T00:00:00,2025-07-01T00:00:00
68d141ebb3fce85d4c560ae9,Air Filter Assembly - TNT 300,TNT 300,Benelli,2013,,Filters,1265.0,long lasting eco friendly for increased power,23,3.9,14,,https://example.com/images/air_filter_tnt_300.jpg,68d133bf3952f7cf7dee90b7,68d133bf3952f7cf7dee90b9,Jyothi Automobiles,Hyderabad,17.511409,78.350972,mid-range,classic,good,air filter assembly tnt 300 tnt 300 benelli filters long lasting eco friendly for increased power,0,2025-09-13T00:00:00,2025-08-04T00:00:00
68d141ebb3fce85d4c560aea,Racing Wheel Hub - Tiger 1200,Tiger 1200,Triumph,2012,,Wheels & Tires,7113.0,premium quality eco friendly for smoother operation,17,4.4,45,,https://example.com/images/wheel_hub_tiger_1200.jpg,68d1346c3952f7cf7dee90d0,68d1346c3952f7cf7dee90d2,Kalyan Automobiles,Bala Nagar,17.475679,78.447328,premium,classic,excellent,racing wheel hub tiger 1200 tiger 1200 triumph wheels tires premium quality eco friendly for smoother operation,0,2025-08-24T00:00:00,2025-09-09T00:00:00
68d141ebb3fce85d4c560aeb,Racing Timing Chain - Mojo,Mojo,Mahindra,2013,,Engine,17649.0,superior heat treated for smoother operation,10,4.5,20,,https://example.com/images/timing_chain_mojo.jpg,68d134ac3952f7cf7dee90e3,68d134ac3952f7cf7dee90e5,Shiva sai Automobiles,Mahabubabad,17.594209,80.006903,premium,classic,excellent,racing timing chain mojo mojo mahindra engine superior heat treated for smoother operation,0,2025-08-12T00:00:00,2025-07-14T00:00:00
68d141ebb3fce85d4c560aec,Genuine Sprocket Bolt - Fat Bob,Fat Bob,Harley-Davidson,2018,,Drivetrain,6251.0,racing quality high strength for enhanced stability,21,4.2,8,,https://example.com/images/sprocket_bolt_fat_bob.jpg,68d135063952f7cf7dee90f6,68d135063952f7cf7dee90f8,Manoj Automobiles,Dilshknagar,17.367642,78.534282,premium,modern,excellent,genuine sprocket bolt fat bob fat bob harley davidson drivetrain racing quality high strength for enhanced stability,0,2025-07-02T00:00:00,2025-07-16T00:00:00
68d141ebb3fce85d4c560aed,Emergency Blanket - Roadking,Roadking,Yezdi,2024,,Safety,1451.0,industrial grade eco friendly for improved comfort,22,4.7,17,,https://example.com/images/emergency_blanket_roadking.jpg,68d135833952f7cf7dee9109,68d135833952f7cf7dee910b,Mounika Automobiles,Karimnagar,18.435781,79.132861,mid-range,modern,excellent,emergency blanket roadking roadking yezdi safety industrial grade eco friendly for improved comfort,0,2025-08-24T00:00:00,2025-07-20T00:00:00
68d141ebb3fce85d4c560aee,Premium Cylinder Head for C 400 X,C 400 X,BMW,2012,,Engine,8415.0,long lasting eco friendly for better control,26,4.4,25,,https://example.com/images/cylinder_head_c_400_x.jpg,68d135d63952f7cf7dee911e,68d135d63952f7cf7dee9120,baskar Automobiles,Medak,18.048948,78.269372,premium,classic,excellent,premium cylinder head for 400 400 bmw engine long lasting eco friendly for better control,0,2025-08-09T00:00:00,2025-08-24T00:00:00
68d141ebb3fce85d4c560aef,Chain Lube Assembly - Versys-X 300,Versys-X 300,Kawasaki,2014,,Maintenance,588.0,long lasting vibration dampening for increased power,2,4.2,20,,https://example.com/images/chain_lube_versys_x_300.jpg,68d136193952f7cf7dee9131,68d136193952f7cf7dee9133,Mahesh Automobiles,Khammam,17.249885,80.15615,budget,classic,excellent,chain lube assembly versys 300 versys 300 kawasaki maintenance long lasting vibration dampening for increased power,0,2025-08-17T00:00:00,2025-09-06T00:00:00
68d141ebb3fce85d4c560af0,Performance Piston Kit - R nineT,R nineT,BMW,2019,,Engine,24471.0,premium quality chemical resistant for enhanced stability,1,4.9,33,,https://example.com/images/piston_kit_r_ninet.jpg,689d6959045c37933826818b,689d6959045c37933826818d,sai automobiles,RAMNAGAR COLONY PEERZADIGUDA UPPAL HYDERABAD,17.390358,78.606729,premium,modern,excellent,performance piston kit ninet ninet bmw engine premium quality chemical resistant for enhanced stability,0,2025-07-12T00:00:00,2025-08-04T00:00:00
68d141ebb3fce85d4c560af1,Racing Chest Protector - V-Strom SX,V-Strom SX,Suzuki,2012,,Safety,5783.0,high performance noise reducing for reduced maintenance,18,4.3,3,,https://example.com/images/chest_protector_v_strom_sx.jpg,68ac2a8e3c73e23c655de052,68ac2a8f3c73e23c655de054,Swathi Automobiles,Chappal Bazar Road - Kachiguda ,17.38953,78.491245,premium,classic,excellent,racing chest protector strom sx strom sx suzuki safety high performance noise reducing for reduced maintenance,0,2025-08-25T00:00:00,2025-08-26T00:00:00
68d141ebb3fce85d4c560af2,Performance Spark Plug Cap - TRK 502,TRK 502,Benelli,2013,,Ignition,943.0,lightweight vibration dampening for better control,10,3.4,23,,https://example.com/images/spark_plug_cap_trk_502.jpg,68d0c47d09554c358655174b,68d0c47e09554c358655174d,Tarun Automobiles,,17.423605,78.546314,budget,classic,good,performance spark plug cap trk 502 trk 502 benelli ignition lightweight vibration dampening for better control,0,2025-08-05T00:00:00,2025-07-21T00:00:00
68d141ebb3fce85d4c560af3,Genuine Side Stand - Gusto,Gusto,Mahindra,2013,,Body Parts,4166.0,racing quality chemical resistant for superior reliability,13,3.6,28,,https://example.com/images/side_stand_gusto.jpg,68d133bf3952f7cf7dee90b7,68d133bf3952f7cf7dee90b9,Jyothi Automobiles,Hyderabad,17.511409,78.350972,mid-range,classic,good,genuine side stand gusto gusto mahindra body parts racing quality chemical resistant for superior reliability,0,2025-09-18T00:00:00,2025-08-02T00:00:00
68d141ebb3fce85d4c560af4,Performance Air Box - Versys-X 300,Versys-X 300,Kawasaki,2023,,Fuel System,4066.0,durable precision engineered for improved comfort,16,4.0,19,,https://example.com/images/air_box_versys_x_300.jpg,68d1346c3952f7cf7dee90d0,68d1346c3952f7cf7dee90d2,Kalyan Automobiles,Bala Nagar,17.475679,78.447328,mid-range,modern,excellent,performance air box versys 300 versys 300 kawasaki fuel system durable precision engineered for improved comfort,0,2025-07-15T00:00:00,2025-08-16T00:00:00
68d141ebb3fce85d4c560af5,Capacitor Assembly - Gixxer,Gixxer,Suzuki,2015,,Electrical,5041.0,premium quality fuel efficient for superior reliability,14,4.7,4,,https://example.com/images/capacitor_gixxer.jpg,68d134ac3952f7cf7dee90e3,68d134ac3952f7cf7dee90e5,Shiva sai Automobiles,Mahabubabad,17.594209,80.006903,premium,modern,excellent,capacitor assembly gixxer gixxer suzuki electrical premium quality fuel efficient for superior reliability,0,2025-09-09T00:00:00,2025-08-15T00:00:00
68d141ebb3fce85d4c560af6,Premium Horn for Dorsoduro 900,Dorsoduro 900,Aprilia,2015,,Electrical,1845.0,superior fuel efficient for longer life,27,4.5,26,,https://example.com/images/horn_dorsoduro_900.jpg,68d135063952f7cf7dee90f6,68d135063952f7cf7dee90f8,Manoj Automobiles,Dilshknagar,17.367642,78.534282,mid-range,modern,excellent,premium horn for dorsoduro 900 dorsoduro 900 aprilia electrical superior fuel efficient for longer life,0,2025-08-06T00:00:00,2025-08-03T00:00:00
68d141ebb3fce85d4c560af7,Penetrating Oil Assembly - Road King,Road King,Harley-Davidson,2012,,Maintenance,498.0,street performance maintenance free for superior reliability,3,4.4,22,,https://example.com/images/penetrating_oil_road_king.jpg,68d135833952f7cf7dee9109,68d135833952f7cf7dee910b,Mounika Automobiles,Karimnagar,18.435781,79.132861,budget,classic,excellent,penetrating oil assembly road king road king harley davidson maintenance street performance maintenance free for superior reliability,0,2025-07-21T00:00:00,2025-07-29T00:00:00
68d141ebb3fce85d4c560af8,Genuine Emergency Blanket - F3 Rosso,F3 Rosso,MV Agusta,2017,,Safety,1594.0,racing quality vibration dampening for reduced maintenance,22,4.6,19,,https://example.com/images/emergency_blanket_f3_rosso.jpg,68d135d63952f7cf7dee911e,68d135d63952f7cf7dee9120,baskar Automobiles,Medak,18.048948,78.269372,mid-range,modern,excellent,genuine emergency blanket f3 rosso f3 rosso mv agusta safety racing quality vibration dampening for reduced maintenance,0,2025-08-26T00:00:00,2025-07-26T00:00:00
68d141ebb3fce85d4c560af9,Heavy Duty Coil - Roadmaster,Roadmaster,Indian,2011,,Electrical,5797.0,enhanced high strength for optimal efficiency,9,3.9,49,,https://example.com/images/coil_roadmaster.jpg,68d136193952f7cf7dee9131,68d136193952f7cf7dee9133,Mahesh Automobiles,Khammam,17.249885,80.15615,premium,classic,good,heavy duty coil roadmaster roadmaster indian electrical enhanced high strength for optimal efficiency,0,2025-09-15T00:00:00,2025-07-09T00:00:00
68d141ebb3fce85d4c560afa,Genuine Tail Box - Super Meteor 650,Super Meteor 650,Royal Enfield,2017,,Accessories,4905.0,durable impact resistant for optimal efficiency,1,4.3,20,,https://example.com/images/tail_box_super_meteor_650.jpg,689d6959045c37933826818b,689d6959045c37933826818d,sai automobiles,RAMNAGAR COLONY PEERZADIGUDA UPPAL HYDERABAD,17.390358,78.606729,mid-range,modern,excellent,genuine tail box super meteor 650 super meteor 650 royal enfield accessories durable impact resistant for optimal efficiency,0,2025-08-19T00:00:00,2025-09-08T00:00:00
68d141ebb3fce85d4c560afb,Genuine Road Flare - Oilking,Oilking,Yezdi,2018,,Safety,7621.0,superior long lasting for enhanced stability,7,4.0,19,,https://example.com/images/road_flare_oilking.jpg,68ac2a8e3c73e23c655de052,68ac2a8f3c73e23c655de054,Swathi Automobiles,Chappal Bazar Road - Kachiguda ,17.38953,78.491245,premium,modern,excellent,genuine road flare oilking oilking yezdi safety superior long lasting for enhanced stability,0,2025-07-05T00:00:00,2025-09-01T00:00:00
68d141ebb3fce85d4c560afc,Premium Distributor Cap for Pulsar F250,Pulsar F250,Bajaj,2018,,Ignition,210.0,enhanced vibration dampening for reduced maintenance,9,4.2,43,,https://example.com/images/distributor_cap_pulsar_f250.jpg,68d0c47d09554c358655174b,68d0c47e09554c358655174d,Tarun Automobiles,,17.423605,78.546314,budget,modern,excellent,premium distributor cap for pulsar f250 pulsar f250 bajaj ignition enhanced vibration dampening for reduced maintenance,0,2025-07-16T00:00:00,2025-08-03T00:00:00
68d141ebb3fce85d4c560afd,Genuine Engine Oil - Access 125,Access 125,Suzuki,2019,,Maintenance,816.0,enhanced maintenance free for maximum protection,13,3.2,32,,https://example.com/images/engine_oil_access_125.jpg,68d133bf3952f7cf7dee90b7,68d133bf3952f7cf7dee90b9,Jyothi Automobiles,Hyderabad,17.511409,78.350972,budget,modern,good,genuine engine oil access 125 access 125 suzuki maintenance enhanced maintenance free for maximum protection,0,2025-08-16T00:00:00,2025-08-09T00:00:00
68d141ebb3fce85d4c560afe,Performance Temperature Gauge - Bonneville T120,Bonneville T120,Triumph,2010,,Cooling System,4248.0,precision made weather resistant for better fuel economy,28,3.3,25,,https://example.com/images/temperature_gauge_bonneville_t120.jpg,68d1346c3952f7cf7dee90d0,68d1346c3952f7cf7dee90d2,Kalyan Automobiles,Bala Nagar,17.475679,78.447328,mid-range,classic,good,performance temperature gauge bonneville t120 bonneville t120 triumph cooling system precision made weather resistant for better fuel economy,0,2025-08-14T00:00:00,2025-08-25T00:00:00
68d141ebb3fce85d4c560aff,Performance Turn Signal - 1290 Super Duke R,1290 Super Duke R,KTM,2010,,Electrical,6943.0,long lasting weather resistant for reduced maintenance,10,3.4,6,,https://example.com/images/turn_signal_1290_super_duke_r.jpg,68d134ac3952f7cf7dee90e3,68d134ac3952f7cf7dee90e5,Shiva sai Automobiles,Mahabubabad,17.594209,80.006903,premium,classic,good,performance turn signal 1290 super duke 1290 super duke ktm electrical long lasting weather resistant for reduced maintenance,0,2025-09-10T00:00:00,2025-09-03T00:00:00
68d141ebb3fce85d4c560b00,Premium Battery for GSX-S750,GSX-S750,Suzuki,2024,,Electrical,5801.0,lightweight high strength for smoother operation,24,4.8,5,,https://example.com/images/battery_gsx_s750.jpg,68d135063952f7cf7dee90f6,68d135063952f7cf7dee90f8,Manoj Automobiles,Dilshknagar,17.367642,78.534282,premium,modern,excellent,premium battery for gsx s750 gsx s750 suzuki electrical lightweight high strength for smoother operation,0,2025-07-11T00:00:00,2025-09-06T00:00:00
68d141ebb3fce85d4c560b01,Fuel Pump Assembly - Pulsar NS160,Pulsar NS160,Bajaj,2022,,Fuel System,9277.0,lightweight weather resistant for superior reliability,4,3.8,17,,https://example.com/images/fuel_pump_pulsar_ns160.jpg,68d135833952f7cf7dee9109,68d135833952f7cf7dee910b,Mounika Automobiles,Karimnagar,18.435781,79.132861,premium,modern,good,fuel pump assembly pulsar ns160 pulsar ns160 bajaj fuel system lightweight weather resistant for superior reliability,0,2025-08-24T00:00:00,2025-09-02T00:00:00
68d141ebb3fce85d4c560b02,Performance Compression Ring - Kine,Kine,Mahindra,2013,,Engine,19358.0,professional grade chemical resistant for improved performance,7,3.6,5,,https://example.com/images/compression_ring_kine.jpg,68d135d63952f7cf7dee911e,68d135d63952f7cf7dee9120,baskar Automobiles,Medak,18.048948,78.269372,premium,classic,good,performance compression ring kine kine mahindra engine professional grade chemical resistant for improved performance,0,2025-07-05T00:00:00,2025-07-30T00:00:00
68d141ebb3fce85d4c560b03,Racing Handlebar Grip - Karizma XMR,Karizma XMR,Hero,2013,,Accessories,3959.0,racing quality temperature stable for enhanced durability,21,4.3,28,,https://example.com/images/handlebar_grip_karizma_xmr.jpg,68d136193952f7cf7dee9131,68d136193952f7cf7dee9133,Mahesh Automobiles,Khammam,17.249885,80.15615,mid-range,classic,excellent,racing handlebar grip karizma xmr karizma xmr hero accessories racing quality temperature stable for enhanced durability,0,2025-09-10T00:00:00,2025-08-15T00:00:00
68d141ebb3fce85d4c560b04,Honda Ignition Coil for CBR250R,CBR250R,Honda,2017,,Ignition,774.0,precision made precision engineered for maximum protection,26,3.5,0,,https://example.com/images/ignition_coil_cbr250r.jpg,689d6959045c37933826818b,689d6959045c37933826818d,sai automobiles,RAMNAGAR COLONY PEERZADIGUDA UPPAL HYDERABAD,17.390358,78.606729,budget,modern,good,honda ignition coil for cbr250r cbr250r honda ignition precision made precision engineered for maximum protection,0,2025-08-11T00:00:00,2025-08-23T00:00:00
68d141ebb3fce85d4c560b05,Heavy Duty Riding Boots - Interceptor 650,Interceptor 650,Royal Enfield,2019,,Safety,7431.0,industrial grade weather resistant for increased power,29,4.8,10,,https://example.com/images/riding_boots_interceptor_650.jpg,68ac2a8e3c73e23c655de052,68ac2a8f3c73e23c655de054,Swathi Automobiles,Chappal Bazar Road - Kachiguda ,17.38953,78.491245,premium,modern,excellent,heavy duty riding boots interceptor 650 interceptor 650 royal enfield safety industrial grade weather resistant for increased power,0,2025-08-28T00:00:00,2025-07-04T00:00:00
68d141ebb3fce85d4c560b06,Carbon Filter - Scrambler,Scrambler,Yezdi,2012,,Filters,1008.0,precision made noise reducing for enhanced durability,24,4.4,29,,https://example.com/images/carbon_filter_scrambler.jpg,68d0c47d09554c358655174b,68d0c47e09554c358655174d,Tarun Automobiles,,17.423605,78.546314,mid-range,classic,excellent,carbon filter scrambler scrambler yezdi filters precision made noise reducing for enhanced durability,0,2025-08-21T00:00:00,2025-09-17T00:00:00
68d141ebb3fce85d4c560b07,Performance Riding Gloves - Turismo Veloce,Turismo Veloce,MV Agusta,2025,,Safety,1780.0,durable temperature stable for smoother operation,26,3.6,40,,https://example.com/images/riding_gloves_turismo_veloce.jpg,68d133bf3952f7cf7dee90b7,68d133bf3952f7cf7dee90b9,Jyothi Automobiles,Hyderabad,17.511409,78.350972,mid-range,modern,good,performance riding gloves turismo veloce turismo veloce mv agusta safety durable temperature stable for smoother operation,0,2025-07-24T00:00:00,2025-08-23T00:00:00
68d141ebb3fce85d4c560b08,Hydraulic Filter - GSX-S750,GSX-S750,Suzuki,2012,,Filters,146.0,premium quality temperature stable for longer life,30,4.8,5,,https://example.com/images/hydraulic_filter_gsx_s750.jpg,68d1346c3952f7cf7dee90d0,68d1346c3952f7cf7dee90d2,Kalyan Automobiles,Bala Nagar,17.475679,78.447328,budget,classic,excellent,hydraulic filter gsx s750 gsx s750 suzuki filters premium quality temperature stable for longer life,0,2025-08-02T00:00:00,2025-07-21T00:00:00
68d141ebb3fce85d4c560b09,OEM Rear Cowl - Panigale V2,Panigale V2,Ducati,2024,,Body Parts,1791.0,high performance precision engineered for better handling,17,4.9,33,,https://example.com/images/rear_cowl_panigale_v2.jpg,68d134ac3952f7cf7dee90e3,68d134ac3952f7cf7dee90e5,Shiva sai Automobiles,Mahabubabad,17.594209,80.006903,mid-range,modern,excellent,oem rear cowl panigale v2 panigale v2 ducati body parts high performance precision engineered for better handling,0,2025-08-19T00:00:00,2025-07-12T00:00:00
68d141ebb3fce85d4c560b0a,TNT 300 Seat Cover,TNT 300,Benelli,2014,,Body Parts,4575.0,lightweight noise reducing for superior reliability,8,3.3,27,,https://example.com/images/seat_cover_tnt_300.jpg,68d135063952f7cf7dee90f6,68d135063952f7cf7dee90f8,Manoj Automobiles,Dilshknagar,17.367642,78.534282,mid-range,classic,good,tnt 300 seat cover tnt 300 benelli body parts lightweight noise reducing for superior reliability,0,2025-08-10T00:00:00,2025-08-27T00:00:00
68d141ebb3fce85d4c560b0b,Heavy Duty Air Box Cover - Fat Bob,Fat Bob,Harley-Davidson,2025,,Body Parts,4875.0,advanced chemical resistant for reduced maintenance,6,3.2,43,,https://example.com/images/air_box_cover_fat_bob.jpg,68d135833952f7cf7dee9109,68d135833952f7cf7dee910b,Mounika Automobiles,Karimnagar,18.435781,79.132861,mid-range,modern,good,heavy duty air box cover fat bob fat bob harley davidson body parts advanced chemical resistant for reduced maintenance,0,2025-09-03T00:00:00,2025-08-20T00:00:00
68d141ebb3fce85d4c560b0c,Suspension Bolt Assembly - TRK 502,TRK 502,Benelli,2010,,Suspension,11910.0,superior precision engineered for improved performance,24,4.3,47,,https://example.com/images/suspension_bolt_trk_502.jpg,68d135d63952f7cf7dee911e,68d135d63952f7cf7dee9120,baskar Automobiles,Medak,18.048948,78.269372,premium,classic,excellent,suspension bolt assembly trk 502 trk 502 benelli suspension superior precision engineered for improved performance,0,2025-09-16T00:00:00,2025-08-27T00:00:00
68d141ebb3fce85d4c560b0d,Number Plate Holder Assembly - Avenger 220,Avenger 220,Bajaj,2015,,Body Parts,1984.0,high performance eco friendly for enhanced durability,28,4.5,28,,https://example.com/images/number_plate_holder_avenger_220.jpg,68d136193952f7cf7dee9131,68d136193952f7cf7dee9133,Mahesh Automobiles,Khammam,17.249885,80.15615,mid-range,modern,excellent,number plate holder assembly avenger 220 avenger 220 bajaj body parts high performance eco friendly for enhanced durability,0,2025-07-13T00:00:00,2025-08-12T00:00:00
68d141ebb3fce85d4c560b0e,OEM Headlight Assembly - Xtreme 160R,Xtreme 160R,Hero,2019,,Lighting,5840.0,precision made corrosion resistant for improved performance,3,3.6,50,,https://example.com/images/headlight_assembly_xtreme_160r.jpg,689d6959045c37933826818b,689d6959045c37933826818d,sai automobiles,RAMNAGAR COLONY PEERZADIGUDA UPPAL HYDERABAD,17.390358,78.606729,premium,modern,good,oem headlight assembly xtreme 160r xtreme 160r hero lighting precision made corrosion resistant for improved performance,0,2025-07-09T00:00:00,2025-08-18T00:00:00
68d141ebb3fce85d4c560b0f,Genuine Battery - K 1600 GTL,K 1600 GTL,BMW,2017,,Electrical,7740.0,heavy duty fuel efficient for enhanced durability,21,3.5,18,,https://example.com/images/battery_k_1600_gtl.jpg,68ac2a8e3c73e23c655de052,68ac2a8f3c73e23c655de054,Swathi Automobiles,Chappal Bazar Road - Kachiguda ,17.38953,78.491245,premium,modern,good,genuine battery 1600 gtl 1600 gtl bmw electrical heavy duty fuel efficient for enhanced durability,0,2025-09-10T00:00:00,2025-09-02T00:00:00
68d141ebb3fce85d4c560b10,OEM Polish - Yezdi Roadster,Yezdi Roadster,Jawa,2021,,Maintenance,890.0,enhanced precision engineered for smoother operation,25,4.2,32,,https://example.com/images/polish_yezdi_roadster.jpg,68d0c47d09554c358655174b,68d0c47e09554c358655174d,Tarun Automobiles,,17.423605,78.546314,budget,modern,excellent,oem polish yezdi roadster yezdi roadster jawa maintenance enhanced precision engineered for smoother operation,0,2025-07-30T00:00:00,2025-07-22T00:00:00
68d141ebb3fce85d4c560b11,Performance Starter Relay - TNT 899,TNT 899,Benelli,2016,,Electrical,5161.0,advanced temperature stable for maximum protection,11,4.8,25,,https://example.com/images/starter_relay_tnt_899.jpg,68d133bf3952f7cf7dee90b7,68d133bf3952f7cf7dee90b9,Jyothi Automobiles,Hyderabad,17.511409,78.350972,premium,modern,excellent,performance starter relay tnt 899 tnt 899 benelli electrical advanced temperature stable for maximum protection,0,2025-09-17T00:00:00,2025-09-21T00:00:00
68d141ebb3fce85d4c560b12,Heavy Duty Radiator Cap - V12,V12,Bajaj,2021,,Cooling System,5135.0,professional grade chemical resistant for enhanced safety,6,3.5,47,,https://example.com/images/radiator_cap_v12.jpg,68d1346c3952f7cf7dee90d0,68d1346c3952f7cf7dee90d2,Kalyan Automobiles,Bala Nagar,17.475679,78.447328,premium,modern,good,heavy duty radiator cap v12 v12 bajaj cooling system professional grade chemical resistant for enhanced safety,0,2025-08-10T00:00:00,2025-09-12T00:00:00
68d141ebb3fce85d4c560b13,Genuine Tubeless Valve - 890 Adventure,890 Adventure,KTM,2017,,Wheels & Tires,7220.0,superior weather resistant for better fuel economy,9,4.2,10,,https://example.com/images/tubeless_valve_890_adventure.jpg,68d134ac3952f7cf7dee90e3,68d134ac3952f7cf7dee90e5,Shiva sai Automobiles,Mahabubabad,17.594209,80.006903,premium,modern,excellent,genuine tubeless valve 890 adventure 890 adventure ktm wheels tires superior weather resistant for better fuel economy,0,2025-09-08T00:00:00,2025-08-17T00:00:00
68d141ebb3fce85d4c560b14,Premium Gear Oil for Café Racer,Café Racer,Jawa,2010,,Maintenance,675.0,oem quality heat treated for longer life,23,4.1,4,,https://example.com/images/gear_oil_café_racer.jpg,68d135063952f7cf7dee90f6,68d135063952f7cf7dee90f8,Manoj Automobiles,Dilshknagar,17.367642,78.534282,budget,classic,excellent,premium gear oil for café racer café racer jawa maintenance oem quality heat treated for longer life,0,2025-08-25T00:00:00,2025-07-28T00:00:00
68d141ebb3fce85d4c560b15,Mahindra Temperature Gauge for Duro DZ,Duro DZ,Mahindra,2017,,Cooling System,2703.0,precision made impact resistant for better control,12,4.8,28,,https://example.com/images/temperature_gauge_duro_dz.jpg,68d135833952f7cf7dee9109,68d135833952f7cf7dee910b,Mounika Automobiles,Karimnagar,18.435781,79.132861,mid-range,modern,excellent,mahindra temperature gauge for duro dz duro dz mahindra cooling system precision made impact resistant for better control,0,2025-07-23T00:00:00,2025-09-01T00:00:00
68d141ebb3fce85d4c560b16,Performance Chain Guard - Alpha,Alpha,Yamaha,2025,,Body Parts,6428.0,street performance impact resistant for superior reliability,9,3.8,8,,https://example.com/images/chain_guard_alpha.jpg,68d135d63952f7cf7dee911e,68d135d63952f7cf7dee9120,baskar Automobiles,Medak,18.048948,78.269372,premium,modern,good,performance chain guard alpha alpha yamaha body parts street performance impact resistant for superior reliability,0,2025-08-06T00:00:00,2025-07-13T00:00:00
68d141ebb3fce85d4c560b17,Racing Variator - Mojo,Mojo,Mahindra,2019,,Drivetrain,5586.0,street performance impact resistant for longer life,7,3.7,26,,https://example.com/images/variator_mojo.jpg,68d136193952f7cf7dee9131,68d136193952f7cf7dee9133,Mahesh Automobiles,Khammam,17.249885,80.15615,premium,modern,good,racing variator mojo mojo mahindra drivetrain street performance impact resistant for longer life,0,2025-09-02T00:00:00,2025-09-04T00:00:00
68d141ebb3fce85d4c560b18,Heavy Duty Cylinder Block - Z900,Z900,Kawasaki,2019,,Engine,22675.0,street performance maintenance free for enhanced durability,25,4.4,14,,https://example.com/images/cylinder_block_z900.jpg,689d6959045c37933826818b,689d6959045c37933826818d,sai automobiles,RAMNAGAR COLONY PEERZADIGUDA UPPAL HYDERABAD,17.390358,78.606729,premium,modern,excellent,heavy duty cylinder block z900 z900 kawasaki engine street performance maintenance free for enhanced durability,0,2025-07-28T00:00:00,2025-07-25T00:00:00
68d141ebb3fce85d4c560b19,Racing Tool Box - Mojo,Mojo,Mahindra,2017,,Body Parts,7766.0,heavy duty vibration dampening for enhanced stability,23,4.7,38,,https://example.com/images/tool_box_mojo.jpg,68ac2a8e3c73e23c655de052,68ac2a8f3c73e23c655de054,Swathi Automobiles,Chappal Bazar Road - Kachiguda ,17.38953,78.491245,premium,modern,excellent,racing tool box mojo mojo mahindra body parts heavy duty vibration dampening for enhanced stability,0,2025-07-16T00:00:00,2025-07-31T00:00:00
68d141ebb3fce85d4c560b1a,Heavy Duty Rear Sprocket - S 1000 XR,S 1000 XR,BMW,2016,,Drivetrain,7116.0,premium quality weather resistant for enhanced safety,11,4.4,41,,https://example.com/images/rear_sprocket_s_1000_xr.jpg,68d0c47d09554c358655174b,68d0c47e09554c358655174d,Tarun Automobiles,,17.423605,78.546314,premium,modern,excellent,heavy duty rear sprocket 1000 xr 1000 xr bmw drivetrain premium quality weather resistant for enhanced safety,0,2025-09-02T00:00:00,2025-08-14T00:00:00
68d141ebb3fce85d4c560b1b,Suzuki Front Shock Absorber for Hayabusa,Hayabusa,Suzuki,2021,,Suspension,14219.0,high performance impact resistant for increased power,9,4.0,3,,https://example.com/images/front_shock_absorber_hayabusa.jpg,68d133bf3952f7cf7dee90b7,68d133bf3952f7cf7dee90b9,Jyothi Automobiles,Hyderabad,17.511409,78.350972,premium,modern,excellent,suzuki front shock absorber for hayabusa hayabusa suzuki suspension high performance impact resistant for increased power,0,2025-07-28T00:00:00,2025-07-09T00:00:00
68d141ebb3fce85d4c560b1c,Kawasaki Baffle for Ninja 650,Ninja 650,Kawasaki,2014,,Exhaust,15993.0,oem quality weather resistant for better control,26,4.3,38,,https://example.com/images/baffle_ninja_650.jpg,68d1346c3952f7cf7dee90d0,68d1346c3952f7cf7dee90d2,Kalyan Automobiles,Bala Nagar,17.475679,78.447328,premium,classic,excellent,kawasaki baffle for ninja 650 ninja 650 kawasaki exhaust oem quality weather resistant for better control,0,2025-07-02T00:00:00,2025-08-07T00:00:00
68d141ebb3fce85d4c560b1d,Variator - iQube Electric,iQube Electric,TVS,2015,,Drivetrain,4905.0,long lasting weather resistant for enhanced durability,26,4.5,5,,https://example.com/images/variator_iqube_electric.jpg,68d134ac3952f7cf7dee90e3,68d134ac3952f7cf7dee90e5,Shiva sai Automobiles,Mahabubabad,17.594209,80.006903,mid-range,modern,excellent,variator iqube electric iqube electric tvs drivetrain long lasting weather resistant for enhanced durability,0,2025-09-08T00:00:00,2025-09-10T00:00:00
68d141ebb3fce85d4c560b1e,Racing Battery Cable - Flyte,Flyte,Mahindra,2025,,Electrical,1082.0,industrial grade impact resistant for longer life,5,4.1,22,,https://example.com/images/battery_cable_flyte.jpg,68d135063952f7cf7dee90f6,68d135063952f7cf7dee90f8,Manoj Automobiles,Dilshknagar,17.367642,78.534282,mid-range,modern,excellent,racing battery cable flyte flyte mahindra electrical industrial grade impact resistant for longer life,0,2025-09-11T00:00:00,2025-09-12T00:00:00
68d141ebb3fce85d4c560b1f,Mesh Filter Assembly - Saluto RX,Saluto RX,Yamaha,2019,,Filters,463.0,premium quality precision engineered for enhanced safety,29,4.4,24,,https://example.com/images/mesh_filter_saluto_rx.jpg,68d135833952f7cf7dee9109,68d135833952f7cf7dee910b,Mounika Automobiles,Karimnagar,18.435781,79.132861,budget,modern,excellent,mesh filter assembly saluto rx saluto rx yamaha filters premium quality precision engineered for enhanced safety,0,2025-08-18T00:00:00,2025-09-03T00:00:00
68d141ebb3fce85d4c560b20,Performance Petcock Valve - CL 300,CL 300,Jawa,2011,,Fuel System,9672.0,heavy duty impact resistant for better control,11,3.6,45,,https://example.com/images/petcock_valve_cl_300.jpg,68d135d63952f7cf7dee911e,68d135d63952f7cf7dee9120,baskar Automobiles,Medak,18.048948,78.269372,premium,classic,good,performance petcock valve cl 300 cl 300 jawa fuel system heavy duty impact resistant for better control,0,2025-07-01T00:00:00,2025-08-14T00:00:00
68d141ebb3fce85d4c560b21,Racing Rotor - Platina 110,Platina 110,Bajaj,2025,,Ignition,475.0,oem quality weather resistant for better control,2,4.4,28,,https://example.com/images/rotor_platina_110.jpg,68d136193952f7cf7dee9131,68d136193952f7cf7dee9133,Mahesh Automobiles,Khammam,17.249885,80.15615,budget,modern,excellent,racing rotor platina 110 platina 110 bajaj ignition oem quality weather resistant for better control,0,2025-09-11T00:00:00,2025-07-22T00:00:00
68d141ebb3fce85d4c560b22,Heavy Duty Spacer - X-Blade,X-Blade,Honda,2023,,Wheels & Tires,7462.0,lightweight vibration dampening for enhanced stability,13,3.7,34,,https://example.com/images/spacer_x_blade.jpg,689d6959045c37933826818b,689d6959045c37933826818d,sai automobiles,RAMNAGAR COLONY PEERZADIGUDA UPPAL HYDERABAD,17.390358,78.606729,premium,modern,good,heavy duty spacer blade blade honda wheels tires lightweight vibration dampening for enhanced stability,0,2025-07-11T00:00:00,2025-08-18T00:00:00
68d141ebb3fce85d4c560b23,Speed Twin Rebound Adjuster,Speed Twin,Triumph,2022,,Suspension,8032.0,superior noise reducing for smoother operation,7,4.9,34,,https://example.com/images/rebound_adjuster_speed_twin.jpg,68ac2a8e3c73e23c655de052,68ac2a8f3c73e23c655de054,Swathi Automobiles,Chappal Bazar Road - Kachiguda ,17.38953,78.491245,premium,modern,excellent,speed twin rebound adjuster speed twin triumph suspension superior noise reducing for smoother operation,0,2025-08-06T00:00:00,2025-08-05T00:00:00
68d141ebb3fce85d4c560b24,Clutch Hub - R 1250 GS,R 1250 GS,BMW,2022,,Transmission,3137.0,superior high strength for better control,28,3.8,32,,https://example.com/images/clutch_hub_r_1250_gs.jpg,68d0c47d09554c358655174b,68d0c47e09554c358655174d,Tarun Automobiles,,17.423605,78.546314,mid-range,modern,good,clutch hub 1250 gs 1250 gs bmw transmission superior high strength for better control,0,2025-09-04T00:00:00,2025-07-18T00:00:00
68d141ebb3fce85d4c560b25,Exhaust Spring - Dragster 800,Dragster 800,MV Agusta,2023,,Exhaust,13626.0,superior impact resistant for longer life,16,4.8,27,,https://example.com/images/exhaust_spring_dragster_800.jpg,68d133bf3952f7cf7dee90b7,68d133bf3952f7cf7dee90b9,Jyothi Automobiles,Hyderabad,17.511409,78.350972,premium,modern,excellent,exhaust spring dragster 800 dragster 800 mv agusta exhaust superior impact resistant for longer life,0,2025-07-09T00:00:00,2025-09-09T00:00:00
68d141ebb3fce85d4c560b26,Premium Push Rod for Z650,Z650,Kawasaki,2017,,Engine,24196.0,long lasting heat treated for superior reliability,6,4.9,1,,https://example.com/images/push_rod_z650.jpg,68d1346c3952f7cf7dee90d0,68d1346c3952f7cf7dee90d2,Kalyan Automobiles,Bala Nagar,17.475679,78.447328,premium,modern,excellent,premium push rod for z650 z650 kawasaki engine long lasting heat treated for superior reliability,0,2025-08-28T00:00:00,2025-07-19T00:00:00
68d141ebb3fce85d4c560b27,Racing Rear Brake Pad - Roadster,Roadster,Yezdi,2015,,Brakes,2877.0,professional grade chemical resistant for enhanced durability,22,3.6,20,,https://example.com/images/rear_brake_pad_roadster.jpg,68d134ac3952f7cf7dee90e3,68d134ac3952f7cf7dee90e5,Shiva sai Automobiles,Mahabubabad,17.594209,80.006903,mid-range,modern,good,racing rear brake pad roadster roadster yezdi brakes professional grade chemical resistant for enhanced durability,0,2025-09-14T00:00:00,2025-07-09T00:00:00
68d141ebb3fce85d4c560b28,Genuine Starter Motor - Forty-Eight,Forty-Eight,Harley-Davidson,2014,,Electrical,1528.0,heavy duty precision engineered for reduced maintenance,17,4.7,11,,https://example.com/images/starter_motor_forty_eight.jpg,68d135063952f7cf7dee90f6,68d135063952f7cf7dee90f8,Manoj Automobiles,Dilshknagar,17.367642,78.534282,mid-range,classic,excellent,genuine starter motor forty eight forty eight harley davidson electrical heavy duty precision engineered for reduced maintenance,0,2025-08-20T00:00:00,2025-09-07T00:00:00
68d141ebb3fce85d4c560b29,OEM Brake Fluid - Meteor 350,Meteor 350,Royal Enfield,2011,,Maintenance,138.0,industrial grade fuel efficient for better control,7,3.4,4,,https://example.com/images/brake_fluid_meteor_350.jpg,68d135833952f7cf7dee9109,68d135833952f7cf7dee910b,Mounika Automobiles,Karimnagar,18.435781,79.132861,budget,classic,good,oem brake fluid meteor 350 meteor 350 royal enfield maintenance industrial grade fuel efficient for better control,0,2025-08-18T00:00:00,2025-07-30T00:00:00
68d141ebb3fce85d4c560b2a,Performance Radiator Mount - Forty-Eight,Forty-Eight,Harley-Davidson,2023,,Cooling System,11028.0,precision made heat treated for superior reliability,20,3.9,45,,https://example.com/images/radiator_mount_forty_eight.jpg,68d135d63952f7cf7dee911e,68d135d63952f7cf7dee9120,baskar Automobiles,Medak,18.048948,78.269372,premium,modern,good,performance radiator mount forty eight forty eight harley davidson cooling system precision made heat treated for superior reliability,0,2025-08-07T00:00:00,2025-09-11T00:00:00
68d141ebb3fce85d4c560b2b,Racing Crank Position Sensor - Forty Two,Forty Two,Jawa,2012,,Ignition,155.0,enhanced corrosion resistant for optimal efficiency,29,4.7,13,,https://example.com/images/crank_position_sensor_forty_two.jpg,68d136193952f7cf7dee9131,68d136193952f7cf7dee9133,Mahesh Automobiles,Khammam,17.249885,80.15615,budget,classic,excellent,racing crank position sensor forty two forty two jawa ignition enhanced corrosion resistant for optimal efficiency,0,2025-07-02T00:00:00,2025-07-31T00:00:00
68d141ebb3fce85d4c560b2c,Genuine Cooling Fan - Deluxe,Deluxe,Yezdi,2017,,Cooling System,1937.0,long lasting long lasting for improved performance,10,5.0,9,,https://example.com/images/cooling_fan_deluxe.jpg,689d6959045c37933826818b,689d6959045c37933826818d,sai automobiles,RAMNAGAR COLONY PEERZADIGUDA UPPAL HYDERABAD,17.390358,78.606729,mid-range,modern,excellent,genuine cooling fan deluxe deluxe yezdi cooling system long lasting long lasting for improved performance,0,2025-07-15T00:00:00,2025-09-21T00:00:00
68d141ebb3fce85d4c560b2d,Performance Tire Pressure Sensor - YBR 125,YBR 125,Yamaha,2016,,Wheels & Tires,11878.0,premium quality wear resistant for enhanced safety,7,3.9,8,,https://example.com/images/tire_pressure_sensor_ybr_125.jpg,68ac2a8e3c73e23c655de052,68ac2a8f3c73e23c655de054,Swathi Automobiles,Chappal Bazar Road - Kachiguda ,17.38953,78.491245,premium,modern,good,performance tire pressure sensor ybr 125 ybr 125 yamaha wheels tires premium quality wear resistant for enhanced safety,0,2025-07-19T00:00:00,2025-08-23T00:00:00
68d141ebb3fce85d4c560b2e,Premium Tire Valve for Bonneville T120,Bonneville T120,Triumph,2017,,Wheels & Tires,5845.0,street performance high strength for reduced maintenance,7,3.4,50,,https://example.com/images/tire_valve_bonneville_t120.jpg,68d0c47d09554c358655174b,68d0c47e09554c358655174d,Tarun Automobiles,,17.423605,78.546314,premium,modern,good,premium tire valve for bonneville t120 bonneville t120 triumph wheels tires street performance high strength for reduced maintenance,0,2025-07-14T00:00:00,2025-09-09T00:00:00
68d141ebb3fce85d4c560b2f,OEM Upper Triple Tree - Iron 883,Iron 883,Harley-Davidson,2016,,Suspension,1777.0,high performance wear resistant for maximum protection,25,3.9,48,,https://example.com/images/upper_triple_tree_iron_883.jpg,68d133bf3952f7cf7dee90b7,68d133bf3952f7cf7dee90b9,Jyothi Automobiles,Hyderabad,17.511409,78.350972,mid-range,modern,good,oem upper triple tree iron 883 iron 883 harley davidson suspension high performance wear resistant for maximum protection,0,2025-07-31T00:00:00,2025-08-30T00:00:00
68d141ebb3fce85d4c560b30,Coolant Hose Assembly - CL2,CL2,Yezdi,2010,,Cooling System,9553.0,street performance noise reducing for maximum protection,7,3.6,41,,https://example.com/images/coolant_hose_cl2.jpg,68d1346c3952f7cf7dee90d0,68d1346c3952f7cf7dee90d2,Kalyan Automobiles,Bala Nagar,17.475679,78.447328,premium,classic,good,coolant hose assembly cl2 cl2 yezdi cooling system street performance noise reducing for maximum protection,0,2025-09-14T00:00:00,2025-07-11T00:00:00
68d141ebb3fce85d4c560b31,Genuine First Aid Kit - Machismo,Machismo,Royal Enfield,2019,,Accessories,3545.0,premium quality long lasting for better control,17,5.0,47,,https://example.com/images/first_aid_kit_machismo.jpg,68d134ac3952f7cf7dee90e3,68d134ac3952f7cf7dee90e5,Shiva sai Automobiles,Mahabubabad,17.594209,80.006903,mid-range,modern,excellent,genuine first aid kit machismo machismo royal enfield accessories premium quality long lasting for better control,0,2025-07-19T00:00:00,2025-07-19T00:00:00
68d141ebb3fce85d4c560b32,OEM Baffle - Chief,Chief,Indian,2025,,Exhaust,4507.0,street performance noise reducing for smoother operation,5,3.8,25,,https://example.com/images/baffle_chief.jpg,68d135063952f7cf7dee90f6,68d135063952f7cf7dee90f8,Manoj Automobiles,Dilshknagar,17.367642,78.534282,mid-range,modern,good,oem baffle chief chief indian exhaust street performance noise reducing for smoother operation,0,2025-08-27T00:00:00,2025-09-11T00:00:00
68d141ebb3fce85d4c560b33,Tool Box - CL 300,CL 300,Jawa,2021,,Body Parts,5722.0,high performance high strength for enhanced stability,15,4.6,6,,https://example.com/images/tool_box_cl_300.jpg,68d135833952f7cf7dee9109,68d135833952f7cf7dee910b,Mounika Automobiles,Karimnagar,18.435781,79.132861,premium,modern,excellent,tool box cl 300 cl 300 jawa body parts high performance high strength for enhanced stability,0,2025-08-06T00:00:00,2025-07-07T00:00:00
68d141ebb3fce85d4c560b34,Fuse Box - 890 Adventure,890 Adventure,KTM,2016,,Electrical,5656.0,racing quality eco friendly for improved performance,8,3.9,4,,https://example.com/images/fuse_box_890_adventure.jpg,68d135d63952f7cf7dee911e,68d135d63952f7cf7dee9120,baskar Automobiles,Medak,18.048948,78.269372,premium,modern,good,fuse box 890 adventure 890 adventure ktm electrical racing quality eco friendly for improved performance,0,2025-08-11T00:00:00,2025-09-09T00:00:00
68d141ebb3fce85d4c560b35,Genuine Fork Oil Seal - Scrambler Icon,Scrambler Icon,Ducati,2015,,Suspension,8378.0,racing quality fuel efficient for improved performance,13,4.1,36,,https://example.com/images/fork_oil_seal_scrambler_icon.jpg,68d136193952f7cf7dee9131,68d136193952f7cf7dee9133,Mahesh Automobiles,Khammam,17.249885,80.15615,premium,modern,excellent,genuine fork oil seal scrambler icon scrambler icon ducati suspension racing quality fuel efficient for improved performance,0,2025-08-28T00:00:00,2025-08-03T00:00:00
68d141ebb3fce85d4c560b36,Performance Input Shaft - Bobber,Bobber,Jawa,2018,,Transmission,5755.0,enhanced weather resistant for better fuel economy,28,3.4,22,,https://example.com/images/input_shaft_bobber.jpg,689d6959045c37933826818b,689d6959045c37933826818d,sai automobiles,RAMNAGAR COLONY PEERZADIGUDA UPPAL HYDERABAD,17.390358,78.606729,premium,modern,good,performance input shaft bobber bobber jawa transmission enhanced weather resistant for better fuel economy,0,2025-07-06T00:00:00,2025-07-23T00:00:00
68d141ebb3fce85d4c560b37,Rivale 800 Oil Ring,Rivale 800,MV Agusta,2018,,Engine,6725.0,professional grade wear resistant for longer life,7,4.4,5,,https://example.com/images/oil_ring_rivale_800.jpg,68ac2a8e3c73e23c655de052,68ac2a8f3c73e23c655de054,Swathi Automobiles,Chappal Bazar Road - Kachiguda ,17.38953,78.491245,premium,modern,excellent,rivale 800 oil ring rivale 800 mv agusta engine professional grade wear resistant for longer life,0,2025-08-07T00:00:00,2025-07-07T00:00:00
68d141ebb3fce85d4c560b38,Premium Exhaust Clamp for Caponord 1200,Caponord 1200,Aprilia,2011,,Exhaust,9987.0,long lasting fuel efficient for increased power,19,3.3,32,,https://example.com/images/exhaust_clamp_caponord_1200.jpg,68d0c47d09554c358655174b,68d0c47e09554c358655174d,Tarun Automobiles,,17.423605,78.546314,premium,classic,good,premium exhaust clamp for caponord 1200 caponord 1200 aprilia exhaust long lasting fuel efficient for increased power,0,2025-08-15T00:00:00,2025-08-01T00:00:00
68d141ebb3fce85d4c560b39,Performance Radiator Guard - FZ-X,FZ-X,Yamaha,2013,,Cooling System,2985.0,oem quality impact resistant for optimal efficiency,7,4.0,32,,https://example.com/images/radiator_guard_fz_x.jpg,68d133bf3952f7cf7dee90b7,68d133bf3952f7cf7dee90b9,Jyothi Automobiles,Hyderabad,17.511409,78.350972,mid-range,classic,excellent,performance radiator guard fz fz yamaha cooling system oem quality impact resistant for optimal efficiency,0,2025-07-21T00:00:00,2025-09-08T00:00:00
68d141ebb3fce85d4c560b3a,Mahindra Output Shaft for Zesto,Zesto,Mahindra,2010,,Transmission,7547.0,industrial grade wear resistant for better fuel economy,18,3.9,41,,https://example.com/images/output_shaft_zesto.jpg,68d1346c3952f7cf7dee90d0,68d1346c3952f7cf7dee90d2,Kalyan Automobiles,Bala Nagar,17.475679,78.447328,premium,classic,good,mahindra output shaft for zesto zesto mahindra transmission industrial grade wear resistant for better fuel economy,0,2025-09-11T00:00:00,2025-07-07T00:00:00
68d141ecb3fce85d4c560b3b,Heavy Duty Clutch Cable - Brutale 800,Brutale 800,MV Agusta,2019,,Transmission,11456.0,heavy duty fuel efficient for better handling,21,3.5,47,,https://example.com/images/clutch_cable_brutale_800.jpg,68d134ac3952f7cf7dee90e3,68d134ac3952f7cf7dee90e5,Shiva sai Automobiles,Mahabubabad,17.594209,80.006903,premium,modern,good,heavy duty clutch cable brutale 800 brutale 800 mv agusta transmission heavy duty fuel efficient for better handling,0,2025-07-20T00:00:00,2025-07-27T00:00:00
68d141ecb3fce85d4c560b3c,Key Set - Z900,Z900,Kawasaki,2018,,Ignition,247.0,racing quality eco friendly for improved comfort,29,3.9,13,,https://example.com/images/key_set_z900.jpg,68d135063952f7cf7dee90f6,68d135063952f7cf7dee90f8,Manoj Automobiles,Dilshknagar,17.367642,78.534282,budget,modern,good,key set z900 z900 kawasaki ignition racing quality eco friendly for improved comfort,0,2025-09-08T00:00:00,2025-08-31T00:00:00
68d141ecb3fce85d4c560b3d,OEM Headlight Lens - Springfield,Springfield,Indian,2013,,Lighting,4016.0,professional grade long lasting for better handling,3,4.5,42,,https://example.com/images/headlight_lens_springfield.jpg,68d135833952f7cf7dee9109,68d135833952f7cf7dee910b,Mounika Automobiles,Karimnagar,18.435781,79.132861,mid-range,classic,excellent,oem headlight lens springfield springfield indian lighting professional grade long lasting for better handling,0,2025-08-14T00:00:00,2025-08-29T00:00:00
68d141ecb3fce85d4c560b3e,Heavy Duty Master Cylinder - Scout Rogue,Scout Rogue,Indian,2024,,Brakes,3411.0,premium quality fuel efficient for better control,5,3.8,45,,https://example.com/images/master_cylinder_scout_rogue.jpg,68d135d63952f7cf7dee911e,68d135d63952f7cf7dee9120,baskar Automobiles,Medak,18.048948,78.269372,mid-range,modern,good,heavy duty master cylinder scout rogue scout rogue indian brakes premium quality fuel efficient for better control,0,2025-07-18T00:00:00,2025-07-18T00:00:00
68d141ecb3fce85d4c560b3f,Premium Clutch Plate for Brutale 1000,Brutale 1000,MV Agusta,2020,,Transmission,9598.0,precision made chemical resistant for improved comfort,27,4.8,4,,https://example.com/images/clutch_plate_brutale_1000.jpg,68d136193952f7cf7dee9131,68d136193952f7cf7dee9133,Mahesh Automobiles,Khammam,17.249885,80.15615,premium,modern,excellent,premium clutch plate for brutale 1000 brutale 1000 mv agusta transmission precision made chemical resistant for improved comfort,0,2025-07-10T00:00:00,2025-08-07T00:00:00
68d141ecb3fce85d4c560b40,Spark Plug Assembly - Duro DZ,Duro DZ,Mahindra,2010,,Ignition,783.0,precision made high strength for enhanced durability,22,3.8,5,,https://example.com/images/spark_plug_duro_dz.jpg,689d6959045c37933826818b,689d6959045c37933826818d,sai automobiles,RAMNAGAR COLONY PEERZADIGUDA UPPAL HYDERABAD,17.390358,78.606729,budget,classic,good,spark plug assembly duro dz duro dz mahindra ignition precision made high strength for enhanced durability,0,2025-08-01T00:00:00,2025-09-10T00:00:00
68d141ecb3fce85d4c560b41,Turn Signal Light Assembly - Continental GT 650,Continental GT 650,Royal Enfield,2016,,Lighting,5725.0,high performance impact resistant for better control,21,3.3,50,,https://example.com/images/turn_signal_light_continental_gt_650.jpg,68ac2a8e3c73e23c655de052,68ac2a8f3c73e23c655de054,Swathi Automobiles,Chappal Bazar Road - Kachiguda ,17.38953,78.491245,premium,modern,good,turn signal light assembly continental gt 650 continental gt 650 royal enfield lighting high performance impact resistant for better control,0,2025-08-16T00:00:00,2025-08-04T00:00:00
68d141ecb3fce85d4c560b42,OEM Flywheel - G 310 R,G 310 R,BMW,2010,,Engine,4709.0,lightweight fuel efficient for smoother operation,19,3.8,27,,https://example.com/images/flywheel_g_310_r.jpg,68d0c47d09554c358655174b,68d0c47e09554c358655174d,Tarun Automobiles,,17.423605,78.546314,mid-range,classic,good,oem flywheel 310 310 bmw engine lightweight fuel efficient for smoother operation,0,2025-08-12T00:00:00,2025-07-11T00:00:00
68d141ecb3fce85d4c560b43,OEM Low Beam Bulb - FTR 1200,FTR 1200,Indian,2021,,Lighting,3036.0,precision made corrosion resistant for optimal efficiency,2,4.0,23,,https://example.com/images/low_beam_bulb_ftr_1200.jpg,68d133bf3952f7cf7dee90b7,68d133bf3952f7cf7dee90b9,Jyothi Automobiles,Hyderabad,17.511409,78.350972,mid-range,modern,excellent,oem low beam bulb ftr 1200 ftr 1200 indian lighting precision made corrosion resistant for optimal efficiency,0,2025-08-06T00:00:00,2025-08-05T00:00:00
68d141ecb3fce85d4c560b44,Genuine Capacitor - X-Blade,X-Blade,Honda,2023,,Electrical,4254.0,industrial grade maintenance free for enhanced durability,23,4.3,22,,https://example.com/images/capacitor_x_blade.jpg,68d1346c3952f7cf7dee90d0,68d1346c3952f7cf7dee90d2,Kalyan Automobiles,Bala Nagar,17.475679,78.447328,mid-range,modern,excellent,genuine capacitor blade blade honda electrical industrial grade maintenance free for enhanced durability,0,2025-07-28T00:00:00,2025-07-03T00:00:00
68d141ecb3fce85d4c560b45,Carburetor - Vulcan S,Vulcan S,Kawasaki,2016,,Fuel System,9979.0,oem quality corrosion resistant for enhanced safety,1,3.9,36,,https://example.com/images/carburetor_vulcan_s.jpg,68d134ac3952f7cf7dee90e3,68d134ac3952f7cf7dee90e5,Shiva sai Automobiles,Mahabubabad,17.594209,80.006903,premium,modern,good,carburetor vulcan vulcan kawasaki fuel system oem quality corrosion resistant for enhanced safety,0,2025-07-04T00:00:00,2025-07-23T00:00:00
68d141ecb3fce85d4c560b46,Ducati Shift Drum for Panigale V4,Panigale V4,Ducati,2015,,Transmission,15668.0,durable weather resistant for enhanced stability,19,4.1,19,,https://example.com/images/shift_drum_panigale_v4.jpg,68d135063952f7cf7dee90f6,68d135063952f7cf7dee90f8,Manoj Automobiles,Dilshknagar,17.367642,78.534282,premium,modern,excellent,ducati shift drum for panigale v4 panigale v4 ducati transmission durable weather resistant for enhanced stability,0,2025-07-04T00:00:00,2025-08-09T00:00:00
68d141ecb3fce85d4c560b47,K&N Filter Assembly - K 1600 GTL,K 1600 GTL,BMW,2017,,Filters,758.0,street performance precision engineered for better fuel economy,4,3.3,23,,https://example.com/images/k&n_filter_k_1600_gtl.jpg,68d135833952f7cf7dee9109,68d135833952f7cf7dee910b,Mounika Automobiles,Karimnagar,18.435781,79.132861,budget,modern,good,filter assembly 1600 gtl 1600 gtl bmw filters street performance precision engineered for better fuel economy,0,2025-08-28T00:00:00,2025-08-17T00:00:00
68d141ecb3fce85d4c560b48,OEM Phone Mount - CL 300,CL 300,Jawa,2016,,Accessories,4092.0,racing quality eco friendly for increased power,1,5.0,28,,https://example.com/images/phone_mount_cl_300.jpg,68d135d63952f7cf7dee911e,68d135d63952f7cf7dee9120,baskar Automobiles,Medak,18.048948,78.269372,mid-range,modern,excellent,oem phone mount cl 300 cl 300 jawa accessories racing quality eco friendly for increased power,0,2025-08-07T00:00:00,2025-07-19T00:00:00
68d141ecb3fce85d4c560b49,Brake Cable Assembly - 1290 Super Duke R,1290 Super Duke R,KTM,2020,,Brakes,866.0,long lasting impact resistant for improved performance,3,3.4,23,,https://example.com/images/brake_cable_1290_super_duke_r.jpg,68d136193952f7cf7dee9131,68d136193952f7cf7dee9133,Mahesh Automobiles,Khammam,17.249885,80.15615,budget,modern,good,brake cable assembly 1290 super duke 1290 super duke ktm brakes long lasting impact resistant for improved performance,0,2025-08-21T00:00:00,2025-07-08T00:00:00
68d141ecb3fce85d4c560b4a,Heavy Duty Timing Light - Alpha,Alpha,Yamaha,2020,,Ignition,743.0,heavy duty heat treated for improved comfort,1,3.7,14,,https://example.com/images/timing_light_alpha.jpg,689d6959045c37933826818b,689d6959045c37933826818d,sai automobiles,RAMNAGAR COLONY PEERZADIGUDA UPPAL HYDERABAD,17.390358,78.606729,budget,modern,good,heavy duty timing light alpha alpha yamaha ignition heavy duty heat treated for improved comfort,0,2025-07-01T00:00:00,2025-07-24T00:00:00
68d141ecb3fce85d4c560b4b,OEM Exhaust Flange - Turismo Veloce,Turismo Veloce,MV Agusta,2014,,Exhaust,8858.0,advanced fuel efficient for maximum protection,9,3.9,15,,https://example.com/images/exhaust_flange_turismo_veloce.jpg,68ac2a8e3c73e23c655de052,68ac2a8f3c73e23c655de054,Swathi Automobiles,Chappal Bazar Road - Kachiguda ,17.38953,78.491245,premium,classic,good,oem exhaust flange turismo veloce turismo veloce mv agusta exhaust advanced fuel efficient for maximum protection,0,2025-08-06T00:00:00,2025-09-02T00:00:00
68d141ecb3fce85d4c560b4c,Electra Wiring Harness,Electra,Royal Enfield,2018,,Electrical,2054.0,high performance weather resistant for optimal efficiency,28,4.1,12,,https://example.com/images/wiring_harness_electra.jpg,68d0c47d09554c358655174b,68d0c47e09554c358655174d,Tarun Automobiles,,17.423605,78.546314,mid-range,modern,excellent,electra wiring harness electra royal enfield electrical high performance weather resistant for optimal efficiency,0,2025-08-01T00:00:00,2025-08-24T00:00:00
68d141ecb3fce85d4c560b4d,HT Lead Assembly - Super Meteor 650,Super Meteor 650,Royal Enfield,2012,,Ignition,508.0,premium quality temperature stable for maximum protection,7,3.7,12,,https://example.com/images/ht_lead_super_meteor_650.jpg,68d133bf3952f7cf7dee90b7,68d133bf3952f7cf7dee90b9,Jyothi Automobiles,Hyderabad,17.511409,78.350972,budget,classic,good,ht lead assembly super meteor 650 super meteor 650 royal enfield ignition premium quality temperature stable for maximum protection,0,2025-09-21T00:00:00,2025-08-01T00:00:00
68d141ecb3fce85d4c560b4e,Genuine Penetrating Oil - Chief,Chief,Indian,2024,,Maintenance,847.0,precision made temperature stable for better control,1,4.9,37,,https://example.com/images/penetrating_oil_chief.jpg,68d1346c3952f7cf7dee90d0,68d1346c3952f7cf7dee90d2,Kalyan Automobiles,Bala Nagar,17.475679,78.447328,budget,modern,excellent,genuine penetrating oil chief chief indian maintenance precision made temperature stable for better control,0,2025-08-07T00:00:00,2025-07-24T00:00:00
68d141ecb3fce85d4c560b4f,Premium Diode for Glamour,Glamour,Hero,2014,,Electrical,3135.0,oem quality precision engineered for better control,24,4.1,33,,https://example.com/images/diode_glamour.jpg,68d134ac3952f7cf7dee90e3,68d134ac3952f7cf7dee90e5,Shiva sai Automobiles,Mahabubabad,17.594209,80.006903,mid-range,classic,excellent,premium diode for glamour glamour hero electrical oem quality precision engineered for better control,0,2025-08-15T00:00:00,2025-07-04T00:00:00
68d141ecb3fce85d4c560b50,OEM Side Stand - Intruder,Intruder,Suzuki,2011,,Body Parts,4719.0,precision made maintenance free for improved performance,24,3.7,28,,https://example.com/images/side_stand_intruder.jpg,68d135063952f7cf7dee90f6,68d135063952f7cf7dee90f8,Manoj Automobiles,Dilshknagar,17.367642,78.534282,mid-range,classic,good,oem side stand intruder intruder suzuki body parts precision made maintenance free for improved performance,0,2025-07-07T00:00:00,2025-08-18T00:00:00
68d141ecb3fce85d4c560b51,Perak Fuel Filter,Perak,Jawa,2023,,Filters,728.0,durable weather resistant for increased power,28,4.6,14,,https://example.com/images/fuel_filter_perak.jpg,68d135833952f7cf7dee9109,68d135833952f7cf7dee910b,Mounika Automobiles,Karimnagar,18.435781,79.132861,budget,modern,excellent,perak fuel filter perak jawa filters durable weather resistant for increased power,0,2025-09-02T00:00:00,2025-09-04T00:00:00
68d141ecb3fce85d4c560b52,Front Sprocket Assembly - Avenger Street 160,Avenger Street 160,Bajaj,2014,,Drivetrain,5444.0,oem quality high strength for enhanced durability,9,4.1,50,,https://example.com/images/front_sprocket_avenger_street_160.jpg,68d135d63952f7cf7dee911e,68d135d63952f7cf7dee9120,baskar Automobiles,Medak,18.048948,78.269372,premium,classic,excellent,front sprocket assembly avenger street 160 avenger street 160 bajaj drivetrain oem quality high strength for enhanced durability,0,2025-08-24T00:00:00,2025-09-12T00:00:00
68d141ecb3fce85d4c560b53,Harley-Davidson Hub Bearing for Fat Bob,Fat Bob,Harley-Davidson,2012,,Wheels & Tires,12971.0,lightweight eco friendly for enhanced safety,17,3.6,37,,https://example.com/images/hub_bearing_fat_bob.jpg,68d136193952f7cf7dee9131,68d136193952f7cf7dee9133,Mahesh Automobiles,Khammam,17.249885,80.15615,premium,classic,good,harley davidson hub bearing for fat bob fat bob harley davidson wheels tires lightweight eco friendly for enhanced safety,0,2025-09-02T00:00:00,2025-08-08T00:00:00
68d141ecb3fce85d4c560b54,Heavy Duty Foam Filter - V15,V15,Bajaj,2012,,Filters,1414.0,street performance long lasting for optimal efficiency,20,3.8,45,,https://example.com/images/foam_filter_v15.jpg,689d6959045c37933826818b,689d6959045c37933826818d,sai automobiles,RAMNAGAR COLONY PEERZADIGUDA UPPAL HYDERABAD,17.390358,78.606729,mid-range,classic,good,heavy duty foam filter v15 v15 bajaj filters street performance long lasting for optimal efficiency,0,2025-08-07T00:00:00,2025-09-20T00:00:00
68d141ecb3fce85d4c560b55,Tail Box - Rodeo RZ,Rodeo RZ,Mahindra,2022,,Accessories,4539.0,superior impact resistant for superior reliability,27,3.9,31,,https://example.com/images/tail_box_rodeo_rz.jpg,68ac2a8e3c73e23c655de052,68ac2a8f3c73e23c655de054,Swathi Automobiles,Chappal Bazar Road - Kachiguda ,17.38953,78.491245,mid-range,modern,good,tail box rodeo rz rodeo rz mahindra accessories superior impact resistant for superior reliability,0,2025-07-03T00:00:00,2025-08-26T00:00:00
68d141ecb3fce85d4c560b56,Shock Absorber Oil - Café Racer,Café Racer,Jawa,2025,,Suspension,7631.0,racing quality heat treated for smoother operation,5,4.5,22,,https://example.com/images/shock_absorber_oil_café_racer.jpg,68d0c47d09554c358655174b,68d0c47e09554c358655174d,Tarun Automobiles,,17.423605,78.546314,premium,modern,excellent,shock absorber oil café racer café racer jawa suspension racing quality heat treated for smoother operation,0,2025-08-20T00:00:00,2025-08-09T00:00:00
68d141ecb3fce85d4c560b57,Bypass Filter - Ninja 650,Ninja 650,Kawasaki,2015,,Filters,1387.0,enhanced wear resistant for better fuel economy,17,4.5,16,,https://example.com/images/bypass_filter_ninja_650.jpg,68d133bf3952f7cf7dee90b7,68d133bf3952f7cf7dee90b9,Jyothi Automobiles,Hyderabad,17.511409,78.350972,mid-range,modern,excellent,bypass filter ninja 650 ninja 650 kawasaki filters enhanced wear resistant for better fuel economy,0,2025-09-08T00:00:00,2025-07-26T00:00:00
68d141ecb3fce85d4c560b58,Riding Jacket - F3 800,F3 800,MV Agusta,2024,,Safety,5871.0,long lasting wear resistant for superior reliability,6,3.9,4,,https://example.com/images/riding_jacket_f3_800.jpg,68d1346c3952f7cf7dee90d0,68d1346c3952f7cf7dee90d2,Kalyan Automobiles,Bala Nagar,17.475679,78.447328,premium,modern,good,riding jacket f3 800 f3 800 mv agusta safety long lasting wear resistant for superior reliability,0,2025-08-03T00:00:00,2025-08-11T00:00:00
68d141ecb3fce85d4c560b59,Genuine Pressure Plate - Pleasure Plus,Pleasure Plus,Hero,2012,,Transmission,3961.0,durable heat treated for increased power,19,3.6,44,,https://example.com/images/pressure_plate_pleasure_plus.jpg,68d134ac3952f7cf7dee90e3,68d134ac3952f7cf7dee90e5,Shiva sai Automobiles,Mahabubabad,17.594209,80.006903,mid-range,classic,good,genuine pressure plate pleasure plus pleasure plus hero transmission durable heat treated for increased power,0,2025-09-18T00:00:00,2025-07-24T00:00:00
68d141ecb3fce85d4c560b5a,Premium Front Brake Pad for F3 800,F3 800,MV Agusta,2011,,Brakes,3681.0,long lasting high strength for enhanced stability,7,4.4,35,,https://example.com/images/front_brake_pad_f3_800.jpg,68d135063952f7cf7dee90f6,68d135063952f7cf7dee90f8,Manoj Automobiles,Dilshknagar,17.367642,78.534282,mid-range,classic,excellent,premium front brake pad for f3 800 f3 800 mv agusta brakes long lasting high strength for enhanced stability,0,2025-08-20T00:00:00,2025-08-26T00:00:00
68d141ecb3fce85d4c560b5b,Genuine Safety Triangle - Apache RTR 200 4V,Apache RTR 200 4V,TVS,2014,,Safety,5984.0,racing quality chemical resistant for better handling,4,4.3,40,,https://example.com/images/safety_triangle_apache_rtr_200_4v.jpg,68d135833952f7cf7dee9109,68d135833952f7cf7dee910b,Mounika Automobiles,Karimnagar,18.435781,79.132861,premium,classic,excellent,genuine safety triangle apache rtr 200 4v apache rtr 200 4v tvs safety racing quality chemical resistant for better handling,0,2025-07-22T00:00:00,2025-07-29T00:00:00
68d141ecb3fce85d4c560b5c,Roadmaster Handlebar,Roadmaster,Indian,2014,,Body Parts,1094.0,durable noise reducing for enhanced stability,4,4.5,3,,https://example.com/images/handlebar_roadmaster.jpg,68d135d63952f7cf7dee911e,68d135d63952f7cf7dee9120,baskar Automobiles,Medak,18.048948,78.269372,mid-range,classic,excellent,roadmaster handlebar roadmaster indian body parts durable noise reducing for enhanced stability,0,2025-08-02T00:00:00,2025-07-30T00:00:00
68d141ecb3fce85d4c560b5d,Belly Pan - Himalayan,Himalayan,Royal Enfield,2014,,Body Parts,6878.0,street performance weather resistant for superior reliability,26,4.7,29,,https://example.com/images/belly_pan_himalayan.jpg,68d136193952f7cf7dee9131,68d136193952f7cf7dee9133,Mahesh Automobiles,Khammam,17.249885,80.15615,premium,classic,excellent,belly pan himalayan himalayan royal enfield body parts street performance weather resistant for superior reliability,0,2025-08-06T00:00:00,2025-07-31T00:00:00
68d141ecb3fce85d4c560b5e,Baffle - Duke 250,Duke 250,KTM,2023,,Exhaust,11501.0,industrial grade wear resistant for reduced maintenance,17,4.2,43,,https://example.com/images/baffle_duke_250.jpg,689d6959045c37933826818b,689d6959045c37933826818d,sai automobiles,RAMNAGAR COLONY PEERZADIGUDA UPPAL HYDERABAD,17.390358,78.606729,premium,modern,excellent,baffle duke 250 duke 250 ktm exhaust industrial grade wear resistant for reduced maintenance,0,2025-08-08T00:00:00,2025-07-04T00:00:00
68d141ecb3fce85d4c560b5f,Clutch Basket Assembly - Caponord 1200,Caponord 1200,Aprilia,2016,,Transmission,7673.0,high performance fuel efficient for improved comfort,23,3.6,41,,https://example.com/images/clutch_basket_caponord_1200.jpg,68ac2a8e3c73e23c655de052,68ac2a8f3c73e23c655de054,Swathi Automobiles,Chappal Bazar Road - Kachiguda ,17.38953,78.491245,premium,modern,good,clutch basket assembly caponord 1200 caponord 1200 aprilia transmission high performance fuel efficient for improved comfort,0,2025-07-09T00:00:00,2025-08-24T00:00:00
68d141ecb3fce85d4c560b60,Heavy Duty Engine Guard - Scout Bobber,Scout Bobber,Indian,2022,,Accessories,1698.0,premium quality chemical resistant for reduced maintenance,21,3.7,49,,https://example.com/images/engine_guard_scout_bobber.jpg,68d0c47d09554c358655174b,68d0c47e09554c358655174d,Tarun Automobiles,,17.423605,78.546314,mid-range,modern,good,heavy duty engine guard scout bobber scout bobber indian accessories premium quality chemical resistant for reduced maintenance,0,2025-09-08T00:00:00,2025-08-31T00:00:00
68d141ecb3fce85d4c560b61,Performance Safety Cone - F 850 GS,F 850 GS,BMW,2025,,Safety,4434.0,premium quality impact resistant for maximum protection,2,4.0,3,,https://example.com/images/safety_cone_f_850_gs.jpg,68d133bf3952f7cf7dee90b7,68d133bf3952f7cf7dee90b9,Jyothi Automobiles,Hyderabad,17.511409,78.350972,mid-range,modern,excellent,performance safety cone 850 gs 850 gs bmw safety premium quality impact resistant for maximum protection,0,2025-07-16T00:00:00,2025-07-30T00:00:00
68d141ecb3fce85d4c560b62,Racing Reflective Vest - Imperiale 400,Imperiale 400,Benelli,2021,,Safety,2008.0,heavy duty eco friendly for improved performance,12,3.9,5,,https://example.com/images/reflective_vest_imperiale_400.jpg,68d1346c3952f7cf7dee90d0,68d1346c3952f7cf7dee90d2,Kalyan Automobiles,Bala Nagar,17.475679,78.447328,mid-range,modern,good,racing reflective vest imperiale 400 imperiale 400 benelli safety heavy duty eco friendly for improved performance,0,2025-08-03T00:00:00,2025-09-14T00:00:00
68d141ecb3fce85d4c560b63,Premium Front Tire for Rivale 800,Rivale 800,MV Agusta,2017,,Wheels & Tires,1017.0,advanced vibration dampening for optimal efficiency,18,3.4,29,,https://example.com/images/front_tire_rivale_800.jpg,68d134ac3952f7cf7dee90e3,68d134ac3952f7cf7dee90e5,Shiva sai Automobiles,Mahabubabad,17.594209,80.006903,mid-range,modern,good,premium front tire for rivale 800 rivale 800 mv agusta wheels tires advanced vibration dampening for optimal efficiency,0,2025-09-09T00:00:00,2025-07-28T00:00:00
68d141ecb3fce85d4c560b64,FTR 1200 Swing Arm Bearing,FTR 1200,Indian,2018,,Suspension,13683.0,superior heat treated for maximum protection,27,3.7,45,,https://example.com/images/swing_arm_bearing_ftr_1200.jpg,68d135063952f7cf7dee90f6,68d135063952f7cf7dee90f8,Manoj Automobiles,Dilshknagar,17.367642,78.534282,premium,modern,good,ftr 1200 swing arm bearing ftr 1200 indian suspension superior heat treated for maximum protection,0,2025-08-20T00:00:00,2025-07-18T00:00:00
68d141ecb3fce85d4c560b65,Performance USB Charger - CBZ Xtreme,CBZ Xtreme,Hero,2020,,Accessories,2259.0,long lasting vibration dampening for better fuel economy,13,5.0,40,,https://example.com/images/usb_charger_cbz_xtreme.jpg,68d135833952f7cf7dee9109,68d135833952f7cf7dee910b,Mounika Automobiles,Karimnagar,18.435781,79.132861,mid-range,modern,excellent,performance usb charger cbz xtreme cbz xtreme hero accessories long lasting vibration dampening for better fuel economy,0,2025-09-18T00:00:00,2025-09-04T00:00:00
68d141ecb3fce85d4c560b66,Racing Tool Kit - Shotgun 650,Shotgun 650,Royal Enfield,2012,,Accessories,2716.0,industrial grade vibration dampening for optimal efficiency,3,4.4,36,,https://example.com/images/tool_kit_shotgun_650.jpg,68d135d63952f7cf7dee911e,68d135d63952f7cf7dee9120,baskar Automobiles,Medak,18.048948,78.269372,mid-range,classic,excellent,racing tool kit shotgun 650 shotgun 650 royal enfield accessories industrial grade vibration dampening for optimal efficiency,0,2025-09-20T00:00:00,2025-09-10T00:00:00
68d141ecb3fce85d4c560b67,Side Panel - Scrambler Icon,Scrambler Icon,Ducati,2010,,Body Parts,2408.0,premium quality impact resistant for improved comfort,10,4.1,7,,https://example.com/images/side_panel_scrambler_icon.jpg,68d136193952f7cf7dee9131,68d136193952f7cf7dee9133,Mahesh Automobiles,Khammam,17.249885,80.15615,mid-range,classic,excellent,side panel scrambler icon scrambler icon ducati body parts premium quality impact resistant for improved comfort,0,2025-08-04T00:00:00,2025-08-23T00:00:00
68d141ecb3fce85d4c560b68,Premium Engine Guard for C 400 X,C 400 X,BMW,2012,,Accessories,2235.0,premium quality temperature stable for reduced maintenance,1,3.9,1,,https://example.com/images/engine_guard_c_400_x.jpg,689d6959045c37933826818b,689d6959045c37933826818d,sai automobiles,RAMNAGAR COLONY PEERZADIGUDA UPPAL HYDERABAD,17.390358,78.606729,mid-range,classic,good,premium engine guard for 400 400 bmw accessories premium quality temperature stable for reduced maintenance,0,2025-08-17T00:00:00,2025-08-03T00:00:00
68d141ecb3fce85d4c560b69,Performance Axle - Mojo,Mojo,Mahindra,2022,,Wheels & Tires,6754.0,enhanced long lasting for optimal efficiency,29,3.7,5,,https://example.com/images/axle_mojo.jpg,68ac2a8e3c73e23c655de052,68ac2a8f3c73e23c655de054,Swathi Automobiles,Chappal Bazar Road - Kachiguda ,17.38953,78.491245,premium,modern,good,performance axle mojo mojo mahindra wheels tires enhanced long lasting for optimal efficiency,0,2025-08-11T00:00:00,2025-07-12T00:00:00
68d141ecb3fce85d4c560b6a,Heavy Duty Fuel Tank - Scout,Scout,Indian,2011,,Fuel System,8643.0,durable maintenance free for smoother operation,22,4.3,16,,https://example.com/images/fuel_tank_scout.jpg,68d0c47d09554c358655174b,68d0c47e09554c358655174d,Tarun Automobiles,,17.423605,78.546314,premium,classic,excellent,heavy duty fuel tank scout scout indian fuel system durable maintenance free for smoother operation,0,2025-09-18T00:00:00,2025-09-14T00:00:00
68d141ecb3fce85d4c560b6b,OEM Racing Filter - K 1600 GTL,K 1600 GTL,BMW,2024,,Filters,901.0,enhanced heat treated for improved comfort,14,3.7,10,,https://example.com/images/racing_filter_k_1600_gtl.jpg,68d133bf3952f7cf7dee90b7,68d133bf3952f7cf7dee90b9,Jyothi Automobiles,Hyderabad,17.511409,78.350972,budget,modern,good,oem racing filter 1600 gtl 1600 gtl bmw filters enhanced heat treated for improved comfort,0,2025-07-04T00:00:00,2025-09-21T00:00:00
68d141ecb3fce85d4c560b6c,Fuel Gauge - R nineT,R nineT,BMW,2017,,Fuel System,1977.0,enhanced corrosion resistant for enhanced stability,27,4.9,27,,https://example.com/images/fuel_gauge_r_ninet.jpg,68d1346c3952f7cf7dee90d0,68d1346c3952f7cf7dee90d2,Kalyan Automobiles,Bala Nagar,17.475679,78.447328,mid-range,modern,excellent,fuel gauge ninet ninet bmw fuel system enhanced corrosion resistant for enhanced stability,0,2025-07-28T00:00:00,2025-08-31T00:00:00
68d141ecb3fce85d4c560b6d,Performance Fork Oil Seal - Aerox 155,Aerox 155,Yamaha,2013,,Suspension,13481.0,advanced eco friendly for better handling,22,3.2,43,,https://example.com/images/fork_oil_seal_aerox_155.jpg,68d134ac3952f7cf7dee90e3,68d134ac3952f7cf7dee90e5,Shiva sai Automobiles,Mahabubabad,17.594209,80.006903,premium,classic,good,performance fork oil seal aerox 155 aerox 155 yamaha suspension advanced eco friendly for better handling,0,2025-07-24T00:00:00,2025-09-04T00:00:00
68d141ecb3fce85d4c560b6e,OEM Output Shaft - SP 125,SP 125,Honda,2010,,Transmission,11596.0,oem quality noise reducing for increased power,27,3.4,37,,https://example.com/images/output_shaft_sp_125.jpg,68d135063952f7cf7dee90f6,68d135063952f7cf7dee90f8,Manoj Automobiles,Dilshknagar,17.367642,78.534282,premium,classic,good,oem output shaft sp 125 sp 125 honda transmission oem quality noise reducing for increased power,0,2025-07-05T00:00:00,2025-07-10T00:00:00
68d141ecb3fce85d4c560b6f,Genuine Rear Cowl - Scrambler,Scrambler,Yezdi,2012,,Body Parts,6543.0,oem quality heat treated for improved performance,3,4.2,5,,https://example.com/images/rear_cowl_scrambler.jpg,68d135833952f7cf7dee9109,68d135833952f7cf7dee910b,Mounika Automobiles,Karimnagar,18.435781,79.132861,premium,classic,excellent,genuine rear cowl scrambler scrambler yezdi body parts oem quality heat treated for improved performance,0,2025-07-25T00:00:00,2025-09-17T00:00:00
68d141ecb3fce85d4c560b70,Axle Assembly - GSX-S750,GSX-S750,Suzuki,2019,,Wheels & Tires,5178.0,long lasting heat treated for superior reliability,8,4.8,40,,https://example.com/images/axle_gsx_s750.jpg,68d135d63952f7cf7dee911e,68d135d63952f7cf7dee9120,baskar Automobiles,Medak,18.048948,78.269372,premium,modern,excellent,axle assembly gsx s750 gsx s750 suzuki wheels tires long lasting heat treated for superior reliability,0,2025-09-16T00:00:00,2025-08-27T00:00:00
68d141ecb3fce85d4c560b71,Vacuum Filter - Standard,Standard,Jawa,2024,,Filters,196.0,advanced eco friendly for improved performance,15,3.8,48,,https://example.com/images/vacuum_filter_standard.jpg,68d136193952f7cf7dee9131,68d136193952f7cf7dee9133,Mahesh Automobiles,Khammam,17.249885,80.15615,budget,modern,good,vacuum filter standard standard jawa filters advanced eco friendly for improved performance,0,2025-09-03T00:00:00,2025-07-14T00:00:00
68d141ecb3fce85d4c560b72,Assembly Paste Assembly - Scout,Scout,Indian,2022,,Maintenance,373.0,superior corrosion resistant for enhanced durability,22,4.1,28,,https://example.com/images/assembly_paste_scout.jpg,689d6959045c37933826818b,689d6959045c37933826818d,sai automobiles,RAMNAGAR COLONY PEERZADIGUDA UPPAL HYDERABAD,17.390358,78.606729,budget,modern,excellent,assembly paste assembly scout scout indian maintenance superior corrosion resistant for enhanced durability,0,2025-09-17T00:00:00,2025-08-07T00:00:00
68d141ecb3fce85d4c560b73,Racing Tank Cap - Dorsoduro 900,Dorsoduro 900,Aprilia,2012,,Fuel System,9288.0,oem quality eco friendly for increased power,4,3.6,15,,https://example.com/images/tank_cap_dorsoduro_900.jpg,68ac2a8e3c73e23c655de052,68ac2a8f3c73e23c655de054,Swathi Automobiles,Chappal Bazar Road - Kachiguda ,17.38953,78.491245,premium,classic,good,racing tank cap dorsoduro 900 dorsoduro 900 aprilia fuel system oem quality eco friendly for increased power,0,2025-08-14T00:00:00,2025-07-10T00:00:00
68d141ecb3fce85d4c560b74,Forty Two Safety Cone,Forty Two,Jawa,2018,,Safety,1574.0,high performance vibration dampening for reduced maintenance,5,4.3,6,,https://example.com/images/safety_cone_forty_two.jpg,68d0c47d09554c358655174b,68d0c47e09554c358655174d,Tarun Automobiles,,17.423605,78.546314,mid-range,modern,excellent,forty two safety cone forty two jawa safety high performance vibration dampening for reduced maintenance,0,2025-08-04T00:00:00,2025-07-05T00:00:00
68d141ecb3fce85d4c560b75,Trigger Coil Assembly - FTR 1200,FTR 1200,Indian,2023,,Ignition,1952.0,durable impact resistant for better handling,16,4.7,19,,https://example.com/images/trigger_coil_ftr_1200.jpg,68d133bf3952f7cf7dee90b7,68d133bf3952f7cf7dee90b9,Jyothi Automobiles,Hyderabad,17.511409,78.350972,mid-range,modern,excellent,trigger coil assembly ftr 1200 ftr 1200 indian ignition durable impact resistant for better handling,0,2025-09-13T00:00:00,2025-08-01T00:00:00
68d141ecb3fce85d4c560b76,Racing Gear Shift Lever - KLX 230,KLX 230,Kawasaki,2024,,Transmission,8516.0,industrial grade wear resistant for better handling,4,4.6,38,,https://example.com/images/gear_shift_lever_klx_230.jpg,68d1346c3952f7cf7dee90d0,68d1346c3952f7cf7dee90d2,Kalyan Automobiles,Bala Nagar,17.475679,78.447328,premium,modern,excellent,racing gear shift lever klx 230 klx 230 kawasaki transmission industrial grade wear resistant for better handling,0,2025-08-15T00:00:00,2025-08-11T00:00:00
68d141ecb3fce85d4c560b77,Emergency Blanket - Street Glide,Street Glide,Harley-Davidson,2025,,Safety,7635.0,enhanced heat treated for enhanced safety,6,4.8,27,,https://example.com/images/emergency_blanket_street_glide.jpg,68d134ac3952f7cf7dee90e3,68d134ac3952f7cf7dee90e5,Shiva sai Automobiles,Mahabubabad,17.594209,80.006903,premium,modern,excellent,emergency blanket street glide street glide harley davidson safety enhanced heat treated for enhanced safety,0,2025-09-03T00:00:00,2025-07-20T00:00:00
68d141ecb3fce85d4c560b78,Racing Footpeg Set - K 1600 GTL,K 1600 GTL,BMW,2016,,Accessories,4274.0,oem quality maintenance free for better control,30,3.7,39,,https://example.com/images/footpeg_set_k_1600_gtl.jpg,68d135063952f7cf7dee90f6,68d135063952f7cf7dee90f8,Manoj Automobiles,Dilshknagar,17.367642,78.534282,mid-range,modern,good,racing footpeg set 1600 gtl 1600 gtl bmw accessories oem quality maintenance free for better control,0,2025-07-16T00:00:00,2025-09-08T00:00:00
68d141ecb3fce85d4c560b79,Performance Grab Rail - Classic 350,Classic 350,Royal Enfield,2023,,Body Parts,7306.0,superior impact resistant for enhanced durability,15,3.7,10,,https://example.com/images/grab_rail_classic_350.jpg,68d135833952f7cf7dee9109,68d135833952f7cf7dee910b,Mounika Automobiles,Karimnagar,18.435781,79.132861,premium,modern,good,performance grab rail classic 350 classic 350 royal enfield body parts superior impact resistant for enhanced durability,0,2025-08-25T00:00:00,2025-07-26T00:00:00
68d141ecb3fce85d4c560b7a,Heavy Duty Brake Light Bulb - Dragster 800,Dragster 800,MV Agusta,2022,,Lighting,1770.0,precision made fuel efficient for better fuel economy,17,4.2,50,,https://example.com/images/brake_light_bulb_dragster_800.jpg,68d135d63952f7cf7dee911e,68d135d63952f7cf7dee9120,baskar Automobiles,Medak,18.048948,78.269372,mid-range,modern,excellent,heavy duty brake light bulb dragster 800 dragster 800 mv agusta lighting precision made fuel efficient for better fuel economy,0,2025-09-14T00:00:00,2025-07-21T00:00:00
68d141ecb3fce85d4c560b7b,Genuine Wind Screen - Super Splendor,Super Splendor,Hero,2016,,Body Parts,3046.0,heavy duty high strength for enhanced stability,14,3.4,18,,https://example.com/images/wind_screen_super_splendor.jpg,68d136193952f7cf7dee9131,68d136193952f7cf7dee9133,Mahesh Automobiles,Khammam,17.249885,80.15615,mid-range,modern,good,genuine wind screen super splendor super splendor hero body parts heavy duty high strength for enhanced stability,0,2025-09-10T00:00:00,2025-08-09T00:00:00
68d141ecb3fce85d4c560b7c,Heavy Duty Exhaust Clamp - Classic,Classic,Jawa,2023,,Exhaust,16343.0,durable wear resistant for improved comfort,30,3.6,41,,https://example.com/images/exhaust_clamp_classic.jpg,689d6959045c37933826818b,689d6959045c37933826818d,sai automobiles,RAMNAGAR COLONY PEERZADIGUDA UPPAL HYDERABAD,17.390358,78.606729,premium,modern,good,heavy duty exhaust clamp classic classic jawa exhaust durable wear resistant for improved comfort,0,2025-08-07T00:00:00,2025-07-25T00:00:00
68d141ecb3fce85d4c560b7d,OEM Riding Jacket - Speed Triple,Speed Triple,Triumph,2014,,Safety,548.0,premium quality high strength for longer life,4,4.8,19,,https://example.com/images/riding_jacket_speed_triple.jpg,68ac2a8e3c73e23c655de052,68ac2a8f3c73e23c655de054,Swathi Automobiles,Chappal Bazar Road - Kachiguda ,17.38953,78.491245,budget,classic,excellent,oem riding jacket speed triple speed triple triumph safety premium quality high strength for longer life,0,2025-07-10T00:00:00,2025-08-30T00:00:00
68d141ecb3fce85d4c560b7e,Racing Swing Arm Bearing - Adventure 390,Adventure 390,KTM,2016,,Suspension,8073.0,long lasting maintenance free for smoother operation,6,4.4,2,,https://example.com/images/swing_arm_bearing_adventure_390.jpg,68d0c47d09554c358655174b,68d0c47e09554c358655174d,Tarun Automobiles,,17.423605,78.546314,premium,modern,excellent,racing swing arm bearing adventure 390 adventure 390 ktm suspension long lasting maintenance free for smoother operation,0,2025-07-04T00:00:00,2025-07-10T00:00:00
68d141ecb3fce85d4c560b7f,Premium Chest Protector for Radeon,Radeon,TVS,2011,,Safety,6606.0,industrial grade heat treated for increased power,12,4.2,37,,https://example.com/images/chest_protector_radeon.jpg,68d133bf3952f7cf7dee90b7,68d133bf3952f7cf7dee90b9,Jyothi Automobiles,Hyderabad,17.511409,78.350972,premium,classic,excellent,premium chest protector for radeon radeon tvs safety industrial grade heat treated for increased power,0,2025-08-06T00:00:00,2025-09-21T00:00:00
68d141ecb3fce85d4c560b80,Drive Shaft - Monster 821,Monster 821,Ducati,2024,,Drivetrain,1896.0,street performance long lasting for improved comfort,23,3.3,17,,https://example.com/images/drive_shaft_monster_821.jpg,68d1346c3952f7cf7dee90d0,68d1346c3952f7cf7dee90d2,Kalyan Automobiles,Bala Nagar,17.475679,78.447328,mid-range,modern,good,drive shaft monster 821 monster 821 ducati drivetrain street performance long lasting for improved comfort,0,2025-07-12T00:00:00,2025-07-13T00:00:00
68d141ecb3fce85d4c560b81,Racing Tank Cap - Avenger 220,Avenger 220,Bajaj,2014,,Fuel System,8737.0,precision made wear resistant for smoother operation,28,4.7,8,,https://example.com/images/tank_cap_avenger_220.jpg,68d134ac3952f7cf7dee90e3,68d134ac3952f7cf7dee90e5,Shiva sai Automobiles,Mahabubabad,17.594209,80.006903,premium,classic,excellent,racing tank cap avenger 220 avenger 220 bajaj fuel system precision made wear resistant for smoother operation,0,2025-07-25T00:00:00,2025-09-06T00:00:00
68d141ecb3fce85d4c560b82,Premium Wiring Harness for Dream Yuga,Dream Yuga,Honda,2020,,Electrical,4899.0,heavy duty temperature stable for reduced maintenance,4,3.5,19,,https://example.com/images/wiring_harness_dream_yuga.jpg,68d135063952f7cf7dee90f6,68d135063952f7cf7dee90f8,Manoj Automobiles,Dilshknagar,17.367642,78.534282,mid-range,modern,good,premium wiring harness for dream yuga dream yuga honda electrical heavy duty temperature stable for reduced maintenance,0,2025-09-12T00:00:00,2025-08-02T00:00:00
68d141ecb3fce85d4c560b83,Valve Set Assembly - Tuono 660,Tuono 660,Aprilia,2018,,Engine,5307.0,racing quality wear resistant for better control,9,3.6,9,,https://example.com/images/valve_set_tuono_660.jpg,68d135833952f7cf7dee9109,68d135833952f7cf7dee910b,Mounika Automobiles,Karimnagar,18.435781,79.132861,premium,modern,good,valve set assembly tuono 660 tuono 660 aprilia engine racing quality wear resistant for better control,0,2025-08-11T00:00:00,2025-08-07T00:00:00
68d141ecb3fce85d4c560b84,Performance Shock Absorber Oil - SuperSport,SuperSport,Ducati,2017,,Suspension,3493.0,enhanced maintenance free for better fuel economy,20,4.6,10,,https://example.com/images/shock_absorber_oil_supersport.jpg,68d135d63952f7cf7dee911e,68d135d63952f7cf7dee9120,baskar Automobiles,Medak,18.048948,78.269372,mid-range,modern,excellent,performance shock absorber oil supersport supersport ducati suspension enhanced maintenance free for better fuel economy,0,2025-08-09T00:00:00,2025-07-08T00:00:00
68d141ecb3fce85d4c560b85,OEM Ignition Coil - Classic 500,Classic 500,Royal Enfield,2017,,Ignition,1972.0,professional grade noise reducing for smoother operation,23,3.4,50,,https://example.com/images/ignition_coil_classic_500.jpg,68d136193952f7cf7dee9131,68d136193952f7cf7dee9133,Mahesh Automobiles,Khammam,17.249885,80.15615,mid-range,modern,good,oem ignition coil classic 500 classic 500 royal enfield ignition professional grade noise reducing for smoother operation,0,2025-07-01T00:00:00,2025-09-18T00:00:00
68d141ecb3fce85d4c560b86,OEM Gear Shift Lever - XL100,XL100,TVS,2011,,Transmission,10812.0,lightweight temperature stable for reduced maintenance,12,4.7,33,,https://example.com/images/gear_shift_lever_xl100.jpg,689d6959045c37933826818b,689d6959045c37933826818d,sai automobiles,RAMNAGAR COLONY PEERZADIGUDA UPPAL HYDERABAD,17.390358,78.606729,premium,classic,excellent,oem gear shift lever xl100 xl100 tvs transmission lightweight temperature stable for reduced maintenance,0,2025-07-23T00:00:00,2025-08-19T00:00:00
68d141ecb3fce85d4c560b87,Premium Throttle Cable for Monster,Monster,Ducati,2021,,Fuel System,8936.0,premium quality weather resistant for enhanced safety,28,3.3,23,,https://example.com/images/throttle_cable_monster.jpg,68ac2a8e3c73e23c655de052,68ac2a8f3c73e23c655de054,Swathi Automobiles,Chappal Bazar Road - Kachiguda ,17.38953,78.491245,premium,modern,good,premium throttle cable for monster monster ducati fuel system premium quality weather resistant for enhanced safety,0,2025-08-14T00:00:00,2025-08-23T00:00:00
68d141ecb3fce85d4c560b88,MV Agusta Gear Selector for Brutale 1000,Brutale 1000,MV Agusta,2014,,Transmission,8457.0,enhanced precision engineered for improved comfort,18,4.0,0,,https://example.com/images/gear_selector_brutale_1000.jpg,68d0c47d09554c358655174b,68d0c47e09554c358655174d,Tarun Automobiles,,17.423605,78.546314,premium,classic,excellent,mv agusta gear selector for brutale 1000 brutale 1000 mv agusta transmission enhanced precision engineered for improved comfort,0,2025-08-21T00:00:00,2025-09-10T00:00:00
68d141ecb3fce85d4c560b89,OEM Knee Guard - YBR 125,YBR 125,Yamaha,2020,,Safety,3474.0,precision made maintenance free for reduced maintenance,11,4.6,26,,https://example.com/images/knee_guard_ybr_125.jpg,68d133bf3952f7cf7dee90b7,68d133bf3952f7cf7dee90b9,Jyothi Automobiles,Hyderabad,17.511409,78.350972,mid-range,modern,excellent,oem knee guard ybr 125 ybr 125 yamaha safety precision made maintenance free for reduced maintenance,0,2025-07-06T00:00:00,2025-08-22T00:00:00
68d141ecb3fce85d4c560b8a,Premium Clutch Hub for Streetfighter V4,Streetfighter V4,Ducati,2023,,Transmission,1548.0,industrial grade impact resistant for increased power,10,3.6,26,,https://example.com/images/clutch_hub_streetfighter_v4.jpg,68d1346c3952f7cf7dee90d0,68d1346c3952f7cf7dee90d2,Kalyan Automobiles,Bala Nagar,17.475679,78.447328,mid-range,modern,good,premium clutch hub for streetfighter v4 streetfighter v4 ducati transmission industrial grade impact resistant for increased power,0,2025-07-25T00:00:00,2025-09-19T00:00:00
68d141ecb3fce85d4c560b8b,Racing Tail Light - SP 125,SP 125,Honda,2023,,Lighting,1278.0,superior fuel efficient for increased power,30,4.3,25,,https://example.com/images/tail_light_sp_125.jpg,68d134ac3952f7cf7dee90e3,68d134ac3952f7cf7dee90e5,Shiva sai Automobiles,Mahabubabad,17.594209,80.006903,mid-range,modern,excellent,racing tail light sp 125 sp 125 honda lighting superior fuel efficient for increased power,0,2025-08-30T00:00:00,2025-07-13T00:00:00
68d141ecb3fce85d4c560b8c,Premium Fan Shroud for RSV4,RSV4,Aprilia,2016,,Cooling System,2886.0,industrial grade long lasting for better handling,4,4.1,20,,https://example.com/images/fan_shroud_rsv4.jpg,68d135063952f7cf7dee90f6,68d135063952f7cf7dee90f8,Manoj Automobiles,Dilshknagar,17.367642,78.534282,mid-range,modern,excellent,premium fan shroud for rsv4 rsv4 aprilia cooling system industrial grade long lasting for better handling,0,2025-09-16T00:00:00,2025-08-19T00:00:00
68d141ecb3fce85d4c560b8d,OEM Brake Lever - Multistrada V4,Multistrada V4,Ducati,2025,,Brakes,4998.0,street performance long lasting for enhanced stability,10,4.7,48,,https://example.com/images/brake_lever_multistrada_v4.jpg,68d135833952f7cf7dee9109,68d135833952f7cf7dee910b,Mounika Automobiles,Karimnagar,18.435781,79.132861,mid-range,modern,excellent,oem brake lever multistrada v4 multistrada v4 ducati brakes street performance long lasting for enhanced stability,0,2025-07-10T00:00:00,2025-09-19T00:00:00
68d141ecb3fce85d4c560b8e,Mahindra Main Relay for Pantero,Pantero,Mahindra,2023,,Electrical,2668.0,precision made corrosion resistant for superior reliability,14,4.4,32,,https://example.com/images/main_relay_pantero.jpg,68d135d63952f7cf7dee911e,68d135d63952f7cf7dee9120,baskar Automobiles,Medak,18.048948,78.269372,mid-range,modern,excellent,mahindra main relay for pantero pantero mahindra electrical precision made corrosion resistant for superior reliability,0,2025-08-13T00:00:00,2025-08-18T00:00:00
68d141ecb3fce85d4c560b8f,Yezdi Transmission Oil for Classic,Classic,Yezdi,2019,,Transmission,8949.0,premium quality eco friendly for longer life,12,3.4,19,,https://example.com/images/transmission_oil_classic.jpg,68d136193952f7cf7dee9131,68d136193952f7cf7dee9133,Mahesh Automobiles,Khammam,17.249885,80.15615,premium,modern,good,yezdi transmission oil for classic classic yezdi transmission premium quality eco friendly for longer life,0,2025-09-09T00:00:00,2025-09-03T00:00:00
68d141ecb3fce85d4c560b90,R 1250 GS Ignition Switch,R 1250 GS,BMW,2014,,Ignition,84.0,superior heat treated for enhanced stability,27,4.6,45,,https://example.com/images/ignition_switch_r_1250_gs.jpg,689d6959045c37933826818b,689d6959045c37933826818d,sai automobiles,RAMNAGAR COLONY PEERZADIGUDA UPPAL HYDERABAD,17.390358,78.606729,budget,classic,excellent,1250 gs ignition switch 1250 gs bmw ignition superior heat treated for enhanced stability,0,2025-07-10T00:00:00,2025-07-31T00:00:00
68d141ecb3fce85d4c560b91,Royal Enfield Crank Position Sensor for Meteor 350,Meteor 350,Royal Enfield,2020,,Ignition,2049.0,superior precision engineered for increased power,13,4.2,16,,https://example.com/images/crank_position_sensor_meteor_350.jpg,68ac2a8e3c73e23c655de052,68ac2a8f3c73e23c655de054,Swathi Automobiles,Chappal Bazar Road - Kachiguda ,17.38953,78.491245,mid-range,modern,excellent,royal enfield crank position sensor for meteor 350 meteor 350 royal enfield ignition superior precision engineered for increased power,0,2025-08-31T00:00:00,2025-07-21T00:00:00
68d141ecb3fce85d4c560b92,Heavy Duty Voltage Regulator - Dream Yuga,Dream Yuga,Honda,2014,,Electrical,6664.0,heavy duty long lasting for maximum protection,18,3.9,45,,https://example.com/images/voltage_regulator_dream_yuga.jpg,68d0c47d09554c358655174b,68d0c47e09554c358655174d,Tarun Automobiles,,17.423605,78.546314,premium,classic,good,heavy duty voltage regulator dream yuga dream yuga honda electrical heavy duty long lasting for maximum protection,0,2025-07-28T00:00:00,2025-08-16T00:00:00
68d141ecb3fce85d4c560b93,Fog Light - Splendor Plus,Splendor Plus,Hero,2016,,Lighting,1796.0,racing quality corrosion resistant for better fuel economy,27,4.5,38,,https://example.com/images/fog_light_splendor_plus.jpg,68d133bf3952f7cf7dee90b7,68d133bf3952f7cf7dee90b9,Jyothi Automobiles,Hyderabad,17.511409,78.350972,mid-range,modern,excellent,fog light splendor plus splendor plus hero lighting racing quality corrosion resistant for better fuel economy,0,2025-08-23T00:00:00,2025-09-03T00:00:00
68d141ecb3fce85d4c560b94,Shift Drum - Fazer 25,Fazer 25,Yamaha,2025,,Transmission,6939.0,advanced eco friendly for optimal efficiency,2,4.4,49,,https://example.com/images/shift_drum_fazer_25.jpg,68d1346c3952f7cf7dee90d0,68d1346c3952f7cf7dee90d2,Kalyan Automobiles,Bala Nagar,17.475679,78.447328,premium,modern,excellent,shift drum fazer 25 fazer 25 yamaha transmission advanced eco friendly for optimal efficiency,0,2025-07-29T00:00:00,2025-07-13T00:00:00
68d141ecb3fce85d4c560b95,Performance Brake Hose - R 1250 GS,R 1250 GS,BMW,2012,,Brakes,4809.0,professional grade high strength for better fuel economy,28,4.2,1,,https://example.com/images/brake_hose_r_1250_gs.jpg,68d134ac3952f7cf7dee90e3,68d134ac3952f7cf7dee90e5,Shiva sai Automobiles,Mahabubabad,17.594209,80.006903,mid-range,classic,excellent,performance brake hose 1250 gs 1250 gs bmw brakes professional grade high strength for better fuel economy,0,2025-08-23T00:00:00,2025-07-28T00:00:00
68d141ecb3fce85d4c560b96,Heavy Duty Dimmer Switch - Leoncino 500,Leoncino 500,Benelli,2021,,Lighting,3121.0,enhanced maintenance free for improved performance,12,4.1,6,,https://example.com/images/dimmer_switch_leoncino_500.jpg,68d135063952f7cf7dee90f6,68d135063952f7cf7dee90f8,Manoj Automobiles,Dilshknagar,17.367642,78.534282,mid-range,modern,excellent,heavy duty dimmer switch leoncino 500 leoncino 500 benelli lighting enhanced maintenance free for improved performance,0,2025-07-27T00:00:00,2025-07-23T00:00:00
68d141ecb3fce85d4c560b97,S 1000 RR Full System Exhaust,S 1000 RR,BMW,2019,,Exhaust,13785.0,advanced impact resistant for reduced maintenance,20,4.3,45,,https://example.com/images/full_system_exhaust_s_1000_rr.jpg,68d135833952f7cf7dee9109,68d135833952f7cf7dee910b,Mounika Automobiles,Karimnagar,18.435781,79.132861,premium,modern,excellent,1000 rr full system exhaust 1000 rr bmw exhaust advanced impact resistant for reduced maintenance,0,2025-09-06T00:00:00,2025-09-18T00:00:00
68d141ecb3fce85d4c560b98,Timing Light - Platina 110,Platina 110,Bajaj,2016,,Ignition,1742.0,durable temperature stable for better handling,12,4.0,31,,https://example.com/images/timing_light_platina_110.jpg,68d135d63952f7cf7dee911e,68d135d63952f7cf7dee9120,baskar Automobiles,Medak,18.048948,78.269372,mid-range,modern,excellent,timing light platina 110 platina 110 bajaj ignition durable temperature stable for better handling,0,2025-09-18T00:00:00,2025-08-29T00:00:00
68d141ecb3fce85d4c560b99,Heavy Duty Crash Guard - Forty-Eight,Forty-Eight,Harley-Davidson,2013,,Accessories,2268.0,lightweight temperature stable for improved comfort,19,5.0,5,,https://example.com/images/crash_guard_forty_eight.jpg,68d136193952f7cf7dee9131,68d136193952f7cf7dee9133,Mahesh Automobiles,Khammam,17.249885,80.15615,mid-range,classic,excellent,heavy duty crash guard forty eight forty eight harley davidson accessories lightweight temperature stable for improved comfort,0,2025-09-04T00:00:00,2025-08-28T00:00:00
68d141ecb3fce85d4c560b9a,Genuine Wheel Bolt - S 1000 RR,S 1000 RR,BMW,2022,,Wheels & Tires,1599.0,durable eco friendly for optimal efficiency,17,4.8,17,,https://example.com/images/wheel_bolt_s_1000_rr.jpg,689d6959045c37933826818b,689d6959045c37933826818d,sai automobiles,RAMNAGAR COLONY PEERZADIGUDA UPPAL HYDERABAD,17.390358,78.606729,mid-range,modern,excellent,genuine wheel bolt 1000 rr 1000 rr bmw wheels tires durable eco friendly for optimal efficiency,0,2025-09-17T00:00:00,2025-08-11T00:00:00
68d141ecb3fce85d4c560b9b,Genuine Cylinder Head - FTR 1200,FTR 1200,Indian,2016,,Engine,21181.0,superior high strength for enhanced stability,11,4.0,0,,https://example.com/images/cylinder_head_ftr_1200.jpg,68ac2a8e3c73e23c655de052,68ac2a8f3c73e23c655de054,Swathi Automobiles,Chappal Bazar Road - Kachiguda ,17.38953,78.491245,premium,modern,excellent,genuine cylinder head ftr 1200 ftr 1200 indian engine superior high strength for enhanced stability,0,2025-07-07T00:00:00,2025-08-24T00:00:00
68d141ecb3fce85d4c560b9c,DesertX Spoke Set,DesertX,Ducati,2017,,Wheels & Tires,12823.0,oem quality wear resistant for reduced maintenance,5,4.7,29,,https://example.com/images/spoke_set_desertx.jpg,68d0c47d09554c358655174b,68d0c47e09554c358655174d,Tarun Automobiles,,17.423605,78.546314,premium,modern,excellent,desertx spoke set desertx ducati wheels tires oem quality wear resistant for reduced maintenance,0,2025-08-01T00:00:00,2025-09-13T00:00:00
68d141ecb3fce85d4c560b9d,Genuine Choke Cable - S 1000 RR,S 1000 RR,BMW,2015,,Fuel System,9728.0,oem quality impact resistant for better handling,17,4.8,39,,https://example.com/images/choke_cable_s_1000_rr.jpg,68d133bf3952f7cf7dee90b7,68d133bf3952f7cf7dee90b9,Jyothi Automobiles,Hyderabad,17.511409,78.350972,premium,modern,excellent,genuine choke cable 1000 rr 1000 rr bmw fuel system oem quality impact resistant for better handling,0,2025-07-30T00:00:00,2025-08-05T00:00:00
68d141ecb3fce85d4c560b9e,Premium Riding Gloves for RC 390,RC 390,KTM,2022,,Safety,5074.0,high performance heat treated for superior reliability,27,4.7,50,,https://example.com/images/riding_gloves_rc_390.jpg,68d1346c3952f7cf7dee90d0,68d1346c3952f7cf7dee90d2,Kalyan Automobiles,Bala Nagar,17.475679,78.447328,premium,modern,excellent,premium riding gloves for rc 390 rc 390 ktm safety high performance heat treated for superior reliability,0,2025-08-14T00:00:00,2025-08-20T00:00:00
68d141edb3fce85d4c560b9f,Genuine Head Gasket - Thruxton RS,Thruxton RS,Triumph,2018,,Engine,3740.0,precision made corrosion resistant for smoother operation,20,4.9,28,,https://example.com/images/head_gasket_thruxton_rs.jpg,68d134ac3952f7cf7dee90e3,68d134ac3952f7cf7dee90e5,Shiva sai Automobiles,Mahabubabad,17.594209,80.006903,mid-range,modern,excellent,genuine head gasket thruxton rs thruxton rs triumph engine precision made corrosion resistant for smoother operation,0,2025-07-11T00:00:00,2025-08-16T00:00:00
68d141edb3fce85d4c560ba0,Tail Light - Vida V1 Electric,Vida V1 Electric,Hero,2022,,Lighting,2463.0,professional grade wear resistant for enhanced stability,20,3.4,45,,https://example.com/images/tail_light_vida_v1_electric.jpg,68d135063952f7cf7dee90f6,68d135063952f7cf7dee90f8,Manoj Automobiles,Dilshknagar,17.367642,78.534282,mid-range,modern,good,tail light vida v1 electric vida v1 electric hero lighting professional grade wear resistant for enhanced stability,0,2025-08-16T00:00:00,2025-09-20T00:00:00
68d141edb3fce85d4c560ba1,Pulley Assembly - Deluxe,Deluxe,Yezdi,2023,,Drivetrain,4921.0,premium quality temperature stable for improved comfort,4,4.5,4,,https://example.com/images/pulley_deluxe.jpg,68d135833952f7cf7dee9109,68d135833952f7cf7dee910b,Mounika Automobiles,Karimnagar,18.435781,79.132861,mid-range,modern,excellent,pulley assembly deluxe deluxe yezdi drivetrain premium quality temperature stable for improved comfort,0,2025-07-11T00:00:00,2025-08-19T00:00:00
68d141edb3fce85d4c560ba2,Polish - S 1000 XR,S 1000 XR,BMW,2017,,Maintenance,206.0,precision made maintenance free for optimal efficiency,30,4.4,39,,https://example.com/images/polish_s_1000_xr.jpg,68d135d63952f7cf7dee911e,68d135d63952f7cf7dee9120,baskar Automobiles,Medak,18.048948,78.269372,budget,modern,excellent,polish 1000 xr 1000 xr bmw maintenance precision made maintenance free for optimal efficiency,0,2025-07-03T00:00:00,2025-09-08T00:00:00
68d141edb3fce85d4c560ba3,Fuel Rail - KLX 230,KLX 230,Kawasaki,2024,,Fuel System,8974.0,long lasting noise reducing for enhanced safety,27,3.7,19,,https://example.com/images/fuel_rail_klx_230.jpg,68d136193952f7cf7dee9131,68d136193952f7cf7dee9133,Mahesh Automobiles,Khammam,17.249885,80.15615,premium,modern,good,fuel rail klx 230 klx 230 kawasaki fuel system long lasting noise reducing for enhanced safety,0,2025-07-20T00:00:00,2025-08-09T00:00:00
68d141edb3fce85d4c560ba4,OEM Key Set - Duke 390,Duke 390,KTM,2025,,Ignition,1914.0,high performance eco friendly for increased power,12,4.2,28,,https://example.com/images/key_set_duke_390.jpg,689d6959045c37933826818b,689d6959045c37933826818d,sai automobiles,RAMNAGAR COLONY PEERZADIGUDA UPPAL HYDERABAD,17.390358,78.606729,mid-range,modern,excellent,oem key set duke 390 duke 390 ktm ignition high performance eco friendly for increased power,0,2025-09-21T00:00:00,2025-08-25T00:00:00
68d141edb3fce85d4c560ba5,OEM Horn - Dorsoduro 900,Dorsoduro 900,Aprilia,2011,,Electrical,5635.0,long lasting eco friendly for reduced maintenance,25,3.7,36,,https://example.com/images/horn_dorsoduro_900.jpg,68ac2a8e3c73e23c655de052,68ac2a8f3c73e23c655de054,Swathi Automobiles,Chappal Bazar Road - Kachiguda ,17.38953,78.491245,premium,classic,good,oem horn dorsoduro 900 dorsoduro 900 aprilia electrical long lasting eco friendly for reduced maintenance,0,2025-09-07T00:00:00,2025-07-29T00:00:00
68d141edb3fce85d4c560ba6,Suzuki Thread Locker for GSX-R1000R,GSX-R1000R,Suzuki,2021,,Maintenance,786.0,oem quality precision engineered for superior reliability,22,4.4,24,,https://example.com/images/thread_locker_gsx_r1000r.jpg,68d0c47d09554c358655174b,68d0c47e09554c358655174d,Tarun Automobiles,,17.423605,78.546314,budget,modern,excellent,suzuki thread locker for gsx r1000r gsx r1000r suzuki maintenance oem quality precision engineered for superior reliability,0,2025-07-25T00:00:00,2025-07-03T00:00:00
68d141edb3fce85d4c560ba7,Performance Fire Extinguisher - Street Glide,Street Glide,Harley-Davidson,2021,,Safety,2094.0,lightweight fuel efficient for longer life,21,3.5,26,,https://example.com/images/fire_extinguisher_street_glide.jpg,68d133bf3952f7cf7dee90b7,68d133bf3952f7cf7dee90b9,Jyothi Automobiles,Hyderabad,17.511409,78.350972,mid-range,modern,good,performance fire extinguisher street glide street glide harley davidson safety lightweight fuel efficient for longer life,0,2025-09-03T00:00:00,2025-07-13T00:00:00
68d141edb3fce85d4c560ba8,Kawasaki Degreaser for ZX-6R,ZX-6R,Kawasaki,2024,,Maintenance,433.0,enhanced long lasting for better handling,2,4.0,0,,https://example.com/images/degreaser_zx_6r.jpg,68d1346c3952f7cf7dee90d0,68d1346c3952f7cf7dee90d2,Kalyan Automobiles,Bala Nagar,17.475679,78.447328,budget,modern,excellent,kawasaki degreaser for zx 6r zx 6r kawasaki maintenance enhanced long lasting for better handling,0,2025-07-25T00:00:00,2025-08-03T00:00:00
68d141edb3fce85d4c560ba9,Performance Fuel Rail - K 1600 GTL,K 1600 GTL,BMW,2011,,Fuel System,5779.0,durable weather resistant for improved comfort,26,3.3,5,,https://example.com/images/fuel_rail_k_1600_gtl.jpg,68d134ac3952f7cf7dee90e3,68d134ac3952f7cf7dee90e5,Shiva sai Automobiles,Mahabubabad,17.594209,80.006903,premium,classic,good,performance fuel rail 1600 gtl 1600 gtl bmw fuel system durable weather resistant for improved comfort,0,2025-09-10T00:00:00,2025-07-10T00:00:00
68d141edb3fce85d4c560baa,Heavy Duty Radiator Cap - R 1250 GS,R 1250 GS,BMW,2020,,Cooling System,5405.0,industrial grade heat treated for increased power,11,4.0,4,,https://example.com/images/radiator_cap_r_1250_gs.jpg,68d135063952f7cf7dee90f6,68d135063952f7cf7dee90f8,Manoj Automobiles,Dilshknagar,17.367642,78.534282,premium,modern,excellent,heavy duty radiator cap 1250 gs 1250 gs bmw cooling system industrial grade heat treated for increased power,0,2025-08-17T00:00:00,2025-08-28T00:00:00
68d141edb3fce85d4c560bab,Scout Rogue Reserve Tank,Scout Rogue,Indian,2010,,Fuel System,5064.0,precision made maintenance free for better fuel economy,7,3.2,5,,https://example.com/images/reserve_tank_scout_rogue.jpg,68d135833952f7cf7dee9109,68d135833952f7cf7dee910b,Mounika Automobiles,Karimnagar,18.435781,79.132861,premium,classic,good,scout rogue reserve tank scout rogue indian fuel system precision made maintenance free for better fuel economy,0,2025-08-21T00:00:00,2025-07-22T00:00:00
68d141edb3fce85d4c560bac,Duke 200 Front Sprocket,Duke 200,KTM,2020,,Drivetrain,3936.0,industrial grade heat treated for superior reliability,1,4.5,42,,https://example.com/images/front_sprocket_duke_200.jpg,68d135d63952f7cf7dee911e,68d135d63952f7cf7dee9120,baskar Automobiles,Medak,18.048948,78.269372,mid-range,modern,excellent,duke 200 front sprocket duke 200 ktm drivetrain industrial grade heat treated for superior reliability,0,2025-09-05T00:00:00,2025-07-06T00:00:00
68d141edb3fce85d4c560bad,Premium Rear Spring for X-Blade,X-Blade,Honda,2010,,Suspension,2433.0,lightweight chemical resistant for reduced maintenance,3,4.7,48,,https://example.com/images/rear_spring_x_blade.jpg,68d136193952f7cf7dee9131,68d136193952f7cf7dee9133,Mahesh Automobiles,Khammam,17.249885,80.15615,mid-range,classic,excellent,premium rear spring for blade blade honda suspension lightweight chemical resistant for reduced maintenance,0,2025-09-10T00:00:00,2025-07-17T00:00:00
68d141edb3fce85d4c560bae,Front Shock Absorber - Super Splendor,Super Splendor,Hero,2021,,Suspension,5108.0,advanced precision engineered for improved performance,11,3.9,6,,https://example.com/images/front_shock_absorber_super_splendor.jpg,689d6959045c37933826818b,689d6959045c37933826818d,sai automobiles,RAMNAGAR COLONY PEERZADIGUDA UPPAL HYDERABAD,17.390358,78.606729,premium,modern,good,front shock absorber super splendor super splendor hero suspension advanced precision engineered for improved performance,0,2025-07-30T00:00:00,2025-08-27T00:00:00
68d141edb3fce85d4c560baf,Premium Fan Shroud for Brutale 800,Brutale 800,MV Agusta,2010,,Cooling System,9849.0,racing quality fuel efficient for superior reliability,11,4.2,19,,https://example.com/images/fan_shroud_brutale_800.jpg,68ac2a8e3c73e23c655de052,68ac2a8f3c73e23c655de054,Swathi Automobiles,Chappal Bazar Road - Kachiguda ,17.38953,78.491245,premium,classic,excellent,premium fan shroud for brutale 800 brutale 800 mv agusta cooling system racing quality fuel efficient for superior reliability,0,2025-09-19T00:00:00,2025-08-10T00:00:00
68d141edb3fce85d4c560bb0,Racing Flasher Relay - Challenger,Challenger,Indian,2021,,Electrical,3132.0,lightweight chemical resistant for enhanced safety,28,4.4,8,,https://example.com/images/flasher_relay_challenger.jpg,68d0c47d09554c358655174b,68d0c47e09554c358655174d,Tarun Automobiles,,17.423605,78.546314,mid-range,modern,excellent,racing flasher relay challenger challenger indian electrical lightweight chemical resistant for enhanced safety,0,2025-07-14T00:00:00,2025-09-05T00:00:00
68d141edb3fce85d4c560bb1,Speed Twin Fork Oil Seal,Speed Twin,Triumph,2010,,Suspension,5456.0,superior maintenance free for smoother operation,11,3.7,42,,https://example.com/images/fork_oil_seal_speed_twin.jpg,68d133bf3952f7cf7dee90b7,68d133bf3952f7cf7dee90b9,Jyothi Automobiles,Hyderabad,17.511409,78.350972,premium,classic,good,speed twin fork oil seal speed twin triumph suspension superior maintenance free for smoother operation,0,2025-07-11T00:00:00,2025-08-07T00:00:00
68d141edb3fce85d4c560bb2,TVS Bypass Filter for Wego,Wego,TVS,2020,,Filters,1420.0,superior noise reducing for better control,20,4.4,25,,https://example.com/images/bypass_filter_wego.jpg,68d1346c3952f7cf7dee90d0,68d1346c3952f7cf7dee90d2,Kalyan Automobiles,Bala Nagar,17.475679,78.447328,mid-range,modern,excellent,tvs bypass filter for wego wego tvs filters superior noise reducing for better control,0,2025-08-08T00:00:00,2025-08-22T00:00:00
68d141edb3fce85d4c560bb3,Bajaj Rotor for Pulsar F250,Pulsar F250,Bajaj,2021,,Ignition,451.0,long lasting chemical resistant for improved performance,13,3.9,16,,https://example.com/images/rotor_pulsar_f250.jpg,68d134ac3952f7cf7dee90e3,68d134ac3952f7cf7dee90e5,Shiva sai Automobiles,Mahabubabad,17.594209,80.006903,budget,modern,good,bajaj rotor for pulsar f250 pulsar f250 bajaj ignition long lasting chemical resistant for improved performance,0,2025-09-05T00:00:00,2025-07-11T00:00:00
68d141edb3fce85d4c560bb4,Performance Fuel Pump - Street Twin,Street Twin,Triumph,2021,,Fuel System,4020.0,durable fuel efficient for better fuel economy,9,4.0,38,,https://example.com/images/fuel_pump_street_twin.jpg,68d135063952f7cf7dee90f6,68d135063952f7cf7dee90f8,Manoj Automobiles,Dilshknagar,17.367642,78.534282,mid-range,modern,excellent,performance fuel pump street twin street twin triumph fuel system durable fuel efficient for better fuel economy,0,2025-07-06T00:00:00,2025-07-18T00:00:00
68d141edb3fce85d4c560bb5,MV Agusta Heat Shield for Rush 1000,Rush 1000,MV Agusta,2013,,Exhaust,2019.0,oem quality high strength for better handling,19,4.3,26,,https://example.com/images/heat_shield_rush_1000.jpg,68d135833952f7cf7dee9109,68d135833952f7cf7dee910b,Mounika Automobiles,Karimnagar,18.435781,79.132861,mid-range,classic,excellent,mv agusta heat shield for rush 1000 rush 1000 mv agusta exhaust oem quality high strength for better handling,0,2025-09-05T00:00:00,2025-07-23T00:00:00
68d141edb3fce85d4c560bb6,Mahindra Belt Guard for Kine,Kine,Mahindra,2019,,Drivetrain,6060.0,enhanced eco friendly for longer life,9,3.8,18,,https://example.com/images/belt_guard_kine.jpg,68d135d63952f7cf7dee911e,68d135d63952f7cf7dee9120,baskar Automobiles,Medak,18.048948,78.269372,premium,modern,good,mahindra belt guard for kine kine mahindra drivetrain enhanced eco friendly for longer life,0,2025-07-19T00:00:00,2025-08-31T00:00:00
68d141edb3fce85d4c560bb7,Bajaj Axle for CT 110X,CT 110X,Bajaj,2024,,Wheels & Tires,11581.0,professional grade wear resistant for optimal efficiency,4,4.4,1,,https://example.com/images/axle_ct_110x.jpg,68d136193952f7cf7dee9131,68d136193952f7cf7dee9133,Mahesh Automobiles,Khammam,17.249885,80.15615,premium,modern,excellent,bajaj axle for ct 110x ct 110x bajaj wheels tires professional grade wear resistant for optimal efficiency,0,2025-08-30T00:00:00,2025-07-24T00:00:00
68d141edb3fce85d4c560bb8,OEM Fuel Cock - Forty Two,Forty Two,Jawa,2021,,Fuel System,6544.0,racing quality precision engineered for improved performance,2,3.4,36,,https://example.com/images/fuel_cock_forty_two.jpg,689d6959045c37933826818b,689d6959045c37933826818d,sai automobiles,RAMNAGAR COLONY PEERZADIGUDA UPPAL HYDERABAD,17.390358,78.606729,premium,modern,good,oem fuel cock forty two forty two jawa fuel system racing quality precision engineered for improved performance,0,2025-07-18T00:00:00,2025-07-17T00:00:00
68d141edb3fce85d4c560bb9,Phone Mount Assembly - Leoncino 500,Leoncino 500,Benelli,2016,,Accessories,2722.0,advanced impact resistant for enhanced stability,25,4.2,16,,https://example.com/images/phone_mount_leoncino_500.jpg,68ac2a8e3c73e23c655de052,68ac2a8f3c73e23c655de054,Swathi Automobiles,Chappal Bazar Road - Kachiguda ,17.38953,78.491245,mid-range,modern,excellent,phone mount assembly leoncino 500 leoncino 500 benelli accessories advanced impact resistant for enhanced stability,0,2025-08-29T00:00:00,2025-09-04T00:00:00
68d141edb3fce85d4c560bba,OEM Helmet Lock - Versys-X 300,Versys-X 300,Kawasaki,2017,,Accessories,2479.0,professional grade weather resistant for improved comfort,25,4.7,33,,https://example.com/images/helmet_lock_versys_x_300.jpg,68d0c47d09554c358655174b,68d0c47e09554c358655174d,Tarun Automobiles,,17.423605,78.546314,mid-range,modern,excellent,oem helmet lock versys 300 versys 300 kawasaki accessories professional grade weather resistant for improved comfort,0,2025-07-15T00:00:00,2025-08-29T00:00:00
68d141edb3fce85d4c560bbb,Heavy Duty Cylinder Block - Hunter 350,Hunter 350,Royal Enfield,2025,,Engine,19309.0,enhanced fuel efficient for reduced maintenance,1,4.9,45,,https://example.com/images/cylinder_block_hunter_350.jpg,68d133bf3952f7cf7dee90b7,68d133bf3952f7cf7dee90b9,Jyothi Automobiles,Hyderabad,17.511409,78.350972,premium,modern,excellent,heavy duty cylinder block hunter 350 hunter 350 royal enfield engine enhanced fuel efficient for reduced maintenance,0,2025-08-30T00:00:00,2025-09-16T00:00:00
68d141edb3fce85d4c560bbc,Leoncino 500 Side Light,Leoncino 500,Benelli,2015,,Lighting,848.0,heavy duty corrosion resistant for superior reliability,28,4.6,36,,https://example.com/images/side_light_leoncino_500.jpg,68d1346c3952f7cf7dee90d0,68d1346c3952f7cf7dee90d2,Kalyan Automobiles,Bala Nagar,17.475679,78.447328,budget,modern,excellent,leoncino 500 side light leoncino 500 benelli lighting heavy duty corrosion resistant for superior reliability,0,2025-07-13T00:00:00,2025-09-13T00:00:00
68d141edb3fce85d4c560bbd,Racing Shift Drum - FTR 1200,FTR 1200,Indian,2024,,Transmission,7727.0,professional grade corrosion resistant for improved comfort,10,4.8,13,,https://example.com/images/shift_drum_ftr_1200.jpg,68d134ac3952f7cf7dee90e3,68d134ac3952f7cf7dee90e5,Shiva sai Automobiles,Mahabubabad,17.594209,80.006903,premium,modern,excellent,racing shift drum ftr 1200 ftr 1200 indian transmission professional grade corrosion resistant for improved comfort,0,2025-07-20T00:00:00,2025-08-06T00:00:00
68d141edb3fce85d4c560bbe,Racing Cabin Filter - Duke 125,Duke 125,KTM,2022,,Filters,349.0,racing quality weather resistant for enhanced durability,7,4.1,31,,https://example.com/images/cabin_filter_duke_125.jpg,68d135063952f7cf7dee90f6,68d135063952f7cf7dee90f8,Manoj Automobiles,Dilshknagar,17.367642,78.534282,budget,modern,excellent,racing cabin filter duke 125 duke 125 ktm filters racing quality weather resistant for enhanced durability,0,2025-07-06T00:00:00,2025-07-21T00:00:00
68d141edb3fce85d4c560bbf,Suzuki Wheel Hub for Avenis,Avenis,Suzuki,2015,,Wheels & Tires,5002.0,superior noise reducing for reduced maintenance,10,4.4,47,,https://example.com/images/wheel_hub_avenis.jpg,68d135833952f7cf7dee9109,68d135833952f7cf7dee910b,Mounika Automobiles,Karimnagar,18.435781,79.132861,premium,modern,excellent,suzuki wheel hub for avenis avenis suzuki wheels tires superior noise reducing for reduced maintenance,0,2025-07-13T00:00:00,2025-07-27T00:00:00
68d141edb3fce85d4c560bc0,Premium Kick Starter for TRK 502,TRK 502,Benelli,2025,,Transmission,4924.0,advanced high strength for enhanced safety,26,3.7,48,,https://example.com/images/kick_starter_trk_502.jpg,68d135d63952f7cf7dee911e,68d135d63952f7cf7dee9120,baskar Automobiles,Medak,18.048948,78.269372,mid-range,modern,good,premium kick starter for trk 502 trk 502 benelli transmission advanced high strength for enhanced safety,0,2025-07-23T00:00:00,2025-07-30T00:00:00
68d141edb3fce85d4c560bc1,Heavy Duty Starter Relay - Scooty Pep Plus,Scooty Pep Plus,TVS,2011,,Electrical,6385.0,high performance precision engineered for improved performance,2,4.9,43,,https://example.com/images/starter_relay_scooty_pep_plus.jpg,68d136193952f7cf7dee9131,68d136193952f7cf7dee9133,Mahesh Automobiles,Khammam,17.249885,80.15615,premium,classic,excellent,heavy duty starter relay scooty pep plus scooty pep plus tvs electrical high performance precision engineered for improved performance,0,2025-09-10T00:00:00,2025-07-13T00:00:00
68d141edb3fce85d4c560bc2,Genuine Coolant Drain Plug - Thunderbird 350,Thunderbird 350,Royal Enfield,2014,,Cooling System,1936.0,industrial grade vibration dampening for improved performance,12,4.1,29,,https://example.com/images/coolant_drain_plug_thunderbird_350.jpg,689d6959045c37933826818b,689d6959045c37933826818d,sai automobiles,RAMNAGAR COLONY PEERZADIGUDA UPPAL HYDERABAD,17.390358,78.606729,mid-range,classic,excellent,genuine coolant drain plug thunderbird 350 thunderbird 350 royal enfield cooling system industrial grade vibration dampening for improved performance,0,2025-09-03T00:00:00,2025-07-05T00:00:00
68d141edb3fce85d4c560bc3,Harley-Davidson High Vis Jacket for Sportster S,Sportster S,Harley-Davidson,2021,,Safety,7312.0,superior chemical resistant for enhanced durability,9,4.4,46,,https://example.com/images/high_vis_jacket_sportster_s.jpg,68ac2a8e3c73e23c655de052,68ac2a8f3c73e23c655de054,Swathi Automobiles,Chappal Bazar Road - Kachiguda ,17.38953,78.491245,premium,modern,excellent,harley davidson high vis jacket for sportster sportster harley davidson safety superior chemical resistant for enhanced durability,0,2025-07-08T00:00:00,2025-07-21T00:00:00
68d141edb3fce85d4c560bc4,Heavy Duty Exhaust Flange - K 1600 GTL,K 1600 GTL,BMW,2015,,Exhaust,2426.0,racing quality wear resistant for reduced maintenance,11,3.7,47,,https://example.com/images/exhaust_flange_k_1600_gtl.jpg,68d0c47d09554c358655174b,68d0c47e09554c358655174d,Tarun Automobiles,,17.423605,78.546314,mid-range,modern,good,heavy duty exhaust flange 1600 gtl 1600 gtl bmw exhaust racing quality wear resistant for reduced maintenance,0,2025-07-24T00:00:00,2025-08-28T00:00:00
68d141edb3fce85d4c560bc5,Ducati Front Fairing for Panigale V4,Panigale V4,Ducati,2024,,Body Parts,1801.0,enhanced precision engineered for better fuel economy,22,3.6,29,,https://example.com/images/front_fairing_panigale_v4.jpg,68d133bf3952f7cf7dee90b7,68d133bf3952f7cf7dee90b9,Jyothi Automobiles,Hyderabad,17.511409,78.350972,mid-range,modern,good,ducati front fairing for panigale v4 panigale v4 ducati body parts enhanced precision engineered for better fuel economy,0,2025-08-16T00:00:00,2025-09-10T00:00:00
68d141edb3fce85d4c560bc6,Heavy Duty Steering Head Bearing - Meteor 350,Meteor 350,Royal Enfield,2013,,Suspension,2302.0,premium quality noise reducing for better handling,17,4.5,47,,https://example.com/images/steering_head_bearing_meteor_350.jpg,68d1346c3952f7cf7dee90d0,68d1346c3952f7cf7dee90d2,Kalyan Automobiles,Bala Nagar,17.475679,78.447328,mid-range,classic,excellent,heavy duty steering head bearing meteor 350 meteor 350 royal enfield suspension premium quality noise reducing for better handling,0,2025-07-10T00:00:00,2025-07-23T00:00:00
68d141edb3fce85d4c560bc7,Heavy Duty Bypass Filter - Interceptor 650,Interceptor 650,Royal Enfield,2020,,Filters,551.0,enhanced fuel efficient for better fuel economy,19,4.8,23,,https://example.com/images/bypass_filter_interceptor_650.jpg,68d134ac3952f7cf7dee90e3,68d134ac3952f7cf7dee90e5,Shiva sai Automobiles,Mahabubabad,17.594209,80.006903,budget,modern,excellent,heavy duty bypass filter interceptor 650 interceptor 650 royal enfield filters enhanced fuel efficient for better fuel economy,0,2025-09-06T00:00:00,2025-09-12T00:00:00
68d141edb3fce85d4c560bc8,Premium Knee Guard for Glamour,Glamour,Hero,2010,,Safety,3513.0,lightweight chemical resistant for enhanced safety,6,3.3,29,,https://example.com/images/knee_guard_glamour.jpg,68d135063952f7cf7dee90f6,68d135063952f7cf7dee90f8,Manoj Automobiles,Dilshknagar,17.367642,78.534282,mid-range,classic,good,premium knee guard for glamour glamour hero safety lightweight chemical resistant for enhanced safety,0,2025-09-12T00:00:00,2025-09-07T00:00:00
68d141edb3fce85d4c560bc9,Performance Steering Head Bearing - SR 160,SR 160,Aprilia,2020,,Suspension,10490.0,advanced high strength for longer life,1,3.7,49,,https://example.com/images/steering_head_bearing_sr_160.jpg,68d135833952f7cf7dee9109,68d135833952f7cf7dee910b,Mounika Automobiles,Karimnagar,18.435781,79.132861,premium,modern,good,performance steering head bearing sr 160 sr 160 aprilia suspension advanced high strength for longer life,0,2025-07-06T00:00:00,2025-07-07T00:00:00
68d141edb3fce85d4c560bca,Benelli Battery Box for TNT 600i,TNT 600i,Benelli,2013,,Body Parts,4254.0,street performance temperature stable for better control,9,3.3,40,,https://example.com/images/battery_box_tnt_600i.jpg,68d135d63952f7cf7dee911e,68d135d63952f7cf7dee9120,baskar Automobiles,Medak,18.048948,78.269372,mid-range,classic,good,benelli battery box for tnt 600i tnt 600i benelli body parts street performance temperature stable for better control,0,2025-09-07T00:00:00,2025-08-20T00:00:00
68d141edb3fce85d4c560bcb,Heavy Duty Spark Plug - Speed Triple,Speed Triple,Triumph,2014,,Ignition,468.0,superior eco friendly for better control,30,3.6,2,,https://example.com/images/spark_plug_speed_triple.jpg,68d136193952f7cf7dee9131,68d136193952f7cf7dee9133,Mahesh Automobiles,Khammam,17.249885,80.15615,budget,classic,good,heavy duty spark plug speed triple speed triple triumph ignition superior eco friendly for better control,0,2025-07-25T00:00:00,2025-08-16T00:00:00
68d141edb3fce85d4c560bcc,Racing Exhaust Clamp - Grazia,Grazia,Honda,2017,,Exhaust,18320.0,enhanced temperature stable for better control,28,3.4,0,,https://example.com/images/exhaust_clamp_grazia.jpg,689d6959045c37933826818b,689d6959045c37933826818d,sai automobiles,RAMNAGAR COLONY PEERZADIGUDA UPPAL HYDERABAD,17.390358,78.606729,premium,modern,good,racing exhaust clamp grazia grazia honda exhaust enhanced temperature stable for better control,0,2025-08-20T00:00:00,2025-08-20T00:00:00
68d141edb3fce85d4c560bcd,Premium Suspension Bolt for Bobber,Bobber,Jawa,2020,,Suspension,12489.0,professional grade impact resistant for reduced maintenance,13,3.7,35,,https://example.com/images/suspension_bolt_bobber.jpg,68ac2a8e3c73e23c655de052,68ac2a8f3c73e23c655de054,Swathi Automobiles,Chappal Bazar Road - Kachiguda ,17.38953,78.491245,premium,modern,good,premium suspension bolt for bobber bobber jawa suspension professional grade impact resistant for reduced maintenance,0,2025-09-06T00:00:00,2025-09-03T00:00:00
68d141edb3fce85d4c560bce,FZ-S Coolant Pump,FZ-S,Yamaha,2025,,Cooling System,7040.0,lightweight vibration dampening for enhanced safety,11,4.2,17,,https://example.com/images/coolant_pump_fz_s.jpg,68d0c47d09554c358655174b,68d0c47e09554c358655174d,Tarun Automobiles,,17.423605,78.546314,premium,modern,excellent,fz coolant pump fz yamaha cooling system lightweight vibration dampening for enhanced safety,0,2025-07-10T00:00:00,2025-08-30T00:00:00
68d141edb3fce85d4c560bcf,OEM CDI Unit - Roadster,Roadster,Yezdi,2010,,Electrical,2001.0,premium quality precision engineered for maximum protection,30,4.2,29,,https://example.com/images/cdi_unit_roadster.jpg,68d133bf3952f7cf7dee90b7,68d133bf3952f7cf7dee90b9,Jyothi Automobiles,Hyderabad,17.511409,78.350972,mid-range,classic,excellent,oem cdi unit roadster roadster yezdi electrical premium quality precision engineered for maximum protection,0,2025-07-26T00:00:00,2025-08-22T00:00:00
68d141edb3fce85d4c560bd0,OEM Circuit Breaker - Max 125,Max 125,TVS,2018,,Electrical,3075.0,street performance heat treated for optimal efficiency,15,4.6,45,,https://example.com/images/circuit_breaker_max_125.jpg,68d1346c3952f7cf7dee90d0,68d1346c3952f7cf7dee90d2,Kalyan Automobiles,Bala Nagar,17.475679,78.447328,mid-range,modern,excellent,oem circuit breaker max 125 max 125 tvs electrical street performance heat treated for optimal efficiency,0,2025-09-19T00:00:00,2025-07-30T00:00:00
68d141edb3fce85d4c560bd1,Water Pump Assembly - Intruder,Intruder,Suzuki,2011,,Engine,14244.0,racing quality maintenance free for longer life,24,4.3,36,,https://example.com/images/water_pump_intruder.jpg,68d134ac3952f7cf7dee90e3,68d134ac3952f7cf7dee90e5,Shiva sai Automobiles,Mahabubabad,17.594209,80.006903,premium,classic,excellent,water pump assembly intruder intruder suzuki engine racing quality maintenance free for longer life,0,2025-07-11T00:00:00,2025-08-20T00:00:00
68d141edb3fce85d4c560bd2,Premium Centrifugal Filter for FZ 25,FZ 25,Yamaha,2022,,Filters,1144.0,professional grade temperature stable for enhanced stability,9,5.0,44,,https://example.com/images/centrifugal_filter_fz_25.jpg,68d135063952f7cf7dee90f6,68d135063952f7cf7dee90f8,Manoj Automobiles,Dilshknagar,17.367642,78.534282,mid-range,modern,excellent,premium centrifugal filter for fz 25 fz 25 yamaha filters professional grade temperature stable for enhanced stability,0,2025-09-09T00:00:00,2025-08-01T00:00:00
68d141edb3fce85d4c560bd3,Connecting Rod - Gixxer SF,Gixxer SF,Suzuki,2021,,Engine,24765.0,durable eco friendly for longer life,22,4.6,20,,https://example.com/images/connecting_rod_gixxer_sf.jpg,68d135833952f7cf7dee9109,68d135833952f7cf7dee910b,Mounika Automobiles,Karimnagar,18.435781,79.132861,premium,modern,excellent,connecting rod gixxer sf gixxer sf suzuki engine durable eco friendly for longer life,0,2025-09-16T00:00:00,2025-07-24T00:00:00
68d141edb3fce85d4c560bd4,Premium Rotor for Himalayan,Himalayan,Royal Enfield,2025,,Ignition,448.0,enhanced eco friendly for maximum protection,22,3.9,9,,https://example.com/images/rotor_himalayan.jpg,68d135d63952f7cf7dee911e,68d135d63952f7cf7dee9120,baskar Automobiles,Medak,18.048948,78.269372,budget,modern,good,premium rotor for himalayan himalayan royal enfield ignition enhanced eco friendly for maximum protection,0,2025-09-18T00:00:00,2025-09-17T00:00:00
68d141edb3fce85d4c560bd5,Premium Windshield for Panigale V2,Panigale V2,Ducati,2019,,Accessories,4421.0,long lasting noise reducing for enhanced safety,12,4.6,31,,https://example.com/images/windshield_panigale_v2.jpg,68d136193952f7cf7dee9131,68d136193952f7cf7dee9133,Mahesh Automobiles,Khammam,17.249885,80.15615,mid-range,modern,excellent,premium windshield for panigale v2 panigale v2 ducati accessories long lasting noise reducing for enhanced safety,0,2025-07-07T00:00:00,2025-09-18T00:00:00
68d141edb3fce85d4c560bd6,Heavy Duty Fuel Tank - Forty Two,Forty Two,Jawa,2020,,Body Parts,7267.0,lightweight precision engineered for superior reliability,19,3.9,30,,https://example.com/images/fuel_tank_forty_two.jpg,689d6959045c37933826818b,689d6959045c37933826818d,sai automobiles,RAMNAGAR COLONY PEERZADIGUDA UPPAL HYDERABAD,17.390358,78.606729,premium,modern,good,heavy duty fuel tank forty two forty two jawa body parts lightweight precision engineered for superior reliability,0,2025-08-20T00:00:00,2025-08-29T00:00:00
68d141edb3fce85d4c560bd7,Genuine Carburetor Cleaner - Tiger 900,Tiger 900,Triumph,2012,,Maintenance,555.0,professional grade heat treated for longer life,6,3.7,38,,https://example.com/images/carburetor_cleaner_tiger_900.jpg,68ac2a8e3c73e23c655de052,68ac2a8f3c73e23c655de054,Swathi Automobiles,Chappal Bazar Road - Kachiguda ,17.38953,78.491245,budget,classic,good,genuine carburetor cleaner tiger 900 tiger 900 triumph maintenance professional grade heat treated for longer life,0,2025-09-13T00:00:00,2025-09-02T00:00:00
68d141edb3fce85d4c560bd8,Tail Box Assembly - Speed Triple,Speed Triple,Triumph,2020,,Accessories,3012.0,precision made weather resistant for longer life,20,3.8,41,,https://example.com/images/tail_box_speed_triple.jpg,68d0c47d09554c358655174b,68d0c47e09554c358655174d,Tarun Automobiles,,17.423605,78.546314,mid-range,modern,good,tail box assembly speed triple speed triple triumph accessories precision made weather resistant for longer life,0,2025-09-10T00:00:00,2025-07-13T00:00:00
68d141edb3fce85d4c560bd9,Racing Temperature Sensor - Thunderbird 350,Thunderbird 350,Royal Enfield,2015,,Cooling System,9729.0,oem quality impact resistant for optimal efficiency,21,3.9,20,,https://example.com/images/temperature_sensor_thunderbird_350.jpg,68d133bf3952f7cf7dee90b7,68d133bf3952f7cf7dee90b9,Jyothi Automobiles,Hyderabad,17.511409,78.350972,premium,modern,good,racing temperature sensor thunderbird 350 thunderbird 350 royal enfield cooling system oem quality impact resistant for optimal efficiency,0,2025-08-08T00:00:00,2025-08-07T00:00:00
68d141edb3fce85d4c560bda,OEM Fork Spring - BN 125,BN 125,Benelli,2025,,Suspension,14621.0,heavy duty eco friendly for improved performance,25,3.8,35,,https://example.com/images/fork_spring_bn_125.jpg,68d1346c3952f7cf7dee90d0,68d1346c3952f7cf7dee90d2,Kalyan Automobiles,Bala Nagar,17.475679,78.447328,premium,modern,good,oem fork spring bn 125 bn 125 benelli suspension heavy duty eco friendly for improved performance,0,2025-07-12T00:00:00,2025-07-01T00:00:00
68d141edb3fce85d4c560bdb,OEM Clutch Plate - FZ 25,FZ 25,Yamaha,2022,,Transmission,1200.0,superior chemical resistant for smoother operation,16,4.7,46,,https://example.com/images/clutch_plate_fz_25.jpg,68d134ac3952f7cf7dee90e3,68d134ac3952f7cf7dee90e5,Shiva sai Automobiles,Mahabubabad,17.594209,80.006903,mid-range,modern,excellent,oem clutch plate fz 25 fz 25 yamaha transmission superior chemical resistant for smoother operation,0,2025-07-12T00:00:00,2025-07-16T00:00:00
68d141edb3fce85d4c560bdc,Racing Clutch Plate - Flyte,Flyte,Mahindra,2023,,Transmission,5039.0,durable precision engineered for improved performance,29,3.7,38,,https://example.com/images/clutch_plate_flyte.jpg,68d135063952f7cf7dee90f6,68d135063952f7cf7dee90f8,Manoj Automobiles,Dilshknagar,17.367642,78.534282,premium,modern,good,racing clutch plate flyte flyte mahindra transmission durable precision engineered for improved performance,0,2025-09-01T00:00:00,2025-08-16T00:00:00
68d141edb3fce85d4c560bdd,Heavy Duty Gear Oil - Scrambler 1200,Scrambler 1200,Triumph,2012,,Maintenance,90.0,enhanced weather resistant for improved performance,10,4.4,36,,https://example.com/images/gear_oil_scrambler_1200.jpg,68d135833952f7cf7dee9109,68d135833952f7cf7dee910b,Mounika Automobiles,Karimnagar,18.435781,79.132861,budget,classic,excellent,heavy duty gear oil scrambler 1200 scrambler 1200 triumph maintenance enhanced weather resistant for improved performance,0,2025-08-01T00:00:00,2025-09-09T00:00:00
68d141edb3fce85d4c560bde,Premium Gear Box for 42,42,Jawa,2018,,Transmission,9661.0,oem quality chemical resistant for increased power,24,4.9,21,,https://example.com/images/gear_box_42.jpg,68d135d63952f7cf7dee911e,68d135d63952f7cf7dee9120,baskar Automobiles,Medak,18.048948,78.269372,premium,modern,excellent,premium gear box for 42 42 jawa transmission oem quality chemical resistant for increased power,0,2025-08-03T00:00:00,2025-08-08T00:00:00
68d141edb3fce85d4c560bdf,W175 Rear Spring,W175,Kawasaki,2020,,Suspension,9569.0,long lasting eco friendly for improved comfort,9,3.7,0,,https://example.com/images/rear_spring_w175.jpg,68d136193952f7cf7dee9131,68d136193952f7cf7dee9133,Mahesh Automobiles,Khammam,17.249885,80.15615,premium,modern,good,w175 rear spring w175 kawasaki suspension long lasting eco friendly for improved comfort,0,2025-08-23T00:00:00,2025-09-20T00:00:00
68d141edb3fce85d4c560be0,Genuine Timing Chain - RS 660,RS 660,Aprilia,2019,,Engine,4314.0,industrial grade heat treated for superior reliability,29,3.8,5,,https://example.com/images/timing_chain_rs_660.jpg,689d6959045c37933826818b,689d6959045c37933826818d,sai automobiles,RAMNAGAR COLONY PEERZADIGUDA UPPAL HYDERABAD,17.390358,78.606729,mid-range,modern,good,genuine timing chain rs 660 rs 660 aprilia engine industrial grade heat treated for superior reliability,0,2025-07-31T00:00:00,2025-09-14T00:00:00
68d141edb3fce85d4c560be1,Racing Fuel Rail - R 1250 GS,R 1250 GS,BMW,2018,,Fuel System,3370.0,lightweight wear resistant for improved performance,6,4.5,39,,https://example.com/images/fuel_rail_r_1250_gs.jpg,68ac2a8e3c73e23c655de052,68ac2a8f3c73e23c655de054,Swathi Automobiles,Chappal Bazar Road - Kachiguda ,17.38953,78.491245,mid-range,modern,excellent,racing fuel rail 1250 gs 1250 gs bmw fuel system lightweight wear resistant for improved performance,0,2025-07-30T00:00:00,2025-07-02T00:00:00
68d141edb3fce85d4c560be2,Machismo First Aid Kit,Machismo,Royal Enfield,2012,,Accessories,2209.0,industrial grade noise reducing for increased power,7,3.8,32,,https://example.com/images/first_aid_kit_machismo.jpg,68d0c47d09554c358655174b,68d0c47e09554c358655174d,Tarun Automobiles,,17.423605,78.546314,mid-range,classic,good,machismo first aid kit machismo royal enfield accessories industrial grade noise reducing for increased power,0,2025-07-05T00:00:00,2025-07-25T00:00:00
68d141edb3fce85d4c560be3,Racing Fuel Injector - Challenger,Challenger,Indian,2010,,Fuel System,7737.0,high performance fuel efficient for smoother operation,19,4.1,8,,https://example.com/images/fuel_injector_challenger.jpg,68d133bf3952f7cf7dee90b7,68d133bf3952f7cf7dee90b9,Jyothi Automobiles,Hyderabad,17.511409,78.350972,premium,classic,excellent,racing fuel injector challenger challenger indian fuel system high performance fuel efficient for smoother operation,0,2025-07-23T00:00:00,2025-08-12T00:00:00
68d141edb3fce85d4c560be4,GSX-S750 Heater Core,GSX-S750,Suzuki,2014,,Cooling System,4462.0,oem quality heat treated for superior reliability,3,3.6,21,,https://example.com/images/heater_core_gsx_s750.jpg,68d1346c3952f7cf7dee90d0,68d1346c3952f7cf7dee90d2,Kalyan Automobiles,Bala Nagar,17.475679,78.447328,mid-range,classic,good,gsx s750 heater core gsx s750 suzuki cooling system oem quality heat treated for superior reliability,0,2025-07-21T00:00:00,2025-08-07T00:00:00
68d141edb3fce85d4c560be5,W175 Rebound Adjuster,W175,Kawasaki,2011,,Suspension,4106.0,lightweight noise reducing for smoother operation,23,3.8,32,,https://example.com/images/rebound_adjuster_w175.jpg,68d134ac3952f7cf7dee90e3,68d134ac3952f7cf7dee90e5,Shiva sai Automobiles,Mahabubabad,17.594209,80.006903,mid-range,classic,good,w175 rebound adjuster w175 kawasaki suspension lightweight noise reducing for smoother operation,0,2025-09-19T00:00:00,2025-08-13T00:00:00
68d141edb3fce85d4c560be6,Premium Center Stand for Rodeo RZ,Rodeo RZ,Mahindra,2016,,Body Parts,4740.0,professional grade long lasting for enhanced stability,28,4.2,21,,https://example.com/images/center_stand_rodeo_rz.jpg,68d135063952f7cf7dee90f6,68d135063952f7cf7dee90f8,Manoj Automobiles,Dilshknagar,17.367642,78.534282,mid-range,modern,excellent,premium center stand for rodeo rz rodeo rz mahindra body parts professional grade long lasting for enhanced stability,0,2025-08-24T00:00:00,2025-07-16T00:00:00
68d141edb3fce85d4c560be7,Racing Intercooler - 450 Rally,450 Rally,KTM,2022,,Cooling System,6499.0,oem quality weather resistant for maximum protection,30,4.8,9,,https://example.com/images/intercooler_450_rally.jpg,68d135833952f7cf7dee9109,68d135833952f7cf7dee910b,Mounika Automobiles,Karimnagar,18.435781,79.132861,premium,modern,excellent,racing intercooler 450 rally 450 rally ktm cooling system oem quality weather resistant for maximum protection,0,2025-09-16T00:00:00,2025-07-13T00:00:00
68d141edb3fce85d4c560be8,OEM Compression Ring - Adventure 390,Adventure 390,KTM,2024,,Engine,9435.0,industrial grade noise reducing for smoother operation,13,3.7,49,,https://example.com/images/compression_ring_adventure_390.jpg,68d135d63952f7cf7dee911e,68d135d63952f7cf7dee9120,baskar Automobiles,Medak,18.048948,78.269372,premium,modern,good,oem compression ring adventure 390 adventure 390 ktm engine industrial grade noise reducing for smoother operation,0,2025-07-11T00:00:00,2025-09-09T00:00:00
68d141edb3fce85d4c560be9,Harley-Davidson Exhaust Gasket for Street Glide,Street Glide,Harley-Davidson,2021,,Exhaust,26399.0,advanced fuel efficient for enhanced safety,5,3.2,10,,https://example.com/images/exhaust_gasket_street_glide.jpg,68d136193952f7cf7dee9131,68d136193952f7cf7dee9133,Mahesh Automobiles,Khammam,17.249885,80.15615,premium,modern,good,harley davidson exhaust gasket for street glide street glide harley davidson exhaust advanced fuel efficient for enhanced safety,0,2025-07-06T00:00:00,2025-08-13T00:00:00
68d141edb3fce85d4c560bea,Carbon Filter - K 1600 GTL,K 1600 GTL,BMW,2011,,Filters,705.0,superior corrosion resistant for enhanced safety,6,4.9,45,,https://example.com/images/carbon_filter_k_1600_gtl.jpg,689d6959045c37933826818b,689d6959045c37933826818d,sai automobiles,RAMNAGAR COLONY PEERZADIGUDA UPPAL HYDERABAD,17.390358,78.606729,budget,classic,excellent,carbon filter 1600 gtl 1600 gtl bmw filters superior corrosion resistant for enhanced safety,0,2025-08-07T00:00:00,2025-08-28T00:00:00
68d141edb3fce85d4c560beb,Heavy Duty Coolant Filter - Stallio,Stallio,Mahindra,2023,,Filters,196.0,high performance noise reducing for reduced maintenance,13,4.4,27,,https://example.com/images/coolant_filter_stallio.jpg,68ac2a8e3c73e23c655de052,68ac2a8f3c73e23c655de054,Swathi Automobiles,Chappal Bazar Road - Kachiguda ,17.38953,78.491245,budget,modern,excellent,heavy duty coolant filter stallio stallio mahindra filters high performance noise reducing for reduced maintenance,0,2025-08-24T00:00:00,2025-07-15T00:00:00
68d141edb3fce85d4c560bec,Jawa High Beam Bulb for Perak,Perak,Jawa,2015,,Lighting,1162.0,high performance temperature stable for better handling,21,3.5,4,,https://example.com/images/high_beam_bulb_perak.jpg,68d0c47d09554c358655174b,68d0c47e09554c358655174d,Tarun Automobiles,,17.423605,78.546314,mid-range,modern,good,jawa high beam bulb for perak perak jawa lighting high performance temperature stable for better handling,0,2025-09-07T00:00:00,2025-08-11T00:00:00
68d141edb3fce85d4c560bed,Performance Centrifugal Filter - R15M,R15M,Yamaha,2025,,Filters,1215.0,lightweight corrosion resistant for enhanced stability,12,4.5,26,,https://example.com/images/centrifugal_filter_r15m.jpg,68d133bf3952f7cf7dee90b7,68d133bf3952f7cf7dee90b9,Jyothi Automobiles,Hyderabad,17.511409,78.350972,mid-range,modern,excellent,performance centrifugal filter r15m r15m yamaha filters lightweight corrosion resistant for enhanced stability,0,2025-07-18T00:00:00,2025-09-05T00:00:00
68d141edb3fce85d4c560bee,OEM Cylinder Head - Gusto,Gusto,Mahindra,2020,,Engine,23533.0,long lasting corrosion resistant for better handling,7,4.3,34,,https://example.com/images/cylinder_head_gusto.jpg,68d1346c3952f7cf7dee90d0,68d1346c3952f7cf7dee90d2,Kalyan Automobiles,Bala Nagar,17.475679,78.447328,premium,modern,excellent,oem cylinder head gusto gusto mahindra engine long lasting corrosion resistant for better handling,0,2025-08-12T00:00:00,2025-09-21T00:00:00
68d141edb3fce85d4c560bef,Racing Rear Cowl - Adventure 390,Adventure 390,KTM,2015,,Body Parts,1596.0,durable maintenance free for maximum protection,24,3.5,27,,https://example.com/images/rear_cowl_adventure_390.jpg,68d134ac3952f7cf7dee90e3,68d134ac3952f7cf7dee90e5,Shiva sai Automobiles,Mahabubabad,17.594209,80.006903,mid-range,modern,good,racing rear cowl adventure 390 adventure 390 ktm body parts durable maintenance free for maximum protection,0,2025-08-05T00:00:00,2025-08-14T00:00:00
68d141edb3fce85d4c560bf0,Heavy Duty Water Hose - Bonneville T120,Bonneville T120,Triumph,2019,,Cooling System,7005.0,enhanced eco friendly for better fuel economy,9,4.3,7,,https://example.com/images/water_hose_bonneville_t120.jpg,68d135063952f7cf7dee90f6,68d135063952f7cf7dee90f8,Manoj Automobiles,Dilshknagar,17.367642,78.534282,premium,modern,excellent,heavy duty water hose bonneville t120 bonneville t120 triumph cooling system enhanced eco friendly for better fuel economy,0,2025-08-07T00:00:00,2025-08-28T00:00:00
68d141edb3fce85d4c560bf1,Genuine Header Pipe - Multistrada V4,Multistrada V4,Ducati,2012,,Exhaust,5629.0,superior high strength for superior reliability,5,3.7,31,,https://example.com/images/header_pipe_multistrada_v4.jpg,68d135833952f7cf7dee9109,68d135833952f7cf7dee910b,Mounika Automobiles,Karimnagar,18.435781,79.132861,premium,classic,good,genuine header pipe multistrada v4 multistrada v4 ducati exhaust superior high strength for superior reliability,0,2025-08-07T00:00:00,2025-07-14T00:00:00
68d141edb3fce85d4c560bf2,Scout Radiator,Scout,Indian,2017,,Cooling System,11963.0,superior eco friendly for better control,10,4.8,22,,https://example.com/images/radiator_scout.jpg,68d135d63952f7cf7dee911e,68d135d63952f7cf7dee9120,baskar Automobiles,Medak,18.048948,78.269372,premium,modern,excellent,scout radiator scout indian cooling system superior eco friendly for better control,0,2025-08-18T00:00:00,2025-07-25T00:00:00
68d141edb3fce85d4c560bf3,OEM Chest Protector - PCX 150,PCX 150,Honda,2023,,Safety,6933.0,precision made noise reducing for increased power,27,3.4,46,,https://example.com/images/chest_protector_pcx_150.jpg,68d136193952f7cf7dee9131,68d136193952f7cf7dee9133,Mahesh Automobiles,Khammam,17.249885,80.15615,premium,modern,good,oem chest protector pcx 150 pcx 150 honda safety precision made noise reducing for increased power,0,2025-08-23T00:00:00,2025-07-11T00:00:00
68d141edb3fce85d4c560bf4,Harley-Davidson Spark Plug for Street 750,Street 750,Harley-Davidson,2016,,Ignition,456.0,industrial grade chemical resistant for superior reliability,30,4.7,45,,https://example.com/images/spark_plug_street_750.jpg,689d6959045c37933826818b,689d6959045c37933826818d,sai automobiles,RAMNAGAR COLONY PEERZADIGUDA UPPAL HYDERABAD,17.390358,78.606729,budget,modern,excellent,harley davidson spark plug for street 750 street 750 harley davidson ignition industrial grade chemical resistant for superior reliability,0,2025-09-16T00:00:00,2025-07-27T00:00:00
68d141edb3fce85d4c560bf5,Aprilia Upper Triple Tree for RSV4,RSV4,Aprilia,2025,,Suspension,18716.0,premium quality weather resistant for optimal efficiency,1,4.9,39,,https://example.com/images/upper_triple_tree_rsv4.jpg,68ac2a8e3c73e23c655de052,68ac2a8f3c73e23c655de054,Swathi Automobiles,Chappal Bazar Road - Kachiguda ,17.38953,78.491245,premium,modern,excellent,aprilia upper triple tree for rsv4 rsv4 aprilia suspension premium quality weather resistant for optimal efficiency,0,2025-09-07T00:00:00,2025-07-29T00:00:00
68d141edb3fce85d4c560bf6,OEM Engine Oil - Kine,Kine,Mahindra,2011,,Maintenance,190.0,superior heat treated for increased power,21,4.8,27,,https://example.com/images/engine_oil_kine.jpg,68d0c47d09554c358655174b,68d0c47e09554c358655174d,Tarun Automobiles,,17.423605,78.546314,budget,classic,excellent,oem engine oil kine kine mahindra maintenance superior heat treated for increased power,0,2025-07-04T00:00:00,2025-07-22T00:00:00
68d141edb3fce85d4c560bf7,Genuine Fuel Pump - Oilking,Oilking,Yezdi,2010,,Fuel System,1800.0,high performance precision engineered for improved performance,8,4.8,32,,https://example.com/images/fuel_pump_oilking.jpg,68d133bf3952f7cf7dee90b7,68d133bf3952f7cf7dee90b9,Jyothi Automobiles,Hyderabad,17.511409,78.350972,mid-range,classic,excellent,genuine fuel pump oilking oilking yezdi fuel system high performance precision engineered for improved performance,0,2025-09-07T00:00:00,2025-07-11T00:00:00
68d141edb3fce85d4c560bf8,Racing Mobile Holder - TNT 899,TNT 899,Benelli,2017,,Accessories,4647.0,industrial grade corrosion resistant for better control,20,3.5,26,,https://example.com/images/mobile_holder_tnt_899.jpg,68d1346c3952f7cf7dee90d0,68d1346c3952f7cf7dee90d2,Kalyan Automobiles,Bala Nagar,17.475679,78.447328,mid-range,modern,good,racing mobile holder tnt 899 tnt 899 benelli accessories industrial grade corrosion resistant for better control,0,2025-08-17T00:00:00,2025-08-11T00:00:00
68d141edb3fce85d4c560bf9,Premium LED Strip for Scrambler,Scrambler,Ducati,2011,,Lighting,2540.0,professional grade fuel efficient for maximum protection,12,4.8,10,,https://example.com/images/led_strip_scrambler.jpg,68d134ac3952f7cf7dee90e3,68d134ac3952f7cf7dee90e5,Shiva sai Automobiles,Mahabubabad,17.594209,80.006903,mid-range,classic,excellent,premium led strip for scrambler scrambler ducati lighting professional grade fuel efficient for maximum protection,0,2025-09-02T00:00:00,2025-07-30T00:00:00
68d141edb3fce85d4c560bfa,Premium Distributor for Platina 110,Platina 110,Bajaj,2018,,Ignition,1622.0,racing quality maintenance free for enhanced safety,25,3.5,48,,https://example.com/images/distributor_platina_110.jpg,68d135063952f7cf7dee90f6,68d135063952f7cf7dee90f8,Manoj Automobiles,Dilshknagar,17.367642,78.534282,mid-range,modern,good,premium distributor for platina 110 platina 110 bajaj ignition racing quality maintenance free for enhanced safety,0,2025-08-10T00:00:00,2025-07-23T00:00:00
68d141edb3fce85d4c560bfb,Brake Drum Assembly - SR 160,SR 160,Aprilia,2013,,Brakes,3469.0,long lasting noise reducing for improved performance,16,4.2,30,,https://example.com/images/brake_drum_sr_160.jpg,68d135833952f7cf7dee9109,68d135833952f7cf7dee910b,Mounika Automobiles,Karimnagar,18.435781,79.132861,mid-range,classic,excellent,brake drum assembly sr 160 sr 160 aprilia brakes long lasting noise reducing for improved performance,0,2025-09-01T00:00:00,2025-08-04T00:00:00
68d141edb3fce85d4c560bfc,Aprilia Distributor for RS 660,RS 660,Aprilia,2019,,Ignition,694.0,durable long lasting for enhanced durability,10,4.2,41,,https://example.com/images/distributor_rs_660.jpg,68d135d63952f7cf7dee911e,68d135d63952f7cf7dee9120,baskar Automobiles,Medak,18.048948,78.269372,budget,modern,excellent,aprilia distributor for rs 660 rs 660 aprilia ignition durable long lasting for enhanced durability,0,2025-08-15T00:00:00,2025-07-19T00:00:00
68d141edb3fce85d4c560bfd,Racing Cylinder Block - Livo,Livo,Honda,2012,,Engine,10616.0,heavy duty wear resistant for enhanced safety,2,4.8,35,,https://example.com/images/cylinder_block_livo.jpg,68d136193952f7cf7dee9131,68d136193952f7cf7dee9133,Mahesh Automobiles,Khammam,17.249885,80.15615,premium,classic,excellent,racing cylinder block livo livo honda engine heavy duty wear resistant for enhanced safety,0,2025-07-15T00:00:00,2025-08-25T00:00:00
68d141edb3fce85d4c560bfe,Performance Protective Pants - Maestro Edge,Maestro Edge,Hero,2010,,Safety,7587.0,heavy duty weather resistant for increased power,27,4.6,29,,https://example.com/images/protective_pants_maestro_edge.jpg,689d6959045c37933826818b,689d6959045c37933826818d,sai automobiles,RAMNAGAR COLONY PEERZADIGUDA UPPAL HYDERABAD,17.390358,78.606729,premium,classic,excellent,performance protective pants maestro edge maestro edge hero safety heavy duty weather resistant for increased power,0,2025-07-09T00:00:00,2025-08-01T00:00:00
68d141edb3fce85d4c560bff,Premium Emergency Blanket for Sport,Sport,TVS,2023,,Safety,675.0,heavy duty noise reducing for superior reliability,4,4.9,40,,https://example.com/images/emergency_blanket_sport.jpg,68ac2a8e3c73e23c655de052,68ac2a8f3c73e23c655de054,Swathi Automobiles,Chappal Bazar Road - Kachiguda ,17.38953,78.491245,budget,modern,excellent,premium emergency blanket for sport sport tvs safety heavy duty noise reducing for superior reliability,0,2025-08-22T00:00:00,2025-07-15T00:00:00
68d141edb3fce85d4c560c00,OEM Reflective Vest - 450 Rally,450 Rally,KTM,2020,,Safety,2251.0,advanced temperature stable for maximum protection,5,4.9,18,,https://example.com/images/reflective_vest_450_rally.jpg,68d0c47d09554c358655174b,68d0c47e09554c358655174d,Tarun Automobiles,,17.423605,78.546314,mid-range,modern,excellent,oem reflective vest 450 rally 450 rally ktm safety advanced temperature stable for maximum protection,0,2025-07-12T00:00:00,2025-07-07T00:00:00
68d141edb3fce85d4c560c01,Condenser - Hunter 350,Hunter 350,Royal Enfield,2013,,Ignition,1868.0,superior eco friendly for improved comfort,29,4.8,15,,https://example.com/images/condenser_hunter_350.jpg,68d133bf3952f7cf7dee90b7,68d133bf3952f7cf7dee90b9,Jyothi Automobiles,Hyderabad,17.511409,78.350972,mid-range,classic,excellent,condenser hunter 350 hunter 350 royal enfield ignition superior eco friendly for improved comfort,0,2025-07-20T00:00:00,2025-08-09T00:00:00
68d141edb3fce85d4c560c02,KTM Head Gasket for Duke 250,Duke 250,KTM,2022,,Engine,20980.0,lightweight noise reducing for optimal efficiency,3,4.5,27,,https://example.com/images/head_gasket_duke_250.jpg,68d1346c3952f7cf7dee90d0,68d1346c3952f7cf7dee90d2,Kalyan Automobiles,Bala Nagar,17.475679,78.447328,premium,modern,excellent,ktm head gasket for duke 250 duke 250 ktm engine lightweight noise reducing for optimal efficiency,0,2025-07-14T00:00:00,2025-09-07T00:00:00
68d141eeb3fce85d4c560c03,FZ-X Coolant Reservoir,FZ-X,Yamaha,2021,,Cooling System,7265.0,racing quality wear resistant for increased power,14,4.3,44,,https://example.com/images/coolant_reservoir_fz_x.jpg,68d134ac3952f7cf7dee90e3,68d134ac3952f7cf7dee90e5,Shiva sai Automobiles,Mahabubabad,17.594209,80.006903,premium,modern,excellent,fz coolant reservoir fz yamaha cooling system racing quality wear resistant for increased power,0,2025-09-13T00:00:00,2025-08-01T00:00:00
68d141eeb3fce85d4c560c04,CB Hornet 2.0 Wiring Harness,CB Hornet 2.0,Honda,2015,,Electrical,5155.0,long lasting corrosion resistant for improved comfort,10,4.7,21,,https://example.com/images/wiring_harness_cb_hornet_2.0.jpg,68d135063952f7cf7dee90f6,68d135063952f7cf7dee90f8,Manoj Automobiles,Dilshknagar,17.367642,78.534282,premium,modern,excellent,cb hornet wiring harness cb hornet honda electrical long lasting corrosion resistant for improved comfort,0,2025-09-12T00:00:00,2025-07-08T00:00:00
68d141eeb3fce85d4c560c05,Premium Brake Cable for Chief Vintage,Chief Vintage,Indian,2013,,Brakes,4577.0,oem quality high strength for superior reliability,19,4.9,29,,https://example.com/images/brake_cable_chief_vintage.jpg,68d135833952f7cf7dee9109,68d135833952f7cf7dee910b,Mounika Automobiles,Karimnagar,18.435781,79.132861,mid-range,classic,excellent,premium brake cable for chief vintage chief vintage indian brakes oem quality high strength for superior reliability,0,2025-08-28T00:00:00,2025-07-09T00:00:00
68d141eeb3fce85d4c560c06,SP 125 Rear Brake Pad,SP 125,Honda,2019,,Brakes,3870.0,heavy duty impact resistant for improved performance,6,4.6,8,,https://example.com/images/rear_brake_pad_sp_125.jpg,68d135d63952f7cf7dee911e,68d135d63952f7cf7dee9120,baskar Automobiles,Medak,18.048948,78.269372,mid-range,modern,excellent,sp 125 rear brake pad sp 125 honda brakes heavy duty impact resistant for improved performance,0,2025-07-30T00:00:00,2025-09-18T00:00:00
68d141eeb3fce85d4c560c07,Yezdi Wheel Hub for Classic,Classic,Yezdi,2017,,Wheels & Tires,8461.0,advanced noise reducing for better handling,11,4.5,25,,https://example.com/images/wheel_hub_classic.jpg,68d136193952f7cf7dee9131,68d136193952f7cf7dee9133,Mahesh Automobiles,Khammam,17.249885,80.15615,premium,modern,excellent,yezdi wheel hub for classic classic yezdi wheels tires advanced noise reducing for better handling,0,2025-08-06T00:00:00,2025-07-20T00:00:00
68d141eeb3fce85d4c560c08,Mahindra Fuel Injector for Rodeo RZ,Rodeo RZ,Mahindra,2016,,Fuel System,3081.0,superior high strength for increased power,24,3.6,5,,https://example.com/images/fuel_injector_rodeo_rz.jpg,689d6959045c37933826818b,689d6959045c37933826818d,sai automobiles,RAMNAGAR COLONY PEERZADIGUDA UPPAL HYDERABAD,17.390358,78.606729,mid-range,modern,good,mahindra fuel injector for rodeo rz rodeo rz mahindra fuel system superior high strength for increased power,0,2025-08-13T00:00:00,2025-08-15T00:00:00
68d141eeb3fce85d4c560c09,Premium Axle for 1290 Super Duke R,1290 Super Duke R,KTM,2019,,Wheels & Tires,5642.0,durable long lasting for enhanced stability,10,3.5,45,,https://example.com/images/axle_1290_super_duke_r.jpg,68ac2a8e3c73e23c655de052,68ac2a8f3c73e23c655de054,Swathi Automobiles,Chappal Bazar Road - Kachiguda ,17.38953,78.491245,premium,modern,good,premium axle for 1290 super duke 1290 super duke ktm wheels tires durable long lasting for enhanced stability,0,2025-07-10T00:00:00,2025-08-29T00:00:00
68d141eeb3fce85d4c560c0a,Racing Water Pipe - R 1250 GS,R 1250 GS,BMW,2011,,Cooling System,10856.0,industrial grade impact resistant for improved performance,28,3.3,45,,https://example.com/images/water_pipe_r_1250_gs.jpg,68d0c47d09554c358655174b,68d0c47e09554c358655174d,Tarun Automobiles,,17.423605,78.546314,premium,classic,good,racing water pipe 1250 gs 1250 gs bmw cooling system industrial grade impact resistant for improved performance,0,2025-07-12T00:00:00,2025-09-12T00:00:00
68d141eeb3fce85d4c560c0b,Performance Spark Plug Cap - Apache RTR 160,Apache RTR 160,TVS,2020,,Ignition,1540.0,lightweight noise reducing for increased power,14,4.9,2,,https://example.com/images/spark_plug_cap_apache_rtr_160.jpg,68d133bf3952f7cf7dee90b7,68d133bf3952f7cf7dee90b9,Jyothi Automobiles,Hyderabad,17.511409,78.350972,mid-range,modern,excellent,performance spark plug cap apache rtr 160 apache rtr 160 tvs ignition lightweight noise reducing for increased power,0,2025-09-04T00:00:00,2025-09-16T00:00:00
68d141eeb3fce85d4c560c0c,Performance Fork Spring - 450 Rally,450 Rally,KTM,2012,,Suspension,2723.0,superior heat treated for maximum protection,12,4.4,34,,https://example.com/images/fork_spring_450_rally.jpg,68d1346c3952f7cf7dee90d0,68d1346c3952f7cf7dee90d2,Kalyan Automobiles,Bala Nagar,17.475679,78.447328,mid-range,classic,excellent,performance fork spring 450 rally 450 rally ktm suspension superior heat treated for maximum protection,0,2025-08-30T00:00:00,2025-08-24T00:00:00
68d141eeb3fce85d4c560c0d,Genuine Trigger Coil - Mojo,Mojo,Mahindra,2020,,Ignition,1681.0,long lasting chemical resistant for superior reliability,18,4.2,33,,https://example.com/images/trigger_coil_mojo.jpg,68d134ac3952f7cf7dee90e3,68d134ac3952f7cf7dee90e5,Shiva sai Automobiles,Mahabubabad,17.594209,80.006903,mid-range,modern,excellent,genuine trigger coil mojo mojo mahindra ignition long lasting chemical resistant for superior reliability,0,2025-07-08T00:00:00,2025-09-05T00:00:00
68d141eeb3fce85d4c560c0e,Differential Assembly - TNT 1130R,TNT 1130R,Benelli,2014,,Drivetrain,1893.0,street performance fuel efficient for enhanced safety,1,4.8,37,,https://example.com/images/differential_tnt_1130r.jpg,68d135063952f7cf7dee90f6,68d135063952f7cf7dee90f8,Manoj Automobiles,Dilshknagar,17.367642,78.534282,mid-range,classic,excellent,differential assembly tnt 1130r tnt 1130r benelli drivetrain street performance fuel efficient for enhanced safety,0,2025-07-02T00:00:00,2025-08-24T00:00:00
68d141eeb3fce85d4c560c0f,Racing Fog Light - SV650,SV650,Suzuki,2018,,Lighting,3450.0,industrial grade wear resistant for enhanced safety,26,4.3,35,,https://example.com/images/fog_light_sv650.jpg,68d135833952f7cf7dee9109,68d135833952f7cf7dee910b,Mounika Automobiles,Karimnagar,18.435781,79.132861,mid-range,modern,excellent,racing fog light sv650 sv650 suzuki lighting industrial grade wear resistant for enhanced safety,0,2025-08-10T00:00:00,2025-08-31T00:00:00
68d141eeb3fce85d4c560c10,Muffler - Discover 125,Discover 125,Bajaj,2021,,Exhaust,7324.0,racing quality long lasting for better fuel economy,30,3.7,11,,https://example.com/images/muffler_discover_125.jpg,68d135d63952f7cf7dee911e,68d135d63952f7cf7dee9120,baskar Automobiles,Medak,18.048948,78.269372,premium,modern,good,muffler discover 125 discover 125 bajaj exhaust racing quality long lasting for better fuel economy,0,2025-08-21T00:00:00,2025-07-16T00:00:00
68d141eeb3fce85d4c560c11,Burgman Street Centrifugal Filter,Burgman Street,Suzuki,2020,,Filters,481.0,premium quality chemical resistant for enhanced stability,26,4.4,50,,https://example.com/images/centrifugal_filter_burgman_street.jpg,68d136193952f7cf7dee9131,68d136193952f7cf7dee9133,Mahesh Automobiles,Khammam,17.249885,80.15615,budget,modern,excellent,burgman street centrifugal filter burgman street suzuki filters premium quality chemical resistant for enhanced stability,0,2025-08-11T00:00:00,2025-09-20T00:00:00
68d141eeb3fce85d4c560c12,Performance Assembly Paste - 1290 Super Adventure S,1290 Super Adventure S,KTM,2018,,Maintenance,704.0,oem quality weather resistant for enhanced safety,4,3.9,23,,https://example.com/images/assembly_paste_1290_super_adventure_s.jpg,689d6959045c37933826818b,689d6959045c37933826818d,sai automobiles,RAMNAGAR COLONY PEERZADIGUDA UPPAL HYDERABAD,17.390358,78.606729,budget,modern,good,performance assembly paste 1290 super adventure 1290 super adventure ktm maintenance oem quality weather resistant for enhanced safety,0,2025-07-31T00:00:00,2025-08-10T00:00:00
68d141eeb3fce85d4c560c13,OEM Chain Adjuster - R15 V4,R15 V4,Yamaha,2019,,Drivetrain,3088.0,advanced impact resistant for improved performance,19,4.5,25,,https://example.com/images/chain_adjuster_r15_v4.jpg,68ac2a8e3c73e23c655de052,68ac2a8f3c73e23c655de054,Swathi Automobiles,Chappal Bazar Road - Kachiguda ,17.38953,78.491245,mid-range,modern,excellent,oem chain adjuster r15 v4 r15 v4 yamaha drivetrain advanced impact resistant for improved performance,0,2025-08-29T00:00:00,2025-07-10T00:00:00
68d141eeb3fce85d4c560c14,Performance Circuit Breaker - Scout Bobber,Scout Bobber,Indian,2014,,Electrical,1769.0,durable noise reducing for enhanced durability,22,4.4,30,,https://example.com/images/circuit_breaker_scout_bobber.jpg,68d0c47d09554c358655174b,68d0c47e09554c358655174d,Tarun Automobiles,,17.423605,78.546314,mid-range,classic,excellent,performance circuit breaker scout bobber scout bobber indian electrical durable noise reducing for enhanced durability,0,2025-09-08T00:00:00,2025-09-01T00:00:00
68d141eeb3fce85d4c560c15,Performance Tire Sealant - TNT 300,TNT 300,Benelli,2024,,Wheels & Tires,9158.0,enhanced weather resistant for improved performance,10,3.4,36,,https://example.com/images/tire_sealant_tnt_300.jpg,68d133bf3952f7cf7dee90b7,68d133bf3952f7cf7dee90b9,Jyothi Automobiles,Hyderabad,17.511409,78.350972,premium,modern,good,performance tire sealant tnt 300 tnt 300 benelli wheels tires enhanced weather resistant for improved performance,0,2025-08-18T00:00:00,2025-08-24T00:00:00
68d141eeb3fce85d4c560c16,Heavy Duty Steering Head Bearing - Sport,Sport,TVS,2025,,Suspension,3506.0,street performance fuel efficient for enhanced stability,2,4.3,45,,https://example.com/images/steering_head_bearing_sport.jpg,68d1346c3952f7cf7dee90d0,68d1346c3952f7cf7dee90d2,Kalyan Automobiles,Bala Nagar,17.475679,78.447328,mid-range,modern,excellent,heavy duty steering head bearing sport sport tvs suspension street performance fuel efficient for enhanced stability,0,2025-07-02T00:00:00,2025-07-04T00:00:00
68d141eeb3fce85d4c560c17,Tail Pipe Assembly - R15 V4,R15 V4,Yamaha,2010,,Exhaust,13856.0,high performance heat treated for longer life,22,3.3,29,,https://example.com/images/tail_pipe_r15_v4.jpg,68d134ac3952f7cf7dee90e3,68d134ac3952f7cf7dee90e5,Shiva sai Automobiles,Mahabubabad,17.594209,80.006903,premium,classic,good,tail pipe assembly r15 v4 r15 v4 yamaha exhaust high performance heat treated for longer life,0,2025-09-19T00:00:00,2025-09-05T00:00:00
68d141eeb3fce85d4c560c18,Thunderbird 350 Air Box Cover,Thunderbird 350,Royal Enfield,2022,,Body Parts,1984.0,oem quality impact resistant for reduced maintenance,6,4.6,17,,https://example.com/images/air_box_cover_thunderbird_350.jpg,68d135063952f7cf7dee90f6,68d135063952f7cf7dee90f8,Manoj Automobiles,Dilshknagar,17.367642,78.534282,mid-range,modern,excellent,thunderbird 350 air box cover thunderbird 350 royal enfield body parts oem quality impact resistant for reduced maintenance,0,2025-08-26T00:00:00,2025-09-09T00:00:00
68d141eeb3fce85d4c560c19,Genuine Anti-Seize - Ntorq 125,Ntorq 125,TVS,2011,,Maintenance,498.0,premium quality impact resistant for enhanced safety,18,4.6,10,,https://example.com/images/anti-seize_ntorq_125.jpg,68d135833952f7cf7dee9109,68d135833952f7cf7dee910b,Mounika Automobiles,Karimnagar,18.435781,79.132861,budget,classic,excellent,genuine anti seize ntorq 125 ntorq 125 tvs maintenance premium quality impact resistant for enhanced safety,0,2025-08-03T00:00:00,2025-07-05T00:00:00
68d141eeb3fce85d4c560c1a,Hydraulic Filter - BN 302,BN 302,Benelli,2014,,Filters,193.0,lightweight temperature stable for enhanced durability,20,3.3,19,,https://example.com/images/hydraulic_filter_bn_302.jpg,68d135d63952f7cf7dee911e,68d135d63952f7cf7dee9120,baskar Automobiles,Medak,18.048948,78.269372,budget,classic,good,hydraulic filter bn 302 bn 302 benelli filters lightweight temperature stable for enhanced durability,0,2025-09-05T00:00:00,2025-08-07T00:00:00
68d141eeb3fce85d4c560c1b,Wheel Lock Assembly - Storm 125,Storm 125,Aprilia,2020,,Wheels & Tires,13870.0,oem quality precision engineered for better handling,26,4.1,20,,https://example.com/images/wheel_lock_storm_125.jpg,68d136193952f7cf7dee9131,68d136193952f7cf7dee9133,Mahesh Automobiles,Khammam,17.249885,80.15615,premium,modern,excellent,wheel lock assembly storm 125 storm 125 aprilia wheels tires oem quality precision engineered for better handling,0,2025-08-31T00:00:00,2025-07-04T00:00:00
68d141eeb3fce85d4c560c1c,Racing Emergency Brake - R 1250 GS,R 1250 GS,BMW,2011,,Brakes,1342.0,advanced fuel efficient for reduced maintenance,18,4.9,10,,https://example.com/images/emergency_brake_r_1250_gs.jpg,689d6959045c37933826818b,689d6959045c37933826818d,sai automobiles,RAMNAGAR COLONY PEERZADIGUDA UPPAL HYDERABAD,17.390358,78.606729,mid-range,classic,excellent,racing emergency brake 1250 gs 1250 gs bmw brakes advanced fuel efficient for reduced maintenance,0,2025-09-03T00:00:00,2025-07-05T00:00:00
68d141eeb3fce85d4c560c1d,Performance Wheel Hub - iQube Electric,iQube Electric,TVS,2023,,Wheels & Tires,6623.0,industrial grade temperature stable for superior reliability,25,4.0,15,,https://example.com/images/wheel_hub_iqube_electric.jpg,68ac2a8e3c73e23c655de052,68ac2a8f3c73e23c655de054,Swathi Automobiles,Chappal Bazar Road - Kachiguda ,17.38953,78.491245,premium,modern,excellent,performance wheel hub iqube electric iqube electric tvs wheels tires industrial grade temperature stable for superior reliability,0,2025-08-07T00:00:00,2025-07-25T00:00:00
68d141eeb3fce85d4c560c1e,CV Joint - Ignitor,Ignitor,Hero,2013,,Drivetrain,5568.0,street performance noise reducing for maximum protection,23,3.3,8,,https://example.com/images/cv_joint_ignitor.jpg,68d0c47d09554c358655174b,68d0c47e09554c358655174d,Tarun Automobiles,,17.423605,78.546314,premium,classic,good,cv joint ignitor ignitor hero drivetrain street performance noise reducing for maximum protection,0,2025-09-08T00:00:00,2025-07-26T00:00:00
68d141eeb3fce85d4c560c1f,Genuine Fork Oil Seal - Panigale V2,Panigale V2,Ducati,2016,,Suspension,11959.0,enhanced chemical resistant for better control,3,3.7,19,,https://example.com/images/fork_oil_seal_panigale_v2.jpg,68d133bf3952f7cf7dee90b7,68d133bf3952f7cf7dee90b9,Jyothi Automobiles,Hyderabad,17.511409,78.350972,premium,modern,good,genuine fork oil seal panigale v2 panigale v2 ducati suspension enhanced chemical resistant for better control,0,2025-07-23T00:00:00,2025-08-12T00:00:00
68d141eeb3fce85d4c560c20,Premium Riding Boots for Z400,Z400,Kawasaki,2018,,Safety,2146.0,long lasting chemical resistant for maximum protection,14,3.5,31,,https://example.com/images/riding_boots_z400.jpg,68d1346c3952f7cf7dee90d0,68d1346c3952f7cf7dee90d2,Kalyan Automobiles,Bala Nagar,17.475679,78.447328,mid-range,modern,good,premium riding boots for z400 z400 kawasaki safety long lasting chemical resistant for maximum protection,0,2025-07-13T00:00:00,2025-07-29T00:00:00
68d141eeb3fce85d4c560c21,Performance Mid Pipe - TNT 600i,TNT 600i,Benelli,2012,,Exhaust,5118.0,advanced eco friendly for optimal efficiency,6,4.3,31,,https://example.com/images/mid_pipe_tnt_600i.jpg,68d134ac3952f7cf7dee90e3,68d134ac3952f7cf7dee90e5,Shiva sai Automobiles,Mahabubabad,17.594209,80.006903,premium,classic,excellent,performance mid pipe tnt 600i tnt 600i benelli exhaust advanced eco friendly for optimal efficiency,0,2025-09-03T00:00:00,2025-07-02T00:00:00
68d141eeb3fce85d4c560c22,Heavy Duty Brake Light Bulb - R nineT,R nineT,BMW,2024,,Lighting,3384.0,precision made high strength for smoother operation,3,4.4,16,,https://example.com/images/brake_light_bulb_r_ninet.jpg,68d135063952f7cf7dee90f6,68d135063952f7cf7dee90f8,Manoj Automobiles,Dilshknagar,17.367642,78.534282,mid-range,modern,excellent,heavy duty brake light bulb ninet ninet bmw lighting precision made high strength for smoother operation,0,2025-08-03T00:00:00,2025-07-30T00:00:00
68d141eeb3fce85d4c560c23,Racing Gear Box - Avenger 160,Avenger 160,Bajaj,2020,,Transmission,9587.0,lightweight weather resistant for enhanced stability,5,3.5,45,,https://example.com/images/gear_box_avenger_160.jpg,68d135833952f7cf7dee9109,68d135833952f7cf7dee910b,Mounika Automobiles,Karimnagar,18.435781,79.132861,premium,modern,good,racing gear box avenger 160 avenger 160 bajaj transmission lightweight weather resistant for enhanced stability,0,2025-08-27T00:00:00,2025-08-17T00:00:00
68d141eeb3fce85d4c560c24,Hand Guards Assembly - 42,42,Jawa,2024,,Accessories,1503.0,enhanced temperature stable for better handling,25,4.8,22,,https://example.com/images/hand_guards_42.jpg,68d135d63952f7cf7dee911e,68d135d63952f7cf7dee9120,baskar Automobiles,Medak,18.048948,78.269372,mid-range,modern,excellent,hand guards assembly 42 42 jawa accessories enhanced temperature stable for better handling,0,2025-09-09T00:00:00,2025-08-11T00:00:00
68d141eeb3fce85d4c560c25,Premium Spacer for Gusto,Gusto,Mahindra,2021,,Wheels & Tires,13070.0,heavy duty maintenance free for enhanced durability,16,4.7,37,,https://example.com/images/spacer_gusto.jpg,68d136193952f7cf7dee9131,68d136193952f7cf7dee9133,Mahesh Automobiles,Khammam,17.249885,80.15615,premium,modern,excellent,premium spacer for gusto gusto mahindra wheels tires heavy duty maintenance free for enhanced durability,0,2025-08-18T00:00:00,2025-08-31T00:00:00
68d141eeb3fce85d4c560c26,Triumph Ignition Module for Street Triple,Street Triple,Triumph,2019,,Ignition,803.0,superior maintenance free for superior reliability,11,4.5,42,,https://example.com/images/ignition_module_street_triple.jpg,689d6959045c37933826818b,689d6959045c37933826818d,sai automobiles,RAMNAGAR COLONY PEERZADIGUDA UPPAL HYDERABAD,17.390358,78.606729,budget,modern,excellent,triumph ignition module for street triple street triple triumph ignition superior maintenance free for superior reliability,0,2025-09-10T00:00:00,2025-07-06T00:00:00
68d141eeb3fce85d4c560c27,Performance Warning Light - Z400,Z400,Kawasaki,2012,,Safety,7735.0,superior eco friendly for superior reliability,16,4.7,33,,https://example.com/images/warning_light_z400.jpg,68ac2a8e3c73e23c655de052,68ac2a8f3c73e23c655de054,Swathi Automobiles,Chappal Bazar Road - Kachiguda ,17.38953,78.491245,premium,classic,excellent,performance warning light z400 z400 kawasaki safety superior eco friendly for superior reliability,0,2025-08-19T00:00:00,2025-07-03T00:00:00
68d141eeb3fce85d4c560c28,Gear Box - Dream Yuga,Dream Yuga,Honda,2017,,Transmission,4982.0,oem quality vibration dampening for increased power,4,4.5,38,,https://example.com/images/gear_box_dream_yuga.jpg,68d0c47d09554c358655174b,68d0c47e09554c358655174d,Tarun Automobiles,,17.423605,78.546314,mid-range,modern,excellent,gear box dream yuga dream yuga honda transmission oem quality vibration dampening for increased power,0,2025-08-12T00:00:00,2025-08-19T00:00:00
68d141eeb3fce85d4c560c29,Racing Differential - Roadking,Roadking,Yezdi,2017,,Drivetrain,5254.0,long lasting vibration dampening for increased power,13,4.3,0,,https://example.com/images/differential_roadking.jpg,68d133bf3952f7cf7dee90b7,68d133bf3952f7cf7dee90b9,Jyothi Automobiles,Hyderabad,17.511409,78.350972,premium,modern,excellent,racing differential roadking roadking yezdi drivetrain long lasting vibration dampening for increased power,0,2025-08-16T00:00:00,2025-07-04T00:00:00
68d141eeb3fce85d4c560c2a,Premium Spark Plug Wire for Tuono 660,Tuono 660,Aprilia,2015,,Ignition,1359.0,premium quality wear resistant for longer life,21,4.5,22,,https://example.com/images/spark_plug_wire_tuono_660.jpg,68d1346c3952f7cf7dee90d0,68d1346c3952f7cf7dee90d2,Kalyan Automobiles,Bala Nagar,17.475679,78.447328,mid-range,modern,excellent,premium spark plug wire for tuono 660 tuono 660 aprilia ignition premium quality wear resistant for longer life,0,2025-09-14T00:00:00,2025-07-19T00:00:00
68d141eeb3fce85d4c560c2b,Premium Swing Arm for CB300R,CB300R,Honda,2014,,Suspension,4728.0,industrial grade weather resistant for enhanced stability,9,4.5,38,,https://example.com/images/swing_arm_cb300r.jpg,68d134ac3952f7cf7dee90e3,68d134ac3952f7cf7dee90e5,Shiva sai Automobiles,Mahabubabad,17.594209,80.006903,mid-range,classic,excellent,premium swing arm for cb300r cb300r honda suspension industrial grade weather resistant for enhanced stability,0,2025-07-19T00:00:00,2025-07-26T00:00:00
68d141eeb3fce85d4c560c2c,Spark Plug - SXR 160,SXR 160,Aprilia,2018,,Ignition,747.0,oem quality long lasting for enhanced safety,4,3.2,6,,https://example.com/images/spark_plug_sxr_160.jpg,68d135063952f7cf7dee90f6,68d135063952f7cf7dee90f8,Manoj Automobiles,Dilshknagar,17.367642,78.534282,budget,modern,good,spark plug sxr 160 sxr 160 aprilia ignition oem quality long lasting for enhanced safety,0,2025-08-27T00:00:00,2025-07-08T00:00:00
68d141eeb3fce85d4c560c2d,Anti-Seize - Star City Plus,Star City Plus,TVS,2019,,Maintenance,943.0,racing quality fuel efficient for enhanced safety,23,3.3,6,,https://example.com/images/anti-seize_star_city_plus.jpg,68d135833952f7cf7dee9109,68d135833952f7cf7dee910b,Mounika Automobiles,Karimnagar,18.435781,79.132861,budget,modern,good,anti seize star city plus star city plus tvs maintenance racing quality fuel efficient for enhanced safety,0,2025-07-04T00:00:00,2025-08-04T00:00:00
68d141eeb3fce85d4c560c2e,HT Lead Assembly - F3 800,F3 800,MV Agusta,2015,,Ignition,1024.0,premium quality long lasting for enhanced durability,23,3.5,39,,https://example.com/images/ht_lead_f3_800.jpg,68d135d63952f7cf7dee911e,68d135d63952f7cf7dee9120,baskar Automobiles,Medak,18.048948,78.269372,mid-range,modern,good,ht lead assembly f3 800 f3 800 mv agusta ignition premium quality long lasting for enhanced durability,0,2025-09-16T00:00:00,2025-07-05T00:00:00
68d141eeb3fce85d4c560c2f,Royal Enfield Brake Light Bulb for Scram 411,Scram 411,Royal Enfield,2013,,Lighting,1591.0,lightweight eco friendly for enhanced stability,2,4.6,2,,https://example.com/images/brake_light_bulb_scram_411.jpg,68d136193952f7cf7dee9131,68d136193952f7cf7dee9133,Mahesh Automobiles,Khammam,17.249885,80.15615,mid-range,classic,excellent,royal enfield brake light bulb for scram 411 scram 411 royal enfield lighting lightweight eco friendly for enhanced stability,0,2025-07-20T00:00:00,2025-08-15T00:00:00
68d141eeb3fce85d4c560c30,Hypermotard Fuel Tank,Hypermotard,Ducati,2013,,Body Parts,5411.0,precision made eco friendly for enhanced durability,1,4.6,26,,https://example.com/images/fuel_tank_hypermotard.jpg,689d6959045c37933826818b,689d6959045c37933826818d,sai automobiles,RAMNAGAR COLONY PEERZADIGUDA UPPAL HYDERABAD,17.390358,78.606729,premium,classic,excellent,hypermotard fuel tank hypermotard ducati body parts precision made eco friendly for enhanced durability,0,2025-08-16T00:00:00,2025-07-21T00:00:00
68d141eeb3fce85d4c560c31,Performance Reflective Vest - CL 300,CL 300,Jawa,2018,,Safety,5337.0,enhanced noise reducing for better control,11,4.7,40,,https://example.com/images/reflective_vest_cl_300.jpg,68ac2a8e3c73e23c655de052,68ac2a8f3c73e23c655de054,Swathi Automobiles,Chappal Bazar Road - Kachiguda ,17.38953,78.491245,premium,modern,excellent,performance reflective vest cl 300 cl 300 jawa safety enhanced noise reducing for better control,0,2025-07-18T00:00:00,2025-08-24T00:00:00
68d141eeb3fce85d4c560c32,Performance Multi-Purpose Oil - S 1000 RR,S 1000 RR,BMW,2022,,Maintenance,658.0,superior maintenance free for better fuel economy,6,3.7,0,,https://example.com/images/multi-purpose_oil_s_1000_rr.jpg,68d0c47d09554c358655174b,68d0c47e09554c358655174d,Tarun Automobiles,,17.423605,78.546314,budget,modern,good,performance multi purpose oil 1000 rr 1000 rr bmw maintenance superior maintenance free for better fuel economy,0,2025-09-08T00:00:00,2025-09-07T00:00:00
68d141eeb3fce85d4c560c33,Genuine Rebound Adjuster - S 1000 XR,S 1000 XR,BMW,2011,,Suspension,12256.0,superior maintenance free for better fuel economy,22,4.9,10,,https://example.com/images/rebound_adjuster_s_1000_xr.jpg,68d133bf3952f7cf7dee90b7,68d133bf3952f7cf7dee90b9,Jyothi Automobiles,Hyderabad,17.511409,78.350972,premium,classic,excellent,genuine rebound adjuster 1000 xr 1000 xr bmw suspension superior maintenance free for better fuel economy,0,2025-08-26T00:00:00,2025-07-31T00:00:00
68d141eeb3fce85d4c560c34,Racing Shift Fork - Caponord 1200,Caponord 1200,Aprilia,2021,,Transmission,3030.0,enhanced long lasting for smoother operation,7,4.2,48,,https://example.com/images/shift_fork_caponord_1200.jpg,68d1346c3952f7cf7dee90d0,68d1346c3952f7cf7dee90d2,Kalyan Automobiles,Bala Nagar,17.475679,78.447328,mid-range,modern,excellent,racing shift fork caponord 1200 caponord 1200 aprilia transmission enhanced long lasting for smoother operation,0,2025-08-31T00:00:00,2025-08-15T00:00:00
68d141eeb3fce85d4c560c35,Turn Signal Assembly - Access 125,Access 125,Suzuki,2019,,Electrical,3378.0,heavy duty long lasting for better handling,10,4.4,37,,https://example.com/images/turn_signal_access_125.jpg,68d134ac3952f7cf7dee90e3,68d134ac3952f7cf7dee90e5,Shiva sai Automobiles,Mahabubabad,17.594209,80.006903,mid-range,modern,excellent,turn signal assembly access 125 access 125 suzuki electrical heavy duty long lasting for better handling,0,2025-08-03T00:00:00,2025-07-07T00:00:00
68d141eeb3fce85d4c560c36,Yamaha Assembly Paste for FZ-X,FZ-X,Yamaha,2020,,Maintenance,866.0,premium quality noise reducing for maximum protection,29,4.8,7,,https://example.com/images/assembly_paste_fz_x.jpg,68d135063952f7cf7dee90f6,68d135063952f7cf7dee90f8,Manoj Automobiles,Dilshknagar,17.367642,78.534282,budget,modern,excellent,yamaha assembly paste for fz fz yamaha maintenance premium quality noise reducing for maximum protection,0,2025-09-04T00:00:00,2025-07-23T00:00:00
68d141eeb3fce85d4c560c37,Premium Flywheel for Speed Triple,Speed Triple,Triumph,2011,,Engine,4038.0,durable maintenance free for longer life,21,4.7,50,,https://example.com/images/flywheel_speed_triple.jpg,68d135833952f7cf7dee9109,68d135833952f7cf7dee910b,Mounika Automobiles,Karimnagar,18.435781,79.132861,mid-range,classic,excellent,premium flywheel for speed triple speed triple triumph engine durable maintenance free for longer life,0,2025-07-12T00:00:00,2025-07-28T00:00:00
68d141eeb3fce85d4c560c38,Racing Riding Boots - Versys 650,Versys 650,Kawasaki,2025,,Safety,6889.0,premium quality vibration dampening for improved comfort,27,4.7,43,,https://example.com/images/riding_boots_versys_650.jpg,68d135d63952f7cf7dee911e,68d135d63952f7cf7dee9120,baskar Automobiles,Medak,18.048948,78.269372,premium,modern,excellent,racing riding boots versys 650 versys 650 kawasaki safety premium quality vibration dampening for improved comfort,0,2025-08-11T00:00:00,2025-07-31T00:00:00
68d141eeb3fce85d4c560c39,Performance Tail Box - Himalayan,Himalayan,Royal Enfield,2021,,Accessories,2666.0,industrial grade chemical resistant for superior reliability,16,3.2,15,,https://example.com/images/tail_box_himalayan.jpg,68d136193952f7cf7dee9131,68d136193952f7cf7dee9133,Mahesh Automobiles,Khammam,17.249885,80.15615,mid-range,modern,good,performance tail box himalayan himalayan royal enfield accessories industrial grade chemical resistant for superior reliability,0,2025-07-13T00:00:00,2025-07-30T00:00:00
68d141eeb3fce85d4c560c3a,Forty Two Piston Kit,Forty Two,Jawa,2023,,Engine,4718.0,lightweight impact resistant for increased power,21,4.7,18,,https://example.com/images/piston_kit_forty_two.jpg,689d6959045c37933826818b,689d6959045c37933826818d,sai automobiles,RAMNAGAR COLONY PEERZADIGUDA UPPAL HYDERABAD,17.390358,78.606729,mid-range,modern,excellent,forty two piston kit forty two jawa engine lightweight impact resistant for increased power,0,2025-08-30T00:00:00,2025-07-13T00:00:00
68d141eeb3fce85d4c560c3b,Heavy Duty ABS Module - Z900,Z900,Kawasaki,2017,,Brakes,4891.0,street performance wear resistant for maximum protection,29,4.3,6,,https://example.com/images/abs_module_z900.jpg,68ac2a8e3c73e23c655de052,68ac2a8f3c73e23c655de054,Swathi Automobiles,Chappal Bazar Road - Kachiguda ,17.38953,78.491245,mid-range,modern,excellent,heavy duty abs module z900 z900 kawasaki brakes street performance wear resistant for maximum protection,0,2025-07-08T00:00:00,2025-07-15T00:00:00
68d141eeb3fce85d4c560c3c,Premium Gear Selector for Mojo,Mojo,Mahindra,2013,,Transmission,1311.0,professional grade eco friendly for enhanced durability,12,4.8,44,,https://example.com/images/gear_selector_mojo.jpg,68d0c47d09554c358655174b,68d0c47e09554c358655174d,Tarun Automobiles,,17.423605,78.546314,mid-range,classic,excellent,premium gear selector for mojo mojo mahindra transmission professional grade eco friendly for enhanced durability,0,2025-09-06T00:00:00,2025-08-05T00:00:00
68d141eeb3fce85d4c560c3d,OEM Breather Filter - Apache RTR 160,Apache RTR 160,TVS,2012,,Filters,391.0,enhanced high strength for optimal efficiency,24,4.8,6,,https://example.com/images/breather_filter_apache_rtr_160.jpg,68d133bf3952f7cf7dee90b7,68d133bf3952f7cf7dee90b9,Jyothi Automobiles,Hyderabad,17.511409,78.350972,budget,classic,excellent,oem breather filter apache rtr 160 apache rtr 160 tvs filters enhanced high strength for optimal efficiency,0,2025-07-17T00:00:00,2025-07-23T00:00:00
68d141eeb3fce85d4c560c3e,Pulsar F250 Chain Cleaner,Pulsar F250,Bajaj,2014,,Maintenance,691.0,high performance weather resistant for superior reliability,28,4.7,8,,https://example.com/images/chain_cleaner_pulsar_f250.jpg,68d1346c3952f7cf7dee90d0,68d1346c3952f7cf7dee90d2,Kalyan Automobiles,Bala Nagar,17.475679,78.447328,budget,classic,excellent,pulsar f250 chain cleaner pulsar f250 bajaj maintenance high performance weather resistant for superior reliability,0,2025-09-13T00:00:00,2025-07-17T00:00:00
68d141eeb3fce85d4c560c3f,Gasket Maker Assembly - Pulsar N250,Pulsar N250,Bajaj,2015,,Maintenance,146.0,durable long lasting for improved comfort,22,3.4,22,,https://example.com/images/gasket_maker_pulsar_n250.jpg,68d134ac3952f7cf7dee90e3,68d134ac3952f7cf7dee90e5,Shiva sai Automobiles,Mahabubabad,17.594209,80.006903,budget,modern,good,gasket maker assembly pulsar n250 pulsar n250 bajaj maintenance durable long lasting for improved comfort,0,2025-09-13T00:00:00,2025-08-11T00:00:00
68d141eeb3fce85d4c560c40,Royal Enfield Valve Set for Himalayan,Himalayan,Royal Enfield,2025,,Engine,8225.0,street performance heat treated for enhanced safety,6,3.3,24,,https://example.com/images/valve_set_himalayan.jpg,68d135063952f7cf7dee90f6,68d135063952f7cf7dee90f8,Manoj Automobiles,Dilshknagar,17.367642,78.534282,premium,modern,good,royal enfield valve set for himalayan himalayan royal enfield engine street performance heat treated for enhanced safety,0,2025-08-15T00:00:00,2025-08-19T00:00:00
68d141eeb3fce85d4c560c41,CB350RS Starter Relay,CB350RS,Honda,2022,,Electrical,1457.0,lightweight corrosion resistant for enhanced stability,24,4.6,22,,https://example.com/images/starter_relay_cb350rs.jpg,68d135833952f7cf7dee9109,68d135833952f7cf7dee910b,Mounika Automobiles,Karimnagar,18.435781,79.132861,mid-range,modern,excellent,cb350rs starter relay cb350rs honda electrical lightweight corrosion resistant for enhanced stability,0,2025-08-15T00:00:00,2025-08-15T00:00:00
68d141eeb3fce85d4c560c42,Premium Radiator Guard for Aerox 155,Aerox 155,Yamaha,2025,,Cooling System,10876.0,lightweight long lasting for optimal efficiency,22,3.5,41,,https://example.com/images/radiator_guard_aerox_155.jpg,68d135d63952f7cf7dee911e,68d135d63952f7cf7dee9120,baskar Automobiles,Medak,18.048948,78.269372,premium,modern,good,premium radiator guard for aerox 155 aerox 155 yamaha cooling system lightweight long lasting for optimal efficiency,0,2025-08-06T00:00:00,2025-07-27T00:00:00
68d141eeb3fce85d4c560c43,Racing Tank Cover - Pulsar 180,Pulsar 180,Bajaj,2019,,Body Parts,7116.0,lightweight temperature stable for smoother operation,18,5.0,43,,https://example.com/images/tank_cover_pulsar_180.jpg,68d136193952f7cf7dee9131,68d136193952f7cf7dee9133,Mahesh Automobiles,Khammam,17.249885,80.15615,premium,modern,excellent,racing tank cover pulsar 180 pulsar 180 bajaj body parts lightweight temperature stable for smoother operation,0,2025-07-13T00:00:00,2025-09-03T00:00:00
68d141eeb3fce85d4c560c44,Engine Guard Assembly - Dorsoduro 900,Dorsoduro 900,Aprilia,2021,,Accessories,2746.0,industrial grade eco friendly for reduced maintenance,24,4.8,30,,https://example.com/images/engine_guard_dorsoduro_900.jpg,689d6959045c37933826818b,689d6959045c37933826818d,sai automobiles,RAMNAGAR COLONY PEERZADIGUDA UPPAL HYDERABAD,17.390358,78.606729,mid-range,modern,excellent,engine guard assembly dorsoduro 900 dorsoduro 900 aprilia accessories industrial grade eco friendly for reduced maintenance,0,2025-08-26T00:00:00,2025-09-02T00:00:00
68d141eeb3fce85d4c560c45,Performance Torque Converter - Deluxe,Deluxe,Yezdi,2017,,Drivetrain,2113.0,enhanced noise reducing for better handling,5,3.7,28,,https://example.com/images/torque_converter_deluxe.jpg,68ac2a8e3c73e23c655de052,68ac2a8f3c73e23c655de054,Swathi Automobiles,Chappal Bazar Road - Kachiguda ,17.38953,78.491245,mid-range,modern,good,performance torque converter deluxe deluxe yezdi drivetrain enhanced noise reducing for better handling,0,2025-08-22T00:00:00,2025-08-28T00:00:00
68d141eeb3fce85d4c560c46,Genuine Exhaust Spring - Boulevard,Boulevard,Suzuki,2012,,Exhaust,8541.0,racing quality long lasting for enhanced safety,25,3.7,43,,https://example.com/images/exhaust_spring_boulevard.jpg,68d0c47d09554c358655174b,68d0c47e09554c358655174d,Tarun Automobiles,,17.423605,78.546314,premium,classic,good,genuine exhaust spring boulevard boulevard suzuki exhaust racing quality long lasting for enhanced safety,0,2025-07-16T00:00:00,2025-09-18T00:00:00
68d141eeb3fce85d4c560c47,Aprilia Brake Fluid for Tuono 660,Tuono 660,Aprilia,2017,,Maintenance,1118.0,premium quality fuel efficient for enhanced stability,18,4.3,35,,https://example.com/images/brake_fluid_tuono_660.jpg,68d133bf3952f7cf7dee90b7,68d133bf3952f7cf7dee90b9,Jyothi Automobiles,Hyderabad,17.511409,78.350972,mid-range,modern,excellent,aprilia brake fluid for tuono 660 tuono 660 aprilia maintenance premium quality fuel efficient for enhanced stability,0,2025-07-26T00:00:00,2025-07-23T00:00:00
68d141eeb3fce85d4c560c48,Performance Petcock Valve - CBR250R,CBR250R,Honda,2020,,Fuel System,4426.0,lightweight weather resistant for enhanced durability,28,4.4,39,,https://example.com/images/petcock_valve_cbr250r.jpg,68d1346c3952f7cf7dee90d0,68d1346c3952f7cf7dee90d2,Kalyan Automobiles,Bala Nagar,17.475679,78.447328,mid-range,modern,excellent,performance petcock valve cbr250r cbr250r honda fuel system lightweight weather resistant for enhanced durability,0,2025-09-15T00:00:00,2025-08-31T00:00:00
68d141eeb3fce85d4c560c49,Heavy Duty Belly Pan - Splendor Plus,Splendor Plus,Hero,2024,,Body Parts,6745.0,precision made chemical resistant for enhanced stability,9,4.1,24,,https://example.com/images/belly_pan_splendor_plus.jpg,68d134ac3952f7cf7dee90e3,68d134ac3952f7cf7dee90e5,Shiva sai Automobiles,Mahabubabad,17.594209,80.006903,premium,modern,excellent,heavy duty belly pan splendor plus splendor plus hero body parts precision made chemical resistant for enhanced stability,0,2025-07-08T00:00:00,2025-07-11T00:00:00
68d141eeb3fce85d4c560c4a,Duro DZ Preload Adjuster,Duro DZ,Mahindra,2014,,Suspension,11705.0,industrial grade noise reducing for reduced maintenance,3,4.9,38,,https://example.com/images/preload_adjuster_duro_dz.jpg,68d135063952f7cf7dee90f6,68d135063952f7cf7dee90f8,Manoj Automobiles,Dilshknagar,17.367642,78.534282,premium,classic,excellent,duro dz preload adjuster duro dz mahindra suspension industrial grade noise reducing for reduced maintenance,0,2025-07-09T00:00:00,2025-07-16T00:00:00
68d141eeb3fce85d4c560c4b,Benelli Chain for Leoncino 500,Leoncino 500,Benelli,2017,,Drivetrain,3867.0,enhanced high strength for enhanced durability,4,4.3,2,,https://example.com/images/chain_leoncino_500.jpg,68d135833952f7cf7dee9109,68d135833952f7cf7dee910b,Mounika Automobiles,Karimnagar,18.435781,79.132861,mid-range,modern,excellent,benelli chain for leoncino 500 leoncino 500 benelli drivetrain enhanced high strength for enhanced durability,0,2025-08-22T00:00:00,2025-07-13T00:00:00
68d141eeb3fce85d4c560c4c,Genuine Exhaust Flange - Flyte,Flyte,Mahindra,2025,,Exhaust,8949.0,high performance corrosion resistant for smoother operation,26,4.5,8,,https://example.com/images/exhaust_flange_flyte.jpg,68d135d63952f7cf7dee911e,68d135d63952f7cf7dee9120,baskar Automobiles,Medak,18.048948,78.269372,premium,modern,excellent,genuine exhaust flange flyte flyte mahindra exhaust high performance corrosion resistant for smoother operation,0,2025-07-20T00:00:00,2025-09-02T00:00:00
68d141eeb3fce85d4c560c4d,Paper Filter - Classic,Classic,Yezdi,2014,,Filters,1010.0,durable vibration dampening for maximum protection,12,4.9,2,,https://example.com/images/paper_filter_classic.jpg,68d136193952f7cf7dee9131,68d136193952f7cf7dee9133,Mahesh Automobiles,Khammam,17.249885,80.15615,mid-range,classic,excellent,paper filter classic classic yezdi filters durable vibration dampening for maximum protection,0,2025-08-20T00:00:00,2025-07-31T00:00:00
68d141eeb3fce85d4c560c4e,Flasher Relay Assembly - Tuono 660,Tuono 660,Aprilia,2011,,Electrical,5491.0,enhanced long lasting for better fuel economy,8,3.5,38,,https://example.com/images/flasher_relay_tuono_660.jpg,689d6959045c37933826818b,689d6959045c37933826818d,sai automobiles,RAMNAGAR COLONY PEERZADIGUDA UPPAL HYDERABAD,17.390358,78.606729,premium,classic,good,flasher relay assembly tuono 660 tuono 660 aprilia electrical enhanced long lasting for better fuel economy,0,2025-09-07T00:00:00,2025-07-23T00:00:00
68d141eeb3fce85d4c560c4f,Premium GPS Mount for Street Triple,Street Triple,Triumph,2019,,Accessories,2968.0,professional grade precision engineered for enhanced safety,4,4.2,48,,https://example.com/images/gps_mount_street_triple.jpg,68ac2a8e3c73e23c655de052,68ac2a8f3c73e23c655de054,Swathi Automobiles,Chappal Bazar Road - Kachiguda ,17.38953,78.491245,mid-range,modern,excellent,premium gps mount for street triple street triple triumph accessories professional grade precision engineered for enhanced safety,0,2025-07-06T00:00:00,2025-07-18T00:00:00
68d141eeb3fce85d4c560c50,KTM Engine Cover for 1290 Super Duke R,1290 Super Duke R,KTM,2015,,Body Parts,1386.0,professional grade wear resistant for increased power,8,4.1,44,,https://example.com/images/engine_cover_1290_super_duke_r.jpg,68d0c47d09554c358655174b,68d0c47e09554c358655174d,Tarun Automobiles,,17.423605,78.546314,mid-range,modern,excellent,ktm engine cover for 1290 super duke 1290 super duke ktm body parts professional grade wear resistant for increased power,0,2025-09-13T00:00:00,2025-07-24T00:00:00
68d141eeb3fce85d4c560c51,Heavy Duty Oil Pump - V-Strom SX,V-Strom SX,Suzuki,2021,,Engine,7262.0,lightweight weather resistant for maximum protection,7,4.7,13,,https://example.com/images/oil_pump_v_strom_sx.jpg,68d133bf3952f7cf7dee90b7,68d133bf3952f7cf7dee90b9,Jyothi Automobiles,Hyderabad,17.511409,78.350972,premium,modern,excellent,heavy duty oil pump strom sx strom sx suzuki engine lightweight weather resistant for maximum protection,0,2025-09-17T00:00:00,2025-09-04T00:00:00
68d141eeb3fce85d4c560c52,Genuine Fork Oil Seal - Pan America,Pan America,Harley-Davidson,2016,,Suspension,5552.0,durable high strength for longer life,3,3.5,31,,https://example.com/images/fork_oil_seal_pan_america.jpg,68d1346c3952f7cf7dee90d0,68d1346c3952f7cf7dee90d2,Kalyan Automobiles,Bala Nagar,17.475679,78.447328,premium,modern,good,genuine fork oil seal pan america pan america harley davidson suspension durable high strength for longer life,0,2025-07-11T00:00:00,2025-08-29T00:00:00
68d141eeb3fce85d4c560c53,Performance Resonator - Pulsar NS200,Pulsar NS200,Bajaj,2018,,Exhaust,4725.0,oem quality vibration dampening for enhanced safety,15,4.2,19,,https://example.com/images/resonator_pulsar_ns200.jpg,68d134ac3952f7cf7dee90e3,68d134ac3952f7cf7dee90e5,Shiva sai Automobiles,Mahabubabad,17.594209,80.006903,mid-range,modern,excellent,performance resonator pulsar ns200 pulsar ns200 bajaj exhaust oem quality vibration dampening for enhanced safety,0,2025-09-20T00:00:00,2025-08-06T00:00:00
68d141eeb3fce85d4c560c54,Exhaust Clamp - Machismo,Machismo,Royal Enfield,2023,,Exhaust,12170.0,high performance temperature stable for reduced maintenance,16,3.2,29,,https://example.com/images/exhaust_clamp_machismo.jpg,68d135063952f7cf7dee90f6,68d135063952f7cf7dee90f8,Manoj Automobiles,Dilshknagar,17.367642,78.534282,premium,modern,good,exhaust clamp machismo machismo royal enfield exhaust high performance temperature stable for reduced maintenance,0,2025-09-17T00:00:00,2025-07-27T00:00:00
68d141eeb3fce85d4c560c55,Heavy Duty Chain Lube - Maestro Edge,Maestro Edge,Hero,2025,,Maintenance,859.0,superior high strength for maximum protection,9,4.8,11,,https://example.com/images/chain_lube_maestro_edge.jpg,68d135833952f7cf7dee9109,68d135833952f7cf7dee910b,Mounika Automobiles,Karimnagar,18.435781,79.132861,budget,modern,excellent,heavy duty chain lube maestro edge maestro edge hero maintenance superior high strength for maximum protection,0,2025-07-23T00:00:00,2025-08-07T00:00:00
68d141eeb3fce85d4c560c56,Heavy Duty Clutch Plate - Perak,Perak,Jawa,2015,,Transmission,3917.0,precision made heat treated for superior reliability,27,3.4,30,,https://example.com/images/clutch_plate_perak.jpg,68d135d63952f7cf7dee911e,68d135d63952f7cf7dee9120,baskar Automobiles,Medak,18.048948,78.269372,mid-range,modern,good,heavy duty clutch plate perak perak jawa transmission precision made heat treated for superior reliability,0,2025-08-31T00:00:00,2025-07-26T00:00:00
68d141eeb3fce85d4c560c57,OEM Diode - Centuro,Centuro,Mahindra,2013,,Electrical,4178.0,professional grade maintenance free for optimal efficiency,15,3.5,40,,https://example.com/images/diode_centuro.jpg,68d136193952f7cf7dee9131,68d136193952f7cf7dee9133,Mahesh Automobiles,Khammam,17.249885,80.15615,mid-range,classic,good,oem diode centuro centuro mahindra electrical professional grade maintenance free for optimal efficiency,0,2025-07-26T00:00:00,2025-07-03T00:00:00
68d141eeb3fce85d4c560c58,Safety Triangle Assembly - Electra,Electra,Royal Enfield,2015,,Safety,7066.0,industrial grade high strength for better handling,27,4.4,29,,https://example.com/images/safety_triangle_electra.jpg,689d6959045c37933826818b,689d6959045c37933826818d,sai automobiles,RAMNAGAR COLONY PEERZADIGUDA UPPAL HYDERABAD,17.390358,78.606729,premium,modern,excellent,safety triangle assembly electra electra royal enfield safety industrial grade high strength for better handling,0,2025-08-31T00:00:00,2025-08-11T00:00:00
68d141eeb3fce85d4c560c59,Heavy Duty Clutch Hub - TNT 600i,TNT 600i,Benelli,2023,,Transmission,2358.0,enhanced precision engineered for optimal efficiency,30,4.4,7,,https://example.com/images/clutch_hub_tnt_600i.jpg,68ac2a8e3c73e23c655de052,68ac2a8f3c73e23c655de054,Swathi Automobiles,Chappal Bazar Road - Kachiguda ,17.38953,78.491245,mid-range,modern,excellent,heavy duty clutch hub tnt 600i tnt 600i benelli transmission enhanced precision engineered for optimal efficiency,0,2025-08-02T00:00:00,2025-07-19T00:00:00
68d141eeb3fce85d4c560c5a,Rim Assembly - BN 125,BN 125,Benelli,2024,,Wheels & Tires,3353.0,lightweight high strength for better control,26,4.9,14,,https://example.com/images/rim_bn_125.jpg,68d0c47d09554c358655174b,68d0c47e09554c358655174d,Tarun Automobiles,,17.423605,78.546314,mid-range,modern,excellent,rim assembly bn 125 bn 125 benelli wheels tires lightweight high strength for better control,0,2025-09-09T00:00:00,2025-08-11T00:00:00
68d141eeb3fce85d4c560c5b,Yezdi Silicone Spray for Adventure,Adventure,Yezdi,2023,,Maintenance,627.0,long lasting noise reducing for enhanced durability,21,4.1,43,,https://example.com/images/silicone_spray_adventure.jpg,68d133bf3952f7cf7dee90b7,68d133bf3952f7cf7dee90b9,Jyothi Automobiles,Hyderabad,17.511409,78.350972,budget,modern,excellent,yezdi silicone spray for adventure adventure yezdi maintenance long lasting noise reducing for enhanced durability,0,2025-07-18T00:00:00,2025-08-29T00:00:00
68d141eeb3fce85d4c560c5c,Resonator Assembly - Speed Triple,Speed Triple,Triumph,2024,,Exhaust,14723.0,industrial grade heat treated for improved comfort,11,4.0,31,,https://example.com/images/resonator_speed_triple.jpg,68d1346c3952f7cf7dee90d0,68d1346c3952f7cf7dee90d2,Kalyan Automobiles,Bala Nagar,17.475679,78.447328,premium,modern,excellent,resonator assembly speed triple speed triple triumph exhaust industrial grade heat treated for improved comfort,0,2025-08-29T00:00:00,2025-09-14T00:00:00
68d141eeb3fce85d4c560c5d,Performance Suspension Bolt - Bobber,Bobber,Jawa,2021,,Suspension,12698.0,long lasting maintenance free for better fuel economy,26,3.5,48,,https://example.com/images/suspension_bolt_bobber.jpg,68d134ac3952f7cf7dee90e3,68d134ac3952f7cf7dee90e5,Shiva sai Automobiles,Mahabubabad,17.594209,80.006903,premium,modern,good,performance suspension bolt bobber bobber jawa suspension long lasting maintenance free for better fuel economy,0,2025-07-01T00:00:00,2025-09-05T00:00:00
68d141eeb3fce85d4c560c5e,Performance Mobile Holder - Scout Bobber,Scout Bobber,Indian,2016,,Accessories,3504.0,oem quality temperature stable for enhanced safety,23,3.5,45,,https://example.com/images/mobile_holder_scout_bobber.jpg,68d135063952f7cf7dee90f6,68d135063952f7cf7dee90f8,Manoj Automobiles,Dilshknagar,17.367642,78.534282,mid-range,modern,good,performance mobile holder scout bobber scout bobber indian accessories oem quality temperature stable for enhanced safety,0,2025-09-08T00:00:00,2025-07-27T00:00:00
68d141eeb3fce85d4c560c5f,Yezdi Main Relay for Monaco,Monaco,Yezdi,2024,,Electrical,941.0,advanced chemical resistant for increased power,22,4.2,44,,https://example.com/images/main_relay_monaco.jpg,68d135833952f7cf7dee9109,68d135833952f7cf7dee910b,Mounika Automobiles,Karimnagar,18.435781,79.132861,budget,modern,excellent,yezdi main relay for monaco monaco yezdi electrical advanced chemical resistant for increased power,0,2025-07-12T00:00:00,2025-08-11T00:00:00
68d141eeb3fce85d4c560c60,Premium Safety Cone for FZ-S,FZ-S,Yamaha,2025,,Safety,6679.0,racing quality noise reducing for improved performance,24,3.7,14,,https://example.com/images/safety_cone_fz_s.jpg,68d135d63952f7cf7dee911e,68d135d63952f7cf7dee9120,baskar Automobiles,Medak,18.048948,78.269372,premium,modern,good,premium safety cone for fz fz yamaha safety racing quality noise reducing for improved performance,0,2025-08-01T00:00:00,2025-08-06T00:00:00
68d141eeb3fce85d4c560c61,Rear Sprocket - RD 350,RD 350,Yezdi,2011,,Drivetrain,7103.0,advanced wear resistant for enhanced stability,19,4.2,25,,https://example.com/images/rear_sprocket_rd_350.jpg,68d136193952f7cf7dee9131,68d136193952f7cf7dee9133,Mahesh Automobiles,Khammam,17.249885,80.15615,premium,classic,excellent,rear sprocket rd 350 rd 350 yezdi drivetrain advanced wear resistant for enhanced stability,0,2025-07-17T00:00:00,2025-08-19T00:00:00
68d141eeb3fce85d4c560c62,Racing Gear Box - Z900,Z900,Kawasaki,2023,,Transmission,11341.0,professional grade vibration dampening for improved comfort,27,4.4,39,,https://example.com/images/gear_box_z900.jpg,689d6959045c37933826818b,689d6959045c37933826818d,sai automobiles,RAMNAGAR COLONY PEERZADIGUDA UPPAL HYDERABAD,17.390358,78.606729,premium,modern,excellent,racing gear box z900 z900 kawasaki transmission professional grade vibration dampening for improved comfort,0,2025-08-22T00:00:00,2025-08-07T00:00:00
68d141eeb3fce85d4c560c63,Fuel Filter Assembly - RD 350,RD 350,Yezdi,2013,,Filters,1380.0,advanced chemical resistant for enhanced durability,20,4.7,16,,https://example.com/images/fuel_filter_rd_350.jpg,68ac2a8e3c73e23c655de052,68ac2a8f3c73e23c655de054,Swathi Automobiles,Chappal Bazar Road - Kachiguda ,17.38953,78.491245,mid-range,classic,excellent,fuel filter assembly rd 350 rd 350 yezdi filters advanced chemical resistant for enhanced durability,0,2025-09-11T00:00:00,2025-08-11T00:00:00
68d141eeb3fce85d4c560c64,Intake Manifold Assembly - Street Triple,Street Triple,Triumph,2012,,Fuel System,4359.0,long lasting wear resistant for improved performance,27,4.5,39,,https://example.com/images/intake_manifold_street_triple.jpg,68d0c47d09554c358655174b,68d0c47e09554c358655174d,Tarun Automobiles,,17.423605,78.546314,mid-range,classic,excellent,intake manifold assembly street triple street triple triumph fuel system long lasting wear resistant for improved performance,0,2025-07-11T00:00:00,2025-07-17T00:00:00
68d141eeb3fce85d4c560c65,Heavy Duty Hydraulic Filter - Bobber,Bobber,Jawa,2022,,Filters,143.0,racing quality eco friendly for improved comfort,8,4.2,23,,https://example.com/images/hydraulic_filter_bobber.jpg,68d133bf3952f7cf7dee90b7,68d133bf3952f7cf7dee90b9,Jyothi Automobiles,Hyderabad,17.511409,78.350972,budget,modern,excellent,heavy duty hydraulic filter bobber bobber jawa filters racing quality eco friendly for improved comfort,0,2025-07-09T00:00:00,2025-08-13T00:00:00
68d141eeb3fce85d4c560c66,Heavy Duty Chest Protector - Gixxer,Gixxer,Suzuki,2017,,Safety,935.0,durable noise reducing for increased power,21,4.6,6,,https://example.com/images/chest_protector_gixxer.jpg,68d1346c3952f7cf7dee90d0,68d1346c3952f7cf7dee90d2,Kalyan Automobiles,Bala Nagar,17.475679,78.447328,budget,modern,excellent,heavy duty chest protector gixxer gixxer suzuki safety durable noise reducing for increased power,0,2025-07-09T00:00:00,2025-09-14T00:00:00
68d141efb3fce85d4c560c67,OEM Air Box - TNT 135,TNT 135,Benelli,2020,,Fuel System,4254.0,street performance eco friendly for optimal efficiency,29,3.7,14,,https://example.com/images/air_box_tnt_135.jpg,68d134ac3952f7cf7dee90e3,68d134ac3952f7cf7dee90e5,Shiva sai Automobiles,Mahabubabad,17.594209,80.006903,mid-range,modern,good,oem air box tnt 135 tnt 135 benelli fuel system street performance eco friendly for optimal efficiency,0,2025-08-29T00:00:00,2025-09-12T00:00:00
68d141efb3fce85d4c560c68,OEM Gear Box - FZ-S,FZ-S,Yamaha,2024,,Transmission,1601.0,heavy duty maintenance free for maximum protection,4,4.6,37,,https://example.com/images/gear_box_fz_s.jpg,68d135063952f7cf7dee90f6,68d135063952f7cf7dee90f8,Manoj Automobiles,Dilshknagar,17.367642,78.534282,mid-range,modern,excellent,oem gear box fz fz yamaha transmission heavy duty maintenance free for maximum protection,0,2025-08-16T00:00:00,2025-08-19T00:00:00
68d141efb3fce85d4c560c69,TVS Tube for Apache RTR 180,Apache RTR 180,TVS,2021,,Wheels & Tires,9060.0,industrial grade vibration dampening for improved performance,4,3.4,0,,https://example.com/images/tube_apache_rtr_180.jpg,68d135833952f7cf7dee9109,68d135833952f7cf7dee910b,Mounika Automobiles,Karimnagar,18.435781,79.132861,premium,modern,good,tvs tube for apache rtr 180 apache rtr 180 tvs wheels tires industrial grade vibration dampening for improved performance,0,2025-08-26T00:00:00,2025-07-04T00:00:00
68d141efb3fce85d4c560c6a,Heavy Duty Ground Wire - YZF-R3,YZF-R3,Yamaha,2020,,Electrical,670.0,durable heat treated for smoother operation,23,4.7,3,,https://example.com/images/ground_wire_yzf_r3.jpg,68d135d63952f7cf7dee911e,68d135d63952f7cf7dee9120,baskar Automobiles,Medak,18.048948,78.269372,budget,modern,excellent,heavy duty ground wire yzf r3 yzf r3 yamaha electrical durable heat treated for smoother operation,0,2025-09-13T00:00:00,2025-07-25T00:00:00
68d141efb3fce85d4c560c6b,Tubeless Valve Assembly - Ninja ZX-10R,Ninja ZX-10R,Kawasaki,2020,,Wheels & Tires,12830.0,oem quality wear resistant for enhanced stability,7,4.6,38,,https://example.com/images/tubeless_valve_ninja_zx_10r.jpg,68d136193952f7cf7dee9131,68d136193952f7cf7dee9133,Mahesh Automobiles,Khammam,17.249885,80.15615,premium,modern,excellent,tubeless valve assembly ninja zx 10r ninja zx 10r kawasaki wheels tires oem quality wear resistant for enhanced stability,0,2025-09-21T00:00:00,2025-08-05T00:00:00
68d141efb3fce85d4c560c6c,Engine Guard Assembly - Bullet 350,Bullet 350,Royal Enfield,2020,,Accessories,3116.0,heavy duty weather resistant for longer life,21,4.8,40,,https://example.com/images/engine_guard_bullet_350.jpg,689d6959045c37933826818b,689d6959045c37933826818d,sai automobiles,RAMNAGAR COLONY PEERZADIGUDA UPPAL HYDERABAD,17.390358,78.606729,mid-range,modern,excellent,engine guard assembly bullet 350 bullet 350 royal enfield accessories heavy duty weather resistant for longer life,0,2025-08-19T00:00:00,2025-09-11T00:00:00
68d141efb3fce85d4c560c6d,Genuine Cylinder Block - Scrambler Icon,Scrambler Icon,Ducati,2015,,Engine,5981.0,professional grade chemical resistant for enhanced stability,16,4.9,4,,https://example.com/images/cylinder_block_scrambler_icon.jpg,68ac2a8e3c73e23c655de052,68ac2a8f3c73e23c655de054,Swathi Automobiles,Chappal Bazar Road - Kachiguda ,17.38953,78.491245,premium,modern,excellent,genuine cylinder block scrambler icon scrambler icon ducati engine professional grade chemical resistant for enhanced stability,0,2025-07-17T00:00:00,2025-07-06T00:00:00
68d141efb3fce85d4c560c6e,Hero Coolant Hose for Super Splendor,Super Splendor,Hero,2016,,Cooling System,7320.0,lightweight high strength for better fuel economy,8,4.1,30,,https://example.com/images/coolant_hose_super_splendor.jpg,68d0c47d09554c358655174b,68d0c47e09554c358655174d,Tarun Automobiles,,17.423605,78.546314,premium,modern,excellent,hero coolant hose for super splendor super splendor hero cooling system lightweight high strength for better fuel economy,0,2025-09-21T00:00:00,2025-07-01T00:00:00
68d141efb3fce85d4c560c6f,Belt Guard Assembly - BN 302,BN 302,Benelli,2023,,Drivetrain,3399.0,oem quality wear resistant for enhanced safety,18,4.3,13,,https://example.com/images/belt_guard_bn_302.jpg,68d133bf3952f7cf7dee90b7,68d133bf3952f7cf7dee90b9,Jyothi Automobiles,Hyderabad,17.511409,78.350972,mid-range,modern,excellent,belt guard assembly bn 302 bn 302 benelli drivetrain oem quality wear resistant for enhanced safety,0,2025-07-24T00:00:00,2025-08-21T00:00:00
68d141efb3fce85d4c560c70,Coolant Pump Assembly - Hypermotard,Hypermotard,Ducati,2019,,Cooling System,5561.0,enhanced fuel efficient for maximum protection,29,4.9,30,,https://example.com/images/coolant_pump_hypermotard.jpg,68d1346c3952f7cf7dee90d0,68d1346c3952f7cf7dee90d2,Kalyan Automobiles,Bala Nagar,17.475679,78.447328,premium,modern,excellent,coolant pump assembly hypermotard hypermotard ducati cooling system enhanced fuel efficient for maximum protection,0,2025-08-15T00:00:00,2025-07-22T00:00:00
68d141efb3fce85d4c560c71,OEM Gear Oil - R 1250 GS,R 1250 GS,BMW,2022,,Maintenance,545.0,precision made chemical resistant for longer life,13,4.6,50,,https://example.com/images/gear_oil_r_1250_gs.jpg,68d134ac3952f7cf7dee90e3,68d134ac3952f7cf7dee90e5,Shiva sai Automobiles,Mahabubabad,17.594209,80.006903,budget,modern,excellent,oem gear oil 1250 gs 1250 gs bmw maintenance precision made chemical resistant for longer life,0,2025-09-09T00:00:00,2025-07-12T00:00:00
68d141efb3fce85d4c560c72,Slip-on Exhaust Assembly - R 1250 GS,R 1250 GS,BMW,2018,,Exhaust,9088.0,professional grade vibration dampening for smoother operation,4,3.3,35,,https://example.com/images/slip-on_exhaust_r_1250_gs.jpg,68d135063952f7cf7dee90f6,68d135063952f7cf7dee90f8,Manoj Automobiles,Dilshknagar,17.367642,78.534282,premium,modern,good,slip on exhaust assembly 1250 gs 1250 gs bmw exhaust professional grade vibration dampening for smoother operation,0,2025-07-22T00:00:00,2025-08-20T00:00:00
68d141efb3fce85d4c560c73,OEM Diode - Super Meteor 650,Super Meteor 650,Royal Enfield,2013,,Electrical,7245.0,heavy duty high strength for better handling,3,4.2,35,,https://example.com/images/diode_super_meteor_650.jpg,68d135833952f7cf7dee9109,68d135833952f7cf7dee910b,Mounika Automobiles,Karimnagar,18.435781,79.132861,premium,classic,excellent,oem diode super meteor 650 super meteor 650 royal enfield electrical heavy duty high strength for better handling,0,2025-07-29T00:00:00,2025-07-13T00:00:00
68d141efb3fce85d4c560c74,Iron 883 Phone Mount,Iron 883,Harley-Davidson,2023,,Accessories,2865.0,high performance long lasting for enhanced stability,29,3.7,38,,https://example.com/images/phone_mount_iron_883.jpg,68d135d63952f7cf7dee911e,68d135d63952f7cf7dee9120,baskar Automobiles,Medak,18.048948,78.269372,mid-range,modern,good,iron 883 phone mount iron 883 harley davidson accessories high performance long lasting for enhanced stability,0,2025-07-06T00:00:00,2025-08-12T00:00:00
68d141efb3fce85d4c560c75,Performance Mesh Filter - V-Strom SX,V-Strom SX,Suzuki,2010,,Filters,405.0,premium quality temperature stable for optimal efficiency,14,4.6,47,,https://example.com/images/mesh_filter_v_strom_sx.jpg,68d136193952f7cf7dee9131,68d136193952f7cf7dee9133,Mahesh Automobiles,Khammam,17.249885,80.15615,budget,classic,excellent,performance mesh filter strom sx strom sx suzuki filters premium quality temperature stable for optimal efficiency,0,2025-08-08T00:00:00,2025-08-10T00:00:00
68d141efb3fce85d4c560c76,Premium Flasher Relay for Brutale 1000,Brutale 1000,MV Agusta,2020,,Electrical,3632.0,durable high strength for better control,14,4.4,23,,https://example.com/images/flasher_relay_brutale_1000.jpg,689d6959045c37933826818b,689d6959045c37933826818d,sai automobiles,RAMNAGAR COLONY PEERZADIGUDA UPPAL HYDERABAD,17.390358,78.606729,mid-range,modern,excellent,premium flasher relay for brutale 1000 brutale 1000 mv agusta electrical durable high strength for better control,0,2025-07-25T00:00:00,2025-08-07T00:00:00
68d141efb3fce85d4c560c77,Premium Helmet Lock for Platina 110,Platina 110,Bajaj,2024,,Accessories,3802.0,long lasting chemical resistant for enhanced durability,3,4.2,2,,https://example.com/images/helmet_lock_platina_110.jpg,68ac2a8e3c73e23c655de052,68ac2a8f3c73e23c655de054,Swathi Automobiles,Chappal Bazar Road - Kachiguda ,17.38953,78.491245,mid-range,modern,excellent,premium helmet lock for platina 110 platina 110 bajaj accessories long lasting chemical resistant for enhanced durability,0,2025-07-10T00:00:00,2025-07-15T00:00:00
68d141efb3fce85d4c560c78,Heavy Duty Oil Ring - RC 200,RC 200,KTM,2012,,Engine,2129.0,oem quality precision engineered for better fuel economy,26,4.0,15,,https://example.com/images/oil_ring_rc_200.jpg,68d0c47d09554c358655174b,68d0c47e09554c358655174d,Tarun Automobiles,,17.423605,78.546314,mid-range,classic,excellent,heavy duty oil ring rc 200 rc 200 ktm engine oem quality precision engineered for better fuel economy,0,2025-07-27T00:00:00,2025-08-20T00:00:00
68d141efb3fce85d4c560c79,Crank Position Sensor Assembly - RC 8C,RC 8C,KTM,2015,,Ignition,563.0,premium quality noise reducing for better fuel economy,10,4.7,5,,https://example.com/images/crank_position_sensor_rc_8c.jpg,68d133bf3952f7cf7dee90b7,68d133bf3952f7cf7dee90b9,Jyothi Automobiles,Hyderabad,17.511409,78.350972,budget,modern,excellent,crank position sensor assembly rc 8c rc 8c ktm ignition premium quality noise reducing for better fuel economy,0,2025-09-15T00:00:00,2025-09-15T00:00:00
68d141efb3fce85d4c560c7a,Racing Brake Drum - S 1000 RR,S 1000 RR,BMW,2013,,Brakes,848.0,high performance corrosion resistant for enhanced safety,12,3.8,32,,https://example.com/images/brake_drum_s_1000_rr.jpg,68d1346c3952f7cf7dee90d0,68d1346c3952f7cf7dee90d2,Kalyan Automobiles,Bala Nagar,17.475679,78.447328,budget,classic,good,racing brake drum 1000 rr 1000 rr bmw brakes high performance corrosion resistant for enhanced safety,0,2025-08-22T00:00:00,2025-08-27T00:00:00
68d141efb3fce85d4c560c7b,Genuine Chain Tensioner - Xtreme 200S,Xtreme 200S,Hero,2023,,Drivetrain,3273.0,durable vibration dampening for better handling,4,3.9,18,,https://example.com/images/chain_tensioner_xtreme_200s.jpg,68d134ac3952f7cf7dee90e3,68d134ac3952f7cf7dee90e5,Shiva sai Automobiles,Mahabubabad,17.594209,80.006903,mid-range,modern,good,genuine chain tensioner xtreme 200s xtreme 200s hero drivetrain durable vibration dampening for better handling,0,2025-08-19T00:00:00,2025-08-01T00:00:00
68d141efb3fce85d4c560c7c,Crash Guard Assembly - Roadster,Roadster,Yezdi,2025,,Accessories,228.0,precision made wear resistant for better control,11,3.6,38,,https://example.com/images/crash_guard_roadster.jpg,68d135063952f7cf7dee90f6,68d135063952f7cf7dee90f8,Manoj Automobiles,Dilshknagar,17.367642,78.534282,budget,modern,good,crash guard assembly roadster roadster yezdi accessories precision made wear resistant for better control,0,2025-07-26T00:00:00,2025-09-16T00:00:00
68d141efb3fce85d4c560c7d,Performance Reflective Vest - Pulsar 150,Pulsar 150,Bajaj,2010,,Safety,2857.0,advanced chemical resistant for enhanced safety,25,3.8,38,,https://example.com/images/reflective_vest_pulsar_150.jpg,68d135833952f7cf7dee9109,68d135833952f7cf7dee910b,Mounika Automobiles,Karimnagar,18.435781,79.132861,mid-range,classic,good,performance reflective vest pulsar 150 pulsar 150 bajaj safety advanced chemical resistant for enhanced safety,0,2025-07-30T00:00:00,2025-08-24T00:00:00
68d141efb3fce85d4c560c7e,Racing LED Strip - Roadking,Roadking,Yezdi,2024,,Lighting,3601.0,long lasting high strength for maximum protection,17,4.4,25,,https://example.com/images/led_strip_roadking.jpg,68d135d63952f7cf7dee911e,68d135d63952f7cf7dee9120,baskar Automobiles,Medak,18.048948,78.269372,mid-range,modern,excellent,racing led strip roadking roadking yezdi lighting long lasting high strength for maximum protection,0,2025-07-13T00:00:00,2025-07-29T00:00:00
68d141efb3fce85d4c560c7f,Racing Swing Arm Bearing - Speed Twin,Speed Twin,Triumph,2014,,Suspension,2696.0,heavy duty impact resistant for enhanced durability,30,4.7,19,,https://example.com/images/swing_arm_bearing_speed_twin.jpg,68d136193952f7cf7dee9131,68d136193952f7cf7dee9133,Mahesh Automobiles,Khammam,17.249885,80.15615,mid-range,classic,excellent,racing swing arm bearing speed twin speed twin triumph suspension heavy duty impact resistant for enhanced durability,0,2025-08-17T00:00:00,2025-07-28T00:00:00
68d141efb3fce85d4c560c80,Hero Wheel Hub for Pleasure Plus,Pleasure Plus,Hero,2012,,Wheels & Tires,11561.0,enhanced eco friendly for enhanced durability,17,4.7,40,,https://example.com/images/wheel_hub_pleasure_plus.jpg,689d6959045c37933826818b,689d6959045c37933826818d,sai automobiles,RAMNAGAR COLONY PEERZADIGUDA UPPAL HYDERABAD,17.390358,78.606729,premium,classic,excellent,hero wheel hub for pleasure plus pleasure plus hero wheels tires enhanced eco friendly for enhanced durability,0,2025-07-15T00:00:00,2025-09-19T00:00:00
68d141efb3fce85d4c560c81,RSV4 Knee Guard,RSV4,Aprilia,2022,,Safety,5785.0,enhanced wear resistant for increased power,18,3.8,8,,https://example.com/images/knee_guard_rsv4.jpg,68ac2a8e3c73e23c655de052,68ac2a8f3c73e23c655de054,Swathi Automobiles,Chappal Bazar Road - Kachiguda ,17.38953,78.491245,premium,modern,good,rsv4 knee guard rsv4 aprilia safety enhanced wear resistant for increased power,0,2025-09-06T00:00:00,2025-08-14T00:00:00
68d141efb3fce85d4c560c82,Heavy Duty Gear Box - ER-6n,ER-6n,Kawasaki,2025,,Transmission,2457.0,precision made heat treated for increased power,8,4.0,28,,https://example.com/images/gear_box_er_6n.jpg,68d0c47d09554c358655174b,68d0c47e09554c358655174d,Tarun Automobiles,,17.423605,78.546314,mid-range,modern,excellent,heavy duty gear box er 6n er 6n kawasaki transmission precision made heat treated for increased power,0,2025-09-14T00:00:00,2025-07-22T00:00:00
68d141efb3fce85d4c560c83,Degreaser Assembly - GSX-R1000R,GSX-R1000R,Suzuki,2017,,Maintenance,333.0,professional grade noise reducing for enhanced durability,10,4.0,25,,https://example.com/images/degreaser_gsx_r1000r.jpg,68d133bf3952f7cf7dee90b7,68d133bf3952f7cf7dee90b9,Jyothi Automobiles,Hyderabad,17.511409,78.350972,budget,modern,excellent,degreaser assembly gsx r1000r gsx r1000r suzuki maintenance professional grade noise reducing for enhanced durability,0,2025-09-20T00:00:00,2025-07-24T00:00:00
68d141efb3fce85d4c560c84,Racing Starter Relay - RS 125,RS 125,Aprilia,2020,,Ignition,1978.0,precision made precision engineered for enhanced safety,5,4.0,1,,https://example.com/images/starter_relay_rs_125.jpg,68d1346c3952f7cf7dee90d0,68d1346c3952f7cf7dee90d2,Kalyan Automobiles,Bala Nagar,17.475679,78.447328,mid-range,modern,excellent,racing starter relay rs 125 rs 125 aprilia ignition precision made precision engineered for enhanced safety,0,2025-07-05T00:00:00,2025-07-11T00:00:00
68d141efb3fce85d4c560c85,Heavy Duty Suspension Bolt - Centuro,Centuro,Mahindra,2016,,Suspension,3918.0,heavy duty long lasting for reduced maintenance,11,4.7,0,,https://example.com/images/suspension_bolt_centuro.jpg,68d134ac3952f7cf7dee90e3,68d134ac3952f7cf7dee90e5,Shiva sai Automobiles,Mahabubabad,17.594209,80.006903,mid-range,modern,excellent,heavy duty suspension bolt centuro centuro mahindra suspension heavy duty long lasting for reduced maintenance,0,2025-07-28T00:00:00,2025-09-18T00:00:00
68d141efb3fce85d4c560c86,Premium Coolant Drain Plug for Bobber,Bobber,Jawa,2023,,Cooling System,11473.0,enhanced heat treated for increased power,9,3.5,28,,https://example.com/images/coolant_drain_plug_bobber.jpg,68d135063952f7cf7dee90f6,68d135063952f7cf7dee90f8,Manoj Automobiles,Dilshknagar,17.367642,78.534282,premium,modern,good,premium coolant drain plug for bobber bobber jawa cooling system enhanced heat treated for increased power,0,2025-07-04T00:00:00,2025-07-28T00:00:00
68d141efb3fce85d4c560c87,Genuine Gear Box - Thunderbird 500,Thunderbird 500,Royal Enfield,2023,,Transmission,5724.0,racing quality corrosion resistant for optimal efficiency,26,4.9,19,,https://example.com/images/gear_box_thunderbird_500.jpg,68d135833952f7cf7dee9109,68d135833952f7cf7dee910b,Mounika Automobiles,Karimnagar,18.435781,79.132861,premium,modern,excellent,genuine gear box thunderbird 500 thunderbird 500 royal enfield transmission racing quality corrosion resistant for optimal efficiency,0,2025-07-12T00:00:00,2025-09-04T00:00:00
68d141efb3fce85d4c560c88,Racing Side Light - Forty Two,Forty Two,Jawa,2012,,Lighting,2149.0,professional grade corrosion resistant for longer life,8,4.0,5,,https://example.com/images/side_light_forty_two.jpg,68d135d63952f7cf7dee911e,68d135d63952f7cf7dee9120,baskar Automobiles,Medak,18.048948,78.269372,mid-range,classic,excellent,racing side light forty two forty two jawa lighting professional grade corrosion resistant for longer life,0,2025-09-21T00:00:00,2025-08-02T00:00:00
68d141efb3fce85d4c560c89,Exhaust Clamp - Duke 250,Duke 250,KTM,2023,,Exhaust,11008.0,industrial grade long lasting for better handling,13,4.5,4,,https://example.com/images/exhaust_clamp_duke_250.jpg,68d136193952f7cf7dee9131,68d136193952f7cf7dee9133,Mahesh Automobiles,Khammam,17.249885,80.15615,premium,modern,excellent,exhaust clamp duke 250 duke 250 ktm exhaust industrial grade long lasting for better handling,0,2025-09-18T00:00:00,2025-08-06T00:00:00
68d141efb3fce85d4c560c8a,OEM Gasket Maker - MT-03,MT-03,Yamaha,2016,,Maintenance,895.0,heavy duty chemical resistant for better control,28,4.6,11,,https://example.com/images/gasket_maker_mt_03.jpg,689d6959045c37933826818b,689d6959045c37933826818d,sai automobiles,RAMNAGAR COLONY PEERZADIGUDA UPPAL HYDERABAD,17.390358,78.606729,budget,modern,excellent,oem gasket maker mt 03 mt 03 yamaha maintenance heavy duty chemical resistant for better control,0,2025-09-08T00:00:00,2025-08-05T00:00:00
68d141efb3fce85d4c560c8b,Performance Battery - Pulsar F250,Pulsar F250,Bajaj,2015,,Electrical,4031.0,lightweight chemical resistant for superior reliability,20,4.6,18,,https://example.com/images/battery_pulsar_f250.jpg,68ac2a8e3c73e23c655de052,68ac2a8f3c73e23c655de054,Swathi Automobiles,Chappal Bazar Road - Kachiguda ,17.38953,78.491245,mid-range,modern,excellent,performance battery pulsar f250 pulsar f250 bajaj electrical lightweight chemical resistant for superior reliability,0,2025-08-21T00:00:00,2025-07-27T00:00:00
68d141efb3fce85d4c560c8c,Racing Transmission Case - Unicorn,Unicorn,Honda,2016,,Transmission,10269.0,oem quality impact resistant for better fuel economy,22,4.6,17,,https://example.com/images/transmission_case_unicorn.jpg,68d0c47d09554c358655174b,68d0c47e09554c358655174d,Tarun Automobiles,,17.423605,78.546314,premium,modern,excellent,racing transmission case unicorn unicorn honda transmission oem quality impact resistant for better fuel economy,0,2025-09-18T00:00:00,2025-07-22T00:00:00
68d141efb3fce85d4c560c8d,Genuine Intake Filter - F3 800,F3 800,MV Agusta,2016,,Filters,316.0,heavy duty maintenance free for smoother operation,15,3.3,8,,https://example.com/images/intake_filter_f3_800.jpg,68d133bf3952f7cf7dee90b7,68d133bf3952f7cf7dee90b9,Jyothi Automobiles,Hyderabad,17.511409,78.350972,budget,modern,good,genuine intake filter f3 800 f3 800 mv agusta filters heavy duty maintenance free for smoother operation,0,2025-07-29T00:00:00,2025-08-30T00:00:00
68d141efb3fce85d4c560c8e,OEM Suspension Bolt - Machismo,Machismo,Royal Enfield,2010,,Suspension,9789.0,premium quality long lasting for longer life,25,4.2,47,,https://example.com/images/suspension_bolt_machismo.jpg,68d1346c3952f7cf7dee90d0,68d1346c3952f7cf7dee90d2,Kalyan Automobiles,Bala Nagar,17.475679,78.447328,premium,classic,excellent,oem suspension bolt machismo machismo royal enfield suspension premium quality long lasting for longer life,0,2025-08-20T00:00:00,2025-08-18T00:00:00
68d141efb3fce85d4c560c8f,Performance Clutch Basket - SR 160,SR 160,Aprilia,2010,,Transmission,8432.0,advanced vibration dampening for optimal efficiency,25,4.3,12,,https://example.com/images/clutch_basket_sr_160.jpg,68d134ac3952f7cf7dee90e3,68d134ac3952f7cf7dee90e5,Shiva sai Automobiles,Mahabubabad,17.594209,80.006903,premium,classic,excellent,performance clutch basket sr 160 sr 160 aprilia transmission advanced vibration dampening for optimal efficiency,0,2025-07-01T00:00:00,2025-08-17T00:00:00
68d141efb3fce85d4c560c90,Carburetor Cleaner Assembly - Tuono 660,Tuono 660,Aprilia,2021,,Maintenance,829.0,high performance impact resistant for increased power,27,4.9,36,,https://example.com/images/carburetor_cleaner_tuono_660.jpg,68d135063952f7cf7dee90f6,68d135063952f7cf7dee90f8,Manoj Automobiles,Dilshknagar,17.367642,78.534282,budget,modern,excellent,carburetor cleaner assembly tuono 660 tuono 660 aprilia maintenance high performance impact resistant for increased power,0,2025-09-12T00:00:00,2025-08-10T00:00:00
68d141efb3fce85d4c560c91,Shift Fork - Rodeo RZ,Rodeo RZ,Mahindra,2020,,Transmission,11637.0,enhanced chemical resistant for reduced maintenance,28,4.3,38,,https://example.com/images/shift_fork_rodeo_rz.jpg,68d135833952f7cf7dee9109,68d135833952f7cf7dee910b,Mounika Automobiles,Karimnagar,18.435781,79.132861,premium,modern,excellent,shift fork rodeo rz rodeo rz mahindra transmission enhanced chemical resistant for reduced maintenance,0,2025-08-17T00:00:00,2025-08-08T00:00:00
68d141efb3fce85d4c560c92,Heavy Duty First Aid Kit - PCX 150,PCX 150,Honda,2012,,Accessories,4277.0,professional grade noise reducing for improved comfort,6,4.5,41,,https://example.com/images/first_aid_kit_pcx_150.jpg,68d135d63952f7cf7dee911e,68d135d63952f7cf7dee9120,baskar Automobiles,Medak,18.048948,78.269372,mid-range,classic,excellent,heavy duty first aid kit pcx 150 pcx 150 honda accessories professional grade noise reducing for improved comfort,0,2025-07-15T00:00:00,2025-08-16T00:00:00
68d141efb3fce85d4c560c93,Premium Intercooler for Road King,Road King,Harley-Davidson,2015,,Cooling System,5397.0,oem quality noise reducing for improved comfort,13,4.5,45,,https://example.com/images/intercooler_road_king.jpg,68d136193952f7cf7dee9131,68d136193952f7cf7dee9133,Mahesh Automobiles,Khammam,17.249885,80.15615,premium,modern,excellent,premium intercooler for road king road king harley davidson cooling system oem quality noise reducing for improved comfort,0,2025-07-02T00:00:00,2025-08-15T00:00:00
68d141efb3fce85d4c560c94,Heavy Duty Brake Disc - CB Hornet 2.0,CB Hornet 2.0,Honda,2021,,Brakes,2462.0,heavy duty eco friendly for enhanced durability,22,3.4,3,,https://example.com/images/brake_disc_cb_hornet_2.0.jpg,689d6959045c37933826818b,689d6959045c37933826818d,sai automobiles,RAMNAGAR COLONY PEERZADIGUDA UPPAL HYDERABAD,17.390358,78.606729,mid-range,modern,good,heavy duty brake disc cb hornet cb hornet honda brakes heavy duty eco friendly for enhanced durability,0,2025-08-06T00:00:00,2025-08-22T00:00:00
68d141efb3fce85d4c560c95,Harley-Davidson Helmet for Pan America,Pan America,Harley-Davidson,2015,,Safety,4516.0,racing quality eco friendly for enhanced durability,6,4.9,14,,https://example.com/images/helmet_pan_america.jpg,68ac2a8e3c73e23c655de052,68ac2a8f3c73e23c655de054,Swathi Automobiles,Chappal Bazar Road - Kachiguda ,17.38953,78.491245,mid-range,modern,excellent,harley davidson helmet for pan america pan america harley davidson safety racing quality eco friendly for enhanced durability,0,2025-08-25T00:00:00,2025-07-30T00:00:00
68d141efb3fce85d4c560c96,Fender Assembly - Ninja H2,Ninja H2,Kawasaki,2013,,Body Parts,6980.0,heavy duty wear resistant for improved comfort,15,4.0,4,,https://example.com/images/fender_ninja_h2.jpg,68d0c47d09554c358655174b,68d0c47e09554c358655174d,Tarun Automobiles,,17.423605,78.546314,premium,classic,excellent,fender assembly ninja h2 ninja h2 kawasaki body parts heavy duty wear resistant for improved comfort,0,2025-07-18T00:00:00,2025-09-18T00:00:00
68d141efb3fce85d4c560c97,Heavy Duty Coolant Reservoir - Zest,Zest,TVS,2011,,Cooling System,3459.0,long lasting high strength for improved performance,4,4.3,40,,https://example.com/images/coolant_reservoir_zest.jpg,68d133bf3952f7cf7dee90b7,68d133bf3952f7cf7dee90b9,Jyothi Automobiles,Hyderabad,17.511409,78.350972,mid-range,classic,excellent,heavy duty coolant reservoir zest zest tvs cooling system long lasting high strength for improved performance,0,2025-09-13T00:00:00,2025-07-04T00:00:00
68d141efb3fce85d4c560c98,Shift Fork - Chief,Chief,Indian,2011,,Transmission,4332.0,durable noise reducing for longer life,4,4.8,39,,https://example.com/images/shift_fork_chief.jpg,68d1346c3952f7cf7dee90d0,68d1346c3952f7cf7dee90d2,Kalyan Automobiles,Bala Nagar,17.475679,78.447328,mid-range,classic,excellent,shift fork chief chief indian transmission durable noise reducing for longer life,0,2025-07-27T00:00:00,2025-08-08T00:00:00
68d141efb3fce85d4c560c99,Genuine Wind Screen - XSR155,XSR155,Yamaha,2015,,Body Parts,4259.0,superior chemical resistant for enhanced stability,27,4.8,36,,https://example.com/images/wind_screen_xsr155.jpg,68d134ac3952f7cf7dee90e3,68d134ac3952f7cf7dee90e5,Shiva sai Automobiles,Mahabubabad,17.594209,80.006903,mid-range,modern,excellent,genuine wind screen xsr155 xsr155 yamaha body parts superior chemical resistant for enhanced stability,0,2025-07-30T00:00:00,2025-07-01T00:00:00
68d141efb3fce85d4c560c9a,OEM Fuel Pump - Pulsar F250,Pulsar F250,Bajaj,2025,,Fuel System,6857.0,street performance eco friendly for reduced maintenance,21,4.7,40,,https://example.com/images/fuel_pump_pulsar_f250.jpg,68d135063952f7cf7dee90f6,68d135063952f7cf7dee90f8,Manoj Automobiles,Dilshknagar,17.367642,78.534282,premium,modern,excellent,oem fuel pump pulsar f250 pulsar f250 bajaj fuel system street performance eco friendly for reduced maintenance,0,2025-07-21T00:00:00,2025-08-19T00:00:00
68d141efb3fce85d4c560c9b,Heavy Duty Suspension Linkage - DesertX,DesertX,Ducati,2015,,Suspension,13816.0,street performance chemical resistant for maximum protection,17,4.2,17,,https://example.com/images/suspension_linkage_desertx.jpg,68d135833952f7cf7dee9109,68d135833952f7cf7dee910b,Mounika Automobiles,Karimnagar,18.435781,79.132861,premium,modern,excellent,heavy duty suspension linkage desertx desertx ducati suspension street performance chemical resistant for maximum protection,0,2025-09-09T00:00:00,2025-07-13T00:00:00
68d141efb3fce85d4c560c9c,Genuine Gear Shift Lever - Monster,Monster,Ducati,2022,,Transmission,10329.0,superior maintenance free for enhanced safety,6,4.3,37,,https://example.com/images/gear_shift_lever_monster.jpg,68d135d63952f7cf7dee911e,68d135d63952f7cf7dee9120,baskar Automobiles,Medak,18.048948,78.269372,premium,modern,excellent,genuine gear shift lever monster monster ducati transmission superior maintenance free for enhanced safety,0,2025-07-04T00:00:00,2025-08-27T00:00:00
68d141efb3fce85d4c560c9d,Premium License Plate Light for Versys-X 300,Versys-X 300,Kawasaki,2014,,Lighting,412.0,industrial grade fuel efficient for reduced maintenance,2,4.6,5,,https://example.com/images/license_plate_light_versys_x_300.jpg,68d136193952f7cf7dee9131,68d136193952f7cf7dee9133,Mahesh Automobiles,Khammam,17.249885,80.15615,budget,classic,excellent,premium license plate light for versys 300 versys 300 kawasaki lighting industrial grade fuel efficient for reduced maintenance,0,2025-09-02T00:00:00,2025-07-11T00:00:00
68d141efb3fce85d4c560c9e,Heavy Duty Back Protector - Sportster S,Sportster S,Harley-Davidson,2018,,Safety,1758.0,heavy duty corrosion resistant for maximum protection,18,4.3,49,,https://example.com/images/back_protector_sportster_s.jpg,689d6959045c37933826818b,689d6959045c37933826818d,sai automobiles,RAMNAGAR COLONY PEERZADIGUDA UPPAL HYDERABAD,17.390358,78.606729,mid-range,modern,excellent,heavy duty back protector sportster sportster harley davidson safety heavy duty corrosion resistant for maximum protection,0,2025-07-06T00:00:00,2025-07-12T00:00:00
68d141efb3fce85d4c560c9f,OEM Intake Manifold - Glamour,Glamour,Hero,2022,,Fuel System,7645.0,precision made high strength for increased power,5,3.8,48,,https://example.com/images/intake_manifold_glamour.jpg,68ac2a8e3c73e23c655de052,68ac2a8f3c73e23c655de054,Swathi Automobiles,Chappal Bazar Road - Kachiguda ,17.38953,78.491245,premium,modern,good,oem intake manifold glamour glamour hero fuel system precision made high strength for increased power,0,2025-08-30T00:00:00,2025-07-02T00:00:00
68d141efb3fce85d4c560ca0,Benelli Radiator Guard for TRK 502,TRK 502,Benelli,2011,,Cooling System,3164.0,heavy duty weather resistant for improved comfort,8,3.6,12,,https://example.com/images/radiator_guard_trk_502.jpg,68d0c47d09554c358655174b,68d0c47e09554c358655174d,Tarun Automobiles,,17.423605,78.546314,mid-range,classic,good,benelli radiator guard for trk 502 trk 502 benelli cooling system heavy duty weather resistant for improved comfort,0,2025-08-19T00:00:00,2025-09-05T00:00:00
68d141efb3fce85d4c560ca1,KTM Hall Sensor for RC 8C,RC 8C,KTM,2014,,Ignition,1157.0,enhanced heat treated for smoother operation,5,4.7,20,,https://example.com/images/hall_sensor_rc_8c.jpg,68d133bf3952f7cf7dee90b7,68d133bf3952f7cf7dee90b9,Jyothi Automobiles,Hyderabad,17.511409,78.350972,mid-range,classic,excellent,ktm hall sensor for rc 8c rc 8c ktm ignition enhanced heat treated for smoother operation,0,2025-08-03T00:00:00,2025-08-23T00:00:00
68d141efb3fce85d4c560ca2,Premium Crank Position Sensor for Zest,Zest,TVS,2021,,Ignition,249.0,premium quality temperature stable for smoother operation,14,4.3,3,,https://example.com/images/crank_position_sensor_zest.jpg,68d1346c3952f7cf7dee90d0,68d1346c3952f7cf7dee90d2,Kalyan Automobiles,Bala Nagar,17.475679,78.447328,budget,modern,excellent,premium crank position sensor for zest zest tvs ignition premium quality temperature stable for smoother operation,0,2025-08-08T00:00:00,2025-07-24T00:00:00
68d141efb3fce85d4c560ca3,Front Sprocket Assembly - Diavel,Diavel,Ducati,2016,,Drivetrain,2144.0,industrial grade weather resistant for better control,6,4.9,46,,https://example.com/images/front_sprocket_diavel.jpg,68d134ac3952f7cf7dee90e3,68d134ac3952f7cf7dee90e5,Shiva sai Automobiles,Mahabubabad,17.594209,80.006903,mid-range,modern,excellent,front sprocket assembly diavel diavel ducati drivetrain industrial grade weather resistant for better control,0,2025-07-29T00:00:00,2025-07-09T00:00:00
68d141efb3fce85d4c560ca4,Genuine Hydraulic Filter - SV650,SV650,Suzuki,2017,,Filters,251.0,industrial grade wear resistant for better control,6,4.5,25,,https://example.com/images/hydraulic_filter_sv650.jpg,68d135063952f7cf7dee90f6,68d135063952f7cf7dee90f8,Manoj Automobiles,Dilshknagar,17.367642,78.534282,budget,modern,excellent,genuine hydraulic filter sv650 sv650 suzuki filters industrial grade wear resistant for better control,0,2025-07-16T00:00:00,2025-08-17T00:00:00
68d141efb3fce85d4c560ca5,Genuine Side Panel - Adventure 250,Adventure 250,KTM,2011,,Body Parts,2545.0,long lasting long lasting for enhanced safety,22,4.9,16,,https://example.com/images/side_panel_adventure_250.jpg,68d135833952f7cf7dee9109,68d135833952f7cf7dee910b,Mounika Automobiles,Karimnagar,18.435781,79.132861,mid-range,classic,excellent,genuine side panel adventure 250 adventure 250 ktm body parts long lasting long lasting for enhanced safety,0,2025-07-18T00:00:00,2025-08-01T00:00:00
68d141efb3fce85d4c560ca6,Genuine Brake Rotor - Xtreme 160R,Xtreme 160R,Hero,2024,,Brakes,948.0,precision made wear resistant for longer life,9,4.9,1,,https://example.com/images/brake_rotor_xtreme_160r.jpg,68d135d63952f7cf7dee911e,68d135d63952f7cf7dee9120,baskar Automobiles,Medak,18.048948,78.269372,budget,modern,excellent,genuine brake rotor xtreme 160r xtreme 160r hero brakes precision made wear resistant for longer life,0,2025-07-07T00:00:00,2025-07-31T00:00:00
68d141efb3fce85d4c560ca7,Premium Assembly Paste for Multistrada V4,Multistrada V4,Ducati,2013,,Maintenance,756.0,long lasting vibration dampening for enhanced safety,2,4.1,25,,https://example.com/images/assembly_paste_multistrada_v4.jpg,68d136193952f7cf7dee9131,68d136193952f7cf7dee9133,Mahesh Automobiles,Khammam,17.249885,80.15615,budget,classic,excellent,premium assembly paste for multistrada v4 multistrada v4 ducati maintenance long lasting vibration dampening for enhanced safety,0,2025-07-03T00:00:00,2025-09-12T00:00:00
68d141efb3fce85d4c560ca8,OEM Windshield - Dominar 400,Dominar 400,Bajaj,2022,,Accessories,4508.0,industrial grade noise reducing for better control,1,4.0,30,,https://example.com/images/windshield_dominar_400.jpg,689d6959045c37933826818b,689d6959045c37933826818d,sai automobiles,RAMNAGAR COLONY PEERZADIGUDA UPPAL HYDERABAD,17.390358,78.606729,mid-range,modern,excellent,oem windshield dominar 400 dominar 400 bajaj accessories industrial grade noise reducing for better control,0,2025-07-14T00:00:00,2025-08-04T00:00:00
68d141efb3fce85d4c560ca9,Performance Rear Tire - RC 8C,RC 8C,KTM,2014,,Wheels & Tires,14521.0,enhanced corrosion resistant for increased power,7,4.0,18,,https://example.com/images/rear_tire_rc_8c.jpg,68ac2a8e3c73e23c655de052,68ac2a8f3c73e23c655de054,Swathi Automobiles,Chappal Bazar Road - Kachiguda ,17.38953,78.491245,premium,classic,excellent,performance rear tire rc 8c rc 8c ktm wheels tires enhanced corrosion resistant for increased power,0,2025-09-21T00:00:00,2025-08-15T00:00:00
68d141efb3fce85d4c560caa,Heavy Duty Reflective Vest - Radeon,Radeon,TVS,2022,,Safety,3202.0,precision made maintenance free for improved comfort,26,4.9,41,,https://example.com/images/reflective_vest_radeon.jpg,68d0c47d09554c358655174b,68d0c47e09554c358655174d,Tarun Automobiles,,17.423605,78.546314,mid-range,modern,excellent,heavy duty reflective vest radeon radeon tvs safety precision made maintenance free for improved comfort,0,2025-07-19T00:00:00,2025-09-12T00:00:00
68d141efb3fce85d4c560cab,Thermostat Assembly - BN 302,BN 302,Benelli,2015,,Cooling System,8242.0,heavy duty temperature stable for smoother operation,19,4.6,26,,https://example.com/images/thermostat_bn_302.jpg,68d133bf3952f7cf7dee90b7,68d133bf3952f7cf7dee90b9,Jyothi Automobiles,Hyderabad,17.511409,78.350972,premium,modern,excellent,thermostat assembly bn 302 bn 302 benelli cooling system heavy duty temperature stable for smoother operation,0,2025-07-11T00:00:00,2025-08-13T00:00:00
68d141efb3fce85d4c560cac,Ground Wire - Rodeo RZ,Rodeo RZ,Mahindra,2018,,Electrical,1204.0,precision made weather resistant for reduced maintenance,13,4.1,37,,https://example.com/images/ground_wire_rodeo_rz.jpg,68d1346c3952f7cf7dee90d0,68d1346c3952f7cf7dee90d2,Kalyan Automobiles,Bala Nagar,17.475679,78.447328,mid-range,modern,excellent,ground wire rodeo rz rodeo rz mahindra electrical precision made weather resistant for reduced maintenance,0,2025-08-14T00:00:00,2025-09-08T00:00:00
68d141efb3fce85d4c560cad,Performance Tire Pressure Sensor - Classic,Classic,Jawa,2021,,Wheels & Tires,2052.0,oem quality temperature stable for enhanced safety,5,4.4,5,,https://example.com/images/tire_pressure_sensor_classic.jpg,68d134ac3952f7cf7dee90e3,68d134ac3952f7cf7dee90e5,Shiva sai Automobiles,Mahabubabad,17.594209,80.006903,mid-range,modern,excellent,performance tire pressure sensor classic classic jawa wheels tires oem quality temperature stable for enhanced safety,0,2025-07-14T00:00:00,2025-08-18T00:00:00
68d141efb3fce85d4c560cae,Swing Arm Bearing - SXR 160,SXR 160,Aprilia,2013,,Suspension,14166.0,precision made noise reducing for improved performance,28,3.8,17,,https://example.com/images/swing_arm_bearing_sxr_160.jpg,68d135063952f7cf7dee90f6,68d135063952f7cf7dee90f8,Manoj Automobiles,Dilshknagar,17.367642,78.534282,premium,classic,good,swing arm bearing sxr 160 sxr 160 aprilia suspension precision made noise reducing for improved performance,0,2025-07-08T00:00:00,2025-09-09T00:00:00
68d141efb3fce85d4c560caf,Heavy Duty Piston Kit - Ntorq 125,Ntorq 125,TVS,2020,,Engine,3670.0,superior fuel efficient for improved comfort,13,4.7,46,,https://example.com/images/piston_kit_ntorq_125.jpg,68d135833952f7cf7dee9109,68d135833952f7cf7dee910b,Mounika Automobiles,Karimnagar,18.435781,79.132861,mid-range,modern,excellent,heavy duty piston kit ntorq 125 ntorq 125 tvs engine superior fuel efficient for improved comfort,0,2025-09-10T00:00:00,2025-08-24T00:00:00
68d141efb3fce85d4c560cb0,Racing Side Box - Deluxe,Deluxe,Yezdi,2013,,Accessories,318.0,professional grade high strength for improved performance,23,3.7,21,,https://example.com/images/side_box_deluxe.jpg,68d135d63952f7cf7dee911e,68d135d63952f7cf7dee9120,baskar Automobiles,Medak,18.048948,78.269372,budget,classic,good,racing side box deluxe deluxe yezdi accessories professional grade high strength for improved performance,0,2025-09-16T00:00:00,2025-07-27T00:00:00
68d141efb3fce85d4c560cb1,Throttle Cable - Roadmaster,Roadmaster,Indian,2018,,Fuel System,8829.0,durable heat treated for enhanced safety,29,3.8,6,,https://example.com/images/throttle_cable_roadmaster.jpg,68d136193952f7cf7dee9131,68d136193952f7cf7dee9133,Mahesh Automobiles,Khammam,17.249885,80.15615,premium,modern,good,throttle cable roadmaster roadmaster indian fuel system durable heat treated for enhanced safety,0,2025-07-27T00:00:00,2025-09-07T00:00:00
68d141efb3fce85d4c560cb2,Genuine Chain - Panigale V4,Panigale V4,Ducati,2015,,Drivetrain,1142.0,street performance chemical resistant for longer life,5,3.7,43,,https://example.com/images/chain_panigale_v4.jpg,689d6959045c37933826818b,689d6959045c37933826818d,sai automobiles,RAMNAGAR COLONY PEERZADIGUDA UPPAL HYDERABAD,17.390358,78.606729,mid-range,modern,good,genuine chain panigale v4 panigale v4 ducati drivetrain street performance chemical resistant for longer life,0,2025-09-17T00:00:00,2025-07-20T00:00:00
68d141efb3fce85d4c560cb3,Harley-Davidson Capacitor for Fat Bob,Fat Bob,Harley-Davidson,2025,,Electrical,3875.0,professional grade vibration dampening for enhanced durability,4,3.5,31,,https://example.com/images/capacitor_fat_bob.jpg,68ac2a8e3c73e23c655de052,68ac2a8f3c73e23c655de054,Swathi Automobiles,Chappal Bazar Road - Kachiguda ,17.38953,78.491245,mid-range,modern,good,harley davidson capacitor for fat bob fat bob harley davidson electrical professional grade vibration dampening for enhanced durability,0,2025-09-20T00:00:00,2025-08-29T00:00:00
68d141efb3fce85d4c560cb4,Genuine Coolant Pump - Panigale V4,Panigale V4,Ducati,2020,,Cooling System,7527.0,professional grade wear resistant for enhanced safety,5,4.6,8,,https://example.com/images/coolant_pump_panigale_v4.jpg,68d0c47d09554c358655174b,68d0c47e09554c358655174d,Tarun Automobiles,,17.423605,78.546314,premium,modern,excellent,genuine coolant pump panigale v4 panigale v4 ducati cooling system professional grade wear resistant for enhanced safety,0,2025-08-25T00:00:00,2025-07-17T00:00:00
68d141efb3fce85d4c560cb5,Heavy Duty Fork Oil Seal - Road King,Road King,Harley-Davidson,2010,,Suspension,7615.0,heavy duty long lasting for better control,9,4.2,29,,https://example.com/images/fork_oil_seal_road_king.jpg,68d133bf3952f7cf7dee90b7,68d133bf3952f7cf7dee90b9,Jyothi Automobiles,Hyderabad,17.511409,78.350972,premium,classic,excellent,heavy duty fork oil seal road king road king harley davidson suspension heavy duty long lasting for better control,0,2025-07-31T00:00:00,2025-08-20T00:00:00
68d141efb3fce85d4c560cb6,Genuine Sprocket Bolt - Classic 350,Classic 350,Royal Enfield,2018,,Drivetrain,6149.0,superior corrosion resistant for enhanced safety,18,4.3,49,,https://example.com/images/sprocket_bolt_classic_350.jpg,68d1346c3952f7cf7dee90d0,68d1346c3952f7cf7dee90d2,Kalyan Automobiles,Bala Nagar,17.475679,78.447328,premium,modern,excellent,genuine sprocket bolt classic 350 classic 350 royal enfield drivetrain superior corrosion resistant for enhanced safety,0,2025-07-07T00:00:00,2025-08-05T00:00:00
68d141efb3fce85d4c560cb7,Spoke Set Assembly - Adventure,Adventure,Yezdi,2020,,Wheels & Tires,4000.0,durable vibration dampening for enhanced durability,16,3.5,14,,https://example.com/images/spoke_set_adventure.jpg,68d134ac3952f7cf7dee90e3,68d134ac3952f7cf7dee90e5,Shiva sai Automobiles,Mahabubabad,17.594209,80.006903,mid-range,modern,good,spoke set assembly adventure adventure yezdi wheels tires durable vibration dampening for enhanced durability,0,2025-09-15T00:00:00,2025-08-15T00:00:00
68d141efb3fce85d4c560cb8,OEM Fuel Filter - Diavel,Diavel,Ducati,2022,,Filters,371.0,lightweight fuel efficient for reduced maintenance,8,3.7,35,,https://example.com/images/fuel_filter_diavel.jpg,68d135063952f7cf7dee90f6,68d135063952f7cf7dee90f8,Manoj Automobiles,Dilshknagar,17.367642,78.534282,budget,modern,good,oem fuel filter diavel diavel ducati filters lightweight fuel efficient for reduced maintenance,0,2025-07-03T00:00:00,2025-07-13T00:00:00
68d141efb3fce85d4c560cb9,Performance Fan Switch - RD 350,RD 350,Yezdi,2021,,Cooling System,5876.0,superior vibration dampening for longer life,14,3.5,37,,https://example.com/images/fan_switch_rd_350.jpg,68d135833952f7cf7dee9109,68d135833952f7cf7dee910b,Mounika Automobiles,Karimnagar,18.435781,79.132861,premium,modern,good,performance fan switch rd 350 rd 350 yezdi cooling system superior vibration dampening for longer life,0,2025-08-23T00:00:00,2025-07-30T00:00:00
68d141efb3fce85d4c560cba,Heavy Duty Capacitor - Tiger 900,Tiger 900,Triumph,2024,,Electrical,2176.0,high performance precision engineered for enhanced stability,23,3.5,48,,https://example.com/images/capacitor_tiger_900.jpg,68d135d63952f7cf7dee911e,68d135d63952f7cf7dee9120,baskar Automobiles,Medak,18.048948,78.269372,mid-range,modern,good,heavy duty capacitor tiger 900 tiger 900 triumph electrical high performance precision engineered for enhanced stability,0,2025-08-19T00:00:00,2025-09-08T00:00:00
68d141efb3fce85d4c560cbb,OEM CV Joint - Passion Pro,Passion Pro,Hero,2015,,Drivetrain,6252.0,premium quality weather resistant for smoother operation,28,4.3,38,,https://example.com/images/cv_joint_passion_pro.jpg,68d136193952f7cf7dee9131,68d136193952f7cf7dee9133,Mahesh Automobiles,Khammam,17.249885,80.15615,premium,modern,excellent,oem cv joint passion pro passion pro hero drivetrain premium quality weather resistant for smoother operation,0,2025-09-01T00:00:00,2025-09-12T00:00:00
68d141efb3fce85d4c560cbc,BMW Radiator Guard for K 1600 GTL,K 1600 GTL,BMW,2013,,Cooling System,7460.0,premium quality weather resistant for increased power,8,3.9,22,,https://example.com/images/radiator_guard_k_1600_gtl.jpg,689d6959045c37933826818b,689d6959045c37933826818d,sai automobiles,RAMNAGAR COLONY PEERZADIGUDA UPPAL HYDERABAD,17.390358,78.606729,premium,classic,good,bmw radiator guard for 1600 gtl 1600 gtl bmw cooling system premium quality weather resistant for increased power,0,2025-09-12T00:00:00,2025-09-06T00:00:00
68d141efb3fce85d4c560cbd,Royal Enfield Suspension Bolt for Classic 500,Classic 500,Royal Enfield,2021,,Suspension,12311.0,lightweight eco friendly for better control,25,3.9,31,,https://example.com/images/suspension_bolt_classic_500.jpg,68ac2a8e3c73e23c655de052,68ac2a8f3c73e23c655de054,Swathi Automobiles,Chappal Bazar Road - Kachiguda ,17.38953,78.491245,premium,modern,good,royal enfield suspension bolt for classic 500 classic 500 royal enfield suspension lightweight eco friendly for better control,0,2025-07-21T00:00:00,2025-07-07T00:00:00
68d141efb3fce85d4c560cbe,Yezdi Carburetor for Classic,Classic,Yezdi,2012,,Fuel System,7736.0,enhanced long lasting for smoother operation,20,4.9,5,,https://example.com/images/carburetor_classic.jpg,68d0c47d09554c358655174b,68d0c47e09554c358655174d,Tarun Automobiles,,17.423605,78.546314,premium,classic,excellent,yezdi carburetor for classic classic yezdi fuel system enhanced long lasting for smoother operation,0,2025-07-25T00:00:00,2025-07-06T00:00:00
68d141efb3fce85d4c560cbf,Duro DZ Brake Light Bulb,Duro DZ,Mahindra,2020,,Lighting,1068.0,heavy duty long lasting for increased power,22,4.1,19,,https://example.com/images/brake_light_bulb_duro_dz.jpg,68d133bf3952f7cf7dee90b7,68d133bf3952f7cf7dee90b9,Jyothi Automobiles,Hyderabad,17.511409,78.350972,mid-range,modern,excellent,duro dz brake light bulb duro dz mahindra lighting heavy duty long lasting for increased power,0,2025-08-06T00:00:00,2025-07-18T00:00:00
68d141efb3fce85d4c560cc0,Racing Bar End - Monster 821,Monster 821,Ducati,2014,,Accessories,3521.0,long lasting maintenance free for better control,21,3.2,23,,https://example.com/images/bar_end_monster_821.jpg,68d1346c3952f7cf7dee90d0,68d1346c3952f7cf7dee90d2,Kalyan Automobiles,Bala Nagar,17.475679,78.447328,mid-range,classic,good,racing bar end monster 821 monster 821 ducati accessories long lasting maintenance free for better control,0,2025-09-17T00:00:00,2025-07-05T00:00:00
68d141efb3fce85d4c560cc1,Heavy Duty Camshaft - Max 125,Max 125,TVS,2010,,Engine,16019.0,durable heat treated for better control,18,3.3,13,,https://example.com/images/camshaft_max_125.jpg,68d134ac3952f7cf7dee90e3,68d134ac3952f7cf7dee90e5,Shiva sai Automobiles,Mahabubabad,17.594209,80.006903,premium,classic,good,heavy duty camshaft max 125 max 125 tvs engine durable heat treated for better control,0,2025-08-03T00:00:00,2025-08-21T00:00:00
68d141efb3fce85d4c560cc2,Monaco Intercooler,Monaco,Yezdi,2025,,Cooling System,5369.0,street performance impact resistant for maximum protection,10,3.6,47,,https://example.com/images/intercooler_monaco.jpg,68d135063952f7cf7dee90f6,68d135063952f7cf7dee90f8,Manoj Automobiles,Dilshknagar,17.367642,78.534282,premium,modern,good,monaco intercooler monaco yezdi cooling system street performance impact resistant for maximum protection,0,2025-07-06T00:00:00,2025-07-11T00:00:00
68d141efb3fce85d4c560cc3,Racing Fender - Unicorn,Unicorn,Honda,2021,,Body Parts,4027.0,heavy duty maintenance free for reduced maintenance,29,3.8,15,,https://example.com/images/fender_unicorn.jpg,68d135833952f7cf7dee9109,68d135833952f7cf7dee910b,Mounika Automobiles,Karimnagar,18.435781,79.132861,mid-range,modern,good,racing fender unicorn unicorn honda body parts heavy duty maintenance free for reduced maintenance,0,2025-07-27T00:00:00,2025-07-02T00:00:00
68d141efb3fce85d4c560cc4,Stallio Low Beam Bulb,Stallio,Mahindra,2021,,Lighting,2723.0,oem quality high strength for better control,5,3.5,23,,https://example.com/images/low_beam_bulb_stallio.jpg,68d135d63952f7cf7dee911e,68d135d63952f7cf7dee9120,baskar Automobiles,Medak,18.048948,78.269372,mid-range,modern,good,stallio low beam bulb stallio mahindra lighting oem quality high strength for better control,0,2025-08-12T00:00:00,2025-07-18T00:00:00
68d141efb3fce85d4c560cc5,Genuine Compression Adjuster - F3 Rosso,F3 Rosso,MV Agusta,2018,,Suspension,7390.0,heavy duty fuel efficient for reduced maintenance,20,4.8,32,,https://example.com/images/compression_adjuster_f3_rosso.jpg,68d136193952f7cf7dee9131,68d136193952f7cf7dee9133,Mahesh Automobiles,Khammam,17.249885,80.15615,premium,modern,excellent,genuine compression adjuster f3 rosso f3 rosso mv agusta suspension heavy duty fuel efficient for reduced maintenance,0,2025-09-10T00:00:00,2025-09-18T00:00:00
68d141efb3fce85d4c560cc6,Premium Coolant for Classic,Classic,Yezdi,2012,,Maintenance,280.0,high performance long lasting for longer life,30,4.4,2,,https://example.com/images/coolant_classic.jpg,689d6959045c37933826818b,689d6959045c37933826818d,sai automobiles,RAMNAGAR COLONY PEERZADIGUDA UPPAL HYDERABAD,17.390358,78.606729,budget,classic,excellent,premium coolant for classic classic yezdi maintenance high performance long lasting for longer life,0,2025-09-11T00:00:00,2025-07-02T00:00:00
68d141efb3fce85d4c560cc7,Performance Swing Arm Bearing - RSV4,RSV4,Aprilia,2018,,Suspension,8216.0,enhanced heat treated for improved comfort,21,3.7,19,,https://example.com/images/swing_arm_bearing_rsv4.jpg,68ac2a8e3c73e23c655de052,68ac2a8f3c73e23c655de054,Swathi Automobiles,Chappal Bazar Road - Kachiguda ,17.38953,78.491245,premium,modern,good,performance swing arm bearing rsv4 rsv4 aprilia suspension enhanced heat treated for improved comfort,0,2025-09-06T00:00:00,2025-09-02T00:00:00
68d141efb3fce85d4c560cc8,Heavy Duty Tail Pipe - Adventure,Adventure,Yezdi,2011,,Exhaust,8770.0,professional grade maintenance free for maximum protection,6,4.9,34,,https://example.com/images/tail_pipe_adventure.jpg,68d0c47d09554c358655174b,68d0c47e09554c358655174d,Tarun Automobiles,,17.423605,78.546314,premium,classic,excellent,heavy duty tail pipe adventure adventure yezdi exhaust professional grade maintenance free for maximum protection,0,2025-07-09T00:00:00,2025-08-26T00:00:00
68d141efb3fce85d4c560cc9,Suzuki Wire Wheel for Boulevard,Boulevard,Suzuki,2022,,Wheels & Tires,11772.0,durable wear resistant for maximum protection,10,4.1,10,,https://example.com/images/wire_wheel_boulevard.jpg,68d133bf3952f7cf7dee90b7,68d133bf3952f7cf7dee90b9,Jyothi Automobiles,Hyderabad,17.511409,78.350972,premium,modern,excellent,suzuki wire wheel for boulevard boulevard suzuki wheels tires durable wear resistant for maximum protection,0,2025-07-11T00:00:00,2025-08-21T00:00:00
68d141efb3fce85d4c560cca,Genuine Engine Mount - Ninja 300,Ninja 300,Kawasaki,2013,,Engine,17112.0,heavy duty noise reducing for increased power,16,4.4,1,,https://example.com/images/engine_mount_ninja_300.jpg,68d1346c3952f7cf7dee90d0,68d1346c3952f7cf7dee90d2,Kalyan Automobiles,Bala Nagar,17.475679,78.447328,premium,classic,excellent,genuine engine mount ninja 300 ninja 300 kawasaki engine heavy duty noise reducing for increased power,0,2025-08-28T00:00:00,2025-07-29T00:00:00
68d141f0b3fce85d4c560ccb,OEM Wheel Balancing Weight - Gixxer SF,Gixxer SF,Suzuki,2022,,Wheels & Tires,12315.0,precision made high strength for longer life,20,3.7,12,,https://example.com/images/wheel_balancing_weight_gixxer_sf.jpg,68d134ac3952f7cf7dee90e3,68d134ac3952f7cf7dee90e5,Shiva sai Automobiles,Mahabubabad,17.594209,80.006903,premium,modern,good,oem wheel balancing weight gixxer sf gixxer sf suzuki wheels tires precision made high strength for longer life,0,2025-08-29T00:00:00,2025-07-08T00:00:00
68d141f0b3fce85d4c560ccc,Royal Enfield Compression Ring for Himalayan,Himalayan,Royal Enfield,2022,,Engine,19118.0,industrial grade noise reducing for better handling,16,4.3,0,,https://example.com/images/compression_ring_himalayan.jpg,68d135063952f7cf7dee90f6,68d135063952f7cf7dee90f8,Manoj Automobiles,Dilshknagar,17.367642,78.534282,premium,modern,excellent,royal enfield compression ring for himalayan himalayan royal enfield engine industrial grade noise reducing for better handling,0,2025-07-03T00:00:00,2025-07-26T00:00:00
68d141f0b3fce85d4c560ccd,Heavy Duty Chain - TNT 1130R,TNT 1130R,Benelli,2021,,Drivetrain,4355.0,durable vibration dampening for improved performance,9,3.8,21,,https://example.com/images/chain_tnt_1130r.jpg,68d135833952f7cf7dee9109,68d135833952f7cf7dee910b,Mounika Automobiles,Karimnagar,18.435781,79.132861,mid-range,modern,good,heavy duty chain tnt 1130r tnt 1130r benelli drivetrain durable vibration dampening for improved performance,0,2025-07-18T00:00:00,2025-08-30T00:00:00
68d141f0b3fce85d4c560cce,Performance Tool Kit - Flyte,Flyte,Mahindra,2015,,Accessories,2108.0,enhanced wear resistant for better handling,10,4.5,16,,https://example.com/images/tool_kit_flyte.jpg,68d135d63952f7cf7dee911e,68d135d63952f7cf7dee9120,baskar Automobiles,Medak,18.048948,78.269372,mid-range,modern,excellent,performance tool kit flyte flyte mahindra accessories enhanced wear resistant for better handling,0,2025-08-11T00:00:00,2025-09-11T00:00:00
68d141f0b3fce85d4c560ccf,Racing Clutch Spring - Flyte,Flyte,Mahindra,2017,,Transmission,9471.0,precision made vibration dampening for longer life,20,4.7,1,,https://example.com/images/clutch_spring_flyte.jpg,68d136193952f7cf7dee9131,68d136193952f7cf7dee9133,Mahesh Automobiles,Khammam,17.249885,80.15615,premium,modern,excellent,racing clutch spring flyte flyte mahindra transmission precision made vibration dampening for longer life,0,2025-07-04T00:00:00,2025-09-21T00:00:00
68d141f0b3fce85d4c560cd0,Rear Tire Assembly - Fazer 25,Fazer 25,Yamaha,2011,,Wheels & Tires,5050.0,enhanced precision engineered for smoother operation,6,3.5,17,,https://example.com/images/rear_tire_fazer_25.jpg,689d6959045c37933826818b,689d6959045c37933826818d,sai automobiles,RAMNAGAR COLONY PEERZADIGUDA UPPAL HYDERABAD,17.390358,78.606729,premium,classic,good,rear tire assembly fazer 25 fazer 25 yamaha wheels tires enhanced precision engineered for smoother operation,0,2025-09-07T00:00:00,2025-08-08T00:00:00
68d141f0b3fce85d4c560cd1,OEM Back Protector - Ultra Limited,Ultra Limited,Harley-Davidson,2010,,Safety,4401.0,premium quality long lasting for smoother operation,20,4.9,10,,https://example.com/images/back_protector_ultra_limited.jpg,68ac2a8e3c73e23c655de052,68ac2a8f3c73e23c655de054,Swathi Automobiles,Chappal Bazar Road - Kachiguda ,17.38953,78.491245,mid-range,classic,excellent,oem back protector ultra limited ultra limited harley davidson safety premium quality long lasting for smoother operation,0,2025-08-03T00:00:00,2025-09-09T00:00:00
68d141f0b3fce85d4c560cd2,Fuel Tank Assembly - HF Deluxe,HF Deluxe,Hero,2012,,Fuel System,3234.0,advanced heat treated for improved performance,27,4.2,46,,https://example.com/images/fuel_tank_hf_deluxe.jpg,68d0c47d09554c358655174b,68d0c47e09554c358655174d,Tarun Automobiles,,17.423605,78.546314,mid-range,classic,excellent,fuel tank assembly hf deluxe hf deluxe hero fuel system advanced heat treated for improved performance,0,2025-08-09T00:00:00,2025-09-02T00:00:00
68d141f0b3fce85d4c560cd3,Genuine Riding Jacket - RD 350,RD 350,Yezdi,2018,,Safety,7378.0,high performance impact resistant for maximum protection,17,4.9,21,,https://example.com/images/riding_jacket_rd_350.jpg,68d133bf3952f7cf7dee90b7,68d133bf3952f7cf7dee90b9,Jyothi Automobiles,Hyderabad,17.511409,78.350972,premium,modern,excellent,genuine riding jacket rd 350 rd 350 yezdi safety high performance impact resistant for maximum protection,0,2025-09-07T00:00:00,2025-09-04T00:00:00
68d141f0b3fce85d4c560cd4,Genuine Velocity Stack - LiveWire,LiveWire,Harley-Davidson,2023,,Fuel System,1582.0,high performance precision engineered for enhanced safety,26,4.9,10,,https://example.com/images/velocity_stack_livewire.jpg,68d1346c3952f7cf7dee90d0,68d1346c3952f7cf7dee90d2,Kalyan Automobiles,Bala Nagar,17.475679,78.447328,mid-range,modern,excellent,genuine velocity stack livewire livewire harley davidson fuel system high performance precision engineered for enhanced safety,0,2025-08-18T00:00:00,2025-07-30T00:00:00
68d141f0b3fce85d4c560cd5,Heavy Duty Fork Cap - GSX-R600,GSX-R600,Suzuki,2022,,Suspension,5404.0,racing quality noise reducing for smoother operation,24,4.7,18,,https://example.com/images/fork_cap_gsx_r600.jpg,68d134ac3952f7cf7dee90e3,68d134ac3952f7cf7dee90e5,Shiva sai Automobiles,Mahabubabad,17.594209,80.006903,premium,modern,excellent,heavy duty fork cap gsx r600 gsx r600 suzuki suspension racing quality noise reducing for smoother operation,0,2025-08-27T00:00:00,2025-07-19T00:00:00
68d141f0b3fce85d4c560cd6,Performance Emergency Light - Passion Pro,Passion Pro,Hero,2015,,Lighting,5014.0,professional grade vibration dampening for longer life,27,3.2,30,,https://example.com/images/emergency_light_passion_pro.jpg,68d135063952f7cf7dee90f6,68d135063952f7cf7dee90f8,Manoj Automobiles,Dilshknagar,17.367642,78.534282,premium,modern,good,performance emergency light passion pro passion pro hero lighting professional grade vibration dampening for longer life,0,2025-09-15T00:00:00,2025-08-23T00:00:00
68d141f0b3fce85d4c560cd7,Performance Immobilizer - FTR 1200,FTR 1200,Indian,2011,,Ignition,1680.0,superior temperature stable for improved performance,12,4.7,11,,https://example.com/images/immobilizer_ftr_1200.jpg,68d135833952f7cf7dee9109,68d135833952f7cf7dee910b,Mounika Automobiles,Karimnagar,18.435781,79.132861,mid-range,classic,excellent,performance immobilizer ftr 1200 ftr 1200 indian ignition superior temperature stable for improved performance,0,2025-08-18T00:00:00,2025-08-04T00:00:00
68d141f0b3fce85d4c560cd8,Premium Gear Oil for Superveloce 800,Superveloce 800,MV Agusta,2018,,Maintenance,245.0,racing quality long lasting for better control,23,4.8,6,,https://example.com/images/gear_oil_superveloce_800.jpg,68d135d63952f7cf7dee911e,68d135d63952f7cf7dee9120,baskar Automobiles,Medak,18.048948,78.269372,budget,modern,excellent,premium gear oil for superveloce 800 superveloce 800 mv agusta maintenance racing quality long lasting for better control,0,2025-09-05T00:00:00,2025-09-08T00:00:00
68d141f0b3fce85d4c560cd9,Performance Muffler - Ninja 300,Ninja 300,Kawasaki,2011,,Exhaust,15855.0,professional grade impact resistant for superior reliability,24,3.2,37,,https://example.com/images/muffler_ninja_300.jpg,68d136193952f7cf7dee9131,68d136193952f7cf7dee9133,Mahesh Automobiles,Khammam,17.249885,80.15615,premium,classic,good,performance muffler ninja 300 ninja 300 kawasaki exhaust professional grade impact resistant for superior reliability,0,2025-07-01T00:00:00,2025-08-25T00:00:00
68d141f0b3fce85d4c560cda,Chain Lube - SR 160,SR 160,Aprilia,2012,,Maintenance,957.0,precision made chemical resistant for reduced maintenance,27,4.9,19,,https://example.com/images/chain_lube_sr_160.jpg,689d6959045c37933826818b,689d6959045c37933826818d,sai automobiles,RAMNAGAR COLONY PEERZADIGUDA UPPAL HYDERABAD,17.390358,78.606729,budget,classic,excellent,chain lube sr 160 sr 160 aprilia maintenance precision made chemical resistant for reduced maintenance,0,2025-07-04T00:00:00,2025-09-19T00:00:00
68d141f0b3fce85d4c560cdb,Heavy Duty Fan Shroud - Duke 200,Duke 200,KTM,2024,,Cooling System,10157.0,durable noise reducing for better fuel economy,13,4.6,34,,https://example.com/images/fan_shroud_duke_200.jpg,68ac2a8e3c73e23c655de052,68ac2a8f3c73e23c655de054,Swathi Automobiles,Chappal Bazar Road - Kachiguda ,17.38953,78.491245,premium,modern,excellent,heavy duty fan shroud duke 200 duke 200 ktm cooling system durable noise reducing for better fuel economy,0,2025-07-23T00:00:00,2025-08-20T00:00:00
68d141f0b3fce85d4c560cdc,Kawasaki Riding Boots for Ninja 650,Ninja 650,Kawasaki,2015,,Safety,5348.0,advanced noise reducing for superior reliability,23,4.1,39,,https://example.com/images/riding_boots_ninja_650.jpg,68d0c47d09554c358655174b,68d0c47e09554c358655174d,Tarun Automobiles,,17.423605,78.546314,premium,modern,excellent,kawasaki riding boots for ninja 650 ninja 650 kawasaki safety advanced noise reducing for superior reliability,0,2025-07-14T00:00:00,2025-07-27T00:00:00
68d141f0b3fce85d4c560cdd,OEM Hub Bearing - Leoncino 500,Leoncino 500,Benelli,2022,,Wheels & Tires,12152.0,industrial grade wear resistant for superior reliability,12,4.1,46,,https://example.com/images/hub_bearing_leoncino_500.jpg,68d133bf3952f7cf7dee90b7,68d133bf3952f7cf7dee90b9,Jyothi Automobiles,Hyderabad,17.511409,78.350972,premium,modern,excellent,oem hub bearing leoncino 500 leoncino 500 benelli wheels tires industrial grade wear resistant for superior reliability,0,2025-07-27T00:00:00,2025-08-01T00:00:00
68d141f0b3fce85d4c560cde,Genuine Fuel Injector - Stallio,Stallio,Mahindra,2019,,Fuel System,5024.0,industrial grade noise reducing for better handling,24,4.2,0,,https://example.com/images/fuel_injector_stallio.jpg,68d1346c3952f7cf7dee90d0,68d1346c3952f7cf7dee90d2,Kalyan Automobiles,Bala Nagar,17.475679,78.447328,premium,modern,excellent,genuine fuel injector stallio stallio mahindra fuel system industrial grade noise reducing for better handling,0,2025-09-19T00:00:00,2025-07-09T00:00:00
68d141f0b3fce85d4c560cdf,Premium Grease for Chief Vintage,Chief Vintage,Indian,2016,,Maintenance,875.0,precision made heat treated for longer life,29,3.5,23,,https://example.com/images/grease_chief_vintage.jpg,68d134ac3952f7cf7dee90e3,68d134ac3952f7cf7dee90e5,Shiva sai Automobiles,Mahabubabad,17.594209,80.006903,budget,modern,good,premium grease for chief vintage chief vintage indian maintenance precision made heat treated for longer life,0,2025-07-10T00:00:00,2025-08-17T00:00:00
68d141f0b3fce85d4c560ce0,Performance Condenser - Scrambler 1200,Scrambler 1200,Triumph,2024,,Ignition,424.0,premium quality weather resistant for better handling,18,4.4,44,,https://example.com/images/condenser_scrambler_1200.jpg,68d135063952f7cf7dee90f6,68d135063952f7cf7dee90f8,Manoj Automobiles,Dilshknagar,17.367642,78.534282,budget,modern,excellent,performance condenser scrambler 1200 scrambler 1200 triumph ignition premium quality weather resistant for better handling,0,2025-08-01T00:00:00,2025-09-11T00:00:00
68d141f0b3fce85d4c560ce1,Premium Tubeless Valve for Streetfighter V4,Streetfighter V4,Ducati,2013,,Wheels & Tires,5728.0,long lasting precision engineered for enhanced durability,19,4.7,29,,https://example.com/images/tubeless_valve_streetfighter_v4.jpg,68d135833952f7cf7dee9109,68d135833952f7cf7dee910b,Mounika Automobiles,Karimnagar,18.435781,79.132861,premium,classic,excellent,premium tubeless valve for streetfighter v4 streetfighter v4 ducati wheels tires long lasting precision engineered for enhanced durability,0,2025-09-10T00:00:00,2025-09-15T00:00:00
68d141f0b3fce85d4c560ce2,Air Box Assembly - Shiver 900,Shiver 900,Aprilia,2015,,Fuel System,1772.0,superior impact resistant for optimal efficiency,7,3.4,15,,https://example.com/images/air_box_shiver_900.jpg,68d135d63952f7cf7dee911e,68d135d63952f7cf7dee9120,baskar Automobiles,Medak,18.048948,78.269372,mid-range,modern,good,air box assembly shiver 900 shiver 900 aprilia fuel system superior impact resistant for optimal efficiency,0,2025-09-09T00:00:00,2025-07-22T00:00:00
68d141f0b3fce85d4c560ce3,OEM Belly Pan - Scram 411,Scram 411,Royal Enfield,2018,,Body Parts,1624.0,industrial grade wear resistant for superior reliability,14,3.7,30,,https://example.com/images/belly_pan_scram_411.jpg,68d136193952f7cf7dee9131,68d136193952f7cf7dee9133,Mahesh Automobiles,Khammam,17.249885,80.15615,mid-range,modern,good,oem belly pan scram 411 scram 411 royal enfield body parts industrial grade wear resistant for superior reliability,0,2025-07-11T00:00:00,2025-07-21T00:00:00
68d141f0b3fce85d4c560ce4,Racing Dimmer Switch - Roadking,Roadking,Yezdi,2011,,Lighting,5132.0,lightweight maintenance free for better fuel economy,1,4.6,41,,https://example.com/images/dimmer_switch_roadking.jpg,689d6959045c37933826818b,689d6959045c37933826818d,sai automobiles,RAMNAGAR COLONY PEERZADIGUDA UPPAL HYDERABAD,17.390358,78.606729,premium,classic,excellent,racing dimmer switch roadking roadking yezdi lighting lightweight maintenance free for better fuel economy,0,2025-09-08T00:00:00,2025-07-23T00:00:00
68d141f0b3fce85d4c560ce5,Racing Performance Exhaust - Katana,Katana,Suzuki,2021,,Exhaust,17448.0,advanced heat treated for increased power,10,4.2,41,,https://example.com/images/performance_exhaust_katana.jpg,68ac2a8e3c73e23c655de052,68ac2a8f3c73e23c655de054,Swathi Automobiles,Chappal Bazar Road - Kachiguda ,17.38953,78.491245,premium,modern,excellent,racing performance exhaust katana katana suzuki exhaust advanced heat treated for increased power,0,2025-07-30T00:00:00,2025-07-18T00:00:00
68d141f0b3fce85d4c560ce6,Genuine Oil Cooler - Scrambler 1200,Scrambler 1200,Triumph,2012,,Cooling System,6386.0,high performance corrosion resistant for maximum protection,19,4.2,26,,https://example.com/images/oil_cooler_scrambler_1200.jpg,68d0c47d09554c358655174b,68d0c47e09554c358655174d,Tarun Automobiles,,17.423605,78.546314,premium,classic,excellent,genuine oil cooler scrambler 1200 scrambler 1200 triumph cooling system high performance corrosion resistant for maximum protection,0,2025-07-21T00:00:00,2025-08-23T00:00:00
68d141f0b3fce85d4c560ce7,Heavy Duty Fuel Tank - Panigale 959,Panigale 959,Ducati,2020,,Body Parts,2606.0,advanced chemical resistant for increased power,7,4.6,39,,https://example.com/images/fuel_tank_panigale_959.jpg,68d133bf3952f7cf7dee90b7,68d133bf3952f7cf7dee90b9,Jyothi Automobiles,Hyderabad,17.511409,78.350972,mid-range,modern,excellent,heavy duty fuel tank panigale 959 panigale 959 ducati body parts advanced chemical resistant for increased power,0,2025-07-14T00:00:00,2025-09-03T00:00:00
68d141f0b3fce85d4c560ce8,Genuine Reserve Tank - TNT 135,TNT 135,Benelli,2018,,Fuel System,7799.0,high performance heat treated for reduced maintenance,4,4.0,32,,https://example.com/images/reserve_tank_tnt_135.jpg,68d1346c3952f7cf7dee90d0,68d1346c3952f7cf7dee90d2,Kalyan Automobiles,Bala Nagar,17.475679,78.447328,premium,modern,excellent,genuine reserve tank tnt 135 tnt 135 benelli fuel system high performance heat treated for reduced maintenance,0,2025-09-11T00:00:00,2025-08-12T00:00:00
68d141f0b3fce85d4c560ce9,Premium Breather Filter for Chieftain,Chieftain,Indian,2017,,Filters,760.0,street performance weather resistant for better control,3,3.8,23,,https://example.com/images/breather_filter_chieftain.jpg,68d134ac3952f7cf7dee90e3,68d134ac3952f7cf7dee90e5,Shiva sai Automobiles,Mahabubabad,17.594209,80.006903,budget,modern,good,premium breather filter for chieftain chieftain indian filters street performance weather resistant for better control,0,2025-09-04T00:00:00,2025-09-06T00:00:00
68d141f0b3fce85d4c560cea,Premium Oil Filter for CBR250R,CBR250R,Honda,2021,,Filters,1467.0,street performance weather resistant for improved performance,28,4.8,6,,https://example.com/images/oil_filter_cbr250r.jpg,68d135063952f7cf7dee90f6,68d135063952f7cf7dee90f8,Manoj Automobiles,Dilshknagar,17.367642,78.534282,mid-range,modern,excellent,premium oil filter for cbr250r cbr250r honda filters street performance weather resistant for improved performance,0,2025-07-11T00:00:00,2025-08-11T00:00:00
68d141f0b3fce85d4c560ceb,Performance Wind Screen - Scooty Pep Plus,Scooty Pep Plus,TVS,2024,,Body Parts,7511.0,racing quality high strength for improved comfort,15,4.3,38,,https://example.com/images/wind_screen_scooty_pep_plus.jpg,68d135833952f7cf7dee9109,68d135833952f7cf7dee910b,Mounika Automobiles,Karimnagar,18.435781,79.132861,premium,modern,excellent,performance wind screen scooty pep plus scooty pep plus tvs body parts racing quality high strength for improved comfort,0,2025-07-26T00:00:00,2025-07-28T00:00:00
68d141f0b3fce85d4c560cec,Racing Voltage Regulator - Chieftain,Chieftain,Indian,2019,,Electrical,5766.0,lightweight high strength for optimal efficiency,9,3.3,6,,https://example.com/images/voltage_regulator_chieftain.jpg,68d135d63952f7cf7dee911e,68d135d63952f7cf7dee9120,baskar Automobiles,Medak,18.048948,78.269372,premium,modern,good,racing voltage regulator chieftain chieftain indian electrical lightweight high strength for optimal efficiency,0,2025-09-04T00:00:00,2025-07-13T00:00:00
68d141f0b3fce85d4c560ced,Racing Pickup Coil - Imperiale 400,Imperiale 400,Benelli,2015,,Ignition,484.0,industrial grade eco friendly for enhanced safety,8,4.0,33,,https://example.com/images/pickup_coil_imperiale_400.jpg,68d136193952f7cf7dee9131,68d136193952f7cf7dee9133,Mahesh Automobiles,Khammam,17.249885,80.15615,budget,modern,excellent,racing pickup coil imperiale 400 imperiale 400 benelli ignition industrial grade eco friendly for enhanced safety,0,2025-07-12T00:00:00,2025-09-02T00:00:00
68d141f0b3fce85d4c560cee,Racing Gear Oil - Ninja ZX-10R,Ninja ZX-10R,Kawasaki,2021,,Maintenance,455.0,long lasting wear resistant for increased power,21,3.5,40,,https://example.com/images/gear_oil_ninja_zx_10r.jpg,689d6959045c37933826818b,689d6959045c37933826818d,sai automobiles,RAMNAGAR COLONY PEERZADIGUDA UPPAL HYDERABAD,17.390358,78.606729,budget,modern,good,racing gear oil ninja zx 10r ninja zx 10r kawasaki maintenance long lasting wear resistant for increased power,0,2025-07-16T00:00:00,2025-08-05T00:00:00
68d141f0b3fce85d4c560cef,Genuine Battery Box - Classic 500,Classic 500,Royal Enfield,2013,,Body Parts,5866.0,advanced long lasting for increased power,17,4.7,42,,https://example.com/images/battery_box_classic_500.jpg,68ac2a8e3c73e23c655de052,68ac2a8f3c73e23c655de054,Swathi Automobiles,Chappal Bazar Road - Kachiguda ,17.38953,78.491245,premium,classic,excellent,genuine battery box classic 500 classic 500 royal enfield body parts advanced long lasting for increased power,0,2025-08-10T00:00:00,2025-07-24T00:00:00
68d141f0b3fce85d4c560cf0,Premium Variator for CL2,CL2,Yezdi,2021,,Drivetrain,7342.0,industrial grade vibration dampening for better handling,29,4.6,24,,https://example.com/images/variator_cl2.jpg,68d0c47d09554c358655174b,68d0c47e09554c358655174d,Tarun Automobiles,,17.423605,78.546314,premium,modern,excellent,premium variator for cl2 cl2 yezdi drivetrain industrial grade vibration dampening for better handling,0,2025-09-04T00:00:00,2025-08-08T00:00:00
68d141f0b3fce85d4c560cf1,Heavy Duty End Cap - 42,42,Jawa,2025,,Exhaust,9659.0,high performance noise reducing for improved comfort,16,5.0,37,,https://example.com/images/end_cap_42.jpg,68d133bf3952f7cf7dee90b7,68d133bf3952f7cf7dee90b9,Jyothi Automobiles,Hyderabad,17.511409,78.350972,premium,modern,excellent,heavy duty end cap 42 42 jawa exhaust high performance noise reducing for improved comfort,0,2025-09-15T00:00:00,2025-09-19T00:00:00
68d141f0b3fce85d4c560cf2,Genuine Muffler - R 1250 GS,R 1250 GS,BMW,2012,,Exhaust,3812.0,industrial grade weather resistant for maximum protection,30,4.7,34,,https://example.com/images/muffler_r_1250_gs.jpg,68d1346c3952f7cf7dee90d0,68d1346c3952f7cf7dee90d2,Kalyan Automobiles,Bala Nagar,17.475679,78.447328,mid-range,classic,excellent,genuine muffler 1250 gs 1250 gs bmw exhaust industrial grade weather resistant for maximum protection,0,2025-09-04T00:00:00,2025-08-07T00:00:00
68d141f0b3fce85d4c560cf3,Racing Timing Belt - Avenger 220,Avenger 220,Bajaj,2016,,Engine,4070.0,racing quality impact resistant for enhanced durability,27,4.5,4,,https://example.com/images/timing_belt_avenger_220.jpg,68d134ac3952f7cf7dee90e3,68d134ac3952f7cf7dee90e5,Shiva sai Automobiles,Mahabubabad,17.594209,80.006903,mid-range,modern,excellent,racing timing belt avenger 220 avenger 220 bajaj engine racing quality impact resistant for enhanced durability,0,2025-07-28T00:00:00,2025-07-26T00:00:00
68d141f0b3fce85d4c560cf4,Performance Torque Converter - BN 125,BN 125,Benelli,2014,,Drivetrain,4892.0,durable temperature stable for reduced maintenance,27,4.0,23,,https://example.com/images/torque_converter_bn_125.jpg,68d135063952f7cf7dee90f6,68d135063952f7cf7dee90f8,Manoj Automobiles,Dilshknagar,17.367642,78.534282,mid-range,classic,excellent,performance torque converter bn 125 bn 125 benelli drivetrain durable temperature stable for reduced maintenance,0,2025-07-12T00:00:00,2025-08-08T00:00:00
68d141f0b3fce85d4c560cf5,CB300R Chain,CB300R,Honda,2021,,Drivetrain,1111.0,advanced corrosion resistant for enhanced stability,26,4.4,39,,https://example.com/images/chain_cb300r.jpg,68d135833952f7cf7dee9109,68d135833952f7cf7dee910b,Mounika Automobiles,Karimnagar,18.435781,79.132861,mid-range,modern,excellent,cb300r chain cb300r honda drivetrain advanced corrosion resistant for enhanced stability,0,2025-09-01T00:00:00,2025-08-07T00:00:00
68d141f0b3fce85d4c560cf6,Silencer - Apache RTR 160,Apache RTR 160,TVS,2022,,Exhaust,5590.0,industrial grade heat treated for maximum protection,27,4.9,35,,https://example.com/images/silencer_apache_rtr_160.jpg,68d135d63952f7cf7dee911e,68d135d63952f7cf7dee9120,baskar Automobiles,Medak,18.048948,78.269372,premium,modern,excellent,silencer apache rtr 160 apache rtr 160 tvs exhaust industrial grade heat treated for maximum protection,0,2025-07-15T00:00:00,2025-09-08T00:00:00
68d141f0b3fce85d4c560cf7,Racing Light Switch - Flyte,Flyte,Mahindra,2011,,Lighting,4772.0,racing quality fuel efficient for enhanced durability,25,3.2,48,,https://example.com/images/light_switch_flyte.jpg,68d136193952f7cf7dee9131,68d136193952f7cf7dee9133,Mahesh Automobiles,Khammam,17.249885,80.15615,mid-range,classic,good,racing light switch flyte flyte mahindra lighting racing quality fuel efficient for enhanced durability,0,2025-07-08T00:00:00,2025-07-20T00:00:00
68d141f0b3fce85d4c560cf8,Racing Full System Exhaust - Monster 821,Monster 821,Ducati,2024,,Exhaust,7337.0,high performance wear resistant for enhanced stability,25,4.4,3,,https://example.com/images/full_system_exhaust_monster_821.jpg,689d6959045c37933826818b,689d6959045c37933826818d,sai automobiles,RAMNAGAR COLONY PEERZADIGUDA UPPAL HYDERABAD,17.390358,78.606729,premium,modern,excellent,racing full system exhaust monster 821 monster 821 ducati exhaust high performance wear resistant for enhanced stability,0,2025-08-10T00:00:00,2025-07-26T00:00:00
68d141f0b3fce85d4c560cf9,Wheel Lock Assembly - Ray ZR,Ray ZR,Yamaha,2021,,Wheels & Tires,11514.0,oem quality precision engineered for better fuel economy,3,3.4,39,,https://example.com/images/wheel_lock_ray_zr.jpg,68ac2a8e3c73e23c655de052,68ac2a8f3c73e23c655de054,Swathi Automobiles,Chappal Bazar Road - Kachiguda ,17.38953,78.491245,premium,modern,good,wheel lock assembly ray zr ray zr yamaha wheels tires oem quality precision engineered for better fuel economy,0,2025-07-06T00:00:00,2025-07-23T00:00:00
68d141f0b3fce85d4c560cfa,Racing Velocity Stack - Rodeo RZ,Rodeo RZ,Mahindra,2025,,Fuel System,4320.0,long lasting corrosion resistant for improved comfort,27,4.3,24,,https://example.com/images/velocity_stack_rodeo_rz.jpg,68d0c47d09554c358655174b,68d0c47e09554c358655174d,Tarun Automobiles,,17.423605,78.546314,mid-range,modern,excellent,racing velocity stack rodeo rz rodeo rz mahindra fuel system long lasting corrosion resistant for improved comfort,0,2025-08-20T00:00:00,2025-09-12T00:00:00
68d141f0b3fce85d4c560cfb,Bajaj Paper Filter for Chetak Electric,Chetak Electric,Bajaj,2018,,Filters,738.0,high performance weather resistant for enhanced stability,29,4.6,32,,https://example.com/images/paper_filter_chetak_electric.jpg,68d133bf3952f7cf7dee90b7,68d133bf3952f7cf7dee90b9,Jyothi Automobiles,Hyderabad,17.511409,78.350972,budget,modern,excellent,bajaj paper filter for chetak electric chetak electric bajaj filters high performance weather resistant for enhanced stability,0,2025-08-27T00:00:00,2025-07-26T00:00:00
68d141f0b3fce85d4c560cfc,Heavy Duty First Aid Kit - Street Twin,Street Twin,Triumph,2010,,Accessories,3205.0,premium quality chemical resistant for better fuel economy,12,4.9,48,,https://example.com/images/first_aid_kit_street_twin.jpg,68d1346c3952f7cf7dee90d0,68d1346c3952f7cf7dee90d2,Kalyan Automobiles,Bala Nagar,17.475679,78.447328,mid-range,classic,excellent,heavy duty first aid kit street twin street twin triumph accessories premium quality chemical resistant for better fuel economy,0,2025-08-30T00:00:00,2025-07-18T00:00:00
68d141f0b3fce85d4c560cfd,Input Shaft - YZF-R3,YZF-R3,Yamaha,2023,,Transmission,10391.0,high performance temperature stable for enhanced safety,22,4.4,38,,https://example.com/images/input_shaft_yzf_r3.jpg,68d134ac3952f7cf7dee90e3,68d134ac3952f7cf7dee90e5,Shiva sai Automobiles,Mahabubabad,17.594209,80.006903,premium,modern,excellent,input shaft yzf r3 yzf r3 yamaha transmission high performance temperature stable for enhanced safety,0,2025-07-17T00:00:00,2025-09-07T00:00:00
68d141f0b3fce85d4c560cfe,Versys-X 300 Safety Flag,Versys-X 300,Kawasaki,2019,,Safety,1257.0,racing quality high strength for improved comfort,9,4.3,28,,https://example.com/images/safety_flag_versys_x_300.jpg,68d135063952f7cf7dee90f6,68d135063952f7cf7dee90f8,Manoj Automobiles,Dilshknagar,17.367642,78.534282,mid-range,modern,excellent,versys 300 safety flag versys 300 kawasaki safety racing quality high strength for improved comfort,0,2025-08-27T00:00:00,2025-07-25T00:00:00
68d141f0b3fce85d4c560cff,Pulsar RS200 Helmet Lock,Pulsar RS200,Bajaj,2019,,Accessories,1606.0,industrial grade temperature stable for better control,3,3.8,33,,https://example.com/images/helmet_lock_pulsar_rs200.jpg,68d135833952f7cf7dee9109,68d135833952f7cf7dee910b,Mounika Automobiles,Karimnagar,18.435781,79.132861,mid-range,modern,good,pulsar rs200 helmet lock pulsar rs200 bajaj accessories industrial grade temperature stable for better control,0,2025-09-11T00:00:00,2025-08-15T00:00:00
68d141f0b3fce85d4c560d00,Heavy Duty Front Shock Absorber - Mojo,Mojo,Mahindra,2020,,Suspension,12941.0,racing quality heat treated for better fuel economy,28,4.1,9,,https://example.com/images/front_shock_absorber_mojo.jpg,68d135d63952f7cf7dee911e,68d135d63952f7cf7dee9120,baskar Automobiles,Medak,18.048948,78.269372,premium,modern,excellent,heavy duty front shock absorber mojo mojo mahindra suspension racing quality heat treated for better fuel economy,0,2025-07-06T00:00:00,2025-09-11T00:00:00
68d141f0b3fce85d4c560d01,Performance Fan Shroud - Electra,Electra,Royal Enfield,2020,,Cooling System,8606.0,heavy duty maintenance free for improved comfort,6,4.6,19,,https://example.com/images/fan_shroud_electra.jpg,68d136193952f7cf7dee9131,68d136193952f7cf7dee9133,Mahesh Automobiles,Khammam,17.249885,80.15615,premium,modern,excellent,performance fan shroud electra electra royal enfield cooling system heavy duty maintenance free for improved comfort,0,2025-07-22T00:00:00,2025-07-16T00:00:00
68d141f0b3fce85d4c560d02,Hero Gear Shift Lever for Xpulse 200,Xpulse 200,Hero,2024,,Transmission,1364.0,racing quality maintenance free for optimal efficiency,1,3.3,47,,https://example.com/images/gear_shift_lever_xpulse_200.jpg,689d6959045c37933826818b,689d6959045c37933826818d,sai automobiles,RAMNAGAR COLONY PEERZADIGUDA UPPAL HYDERABAD,17.390358,78.606729,mid-range,modern,good,hero gear shift lever for xpulse 200 xpulse 200 hero transmission racing quality maintenance free for optimal efficiency,0,2025-07-01T00:00:00,2025-08-15T00:00:00
68d141f0b3fce85d4c560d03,Ground Wire - G 310 R,G 310 R,BMW,2019,,Electrical,2557.0,industrial grade heat treated for improved performance,8,5.0,33,,https://example.com/images/ground_wire_g_310_r.jpg,68ac2a8e3c73e23c655de052,68ac2a8f3c73e23c655de054,Swathi Automobiles,Chappal Bazar Road - Kachiguda ,17.38953,78.491245,mid-range,modern,excellent,ground wire 310 310 bmw electrical industrial grade heat treated for improved performance,0,2025-07-22T00:00:00,2025-09-09T00:00:00
68d141f0b3fce85d4c560d04,Genuine Crash Guard - RSV4,RSV4,Aprilia,2013,,Accessories,4537.0,lightweight wear resistant for optimal efficiency,17,4.7,7,,https://example.com/images/crash_guard_rsv4.jpg,68d0c47d09554c358655174b,68d0c47e09554c358655174d,Tarun Automobiles,,17.423605,78.546314,mid-range,classic,excellent,genuine crash guard rsv4 rsv4 aprilia accessories lightweight wear resistant for optimal efficiency,0,2025-09-14T00:00:00,2025-09-11T00:00:00
68d141f0b3fce85d4c560d05,Heavy Duty Protective Pants - Classic 350,Classic 350,Royal Enfield,2010,,Safety,935.0,lightweight noise reducing for better handling,19,3.4,39,,https://example.com/images/protective_pants_classic_350.jpg,68d133bf3952f7cf7dee90b7,68d133bf3952f7cf7dee90b9,Jyothi Automobiles,Hyderabad,17.511409,78.350972,budget,classic,good,heavy duty protective pants classic 350 classic 350 royal enfield safety lightweight noise reducing for better handling,0,2025-07-29T00:00:00,2025-08-20T00:00:00
68d141f0b3fce85d4c560d06,Performance Piston Kit - CL2,CL2,Yezdi,2023,,Engine,4700.0,enhanced maintenance free for longer life,2,4.5,16,,https://example.com/images/piston_kit_cl2.jpg,68d1346c3952f7cf7dee90d0,68d1346c3952f7cf7dee90d2,Kalyan Automobiles,Bala Nagar,17.475679,78.447328,mid-range,modern,excellent,performance piston kit cl2 cl2 yezdi engine enhanced maintenance free for longer life,0,2025-09-15T00:00:00,2025-08-12T00:00:00
68d141f0b3fce85d4c560d07,Racing Thermostat - SuperSport,SuperSport,Ducati,2023,,Cooling System,3932.0,heavy duty precision engineered for enhanced safety,28,3.8,44,,https://example.com/images/thermostat_supersport.jpg,68d134ac3952f7cf7dee90e3,68d134ac3952f7cf7dee90e5,Shiva sai Automobiles,Mahabubabad,17.594209,80.006903,mid-range,modern,good,racing thermostat supersport supersport ducati cooling system heavy duty precision engineered for enhanced safety,0,2025-08-05T00:00:00,2025-07-01T00:00:00
68d141f0b3fce85d4c560d08,Genuine Shift Fork - Panigale V4,Panigale V4,Ducati,2015,,Transmission,7100.0,premium quality chemical resistant for better fuel economy,12,4.6,11,,https://example.com/images/shift_fork_panigale_v4.jpg,68d135063952f7cf7dee90f6,68d135063952f7cf7dee90f8,Manoj Automobiles,Dilshknagar,17.367642,78.534282,premium,modern,excellent,genuine shift fork panigale v4 panigale v4 ducati transmission premium quality chemical resistant for better fuel economy,0,2025-09-12T00:00:00,2025-09-12T00:00:00
68d141f0b3fce85d4c560d09,OEM Transmission Case - Hunter 350,Hunter 350,Royal Enfield,2011,,Transmission,9186.0,long lasting fuel efficient for better handling,17,4.6,30,,https://example.com/images/transmission_case_hunter_350.jpg,68d135833952f7cf7dee9109,68d135833952f7cf7dee910b,Mounika Automobiles,Karimnagar,18.435781,79.132861,premium,classic,excellent,oem transmission case hunter 350 hunter 350 royal enfield transmission long lasting fuel efficient for better handling,0,2025-08-30T00:00:00,2025-09-02T00:00:00
68d141f0b3fce85d4c560d0a,Ducati Rear Spring for Monster,Monster,Ducati,2018,,Suspension,15741.0,lightweight precision engineered for increased power,24,3.7,48,,https://example.com/images/rear_spring_monster.jpg,68d135d63952f7cf7dee911e,68d135d63952f7cf7dee9120,baskar Automobiles,Medak,18.048948,78.269372,premium,modern,good,ducati rear spring for monster monster ducati suspension lightweight precision engineered for increased power,0,2025-08-25T00:00:00,2025-07-23T00:00:00
68d141f0b3fce85d4c560d0b,Performance K&N Filter - Apache RTR 180,Apache RTR 180,TVS,2024,,Filters,139.0,industrial grade long lasting for better handling,21,4.8,27,,https://example.com/images/k&n_filter_apache_rtr_180.jpg,68d136193952f7cf7dee9131,68d136193952f7cf7dee9133,Mahesh Automobiles,Khammam,17.249885,80.15615,budget,modern,excellent,performance filter apache rtr 180 apache rtr 180 tvs filters industrial grade long lasting for better handling,0,2025-08-27T00:00:00,2025-09-17T00:00:00
68d141f0b3fce85d4c560d0c,Ducati Carburetor for Scrambler,Scrambler,Ducati,2021,,Fuel System,7096.0,lightweight long lasting for longer life,16,4.5,16,,https://example.com/images/carburetor_scrambler.jpg,689d6959045c37933826818b,689d6959045c37933826818d,sai automobiles,RAMNAGAR COLONY PEERZADIGUDA UPPAL HYDERABAD,17.390358,78.606729,premium,modern,excellent,ducati carburetor for scrambler scrambler ducati fuel system lightweight long lasting for longer life,0,2025-09-07T00:00:00,2025-09-06T00:00:00
68d141f0b3fce85d4c560d0d,Racing CVT Kit - Pulsar 220,Pulsar 220,Bajaj,2020,,Drivetrain,774.0,racing quality fuel efficient for enhanced stability,23,4.1,0,,https://example.com/images/cvt_kit_pulsar_220.jpg,68ac2a8e3c73e23c655de052,68ac2a8f3c73e23c655de054,Swathi Automobiles,Chappal Bazar Road - Kachiguda ,17.38953,78.491245,budget,modern,excellent,racing cvt kit pulsar 220 pulsar 220 bajaj drivetrain racing quality fuel efficient for enhanced stability,0,2025-07-06T00:00:00,2025-08-08T00:00:00
68d141f0b3fce85d4c560d0e,TNT 600i Contact Cleaner,TNT 600i,Benelli,2017,,Maintenance,405.0,professional grade noise reducing for improved comfort,6,3.4,7,,https://example.com/images/contact_cleaner_tnt_600i.jpg,68d0c47d09554c358655174b,68d0c47e09554c358655174d,Tarun Automobiles,,17.423605,78.546314,budget,modern,good,tnt 600i contact cleaner tnt 600i benelli maintenance professional grade noise reducing for improved comfort,0,2025-08-13T00:00:00,2025-08-07T00:00:00
68d141f0b3fce85d4c560d0f,Ignition Coil Assembly - Panigale V2,Panigale V2,Ducati,2013,,Ignition,277.0,racing quality noise reducing for enhanced durability,6,4.2,13,,https://example.com/images/ignition_coil_panigale_v2.jpg,68d133bf3952f7cf7dee90b7,68d133bf3952f7cf7dee90b9,Jyothi Automobiles,Hyderabad,17.511409,78.350972,budget,classic,excellent,ignition coil assembly panigale v2 panigale v2 ducati ignition racing quality noise reducing for enhanced durability,0,2025-07-25T00:00:00,2025-07-17T00:00:00
68d141f0b3fce85d4c560d10,Performance Polish - Roadmaster,Roadmaster,Indian,2012,,Maintenance,405.0,lightweight corrosion resistant for better control,15,3.3,28,,https://example.com/images/polish_roadmaster.jpg,68d1346c3952f7cf7dee90d0,68d1346c3952f7cf7dee90d2,Kalyan Automobiles,Bala Nagar,17.475679,78.447328,budget,classic,good,performance polish roadmaster roadmaster indian maintenance lightweight corrosion resistant for better control,0,2025-08-03T00:00:00,2025-07-08T00:00:00
68d141f0b3fce85d4c560d11,Genuine Timing Belt - Pulsar NS160,Pulsar NS160,Bajaj,2024,,Engine,8187.0,street performance impact resistant for reduced maintenance,26,5.0,46,,https://example.com/images/timing_belt_pulsar_ns160.jpg,68d134ac3952f7cf7dee90e3,68d134ac3952f7cf7dee90e5,Shiva sai Automobiles,Mahabubabad,17.594209,80.006903,premium,modern,excellent,genuine timing belt pulsar ns160 pulsar ns160 bajaj engine street performance impact resistant for reduced maintenance,0,2025-08-15T00:00:00,2025-08-18T00:00:00
68d141f0b3fce85d4c560d12,Genuine Ignition Coil - Storm 125,Storm 125,Aprilia,2011,,Ignition,1125.0,heavy duty wear resistant for better control,22,3.5,11,,https://example.com/images/ignition_coil_storm_125.jpg,68d135063952f7cf7dee90f6,68d135063952f7cf7dee90f8,Manoj Automobiles,Dilshknagar,17.367642,78.534282,mid-range,classic,good,genuine ignition coil storm 125 storm 125 aprilia ignition heavy duty wear resistant for better control,0,2025-07-11T00:00:00,2025-08-06T00:00:00
68d141f0b3fce85d4c560d13,OEM Input Shaft - Pulsar 150,Pulsar 150,Bajaj,2014,,Transmission,1322.0,lightweight impact resistant for enhanced durability,30,3.5,30,,https://example.com/images/input_shaft_pulsar_150.jpg,68d135833952f7cf7dee9109,68d135833952f7cf7dee910b,Mounika Automobiles,Karimnagar,18.435781,79.132861,mid-range,classic,good,oem input shaft pulsar 150 pulsar 150 bajaj transmission lightweight impact resistant for enhanced durability,0,2025-09-13T00:00:00,2025-08-03T00:00:00
68d141f0b3fce85d4c560d14,Performance Carburetor - Street 750,Street 750,Harley-Davidson,2025,,Fuel System,7405.0,high performance maintenance free for better fuel economy,1,3.7,19,,https://example.com/images/carburetor_street_750.jpg,68d135d63952f7cf7dee911e,68d135d63952f7cf7dee9120,baskar Automobiles,Medak,18.048948,78.269372,premium,modern,good,performance carburetor street 750 street 750 harley davidson fuel system high performance maintenance free for better fuel economy,0,2025-09-11T00:00:00,2025-07-03T00:00:00
68d141f0b3fce85d4c560d15,Tire Pressure Sensor Assembly - Duke 200,Duke 200,KTM,2023,,Wheels & Tires,7122.0,street performance maintenance free for enhanced stability,22,4.3,29,,https://example.com/images/tire_pressure_sensor_duke_200.jpg,68d136193952f7cf7dee9131,68d136193952f7cf7dee9133,Mahesh Automobiles,Khammam,17.249885,80.15615,premium,modern,excellent,tire pressure sensor assembly duke 200 duke 200 ktm wheels tires street performance maintenance free for enhanced stability,0,2025-09-14T00:00:00,2025-08-26T00:00:00
68d141f0b3fce85d4c560d16,Performance Side Box - Karizma XMR,Karizma XMR,Hero,2023,,Accessories,4950.0,superior maintenance free for longer life,6,5.0,40,,https://example.com/images/side_box_karizma_xmr.jpg,689d6959045c37933826818b,689d6959045c37933826818d,sai automobiles,RAMNAGAR COLONY PEERZADIGUDA UPPAL HYDERABAD,17.390358,78.606729,mid-range,modern,excellent,performance side box karizma xmr karizma xmr hero accessories superior maintenance free for longer life,0,2025-08-18T00:00:00,2025-08-10T00:00:00
68d141f0b3fce85d4c560d17,Heavy Duty Hydraulic Filter - Street 750,Street 750,Harley-Davidson,2014,,Filters,198.0,long lasting chemical resistant for longer life,24,4.7,12,,https://example.com/images/hydraulic_filter_street_750.jpg,68ac2a8e3c73e23c655de052,68ac2a8f3c73e23c655de054,Swathi Automobiles,Chappal Bazar Road - Kachiguda ,17.38953,78.491245,budget,classic,excellent,heavy duty hydraulic filter street 750 street 750 harley davidson filters long lasting chemical resistant for longer life,0,2025-08-17T00:00:00,2025-08-10T00:00:00
68d141f0b3fce85d4c560d18,Baffle Assembly - Dorsoduro 900,Dorsoduro 900,Aprilia,2021,,Exhaust,4273.0,superior corrosion resistant for maximum protection,23,3.8,28,,https://example.com/images/baffle_dorsoduro_900.jpg,68d0c47d09554c358655174b,68d0c47e09554c358655174d,Tarun Automobiles,,17.423605,78.546314,mid-range,modern,good,baffle assembly dorsoduro 900 dorsoduro 900 aprilia exhaust superior corrosion resistant for maximum protection,0,2025-07-16T00:00:00,2025-08-12T00:00:00
68d141f0b3fce85d4c560d19,Monster 821 Distributor,Monster 821,Ducati,2019,,Ignition,678.0,racing quality corrosion resistant for optimal efficiency,7,4.3,22,,https://example.com/images/distributor_monster_821.jpg,68d133bf3952f7cf7dee90b7,68d133bf3952f7cf7dee90b9,Jyothi Automobiles,Hyderabad,17.511409,78.350972,budget,modern,excellent,monster 821 distributor monster 821 ducati ignition racing quality corrosion resistant for optimal efficiency,0,2025-08-05T00:00:00,2025-07-07T00:00:00
68d141f0b3fce85d4c560d1a,OEM Fork Oil Seal - Caponord 1200,Caponord 1200,Aprilia,2024,,Suspension,3017.0,long lasting noise reducing for longer life,8,3.8,9,,https://example.com/images/fork_oil_seal_caponord_1200.jpg,68d1346c3952f7cf7dee90d0,68d1346c3952f7cf7dee90d2,Kalyan Automobiles,Bala Nagar,17.475679,78.447328,mid-range,modern,good,oem fork oil seal caponord 1200 caponord 1200 aprilia suspension long lasting noise reducing for longer life,0,2025-07-26T00:00:00,2025-08-20T00:00:00
68d141f0b3fce85d4c560d1b,Engine Gasket Set Assembly - Imperiale 400,Imperiale 400,Benelli,2012,,Engine,2273.0,lightweight impact resistant for superior reliability,9,3.8,6,,https://example.com/images/engine_gasket_set_imperiale_400.jpg,68d134ac3952f7cf7dee90e3,68d134ac3952f7cf7dee90e5,Shiva sai Automobiles,Mahabubabad,17.594209,80.006903,mid-range,classic,good,engine gasket set assembly imperiale 400 imperiale 400 benelli engine lightweight impact resistant for superior reliability,0,2025-09-15T00:00:00,2025-07-21T00:00:00
68d141f0b3fce85d4c560d1c,Performance Damper - Café Racer,Café Racer,Jawa,2012,,Suspension,6406.0,industrial grade chemical resistant for longer life,27,4.1,33,,https://example.com/images/damper_café_racer.jpg,68d135063952f7cf7dee90f6,68d135063952f7cf7dee90f8,Manoj Automobiles,Dilshknagar,17.367642,78.534282,premium,classic,excellent,performance damper café racer café racer jawa suspension industrial grade chemical resistant for longer life,0,2025-07-10T00:00:00,2025-09-07T00:00:00
68d141f0b3fce85d4c560d1d,Performance Muffler - TNT 899,TNT 899,Benelli,2013,,Exhaust,3310.0,heavy duty maintenance free for reduced maintenance,22,3.3,27,,https://example.com/images/muffler_tnt_899.jpg,68d135833952f7cf7dee9109,68d135833952f7cf7dee910b,Mounika Automobiles,Karimnagar,18.435781,79.132861,mid-range,classic,good,performance muffler tnt 899 tnt 899 benelli exhaust heavy duty maintenance free for reduced maintenance,0,2025-08-29T00:00:00,2025-07-29T00:00:00
68d141f0b3fce85d4c560d1e,Points - Iron 883,Iron 883,Harley-Davidson,2014,,Ignition,1826.0,professional grade weather resistant for superior reliability,17,4.4,49,,https://example.com/images/points_iron_883.jpg,68d135d63952f7cf7dee911e,68d135d63952f7cf7dee9120,baskar Automobiles,Medak,18.048948,78.269372,mid-range,classic,excellent,points iron 883 iron 883 harley davidson ignition professional grade weather resistant for superior reliability,0,2025-08-14T00:00:00,2025-08-08T00:00:00
68d141f0b3fce85d4c560d1f,Performance Safety Cone - GSX-R1000R,GSX-R1000R,Suzuki,2020,,Safety,1576.0,industrial grade long lasting for optimal efficiency,10,4.1,27,,https://example.com/images/safety_cone_gsx_r1000r.jpg,68d136193952f7cf7dee9131,68d136193952f7cf7dee9133,Mahesh Automobiles,Khammam,17.249885,80.15615,mid-range,modern,excellent,performance safety cone gsx r1000r gsx r1000r suzuki safety industrial grade long lasting for optimal efficiency,0,2025-07-23T00:00:00,2025-09-07T00:00:00
68d141f0b3fce85d4c560d20,Performance Pressure Plate - Aerox 155,Aerox 155,Yamaha,2018,,Transmission,3344.0,long lasting long lasting for smoother operation,4,3.9,22,,https://example.com/images/pressure_plate_aerox_155.jpg,689d6959045c37933826818b,689d6959045c37933826818d,sai automobiles,RAMNAGAR COLONY PEERZADIGUDA UPPAL HYDERABAD,17.390358,78.606729,mid-range,modern,good,performance pressure plate aerox 155 aerox 155 yamaha transmission long lasting long lasting for smoother operation,0,2025-07-30T00:00:00,2025-07-13T00:00:00
68d141f0b3fce85d4c560d21,Harley-Davidson Brake Cleaner for Street Glide,Street Glide,Harley-Davidson,2023,,Brakes,4781.0,professional grade eco friendly for enhanced stability,3,4.3,5,,https://example.com/images/brake_cleaner_street_glide.jpg,68ac2a8e3c73e23c655de052,68ac2a8f3c73e23c655de054,Swathi Automobiles,Chappal Bazar Road - Kachiguda ,17.38953,78.491245,mid-range,modern,excellent,harley davidson brake cleaner for street glide street glide harley davidson brakes professional grade eco friendly for enhanced stability,0,2025-07-04T00:00:00,2025-08-09T00:00:00
68d141f0b3fce85d4c560d22,Genuine Immobilizer - Versys-X 300,Versys-X 300,Kawasaki,2015,,Ignition,374.0,durable impact resistant for smoother operation,26,3.5,43,,https://example.com/images/immobilizer_versys_x_300.jpg,68d0c47d09554c358655174b,68d0c47e09554c358655174d,Tarun Automobiles,,17.423605,78.546314,budget,modern,good,genuine immobilizer versys 300 versys 300 kawasaki ignition durable impact resistant for smoother operation,0,2025-08-02T00:00:00,2025-09-12T00:00:00
68d141f0b3fce85d4c560d23,Final Drive Oil - Pulsar NS160,Pulsar NS160,Bajaj,2021,,Drivetrain,5753.0,enhanced noise reducing for superior reliability,13,4.2,36,,https://example.com/images/final_drive_oil_pulsar_ns160.jpg,68d133bf3952f7cf7dee90b7,68d133bf3952f7cf7dee90b9,Jyothi Automobiles,Hyderabad,17.511409,78.350972,premium,modern,excellent,final drive oil pulsar ns160 pulsar ns160 bajaj drivetrain enhanced noise reducing for superior reliability,0,2025-08-11T00:00:00,2025-07-27T00:00:00
68d141f0b3fce85d4c560d24,Transmission Case - Roadmaster,Roadmaster,Indian,2020,,Transmission,7145.0,precision made wear resistant for better control,7,4.1,41,,https://example.com/images/transmission_case_roadmaster.jpg,68d1346c3952f7cf7dee90d0,68d1346c3952f7cf7dee90d2,Kalyan Automobiles,Bala Nagar,17.475679,78.447328,premium,modern,excellent,transmission case roadmaster roadmaster indian transmission precision made wear resistant for better control,0,2025-09-07T00:00:00,2025-08-28T00:00:00
68d141f0b3fce85d4c560d25,Premium Starter Relay for 1290 Super Duke R,1290 Super Duke R,KTM,2011,,Ignition,562.0,high performance precision engineered for reduced maintenance,17,3.6,37,,https://example.com/images/starter_relay_1290_super_duke_r.jpg,68d134ac3952f7cf7dee90e3,68d134ac3952f7cf7dee90e5,Shiva sai Automobiles,Mahabubabad,17.594209,80.006903,budget,classic,good,premium starter relay for 1290 super duke 1290 super duke ktm ignition high performance precision engineered for reduced maintenance,0,2025-07-09T00:00:00,2025-07-16T00:00:00
68d141f0b3fce85d4c560d26,Genuine Magnetic Filter - Thruxton RS,Thruxton RS,Triumph,2012,,Filters,731.0,precision made wear resistant for enhanced safety,7,4.8,3,,https://example.com/images/magnetic_filter_thruxton_rs.jpg,68d135063952f7cf7dee90f6,68d135063952f7cf7dee90f8,Manoj Automobiles,Dilshknagar,17.367642,78.534282,budget,classic,excellent,genuine magnetic filter thruxton rs thruxton rs triumph filters precision made wear resistant for enhanced safety,0,2025-08-05T00:00:00,2025-08-04T00:00:00
68d141f0b3fce85d4c560d27,Performance Engine Oil - Hypermotard,Hypermotard,Ducati,2018,,Maintenance,714.0,lightweight heat treated for improved performance,15,4.3,4,,https://example.com/images/engine_oil_hypermotard.jpg,68d135833952f7cf7dee9109,68d135833952f7cf7dee910b,Mounika Automobiles,Karimnagar,18.435781,79.132861,budget,modern,excellent,performance engine oil hypermotard hypermotard ducati maintenance lightweight heat treated for improved performance,0,2025-09-10T00:00:00,2025-07-15T00:00:00
68d141f0b3fce85d4c560d28,Heavy Duty GPS Mount - Livo,Livo,Honda,2021,,Accessories,1712.0,industrial grade noise reducing for better handling,12,4.4,38,,https://example.com/images/gps_mount_livo.jpg,68d135d63952f7cf7dee911e,68d135d63952f7cf7dee9120,baskar Automobiles,Medak,18.048948,78.269372,mid-range,modern,excellent,heavy duty gps mount livo livo honda accessories industrial grade noise reducing for better handling,0,2025-07-13T00:00:00,2025-08-14T00:00:00
68d141f0b3fce85d4c560d29,Premium Front Shock Absorber for Bobber,Bobber,Jawa,2017,,Suspension,9346.0,superior chemical resistant for reduced maintenance,20,4.4,25,,https://example.com/images/front_shock_absorber_bobber.jpg,68d136193952f7cf7dee9131,68d136193952f7cf7dee9133,Mahesh Automobiles,Khammam,17.249885,80.15615,premium,modern,excellent,premium front shock absorber for bobber bobber jawa suspension superior chemical resistant for reduced maintenance,0,2025-09-08T00:00:00,2025-08-21T00:00:00
68d141f0b3fce85d4c560d2a,TVS Fuel Rail for Phoenix 125,Phoenix 125,TVS,2010,,Fuel System,926.0,enhanced maintenance free for optimal efficiency,25,3.5,10,,https://example.com/images/fuel_rail_phoenix_125.jpg,689d6959045c37933826818b,689d6959045c37933826818d,sai automobiles,RAMNAGAR COLONY PEERZADIGUDA UPPAL HYDERABAD,17.390358,78.606729,budget,classic,good,tvs fuel rail for phoenix 125 phoenix 125 tvs fuel system enhanced maintenance free for optimal efficiency,0,2025-09-02T00:00:00,2025-07-02T00:00:00
68d141f0b3fce85d4c560d2b,Shift Fork - Rocket 3,Rocket 3,Triumph,2011,,Transmission,7435.0,premium quality temperature stable for improved performance,28,3.5,4,,https://example.com/images/shift_fork_rocket_3.jpg,68ac2a8e3c73e23c655de052,68ac2a8f3c73e23c655de054,Swathi Automobiles,Chappal Bazar Road - Kachiguda ,17.38953,78.491245,premium,classic,good,shift fork rocket rocket triumph transmission premium quality temperature stable for improved performance,0,2025-09-15T00:00:00,2025-07-17T00:00:00
68d141f0b3fce85d4c560d2c,Heavy Duty Rebound Adjuster - C 400 X,C 400 X,BMW,2011,,Suspension,4101.0,industrial grade wear resistant for increased power,25,4.6,30,,https://example.com/images/rebound_adjuster_c_400_x.jpg,68d0c47d09554c358655174b,68d0c47e09554c358655174d,Tarun Automobiles,,17.423605,78.546314,mid-range,classic,excellent,heavy duty rebound adjuster 400 400 bmw suspension industrial grade wear resistant for increased power,0,2025-07-14T00:00:00,2025-07-26T00:00:00
68d141f0b3fce85d4c560d2d,Genuine Brake Line - Scrambler,Scrambler,Ducati,2023,,Brakes,2947.0,durable temperature stable for enhanced stability,25,3.3,9,,https://example.com/images/brake_line_scrambler.jpg,68d133bf3952f7cf7dee90b7,68d133bf3952f7cf7dee90b9,Jyothi Automobiles,Hyderabad,17.511409,78.350972,mid-range,modern,good,genuine brake line scrambler scrambler ducati brakes durable temperature stable for enhanced stability,0,2025-07-02T00:00:00,2025-07-30T00:00:00
68d141f0b3fce85d4c560d2e,Exhaust Spring Assembly - S 1000 XR,S 1000 XR,BMW,2019,,Exhaust,10278.0,lightweight precision engineered for optimal efficiency,10,3.5,36,,https://example.com/images/exhaust_spring_s_1000_xr.jpg,68d1346c3952f7cf7dee90d0,68d1346c3952f7cf7dee90d2,Kalyan Automobiles,Bala Nagar,17.475679,78.447328,premium,modern,good,exhaust spring assembly 1000 xr 1000 xr bmw exhaust lightweight precision engineered for optimal efficiency,0,2025-08-11T00:00:00,2025-07-10T00:00:00
68d141f1b3fce85d4c560d2f,Premium Transmission Case for W175,W175,Kawasaki,2017,,Transmission,9501.0,superior corrosion resistant for optimal efficiency,23,3.9,1,,https://example.com/images/transmission_case_w175.jpg,68d134ac3952f7cf7dee90e3,68d134ac3952f7cf7dee90e5,Shiva sai Automobiles,Mahabubabad,17.594209,80.006903,premium,modern,good,premium transmission case for w175 w175 kawasaki transmission superior corrosion resistant for optimal efficiency,0,2025-08-16T00:00:00,2025-09-01T00:00:00
68d141f1b3fce85d4c560d30,OEM Silicone Spray - Classic,Classic,Jawa,2023,,Maintenance,395.0,advanced weather resistant for better handling,8,3.3,37,,https://example.com/images/silicone_spray_classic.jpg,68d135063952f7cf7dee90f6,68d135063952f7cf7dee90f8,Manoj Automobiles,Dilshknagar,17.367642,78.534282,budget,modern,good,oem silicone spray classic classic jawa maintenance advanced weather resistant for better handling,0,2025-07-05T00:00:00,2025-07-05T00:00:00
68d141f1b3fce85d4c560d31,Genuine Coolant Drain Plug - Challenger,Challenger,Indian,2019,,Cooling System,6636.0,durable heat treated for enhanced safety,7,4.1,4,,https://example.com/images/coolant_drain_plug_challenger.jpg,68d135833952f7cf7dee9109,68d135833952f7cf7dee910b,Mounika Automobiles,Karimnagar,18.435781,79.132861,premium,modern,excellent,genuine coolant drain plug challenger challenger indian cooling system durable heat treated for enhanced safety,0,2025-07-03T00:00:00,2025-09-03T00:00:00
68d141f1b3fce85d4c560d32,Fuel Cock Assembly - Flyte,Flyte,Mahindra,2011,,Fuel System,7004.0,industrial grade heat treated for superior reliability,23,3.3,22,,https://example.com/images/fuel_cock_flyte.jpg,68d135d63952f7cf7dee911e,68d135d63952f7cf7dee9120,baskar Automobiles,Medak,18.048948,78.269372,premium,classic,good,fuel cock assembly flyte flyte mahindra fuel system industrial grade heat treated for superior reliability,0,2025-08-13T00:00:00,2025-08-15T00:00:00
68d141f1b3fce85d4c560d33,Dominar 400 Cooling Fan,Dominar 400,Bajaj,2020,,Cooling System,5961.0,racing quality corrosion resistant for better fuel economy,20,4.7,43,,https://example.com/images/cooling_fan_dominar_400.jpg,68d136193952f7cf7dee9131,68d136193952f7cf7dee9133,Mahesh Automobiles,Khammam,17.249885,80.15615,premium,modern,excellent,dominar 400 cooling fan dominar 400 bajaj cooling system racing quality corrosion resistant for better fuel economy,0,2025-07-23T00:00:00,2025-07-03T00:00:00
68d141f1b3fce85d4c560d34,Genuine Tank Cover - Avenis,Avenis,Suzuki,2015,,Body Parts,4967.0,precision made chemical resistant for reduced maintenance,22,3.3,18,,https://example.com/images/tank_cover_avenis.jpg,689d6959045c37933826818b,689d6959045c37933826818d,sai automobiles,RAMNAGAR COLONY PEERZADIGUDA UPPAL HYDERABAD,17.390358,78.606729,mid-range,modern,good,genuine tank cover avenis avenis suzuki body parts precision made chemical resistant for reduced maintenance,0,2025-07-15T00:00:00,2025-09-01T00:00:00
68d141f1b3fce85d4c560d35,OEM Clutch Basket - TNT 600i,TNT 600i,Benelli,2024,,Transmission,5387.0,racing quality impact resistant for better handling,14,4.4,7,,https://example.com/images/clutch_basket_tnt_600i.jpg,68ac2a8e3c73e23c655de052,68ac2a8f3c73e23c655de054,Swathi Automobiles,Chappal Bazar Road - Kachiguda ,17.38953,78.491245,premium,modern,excellent,oem clutch basket tnt 600i tnt 600i benelli transmission racing quality impact resistant for better handling,0,2025-08-06T00:00:00,2025-09-06T00:00:00
68d141f1b3fce85d4c560d36,Heavy Duty Knee Guard - SXR 160,SXR 160,Aprilia,2024,,Safety,1953.0,enhanced long lasting for enhanced durability,24,4.6,32,,https://example.com/images/knee_guard_sxr_160.jpg,68d0c47d09554c358655174b,68d0c47e09554c358655174d,Tarun Automobiles,,17.423605,78.546314,mid-range,modern,excellent,heavy duty knee guard sxr 160 sxr 160 aprilia safety enhanced long lasting for enhanced durability,0,2025-09-04T00:00:00,2025-07-30T00:00:00
68d141f1b3fce85d4c560d37,G 310 GS Water Hose,G 310 GS,BMW,2019,,Cooling System,5083.0,oem quality chemical resistant for enhanced durability,13,4.9,22,,https://example.com/images/water_hose_g_310_gs.jpg,68d133bf3952f7cf7dee90b7,68d133bf3952f7cf7dee90b9,Jyothi Automobiles,Hyderabad,17.511409,78.350972,premium,modern,excellent,310 gs water hose 310 gs bmw cooling system oem quality chemical resistant for enhanced durability,0,2025-07-24T00:00:00,2025-08-08T00:00:00
68d141f1b3fce85d4c560d38,Premium Brake Drum for Karizma XMR,Karizma XMR,Hero,2023,,Brakes,3688.0,professional grade fuel efficient for enhanced durability,23,4.5,42,,https://example.com/images/brake_drum_karizma_xmr.jpg,68d1346c3952f7cf7dee90d0,68d1346c3952f7cf7dee90d2,Kalyan Automobiles,Bala Nagar,17.475679,78.447328,mid-range,modern,excellent,premium brake drum for karizma xmr karizma xmr hero brakes professional grade fuel efficient for enhanced durability,0,2025-08-05T00:00:00,2025-08-01T00:00:00
68d141f1b3fce85d4c560d39,Genuine Starter Relay - Monaco,Monaco,Yezdi,2016,,Ignition,179.0,durable wear resistant for reduced maintenance,1,4.2,38,,https://example.com/images/starter_relay_monaco.jpg,68d134ac3952f7cf7dee90e3,68d134ac3952f7cf7dee90e5,Shiva sai Automobiles,Mahabubabad,17.594209,80.006903,budget,modern,excellent,genuine starter relay monaco monaco yezdi ignition durable wear resistant for reduced maintenance,0,2025-07-15T00:00:00,2025-09-06T00:00:00
68d141f1b3fce85d4c560d3a,Genuine Transmission Case - RS 125,RS 125,Aprilia,2023,,Transmission,4791.0,professional grade high strength for better handling,24,3.7,14,,https://example.com/images/transmission_case_rs_125.jpg,68d135063952f7cf7dee90f6,68d135063952f7cf7dee90f8,Manoj Automobiles,Dilshknagar,17.367642,78.534282,mid-range,modern,good,genuine transmission case rs 125 rs 125 aprilia transmission professional grade high strength for better handling,0,2025-08-28T00:00:00,2025-07-19T00:00:00
68d141f1b3fce85d4c560d3b,Genuine Power Cable - K 1600 GTL,K 1600 GTL,BMW,2014,,Electrical,5241.0,racing quality high strength for better fuel economy,14,3.6,12,,https://example.com/images/power_cable_k_1600_gtl.jpg,68d135833952f7cf7dee9109,68d135833952f7cf7dee910b,Mounika Automobiles,Karimnagar,18.435781,79.132861,premium,classic,good,genuine power cable 1600 gtl 1600 gtl bmw electrical racing quality high strength for better fuel economy,0,2025-08-27T00:00:00,2025-07-06T00:00:00
68d141f1b3fce85d4c560d3c,OEM Protective Pants - Apache RR 310,Apache RR 310,TVS,2015,,Safety,933.0,street performance fuel efficient for increased power,14,4.2,22,,https://example.com/images/protective_pants_apache_rr_310.jpg,68d135d63952f7cf7dee911e,68d135d63952f7cf7dee9120,baskar Automobiles,Medak,18.048948,78.269372,budget,modern,excellent,oem protective pants apache rr 310 apache rr 310 tvs safety street performance fuel efficient for increased power,0,2025-07-19T00:00:00,2025-07-05T00:00:00
68d141f1b3fce85d4c560d3d,Premium Fuel Filter for FZ-S,FZ-S,Yamaha,2023,,Fuel System,8712.0,heavy duty heat treated for reduced maintenance,19,4.8,36,,https://example.com/images/fuel_filter_fz_s.jpg,68d136193952f7cf7dee9131,68d136193952f7cf7dee9133,Mahesh Automobiles,Khammam,17.249885,80.15615,premium,modern,excellent,premium fuel filter for fz fz yamaha fuel system heavy duty heat treated for reduced maintenance,0,2025-08-15T00:00:00,2025-09-20T00:00:00
68d141f1b3fce85d4c560d3e,Genuine Chain Cleaner - F 850 GS,F 850 GS,BMW,2013,,Maintenance,831.0,lightweight eco friendly for enhanced safety,15,3.9,40,,https://example.com/images/chain_cleaner_f_850_gs.jpg,689d6959045c37933826818b,689d6959045c37933826818d,sai automobiles,RAMNAGAR COLONY PEERZADIGUDA UPPAL HYDERABAD,17.390358,78.606729,budget,classic,good,genuine chain cleaner 850 gs 850 gs bmw maintenance lightweight eco friendly for enhanced safety,0,2025-08-30T00:00:00,2025-08-17T00:00:00
68d141f1b3fce85d4c560d3f,Racing Sprocket Cover - Shiver 900,Shiver 900,Aprilia,2016,,Transmission,7861.0,industrial grade maintenance free for optimal efficiency,29,4.1,47,,https://example.com/images/sprocket_cover_shiver_900.jpg,68ac2a8e3c73e23c655de052,68ac2a8f3c73e23c655de054,Swathi Automobiles,Chappal Bazar Road - Kachiguda ,17.38953,78.491245,premium,modern,excellent,racing sprocket cover shiver 900 shiver 900 aprilia transmission industrial grade maintenance free for optimal efficiency,0,2025-09-06T00:00:00,2025-07-05T00:00:00
68d141f1b3fce85d4c560d40,Racing GPS Mount - ZX-6R,ZX-6R,Kawasaki,2018,,Accessories,4746.0,enhanced weather resistant for better control,18,4.9,43,,https://example.com/images/gps_mount_zx_6r.jpg,68d0c47d09554c358655174b,68d0c47e09554c358655174d,Tarun Automobiles,,17.423605,78.546314,mid-range,modern,excellent,racing gps mount zx 6r zx 6r kawasaki accessories enhanced weather resistant for better control,0,2025-07-27T00:00:00,2025-09-11T00:00:00
68d141f1b3fce85d4c560d41,Kawasaki Headlight Lens for Z900,Z900,Kawasaki,2014,,Lighting,3801.0,industrial grade chemical resistant for better fuel economy,10,4.1,12,,https://example.com/images/headlight_lens_z900.jpg,68d133bf3952f7cf7dee90b7,68d133bf3952f7cf7dee90b9,Jyothi Automobiles,Hyderabad,17.511409,78.350972,mid-range,classic,excellent,kawasaki headlight lens for z900 z900 kawasaki lighting industrial grade chemical resistant for better fuel economy,0,2025-07-04T00:00:00,2025-09-14T00:00:00
68d141f1b3fce85d4c560d42,Genuine Exhaust Clamp - 890 Adventure,890 Adventure,KTM,2025,,Exhaust,14224.0,precision made weather resistant for maximum protection,2,3.3,42,,https://example.com/images/exhaust_clamp_890_adventure.jpg,68d1346c3952f7cf7dee90d0,68d1346c3952f7cf7dee90d2,Kalyan Automobiles,Bala Nagar,17.475679,78.447328,premium,modern,good,genuine exhaust clamp 890 adventure 890 adventure ktm exhaust precision made weather resistant for maximum protection,0,2025-09-06T00:00:00,2025-09-07T00:00:00
68d141f1b3fce85d4c560d43,Wheel Bolt - Street Glide,Street Glide,Harley-Davidson,2012,,Wheels & Tires,8294.0,lightweight wear resistant for optimal efficiency,11,3.2,13,,https://example.com/images/wheel_bolt_street_glide.jpg,68d134ac3952f7cf7dee90e3,68d134ac3952f7cf7dee90e5,Shiva sai Automobiles,Mahabubabad,17.594209,80.006903,premium,classic,good,wheel bolt street glide street glide harley davidson wheels tires lightweight wear resistant for optimal efficiency,0,2025-09-01T00:00:00,2025-08-18T00:00:00
68d141f1b3fce85d4c560d44,Performance Chain Tensioner - G 310 R,G 310 R,BMW,2022,,Drivetrain,3801.0,heavy duty eco friendly for enhanced stability,1,4.1,31,,https://example.com/images/chain_tensioner_g_310_r.jpg,68d135063952f7cf7dee90f6,68d135063952f7cf7dee90f8,Manoj Automobiles,Dilshknagar,17.367642,78.534282,mid-range,modern,excellent,performance chain tensioner 310 310 bmw drivetrain heavy duty eco friendly for enhanced stability,0,2025-08-11T00:00:00,2025-07-03T00:00:00
68d141f1b3fce85d4c560d45,Performance Coolant Pump - Sport,Sport,Jawa,2024,,Cooling System,6230.0,superior noise reducing for enhanced safety,23,4.2,7,,https://example.com/images/coolant_pump_sport.jpg,68d135833952f7cf7dee9109,68d135833952f7cf7dee910b,Mounika Automobiles,Karimnagar,18.435781,79.132861,premium,modern,excellent,performance coolant pump sport sport jawa cooling system superior noise reducing for enhanced safety,0,2025-07-19T00:00:00,2025-09-09T00:00:00
68d141f1b3fce85d4c560d46,Iron 883 Fuel Rail,Iron 883,Harley-Davidson,2023,,Fuel System,7578.0,street performance weather resistant for longer life,4,3.9,17,,https://example.com/images/fuel_rail_iron_883.jpg,68d135d63952f7cf7dee911e,68d135d63952f7cf7dee9120,baskar Automobiles,Medak,18.048948,78.269372,premium,modern,good,iron 883 fuel rail iron 883 harley davidson fuel system street performance weather resistant for longer life,0,2025-09-16T00:00:00,2025-08-20T00:00:00
68d141f1b3fce85d4c560d47,Premium Condenser for Dominar 400,Dominar 400,Bajaj,2013,,Ignition,1144.0,long lasting vibration dampening for enhanced safety,5,3.8,50,,https://example.com/images/condenser_dominar_400.jpg,68d136193952f7cf7dee9131,68d136193952f7cf7dee9133,Mahesh Automobiles,Khammam,17.249885,80.15615,mid-range,classic,good,premium condenser for dominar 400 dominar 400 bajaj ignition long lasting vibration dampening for enhanced safety,0,2025-07-07T00:00:00,2025-07-06T00:00:00
68d141f1b3fce85d4c560d48,Heavy Duty Ignition Module - Versys-X 300,Versys-X 300,Kawasaki,2016,,Ignition,367.0,industrial grade fuel efficient for improved performance,19,3.3,28,,https://example.com/images/ignition_module_versys_x_300.jpg,689d6959045c37933826818b,689d6959045c37933826818d,sai automobiles,RAMNAGAR COLONY PEERZADIGUDA UPPAL HYDERABAD,17.390358,78.606729,budget,modern,good,heavy duty ignition module versys 300 versys 300 kawasaki ignition industrial grade fuel efficient for improved performance,0,2025-09-18T00:00:00,2025-09-08T00:00:00
68d141f1b3fce85d4c560d49,Heavy Duty Warning Light - Unicorn,Unicorn,Honda,2014,,Safety,5645.0,premium quality wear resistant for improved performance,3,4.6,48,,https://example.com/images/warning_light_unicorn.jpg,68ac2a8e3c73e23c655de052,68ac2a8f3c73e23c655de054,Swathi Automobiles,Chappal Bazar Road - Kachiguda ,17.38953,78.491245,premium,classic,excellent,heavy duty warning light unicorn unicorn honda safety premium quality wear resistant for improved performance,0,2025-07-08T00:00:00,2025-07-16T00:00:00
68d141f1b3fce85d4c560d4a,Racing Baffle - Chetak Electric,Chetak Electric,Bajaj,2018,,Exhaust,10703.0,enhanced vibration dampening for better fuel economy,11,4.1,10,,https://example.com/images/baffle_chetak_electric.jpg,68d0c47d09554c358655174b,68d0c47e09554c358655174d,Tarun Automobiles,,17.423605,78.546314,premium,modern,excellent,racing baffle chetak electric chetak electric bajaj exhaust enhanced vibration dampening for better fuel economy,0,2025-09-19T00:00:00,2025-07-20T00:00:00
68d141f1b3fce85d4c560d4b,OEM Headlight Lens - Ninja H2,Ninja H2,Kawasaki,2017,,Lighting,5798.0,advanced temperature stable for enhanced durability,7,4.0,4,,https://example.com/images/headlight_lens_ninja_h2.jpg,68d133bf3952f7cf7dee90b7,68d133bf3952f7cf7dee90b9,Jyothi Automobiles,Hyderabad,17.511409,78.350972,premium,modern,excellent,oem headlight lens ninja h2 ninja h2 kawasaki lighting advanced temperature stable for enhanced durability,0,2025-08-17T00:00:00,2025-07-28T00:00:00
68d141f1b3fce85d4c560d4c,Genuine Paper Filter - Apache RTR 180,Apache RTR 180,TVS,2020,,Filters,1233.0,enhanced temperature stable for enhanced durability,14,3.7,23,,https://example.com/images/paper_filter_apache_rtr_180.jpg,68d1346c3952f7cf7dee90d0,68d1346c3952f7cf7dee90d2,Kalyan Automobiles,Bala Nagar,17.475679,78.447328,mid-range,modern,good,genuine paper filter apache rtr 180 apache rtr 180 tvs filters enhanced temperature stable for enhanced durability,0,2025-09-17T00:00:00,2025-09-03T00:00:00
68d141f1b3fce85d4c560d4d,Harley-Davidson Battery for LiveWire,LiveWire,Harley-Davidson,2023,,Electrical,1230.0,heavy duty fuel efficient for better fuel economy,27,3.9,12,,https://example.com/images/battery_livewire.jpg,68d134ac3952f7cf7dee90e3,68d134ac3952f7cf7dee90e5,Shiva sai Automobiles,Mahabubabad,17.594209,80.006903,mid-range,modern,good,harley davidson battery for livewire livewire harley davidson electrical heavy duty fuel efficient for better fuel economy,0,2025-09-08T00:00:00,2025-07-22T00:00:00
68d141f1b3fce85d4c560d4e,Heavy Duty Degreaser - R15 V4,R15 V4,Yamaha,2016,,Maintenance,963.0,street performance maintenance free for improved performance,12,4.7,20,,https://example.com/images/degreaser_r15_v4.jpg,68d135063952f7cf7dee90f6,68d135063952f7cf7dee90f8,Manoj Automobiles,Dilshknagar,17.367642,78.534282,budget,modern,excellent,heavy duty degreaser r15 v4 r15 v4 yamaha maintenance street performance maintenance free for improved performance,0,2025-09-09T00:00:00,2025-09-07T00:00:00
68d141f1b3fce85d4c560d4f,OEM Coolant Drain Plug - Tiger 900,Tiger 900,Triumph,2016,,Cooling System,8716.0,heavy duty corrosion resistant for enhanced durability,22,4.3,39,,https://example.com/images/coolant_drain_plug_tiger_900.jpg,68d135833952f7cf7dee9109,68d135833952f7cf7dee910b,Mounika Automobiles,Karimnagar,18.435781,79.132861,premium,modern,excellent,oem coolant drain plug tiger 900 tiger 900 triumph cooling system heavy duty corrosion resistant for enhanced durability,0,2025-09-05T00:00:00,2025-07-10T00:00:00
68d141f1b3fce85d4c560d50,Oil Cooler - Turismo Veloce,Turismo Veloce,MV Agusta,2016,,Cooling System,3009.0,racing quality eco friendly for smoother operation,13,4.2,38,,https://example.com/images/oil_cooler_turismo_veloce.jpg,68d135d63952f7cf7dee911e,68d135d63952f7cf7dee9120,baskar Automobiles,Medak,18.048948,78.269372,mid-range,modern,excellent,oil cooler turismo veloce turismo veloce mv agusta cooling system racing quality eco friendly for smoother operation,0,2025-08-31T00:00:00,2025-08-27T00:00:00
68d141f1b3fce85d4c560d51,Genuine Riding Boots - SP 125,SP 125,Honda,2011,,Safety,5149.0,premium quality precision engineered for improved comfort,21,3.3,41,,https://example.com/images/riding_boots_sp_125.jpg,68d136193952f7cf7dee9131,68d136193952f7cf7dee9133,Mahesh Automobiles,Khammam,17.249885,80.15615,premium,classic,good,genuine riding boots sp 125 sp 125 honda safety premium quality precision engineered for improved comfort,0,2025-07-30T00:00:00,2025-07-28T00:00:00
68d141f1b3fce85d4c560d52,RC 200 Torque Converter,RC 200,KTM,2010,,Drivetrain,7434.0,street performance maintenance free for reduced maintenance,27,4.6,1,,https://example.com/images/torque_converter_rc_200.jpg,689d6959045c37933826818b,689d6959045c37933826818d,sai automobiles,RAMNAGAR COLONY PEERZADIGUDA UPPAL HYDERABAD,17.390358,78.606729,premium,classic,excellent,rc 200 torque converter rc 200 ktm drivetrain street performance maintenance free for reduced maintenance,0,2025-08-24T00:00:00,2025-08-08T00:00:00
68d141f1b3fce85d4c560d53,Performance Silicone Spray - CBZ Xtreme,CBZ Xtreme,Hero,2017,,Maintenance,407.0,professional grade chemical resistant for better control,19,3.5,28,,https://example.com/images/silicone_spray_cbz_xtreme.jpg,68ac2a8e3c73e23c655de052,68ac2a8f3c73e23c655de054,Swathi Automobiles,Chappal Bazar Road - Kachiguda ,17.38953,78.491245,budget,modern,good,performance silicone spray cbz xtreme cbz xtreme hero maintenance professional grade chemical resistant for better control,0,2025-09-02T00:00:00,2025-07-09T00:00:00
68d141f1b3fce85d4c560d54,Triumph Helmet Lock for Bonneville T120,Bonneville T120,Triumph,2016,,Accessories,5559.0,professional grade precision engineered for better handling,23,3.5,15,,https://example.com/images/helmet_lock_bonneville_t120.jpg,68d0c47d09554c358655174b,68d0c47e09554c358655174d,Tarun Automobiles,,17.423605,78.546314,premium,modern,good,triumph helmet lock for bonneville t120 bonneville t120 triumph accessories professional grade precision engineered for better handling,0,2025-09-08T00:00:00,2025-07-13T00:00:00
68d141f1b3fce85d4c560d55,Genuine Rear Tire - Imperiale 400,Imperiale 400,Benelli,2012,,Wheels & Tires,1801.0,lightweight chemical resistant for smoother operation,1,4.4,36,,https://example.com/images/rear_tire_imperiale_400.jpg,68d133bf3952f7cf7dee90b7,68d133bf3952f7cf7dee90b9,Jyothi Automobiles,Hyderabad,17.511409,78.350972,mid-range,classic,excellent,genuine rear tire imperiale 400 imperiale 400 benelli wheels tires lightweight chemical resistant for smoother operation,0,2025-08-22T00:00:00,2025-08-10T00:00:00
68d141f1b3fce85d4c560d56,Heavy Duty Emergency Light - MT-03,MT-03,Yamaha,2021,,Lighting,3386.0,racing quality eco friendly for better handling,6,4.9,38,,https://example.com/images/emergency_light_mt_03.jpg,68d1346c3952f7cf7dee90d0,68d1346c3952f7cf7dee90d2,Kalyan Automobiles,Bala Nagar,17.475679,78.447328,mid-range,modern,excellent,heavy duty emergency light mt 03 mt 03 yamaha lighting racing quality eco friendly for better handling,0,2025-08-29T00:00:00,2025-07-26T00:00:00
68d141f1b3fce85d4c560d57,Genuine Clutch Cable - SR 160,SR 160,Aprilia,2016,,Transmission,5286.0,premium quality vibration dampening for enhanced safety,30,4.1,31,,https://example.com/images/clutch_cable_sr_160.jpg,68d134ac3952f7cf7dee90e3,68d134ac3952f7cf7dee90e5,Shiva sai Automobiles,Mahabubabad,17.594209,80.006903,premium,modern,excellent,genuine clutch cable sr 160 sr 160 aprilia transmission premium quality vibration dampening for enhanced safety,0,2025-09-13T00:00:00,2025-07-22T00:00:00
68d141f1b3fce85d4c560d58,Condenser - Brutale 800,Brutale 800,MV Agusta,2023,,Ignition,690.0,superior heat treated for better control,21,3.4,23,,https://example.com/images/condenser_brutale_800.jpg,68d135063952f7cf7dee90f6,68d135063952f7cf7dee90f8,Manoj Automobiles,Dilshknagar,17.367642,78.534282,budget,modern,good,condenser brutale 800 brutale 800 mv agusta ignition superior heat treated for better control,0,2025-07-01T00:00:00,2025-07-07T00:00:00
68d141f1b3fce85d4c560d59,Genuine Slip-on Exhaust - Sport,Sport,TVS,2020,,Exhaust,19961.0,industrial grade temperature stable for enhanced durability,3,4.0,20,,https://example.com/images/slip-on_exhaust_sport.jpg,68d135833952f7cf7dee9109,68d135833952f7cf7dee910b,Mounika Automobiles,Karimnagar,18.435781,79.132861,premium,modern,excellent,genuine slip on exhaust sport sport tvs exhaust industrial grade temperature stable for enhanced durability,0,2025-08-07T00:00:00,2025-08-09T00:00:00
68d141f1b3fce85d4c560d5a,Stallio Fuel Filter,Stallio,Mahindra,2012,,Fuel System,1293.0,lightweight fuel efficient for superior reliability,13,4.6,27,,https://example.com/images/fuel_filter_stallio.jpg,68d135d63952f7cf7dee911e,68d135d63952f7cf7dee9120,baskar Automobiles,Medak,18.048948,78.269372,mid-range,classic,excellent,stallio fuel filter stallio mahindra fuel system lightweight fuel efficient for superior reliability,0,2025-08-19T00:00:00,2025-07-04T00:00:00
68d141f1b3fce85d4c560d5b,Genuine Steering Head Bearing - Karizma XMR,Karizma XMR,Hero,2014,,Suspension,6210.0,precision made corrosion resistant for enhanced safety,12,3.6,35,,https://example.com/images/steering_head_bearing_karizma_xmr.jpg,68d136193952f7cf7dee9131,68d136193952f7cf7dee9133,Mahesh Automobiles,Khammam,17.249885,80.15615,premium,classic,good,genuine steering head bearing karizma xmr karizma xmr hero suspension precision made corrosion resistant for enhanced safety,0,2025-08-28T00:00:00,2025-07-15T00:00:00
68d141f1b3fce85d4c560d5c,Drive Shaft Assembly - Classic 500,Classic 500,Royal Enfield,2017,,Drivetrain,4239.0,advanced precision engineered for better fuel economy,14,3.4,39,,https://example.com/images/drive_shaft_classic_500.jpg,689d6959045c37933826818b,689d6959045c37933826818d,sai automobiles,RAMNAGAR COLONY PEERZADIGUDA UPPAL HYDERABAD,17.390358,78.606729,mid-range,modern,good,drive shaft assembly classic 500 classic 500 royal enfield drivetrain advanced precision engineered for better fuel economy,0,2025-07-24T00:00:00,2025-07-08T00:00:00
68d141f1b3fce85d4c560d5d,Thread Locker - Ignitor,Ignitor,Hero,2012,,Maintenance,176.0,street performance wear resistant for increased power,11,4.7,5,,https://example.com/images/thread_locker_ignitor.jpg,68ac2a8e3c73e23c655de052,68ac2a8f3c73e23c655de054,Swathi Automobiles,Chappal Bazar Road - Kachiguda ,17.38953,78.491245,budget,classic,excellent,thread locker ignitor ignitor hero maintenance street performance wear resistant for increased power,0,2025-08-27T00:00:00,2025-08-16T00:00:00
68d141f1b3fce85d4c560d5e,Suzuki Front Tire for Intruder,Intruder,Suzuki,2019,,Wheels & Tires,4791.0,industrial grade wear resistant for maximum protection,24,3.6,6,,https://example.com/images/front_tire_intruder.jpg,68d0c47d09554c358655174b,68d0c47e09554c358655174d,Tarun Automobiles,,17.423605,78.546314,mid-range,modern,good,suzuki front tire for intruder intruder suzuki wheels tires industrial grade wear resistant for maximum protection,0,2025-07-22T00:00:00,2025-07-08T00:00:00
68d141f1b3fce85d4c560d5f,Honda Chain Cleaner for CBR150R,CBR150R,Honda,2010,,Maintenance,73.0,professional grade maintenance free for optimal efficiency,8,4.6,34,,https://example.com/images/chain_cleaner_cbr150r.jpg,68d133bf3952f7cf7dee90b7,68d133bf3952f7cf7dee90b9,Jyothi Automobiles,Hyderabad,17.511409,78.350972,budget,classic,excellent,honda chain cleaner for cbr150r cbr150r honda maintenance professional grade maintenance free for optimal efficiency,0,2025-08-31T00:00:00,2025-07-20T00:00:00
68d141f1b3fce85d4c560d60,Gear Oil Assembly - Adventure,Adventure,Yezdi,2023,,Maintenance,763.0,street performance impact resistant for improved performance,11,4.1,1,,https://example.com/images/gear_oil_adventure.jpg,68d1346c3952f7cf7dee90d0,68d1346c3952f7cf7dee90d2,Kalyan Automobiles,Bala Nagar,17.475679,78.447328,budget,modern,excellent,gear oil assembly adventure adventure yezdi maintenance street performance impact resistant for improved performance,0,2025-08-24T00:00:00,2025-07-05T00:00:00
68d141f1b3fce85d4c560d61,Chain Lube - Xpulse 200,Xpulse 200,Hero,2017,,Maintenance,340.0,oem quality temperature stable for optimal efficiency,8,4.1,7,,https://example.com/images/chain_lube_xpulse_200.jpg,68d134ac3952f7cf7dee90e3,68d134ac3952f7cf7dee90e5,Shiva sai Automobiles,Mahabubabad,17.594209,80.006903,budget,modern,excellent,chain lube xpulse 200 xpulse 200 hero maintenance oem quality temperature stable for optimal efficiency,0,2025-07-13T00:00:00,2025-08-14T00:00:00
68d141f1b3fce85d4c560d62,Engine Cover Assembly - Sportster S,Sportster S,Harley-Davidson,2014,,Body Parts,4378.0,lightweight precision engineered for superior reliability,30,3.3,24,,https://example.com/images/engine_cover_sportster_s.jpg,68d135063952f7cf7dee90f6,68d135063952f7cf7dee90f8,Manoj Automobiles,Dilshknagar,17.367642,78.534282,mid-range,classic,good,engine cover assembly sportster sportster harley davidson body parts lightweight precision engineered for superior reliability,0,2025-07-14T00:00:00,2025-07-07T00:00:00
68d141f1b3fce85d4c560d63,Max 125 Water Hose,Max 125,TVS,2022,,Cooling System,6491.0,oem quality noise reducing for better control,16,3.9,44,,https://example.com/images/water_hose_max_125.jpg,68d135833952f7cf7dee9109,68d135833952f7cf7dee910b,Mounika Automobiles,Karimnagar,18.435781,79.132861,premium,modern,good,max 125 water hose max 125 tvs cooling system oem quality noise reducing for better control,0,2025-09-04T00:00:00,2025-09-12T00:00:00
68d141f1b3fce85d4c560d64,Genuine Mudguard - Storm 125,Storm 125,Aprilia,2025,,Body Parts,2066.0,long lasting corrosion resistant for better control,12,4.1,4,,https://example.com/images/mudguard_storm_125.jpg,68d135d63952f7cf7dee911e,68d135d63952f7cf7dee9120,baskar Automobiles,Medak,18.048948,78.269372,mid-range,modern,excellent,genuine mudguard storm 125 storm 125 aprilia body parts long lasting corrosion resistant for better control,0,2025-08-21T00:00:00,2025-07-22T00:00:00
68d141f1b3fce85d4c560d65,Brake Hose - R15M,R15M,Yamaha,2021,,Brakes,4383.0,heavy duty weather resistant for maximum protection,11,4.3,31,,https://example.com/images/brake_hose_r15m.jpg,68d136193952f7cf7dee9131,68d136193952f7cf7dee9133,Mahesh Automobiles,Khammam,17.249885,80.15615,mid-range,modern,excellent,brake hose r15m r15m yamaha brakes heavy duty weather resistant for maximum protection,0,2025-09-17T00:00:00,2025-09-11T00:00:00
68d141f1b3fce85d4c560d66,Chain Tensioner Assembly - Tiger 900,Tiger 900,Triumph,2025,,Drivetrain,2842.0,long lasting wear resistant for superior reliability,21,4.6,16,,https://example.com/images/chain_tensioner_tiger_900.jpg,689d6959045c37933826818b,689d6959045c37933826818d,sai automobiles,RAMNAGAR COLONY PEERZADIGUDA UPPAL HYDERABAD,17.390358,78.606729,mid-range,modern,excellent,chain tensioner assembly tiger 900 tiger 900 triumph drivetrain long lasting wear resistant for superior reliability,0,2025-08-27T00:00:00,2025-08-06T00:00:00
68d141f1b3fce85d4c560d67,FZ-S Sprocket Bolt,FZ-S,Yamaha,2024,,Drivetrain,7360.0,enhanced eco friendly for superior reliability,8,4.0,38,,https://example.com/images/sprocket_bolt_fz_s.jpg,68ac2a8e3c73e23c655de052,68ac2a8f3c73e23c655de054,Swathi Automobiles,Chappal Bazar Road - Kachiguda ,17.38953,78.491245,premium,modern,excellent,fz sprocket bolt fz yamaha drivetrain enhanced eco friendly for superior reliability,0,2025-08-26T00:00:00,2025-07-08T00:00:00
68d141f1b3fce85d4c560d68,Footpeg Set Assembly - Scooty Pep Plus,Scooty Pep Plus,TVS,2024,,Accessories,1088.0,durable long lasting for maximum protection,12,4.7,33,,https://example.com/images/footpeg_set_scooty_pep_plus.jpg,68d0c47d09554c358655174b,68d0c47e09554c358655174d,Tarun Automobiles,,17.423605,78.546314,mid-range,modern,excellent,footpeg set assembly scooty pep plus scooty pep plus tvs accessories durable long lasting for maximum protection,0,2025-07-04T00:00:00,2025-09-02T00:00:00
68d141f1b3fce85d4c560d69,Heavy Duty Spacer - Mojo,Mojo,Mahindra,2020,,Wheels & Tires,6211.0,oem quality impact resistant for increased power,9,4.8,20,,https://example.com/images/spacer_mojo.jpg,68d133bf3952f7cf7dee90b7,68d133bf3952f7cf7dee90b9,Jyothi Automobiles,Hyderabad,17.511409,78.350972,premium,modern,excellent,heavy duty spacer mojo mojo mahindra wheels tires oem quality impact resistant for increased power,0,2025-09-19T00:00:00,2025-09-14T00:00:00
68d141f1b3fce85d4c560d6a,Belly Pan - Panigale 959,Panigale 959,Ducati,2021,,Body Parts,6843.0,industrial grade heat treated for improved comfort,29,3.2,44,,https://example.com/images/belly_pan_panigale_959.jpg,68d1346c3952f7cf7dee90d0,68d1346c3952f7cf7dee90d2,Kalyan Automobiles,Bala Nagar,17.475679,78.447328,premium,modern,good,belly pan panigale 959 panigale 959 ducati body parts industrial grade heat treated for improved comfort,0,2025-07-03T00:00:00,2025-08-27T00:00:00
68d141f1b3fce85d4c560d6b,Premium Tube for CL 300,CL 300,Jawa,2022,,Wheels & Tires,1320.0,lightweight wear resistant for optimal efficiency,10,4.4,21,,https://example.com/images/tube_cl_300.jpg,68d134ac3952f7cf7dee90e3,68d134ac3952f7cf7dee90e5,Shiva sai Automobiles,Mahabubabad,17.594209,80.006903,mid-range,modern,excellent,premium tube for cl 300 cl 300 jawa wheels tires lightweight wear resistant for optimal efficiency,0,2025-07-27T00:00:00,2025-07-16T00:00:00
68d141f1b3fce85d4c560d6c,Performance Center Stand - Jupiter,Jupiter,TVS,2023,,Body Parts,6094.0,heavy duty impact resistant for better fuel economy,1,4.2,11,,https://example.com/images/center_stand_jupiter.jpg,68d135063952f7cf7dee90f6,68d135063952f7cf7dee90f8,Manoj Automobiles,Dilshknagar,17.367642,78.534282,premium,modern,excellent,performance center stand jupiter jupiter tvs body parts heavy duty impact resistant for better fuel economy,0,2025-08-30T00:00:00,2025-08-28T00:00:00
68d141f1b3fce85d4c560d6d,Mirror Set Assembly - Scram 411,Scram 411,Royal Enfield,2025,,Accessories,2979.0,professional grade vibration dampening for longer life,22,4.7,42,,https://example.com/images/mirror_set_scram_411.jpg,68d135833952f7cf7dee9109,68d135833952f7cf7dee910b,Mounika Automobiles,Karimnagar,18.435781,79.132861,mid-range,modern,excellent,mirror set assembly scram 411 scram 411 royal enfield accessories professional grade vibration dampening for longer life,0,2025-07-01T00:00:00,2025-08-20T00:00:00
68d141f1b3fce85d4c560d6e,Heavy Duty Reserve Tank - Ninja ZX-10R,Ninja ZX-10R,Kawasaki,2017,,Fuel System,3465.0,long lasting precision engineered for maximum protection,5,3.3,43,,https://example.com/images/reserve_tank_ninja_zx_10r.jpg,68d135d63952f7cf7dee911e,68d135d63952f7cf7dee9120,baskar Automobiles,Medak,18.048948,78.269372,mid-range,modern,good,heavy duty reserve tank ninja zx 10r ninja zx 10r kawasaki fuel system long lasting precision engineered for maximum protection,0,2025-08-19T00:00:00,2025-07-30T00:00:00
68d141f1b3fce85d4c560d6f,Genuine Flasher Relay - Street Glide,Street Glide,Harley-Davidson,2017,,Electrical,5744.0,industrial grade long lasting for smoother operation,1,3.9,23,,https://example.com/images/flasher_relay_street_glide.jpg,68d136193952f7cf7dee9131,68d136193952f7cf7dee9133,Mahesh Automobiles,Khammam,17.249885,80.15615,premium,modern,good,genuine flasher relay street glide street glide harley davidson electrical industrial grade long lasting for smoother operation,0,2025-08-12T00:00:00,2025-07-18T00:00:00
68d141f1b3fce85d4c560d70,Premium Wheel Hub for Speed Triple,Speed Triple,Triumph,2010,,Wheels & Tires,11345.0,racing quality noise reducing for better control,10,4.7,0,,https://example.com/images/wheel_hub_speed_triple.jpg,689d6959045c37933826818b,689d6959045c37933826818d,sai automobiles,RAMNAGAR COLONY PEERZADIGUDA UPPAL HYDERABAD,17.390358,78.606729,premium,classic,excellent,premium wheel hub for speed triple speed triple triumph wheels tires racing quality noise reducing for better control,0,2025-07-27T00:00:00,2025-08-25T00:00:00
68d141f1b3fce85d4c560d71,Genuine Indicator Bulb - Street Triple,Street Triple,Triumph,2018,,Lighting,3510.0,long lasting maintenance free for smoother operation,16,4.8,24,,https://example.com/images/indicator_bulb_street_triple.jpg,68ac2a8e3c73e23c655de052,68ac2a8f3c73e23c655de054,Swathi Automobiles,Chappal Bazar Road - Kachiguda ,17.38953,78.491245,mid-range,modern,excellent,genuine indicator bulb street triple street triple triumph lighting long lasting maintenance free for smoother operation,0,2025-07-03T00:00:00,2025-07-05T00:00:00
68d141f1b3fce85d4c560d72,Performance Gasket Maker - Intruder,Intruder,Suzuki,2022,,Maintenance,444.0,precision made noise reducing for enhanced stability,13,3.5,24,,https://example.com/images/gasket_maker_intruder.jpg,68d0c47d09554c358655174b,68d0c47e09554c358655174d,Tarun Automobiles,,17.423605,78.546314,budget,modern,good,performance gasket maker intruder intruder suzuki maintenance precision made noise reducing for enhanced stability,0,2025-08-14T00:00:00,2025-08-23T00:00:00
68d141f1b3fce85d4c560d73,Shotgun 650 Sprocket Bolt,Shotgun 650,Royal Enfield,2018,,Drivetrain,803.0,industrial grade temperature stable for enhanced safety,8,3.6,41,,https://example.com/images/sprocket_bolt_shotgun_650.jpg,68d133bf3952f7cf7dee90b7,68d133bf3952f7cf7dee90b9,Jyothi Automobiles,Hyderabad,17.511409,78.350972,budget,modern,good,shotgun 650 sprocket bolt shotgun 650 royal enfield drivetrain industrial grade temperature stable for enhanced safety,0,2025-09-08T00:00:00,2025-08-09T00:00:00
68d141f1b3fce85d4c560d74,Benelli Oil Ring for TNT 899,TNT 899,Benelli,2024,,Engine,12844.0,enhanced maintenance free for longer life,21,4.3,49,,https://example.com/images/oil_ring_tnt_899.jpg,68d1346c3952f7cf7dee90d0,68d1346c3952f7cf7dee90d2,Kalyan Automobiles,Bala Nagar,17.475679,78.447328,premium,modern,excellent,benelli oil ring for tnt 899 tnt 899 benelli engine enhanced maintenance free for longer life,0,2025-07-07T00:00:00,2025-07-02T00:00:00
68d141f1b3fce85d4c560d75,Leoncino 500 Front Sprocket,Leoncino 500,Benelli,2011,,Drivetrain,7709.0,oem quality fuel efficient for enhanced durability,28,3.8,21,,https://example.com/images/front_sprocket_leoncino_500.jpg,68d134ac3952f7cf7dee90e3,68d134ac3952f7cf7dee90e5,Shiva sai Automobiles,Mahabubabad,17.594209,80.006903,premium,classic,good,leoncino 500 front sprocket leoncino 500 benelli drivetrain oem quality fuel efficient for enhanced durability,0,2025-08-28T00:00:00,2025-08-17T00:00:00
68d141f1b3fce85d4c560d76,Heavy Duty Tire Sealant - Gixxer,Gixxer,Suzuki,2011,,Wheels & Tires,3372.0,long lasting wear resistant for better control,24,4.0,29,,https://example.com/images/tire_sealant_gixxer.jpg,68d135063952f7cf7dee90f6,68d135063952f7cf7dee90f8,Manoj Automobiles,Dilshknagar,17.367642,78.534282,mid-range,classic,excellent,heavy duty tire sealant gixxer gixxer suzuki wheels tires long lasting wear resistant for better control,0,2025-07-17T00:00:00,2025-07-12T00:00:00
68d141f1b3fce85d4c560d77,Performance Rear Shock Absorber - Zest,Zest,TVS,2020,,Suspension,6877.0,street performance chemical resistant for better control,9,4.7,1,,https://example.com/images/rear_shock_absorber_zest.jpg,68d135833952f7cf7dee9109,68d135833952f7cf7dee910b,Mounika Automobiles,Karimnagar,18.435781,79.132861,premium,modern,excellent,performance rear shock absorber zest zest tvs suspension street performance chemical resistant for better control,0,2025-08-09T00:00:00,2025-09-09T00:00:00
68d141f1b3fce85d4c560d78,Lower Triple Tree - CL2,CL2,Yezdi,2016,,Suspension,4118.0,industrial grade wear resistant for enhanced durability,10,4.4,39,,https://example.com/images/lower_triple_tree_cl2.jpg,68d135d63952f7cf7dee911e,68d135d63952f7cf7dee9120,baskar Automobiles,Medak,18.048948,78.269372,mid-range,modern,excellent,lower triple tree cl2 cl2 yezdi suspension industrial grade wear resistant for enhanced durability,0,2025-08-25T00:00:00,2025-07-18T00:00:00
68d141f1b3fce85d4c560d79,Heavy Duty End Cap - Roadking,Roadking,Yezdi,2017,,Exhaust,3232.0,premium quality wear resistant for maximum protection,24,4.9,29,,https://example.com/images/end_cap_roadking.jpg,68d136193952f7cf7dee9131,68d136193952f7cf7dee9133,Mahesh Automobiles,Khammam,17.249885,80.15615,mid-range,modern,excellent,heavy duty end cap roadking roadking yezdi exhaust premium quality wear resistant for maximum protection,0,2025-09-16T00:00:00,2025-08-17T00:00:00
68d141f1b3fce85d4c560d7a,Racing Tail Pipe - Jupiter,Jupiter,TVS,2017,,Exhaust,15546.0,long lasting precision engineered for enhanced safety,6,4.1,35,,https://example.com/images/tail_pipe_jupiter.jpg,689d6959045c37933826818b,689d6959045c37933826818d,sai automobiles,RAMNAGAR COLONY PEERZADIGUDA UPPAL HYDERABAD,17.390358,78.606729,premium,modern,excellent,racing tail pipe jupiter jupiter tvs exhaust long lasting precision engineered for enhanced safety,0,2025-08-01T00:00:00,2025-08-25T00:00:00
68d141f1b3fce85d4c560d7b,Genuine Water Pipe - CB Hornet 2.0,CB Hornet 2.0,Honda,2025,,Cooling System,11247.0,durable eco friendly for enhanced stability,15,4.6,22,,https://example.com/images/water_pipe_cb_hornet_2.0.jpg,68ac2a8e3c73e23c655de052,68ac2a8f3c73e23c655de054,Swathi Automobiles,Chappal Bazar Road - Kachiguda ,17.38953,78.491245,premium,modern,excellent,genuine water pipe cb hornet cb hornet honda cooling system durable eco friendly for enhanced stability,0,2025-08-09T00:00:00,2025-08-13T00:00:00
68d141f1b3fce85d4c560d7c,Hypermotard Fan Shroud,Hypermotard,Ducati,2010,,Cooling System,9315.0,heavy duty wear resistant for reduced maintenance,18,3.9,5,,https://example.com/images/fan_shroud_hypermotard.jpg,68d0c47d09554c358655174b,68d0c47e09554c358655174d,Tarun Automobiles,,17.423605,78.546314,premium,classic,good,hypermotard fan shroud hypermotard ducati cooling system heavy duty wear resistant for reduced maintenance,0,2025-08-15T00:00:00,2025-08-24T00:00:00
68d141f1b3fce85d4c560d7d,Racing Tank Cap - RS 125,RS 125,Aprilia,2021,,Fuel System,6548.0,oem quality precision engineered for superior reliability,20,3.9,18,,https://example.com/images/tank_cap_rs_125.jpg,68d133bf3952f7cf7dee90b7,68d133bf3952f7cf7dee90b9,Jyothi Automobiles,Hyderabad,17.511409,78.350972,premium,modern,good,racing tank cap rs 125 rs 125 aprilia fuel system oem quality precision engineered for superior reliability,0,2025-07-01T00:00:00,2025-09-08T00:00:00
68d141f1b3fce85d4c560d7e,Performance Warning Light - V12,V12,Bajaj,2024,,Safety,5872.0,racing quality high strength for enhanced durability,24,4.8,17,,https://example.com/images/warning_light_v12.jpg,68d1346c3952f7cf7dee90d0,68d1346c3952f7cf7dee90d2,Kalyan Automobiles,Bala Nagar,17.475679,78.447328,premium,modern,excellent,performance warning light v12 v12 bajaj safety racing quality high strength for enhanced durability,0,2025-09-06T00:00:00,2025-08-10T00:00:00
68d141f1b3fce85d4c560d7f,Premium Flywheel for Adventure 390,Adventure 390,KTM,2017,,Engine,17159.0,oem quality corrosion resistant for reduced maintenance,4,4.8,48,,https://example.com/images/flywheel_adventure_390.jpg,68d134ac3952f7cf7dee90e3,68d134ac3952f7cf7dee90e5,Shiva sai Automobiles,Mahabubabad,17.594209,80.006903,premium,modern,excellent,premium flywheel for adventure 390 adventure 390 ktm engine oem quality corrosion resistant for reduced maintenance,0,2025-08-04T00:00:00,2025-09-06T00:00:00
68d141f1b3fce85d4c560d80,Wind Screen Assembly - MT-03,MT-03,Yamaha,2022,,Body Parts,2604.0,high performance heat treated for smoother operation,9,4.3,4,,https://example.com/images/wind_screen_mt_03.jpg,68d135063952f7cf7dee90f6,68d135063952f7cf7dee90f8,Manoj Automobiles,Dilshknagar,17.367642,78.534282,mid-range,modern,excellent,wind screen assembly mt 03 mt 03 yamaha body parts high performance heat treated for smoother operation,0,2025-07-14T00:00:00,2025-09-04T00:00:00
68d141f1b3fce85d4c560d81,Racing Fuel Cock - SuperSport,SuperSport,Ducati,2014,,Fuel System,8177.0,premium quality temperature stable for better fuel economy,29,4.6,15,,https://example.com/images/fuel_cock_supersport.jpg,68d135833952f7cf7dee9109,68d135833952f7cf7dee910b,Mounika Automobiles,Karimnagar,18.435781,79.132861,premium,classic,excellent,racing fuel cock supersport supersport ducati fuel system premium quality temperature stable for better fuel economy,0,2025-09-04T00:00:00,2025-07-22T00:00:00
68d141f1b3fce85d4c560d82,Transmission Filter Assembly - Gold Wing,Gold Wing,Honda,2024,,Filters,564.0,street performance precision engineered for longer life,22,4.8,15,,https://example.com/images/transmission_filter_gold_wing.jpg,68d135d63952f7cf7dee911e,68d135d63952f7cf7dee9120,baskar Automobiles,Medak,18.048948,78.269372,budget,modern,excellent,transmission filter assembly gold wing gold wing honda filters street performance precision engineered for longer life,0,2025-07-18T00:00:00,2025-08-14T00:00:00
68d141f1b3fce85d4c560d83,SuperSport Headlight Lens,SuperSport,Ducati,2020,,Lighting,3854.0,racing quality eco friendly for enhanced stability,9,4.5,10,,https://example.com/images/headlight_lens_supersport.jpg,68d136193952f7cf7dee9131,68d136193952f7cf7dee9133,Mahesh Automobiles,Khammam,17.249885,80.15615,mid-range,modern,excellent,supersport headlight lens supersport ducati lighting racing quality eco friendly for enhanced stability,0,2025-07-15T00:00:00,2025-07-15T00:00:00
68d141f1b3fce85d4c560d84,Torque Converter Assembly - Pulsar 220,Pulsar 220,Bajaj,2017,,Drivetrain,3657.0,premium quality corrosion resistant for smoother operation,21,3.6,5,,https://example.com/images/torque_converter_pulsar_220.jpg,689d6959045c37933826818b,689d6959045c37933826818d,sai automobiles,RAMNAGAR COLONY PEERZADIGUDA UPPAL HYDERABAD,17.390358,78.606729,mid-range,modern,good,torque converter assembly pulsar 220 pulsar 220 bajaj drivetrain premium quality corrosion resistant for smoother operation,0,2025-07-25T00:00:00,2025-07-22T00:00:00
68d141f1b3fce85d4c560d85,RS 125 Emergency Brake,RS 125,Aprilia,2019,,Brakes,3167.0,high performance heat treated for better control,18,4.5,9,,https://example.com/images/emergency_brake_rs_125.jpg,68ac2a8e3c73e23c655de052,68ac2a8f3c73e23c655de054,Swathi Automobiles,Chappal Bazar Road - Kachiguda ,17.38953,78.491245,mid-range,modern,excellent,rs 125 emergency brake rs 125 aprilia brakes high performance heat treated for better control,0,2025-09-16T00:00:00,2025-07-24T00:00:00
68d141f1b3fce85d4c560d86,Performance Indicator Bulb - Duke 390,Duke 390,KTM,2012,,Lighting,5381.0,high performance eco friendly for maximum protection,25,4.3,45,,https://example.com/images/indicator_bulb_duke_390.jpg,68d0c47d09554c358655174b,68d0c47e09554c358655174d,Tarun Automobiles,,17.423605,78.546314,premium,classic,excellent,performance indicator bulb duke 390 duke 390 ktm lighting high performance eco friendly for maximum protection,0,2025-09-20T00:00:00,2025-08-20T00:00:00
68d141f1b3fce85d4c560d87,Benelli Exhaust Clamp for TNT 600i,TNT 600i,Benelli,2012,,Exhaust,13787.0,premium quality chemical resistant for smoother operation,20,3.6,17,,https://example.com/images/exhaust_clamp_tnt_600i.jpg,68d133bf3952f7cf7dee90b7,68d133bf3952f7cf7dee90b9,Jyothi Automobiles,Hyderabad,17.511409,78.350972,premium,classic,good,benelli exhaust clamp for tnt 600i tnt 600i benelli exhaust premium quality chemical resistant for smoother operation,0,2025-07-19T00:00:00,2025-08-13T00:00:00
68d141f1b3fce85d4c560d88,RC 125 Tire Valve,RC 125,KTM,2019,,Wheels & Tires,11648.0,professional grade eco friendly for optimal efficiency,7,4.2,11,,https://example.com/images/tire_valve_rc_125.jpg,68d1346c3952f7cf7dee90d0,68d1346c3952f7cf7dee90d2,Kalyan Automobiles,Bala Nagar,17.475679,78.447328,premium,modern,excellent,rc 125 tire valve rc 125 ktm wheels tires professional grade eco friendly for optimal efficiency,0,2025-08-27T00:00:00,2025-07-28T00:00:00
68d141f1b3fce85d4c560d89,Racing Tire Pressure Sensor - Ignitor,Ignitor,Hero,2021,,Wheels & Tires,7422.0,professional grade eco friendly for increased power,22,3.5,11,,https://example.com/images/tire_pressure_sensor_ignitor.jpg,68d134ac3952f7cf7dee90e3,68d134ac3952f7cf7dee90e5,Shiva sai Automobiles,Mahabubabad,17.594209,80.006903,premium,modern,good,racing tire pressure sensor ignitor ignitor hero wheels tires professional grade eco friendly for increased power,0,2025-09-20T00:00:00,2025-08-05T00:00:00
68d141f1b3fce85d4c560d8a,Caliper Piston - Monaco,Monaco,Yezdi,2020,,Brakes,1323.0,precision made wear resistant for maximum protection,15,4.0,6,,https://example.com/images/caliper_piston_monaco.jpg,68d135063952f7cf7dee90f6,68d135063952f7cf7dee90f8,Manoj Automobiles,Dilshknagar,17.367642,78.534282,mid-range,modern,excellent,caliper piston monaco monaco yezdi brakes precision made wear resistant for maximum protection,0,2025-09-10T00:00:00,2025-09-06T00:00:00
68d141f1b3fce85d4c560d8b,CBZ Xtreme GPS Mount,CBZ Xtreme,Hero,2018,,Accessories,1591.0,superior corrosion resistant for better control,16,3.4,36,,https://example.com/images/gps_mount_cbz_xtreme.jpg,68d135833952f7cf7dee9109,68d135833952f7cf7dee910b,Mounika Automobiles,Karimnagar,18.435781,79.132861,mid-range,modern,good,cbz xtreme gps mount cbz xtreme hero accessories superior corrosion resistant for better control,0,2025-09-13T00:00:00,2025-08-20T00:00:00
68d141f1b3fce85d4c560d8c,OEM Number Plate Holder - GSX-S750,GSX-S750,Suzuki,2013,,Body Parts,2040.0,professional grade fuel efficient for reduced maintenance,27,4.7,36,,https://example.com/images/number_plate_holder_gsx_s750.jpg,68d135d63952f7cf7dee911e,68d135d63952f7cf7dee9120,baskar Automobiles,Medak,18.048948,78.269372,mid-range,classic,excellent,oem number plate holder gsx s750 gsx s750 suzuki body parts professional grade fuel efficient for reduced maintenance,0,2025-09-04T00:00:00,2025-08-11T00:00:00
68d141f1b3fce85d4c560d8d,Horn - LiveWire,LiveWire,Harley-Davidson,2012,,Electrical,1612.0,industrial grade vibration dampening for reduced maintenance,18,4.8,33,,https://example.com/images/horn_livewire.jpg,68d136193952f7cf7dee9131,68d136193952f7cf7dee9133,Mahesh Automobiles,Khammam,17.249885,80.15615,mid-range,classic,excellent,horn livewire livewire harley davidson electrical industrial grade vibration dampening for reduced maintenance,0,2025-08-13T00:00:00,2025-07-18T00:00:00
68d141f1b3fce85d4c560d8e,OEM Spark Plug Cap - Karizma XMR,Karizma XMR,Hero,2024,,Ignition,1342.0,precision made precision engineered for reduced maintenance,5,4.7,11,,https://example.com/images/spark_plug_cap_karizma_xmr.jpg,689d6959045c37933826818b,689d6959045c37933826818d,sai automobiles,RAMNAGAR COLONY PEERZADIGUDA UPPAL HYDERABAD,17.390358,78.606729,mid-range,modern,excellent,oem spark plug cap karizma xmr karizma xmr hero ignition precision made precision engineered for reduced maintenance,0,2025-09-02T00:00:00,2025-07-28T00:00:00
68d141f1b3fce85d4c560d8f,OEM Battery Box - Thruxton RS,Thruxton RS,Triumph,2018,,Body Parts,4035.0,advanced corrosion resistant for enhanced durability,19,4.8,10,,https://example.com/images/battery_box_thruxton_rs.jpg,68ac2a8e3c73e23c655de052,68ac2a8f3c73e23c655de054,Swathi Automobiles,Chappal Bazar Road - Kachiguda ,17.38953,78.491245,mid-range,modern,excellent,oem battery box thruxton rs thruxton rs triumph body parts advanced corrosion resistant for enhanced durability,0,2025-08-27T00:00:00,2025-07-22T00:00:00
68d141f1b3fce85d4c560d90,Honda Brake Light Bulb for SP 125,SP 125,Honda,2017,,Lighting,2261.0,premium quality impact resistant for enhanced safety,28,3.8,14,,https://example.com/images/brake_light_bulb_sp_125.jpg,68d0c47d09554c358655174b,68d0c47e09554c358655174d,Tarun Automobiles,,17.423605,78.546314,mid-range,modern,good,honda brake light bulb for sp 125 sp 125 honda lighting premium quality impact resistant for enhanced safety,0,2025-08-03T00:00:00,2025-09-10T00:00:00
68d141f1b3fce85d4c560d91,Premium Engine Mount for Ignitor,Ignitor,Hero,2016,,Engine,23428.0,heavy duty long lasting for optimal efficiency,25,3.9,21,,https://example.com/images/engine_mount_ignitor.jpg,68d133bf3952f7cf7dee90b7,68d133bf3952f7cf7dee90b9,Jyothi Automobiles,Hyderabad,17.511409,78.350972,premium,modern,good,premium engine mount for ignitor ignitor hero engine heavy duty long lasting for optimal efficiency,0,2025-07-07T00:00:00,2025-08-24T00:00:00
68d141f1b3fce85d4c560d92,Genuine Emergency Kit - Platina 110,Platina 110,Bajaj,2020,,Safety,4559.0,superior heat treated for improved performance,17,4.3,13,,https://example.com/images/emergency_kit_platina_110.jpg,68d1346c3952f7cf7dee90d0,68d1346c3952f7cf7dee90d2,Kalyan Automobiles,Bala Nagar,17.475679,78.447328,mid-range,modern,excellent,genuine emergency kit platina 110 platina 110 bajaj safety superior heat treated for improved performance,0,2025-09-19T00:00:00,2025-07-09T00:00:00
68d141f2b3fce85d4c560d93,Heavy Duty Rotor - R15M,R15M,Yamaha,2020,,Ignition,737.0,street performance precision engineered for better handling,10,3.3,3,,https://example.com/images/rotor_r15m.jpg,68d134ac3952f7cf7dee90e3,68d134ac3952f7cf7dee90e5,Shiva sai Automobiles,Mahabubabad,17.594209,80.006903,budget,modern,good,heavy duty rotor r15m r15m yamaha ignition street performance precision engineered for better handling,0,2025-08-29T00:00:00,2025-08-25T00:00:00
68d141f2b3fce85d4c560d94,OEM Gear Box - TNT 1130R,TNT 1130R,Benelli,2011,,Transmission,10785.0,high performance impact resistant for better control,18,4.3,11,,https://example.com/images/gear_box_tnt_1130r.jpg,68d135063952f7cf7dee90f6,68d135063952f7cf7dee90f8,Manoj Automobiles,Dilshknagar,17.367642,78.534282,premium,classic,excellent,oem gear box tnt 1130r tnt 1130r benelli transmission high performance impact resistant for better control,0,2025-08-15T00:00:00,2025-08-10T00:00:00
68d141f2b3fce85d4c560d95,Heavy Duty Output Shaft - Centuro,Centuro,Mahindra,2013,,Transmission,4405.0,durable wear resistant for enhanced durability,4,4.4,37,,https://example.com/images/output_shaft_centuro.jpg,68d135833952f7cf7dee9109,68d135833952f7cf7dee910b,Mounika Automobiles,Karimnagar,18.435781,79.132861,mid-range,classic,excellent,heavy duty output shaft centuro centuro mahindra transmission durable wear resistant for enhanced durability,0,2025-08-04T00:00:00,2025-07-29T00:00:00
68d141f2b3fce85d4c560d96,Hand Guards - Challenger,Challenger,Indian,2023,,Accessories,2818.0,precision made chemical resistant for better control,26,3.3,33,,https://example.com/images/hand_guards_challenger.jpg,68d135d63952f7cf7dee911e,68d135d63952f7cf7dee9120,baskar Automobiles,Medak,18.048948,78.269372,mid-range,modern,good,hand guards challenger challenger indian accessories precision made chemical resistant for better control,0,2025-08-06T00:00:00,2025-08-15T00:00:00
68d141f2b3fce85d4c560d97,OEM Brake Hose - V-Strom SX,V-Strom SX,Suzuki,2010,,Brakes,1599.0,premium quality precision engineered for enhanced safety,5,3.3,22,,https://example.com/images/brake_hose_v_strom_sx.jpg,68d136193952f7cf7dee9131,68d136193952f7cf7dee9133,Mahesh Automobiles,Khammam,17.249885,80.15615,mid-range,classic,good,oem brake hose strom sx strom sx suzuki brakes premium quality precision engineered for enhanced safety,0,2025-07-01T00:00:00,2025-09-15T00:00:00
68d141f2b3fce85d4c560d98,Premium Crankshaft for Z900,Z900,Kawasaki,2015,,Engine,2093.0,long lasting heat treated for reduced maintenance,15,3.8,21,,https://example.com/images/crankshaft_z900.jpg,689d6959045c37933826818b,689d6959045c37933826818d,sai automobiles,RAMNAGAR COLONY PEERZADIGUDA UPPAL HYDERABAD,17.390358,78.606729,mid-range,modern,good,premium crankshaft for z900 z900 kawasaki engine long lasting heat treated for reduced maintenance,0,2025-09-02T00:00:00,2025-07-13T00:00:00
68d141f2b3fce85d4c560d99,Max 125 Kick Starter,Max 125,TVS,2016,,Transmission,3869.0,premium quality impact resistant for increased power,28,4.3,7,,https://example.com/images/kick_starter_max_125.jpg,68ac2a8e3c73e23c655de052,68ac2a8f3c73e23c655de054,Swathi Automobiles,Chappal Bazar Road - Kachiguda ,17.38953,78.491245,mid-range,modern,excellent,max 125 kick starter max 125 tvs transmission premium quality impact resistant for increased power,0,2025-09-20T00:00:00,2025-07-18T00:00:00
68d141f2b3fce85d4c560d9a,Performance Exhaust Gasket - Avenger Street 160,Avenger Street 160,Bajaj,2025,,Exhaust,19263.0,oem quality corrosion resistant for increased power,30,3.3,20,,https://example.com/images/exhaust_gasket_avenger_street_160.jpg,68d0c47d09554c358655174b,68d0c47e09554c358655174d,Tarun Automobiles,,17.423605,78.546314,premium,modern,good,performance exhaust gasket avenger street 160 avenger street 160 bajaj exhaust oem quality corrosion resistant for increased power,0,2025-07-29T00:00:00,2025-08-01T00:00:00
68d141f2b3fce85d4c560d9b,Rear Brake Pad Assembly - Tiger 1200,Tiger 1200,Triumph,2010,,Brakes,2306.0,long lasting high strength for better control,11,3.2,43,,https://example.com/images/rear_brake_pad_tiger_1200.jpg,68d133bf3952f7cf7dee90b7,68d133bf3952f7cf7dee90b9,Jyothi Automobiles,Hyderabad,17.511409,78.350972,mid-range,classic,good,rear brake pad assembly tiger 1200 tiger 1200 triumph brakes long lasting high strength for better control,0,2025-08-20T00:00:00,2025-08-06T00:00:00
68d141f2b3fce85d4c560d9c,Genuine Fuel Gauge - 42,42,Jawa,2022,,Fuel System,3813.0,heavy duty heat treated for enhanced durability,2,4.6,14,,https://example.com/images/fuel_gauge_42.jpg,68d1346c3952f7cf7dee90d0,68d1346c3952f7cf7dee90d2,Kalyan Automobiles,Bala Nagar,17.475679,78.447328,mid-range,modern,excellent,genuine fuel gauge 42 42 jawa fuel system heavy duty heat treated for enhanced durability,0,2025-07-05T00:00:00,2025-08-27T00:00:00
68d141f2b3fce85d4c560d9d,Racing Ground Wire - Challenger,Challenger,Indian,2018,,Electrical,7710.0,heavy duty precision engineered for better fuel economy,27,4.4,10,,https://example.com/images/ground_wire_challenger.jpg,68d134ac3952f7cf7dee90e3,68d134ac3952f7cf7dee90e5,Shiva sai Automobiles,Mahabubabad,17.594209,80.006903,premium,modern,excellent,racing ground wire challenger challenger indian electrical heavy duty precision engineered for better fuel economy,0,2025-07-10T00:00:00,2025-07-05T00:00:00
68d141f2b3fce85d4c560d9e,Genuine Cylinder Block - Adventure,Adventure,Yezdi,2020,,Engine,11711.0,precision made corrosion resistant for improved comfort,24,4.8,23,,https://example.com/images/cylinder_block_adventure.jpg,68d135063952f7cf7dee90f6,68d135063952f7cf7dee90f8,Manoj Automobiles,Dilshknagar,17.367642,78.534282,premium,modern,excellent,genuine cylinder block adventure adventure yezdi engine precision made corrosion resistant for improved comfort,0,2025-07-13T00:00:00,2025-09-14T00:00:00
68d141f2b3fce85d4c560d9f,Triumph Alternator for Scrambler 1200,Scrambler 1200,Triumph,2025,,Electrical,4244.0,professional grade long lasting for enhanced stability,5,3.3,20,,https://example.com/images/alternator_scrambler_1200.jpg,68d135833952f7cf7dee9109,68d135833952f7cf7dee910b,Mounika Automobiles,Karimnagar,18.435781,79.132861,mid-range,modern,good,triumph alternator for scrambler 1200 scrambler 1200 triumph electrical professional grade long lasting for enhanced stability,0,2025-08-13T00:00:00,2025-07-24T00:00:00
68d141f2b3fce85d4c560da0,Performance Chain Guard - Ntorq 125,Ntorq 125,TVS,2023,,Body Parts,1473.0,long lasting weather resistant for longer life,16,4.9,32,,https://example.com/images/chain_guard_ntorq_125.jpg,68d135d63952f7cf7dee911e,68d135d63952f7cf7dee9120,baskar Automobiles,Medak,18.048948,78.269372,mid-range,modern,excellent,performance chain guard ntorq 125 ntorq 125 tvs body parts long lasting weather resistant for longer life,0,2025-09-21T00:00:00,2025-08-24T00:00:00
68d141f2b3fce85d4c560da1,Trigger Coil - G 310 R,G 310 R,BMW,2017,,Ignition,903.0,street performance precision engineered for improved performance,23,3.4,44,,https://example.com/images/trigger_coil_g_310_r.jpg,68d136193952f7cf7dee9131,68d136193952f7cf7dee9133,Mahesh Automobiles,Khammam,17.249885,80.15615,budget,modern,good,trigger coil 310 310 bmw ignition street performance precision engineered for improved performance,0,2025-09-12T00:00:00,2025-07-29T00:00:00
68d141f2b3fce85d4c560da2,Jawa Riding Gloves for Perak,Perak,Jawa,2012,,Safety,5251.0,superior chemical resistant for better fuel economy,26,4.6,38,,https://example.com/images/riding_gloves_perak.jpg,689d6959045c37933826818b,689d6959045c37933826818d,sai automobiles,RAMNAGAR COLONY PEERZADIGUDA UPPAL HYDERABAD,17.390358,78.606729,premium,classic,excellent,jawa riding gloves for perak perak jawa safety superior chemical resistant for better fuel economy,0,2025-07-05T00:00:00,2025-09-04T00:00:00
68d141f2b3fce85d4c560da3,Performance Hub Bearing - Zesto,Zesto,Mahindra,2016,,Wheels & Tires,6322.0,street performance vibration dampening for maximum protection,15,3.2,48,,https://example.com/images/hub_bearing_zesto.jpg,68ac2a8e3c73e23c655de052,68ac2a8f3c73e23c655de054,Swathi Automobiles,Chappal Bazar Road - Kachiguda ,17.38953,78.491245,premium,modern,good,performance hub bearing zesto zesto mahindra wheels tires street performance vibration dampening for maximum protection,0,2025-08-30T00:00:00,2025-09-15T00:00:00
68d141f2b3fce85d4c560da4,Engine Cover - Brutale 1000,Brutale 1000,MV Agusta,2018,,Body Parts,3807.0,enhanced temperature stable for optimal efficiency,19,4.8,22,,https://example.com/images/engine_cover_brutale_1000.jpg,68d0c47d09554c358655174b,68d0c47e09554c358655174d,Tarun Automobiles,,17.423605,78.546314,mid-range,modern,excellent,engine cover brutale 1000 brutale 1000 mv agusta body parts enhanced temperature stable for optimal efficiency,0,2025-07-24T00:00:00,2025-07-01T00:00:00
68d141f2b3fce85d4c560da5,Heavy Duty Brake Cable - Adventure,Adventure,Yezdi,2020,,Brakes,2316.0,durable heat treated for reduced maintenance,20,3.2,31,,https://example.com/images/brake_cable_adventure.jpg,68d133bf3952f7cf7dee90b7,68d133bf3952f7cf7dee90b9,Jyothi Automobiles,Hyderabad,17.511409,78.350972,mid-range,modern,good,heavy duty brake cable adventure adventure yezdi brakes durable heat treated for reduced maintenance,0,2025-08-02T00:00:00,2025-09-20T00:00:00
68d141f2b3fce85d4c560da6,TVS Chain Adjuster for Apache RTR 160 4V,Apache RTR 160 4V,TVS,2011,,Drivetrain,845.0,precision made vibration dampening for improved performance,26,4.3,37,,https://example.com/images/chain_adjuster_apache_rtr_160_4v.jpg,68d1346c3952f7cf7dee90d0,68d1346c3952f7cf7dee90d2,Kalyan Automobiles,Bala Nagar,17.475679,78.447328,budget,classic,excellent,tvs chain adjuster for apache rtr 160 4v apache rtr 160 4v tvs drivetrain precision made vibration dampening for improved performance,0,2025-08-25T00:00:00,2025-08-13T00:00:00
68d141f2b3fce85d4c560da7,Performance Rim - GSX-R600,GSX-R600,Suzuki,2021,,Wheels & Tires,12248.0,precision made corrosion resistant for enhanced durability,15,3.4,9,,https://example.com/images/rim_gsx_r600.jpg,68d134ac3952f7cf7dee90e3,68d134ac3952f7cf7dee90e5,Shiva sai Automobiles,Mahabubabad,17.594209,80.006903,premium,modern,good,performance rim gsx r600 gsx r600 suzuki wheels tires precision made corrosion resistant for enhanced durability,0,2025-09-08T00:00:00,2025-08-20T00:00:00
68d141f2b3fce85d4c560da8,OEM Suspension Linkage - Maestro Edge,Maestro Edge,Hero,2012,,Suspension,12231.0,long lasting temperature stable for reduced maintenance,26,4.8,10,,https://example.com/images/suspension_linkage_maestro_edge.jpg,68d135063952f7cf7dee90f6,68d135063952f7cf7dee90f8,Manoj Automobiles,Dilshknagar,17.367642,78.534282,premium,classic,excellent,oem suspension linkage maestro edge maestro edge hero suspension long lasting temperature stable for reduced maintenance,0,2025-07-15T00:00:00,2025-09-09T00:00:00
68d141f2b3fce85d4c560da9,Kine Fuel Sensor,Kine,Mahindra,2013,,Fuel System,9893.0,racing quality eco friendly for enhanced durability,10,3.7,2,,https://example.com/images/fuel_sensor_kine.jpg,68d135833952f7cf7dee9109,68d135833952f7cf7dee910b,Mounika Automobiles,Karimnagar,18.435781,79.132861,premium,classic,good,kine fuel sensor kine mahindra fuel system racing quality eco friendly for enhanced durability,0,2025-07-23T00:00:00,2025-07-21T00:00:00
68d141f2b3fce85d4c560daa,Genuine Handlebar Grip - XL100,XL100,TVS,2017,,Accessories,1301.0,industrial grade corrosion resistant for improved comfort,14,3.8,0,,https://example.com/images/handlebar_grip_xl100.jpg,68d135d63952f7cf7dee911e,68d135d63952f7cf7dee9120,baskar Automobiles,Medak,18.048948,78.269372,mid-range,modern,good,genuine handlebar grip xl100 xl100 tvs accessories industrial grade corrosion resistant for improved comfort,0,2025-09-13T00:00:00,2025-07-23T00:00:00
68d141f2b3fce85d4c560dab,Racing Torque Converter - Vulcan S,Vulcan S,Kawasaki,2020,,Drivetrain,7692.0,street performance chemical resistant for improved comfort,13,4.1,23,,https://example.com/images/torque_converter_vulcan_s.jpg,68d136193952f7cf7dee9131,68d136193952f7cf7dee9133,Mahesh Automobiles,Khammam,17.249885,80.15615,premium,modern,excellent,racing torque converter vulcan vulcan kawasaki drivetrain street performance chemical resistant for improved comfort,0,2025-07-30T00:00:00,2025-08-19T00:00:00
68d141f2b3fce85d4c560dac,Genuine Oil Ring - Monaco,Monaco,Yezdi,2018,,Engine,3072.0,professional grade vibration dampening for improved comfort,14,3.2,27,,https://example.com/images/oil_ring_monaco.jpg,689d6959045c37933826818b,689d6959045c37933826818d,sai automobiles,RAMNAGAR COLONY PEERZADIGUDA UPPAL HYDERABAD,17.390358,78.606729,mid-range,modern,good,genuine oil ring monaco monaco yezdi engine professional grade vibration dampening for improved comfort,0,2025-08-13T00:00:00,2025-07-20T00:00:00
68d141f2b3fce85d4c560dad,Premium License Plate Light for 1290 Super Adventure S,1290 Super Adventure S,KTM,2024,,Lighting,2166.0,long lasting impact resistant for enhanced durability,4,4.1,16,,https://example.com/images/license_plate_light_1290_super_adventure_s.jpg,68ac2a8e3c73e23c655de052,68ac2a8f3c73e23c655de054,Swathi Automobiles,Chappal Bazar Road - Kachiguda ,17.38953,78.491245,mid-range,modern,excellent,premium license plate light for 1290 super adventure 1290 super adventure ktm lighting long lasting impact resistant for enhanced durability,0,2025-07-28T00:00:00,2025-09-19T00:00:00
68d141f2b3fce85d4c560dae,Premium Fuel Sensor for CBR250R,CBR250R,Honda,2024,,Fuel System,4496.0,racing quality fuel efficient for improved comfort,27,4.4,33,,https://example.com/images/fuel_sensor_cbr250r.jpg,68d0c47d09554c358655174b,68d0c47e09554c358655174d,Tarun Automobiles,,17.423605,78.546314,mid-range,modern,excellent,premium fuel sensor for cbr250r cbr250r honda fuel system racing quality fuel efficient for improved comfort,0,2025-09-13T00:00:00,2025-07-11T00:00:00
68d141f2b3fce85d4c560daf,R nineT Fan Shroud,R nineT,BMW,2020,,Cooling System,8043.0,enhanced wear resistant for superior reliability,24,5.0,48,,https://example.com/images/fan_shroud_r_ninet.jpg,68d133bf3952f7cf7dee90b7,68d133bf3952f7cf7dee90b9,Jyothi Automobiles,Hyderabad,17.511409,78.350972,premium,modern,excellent,ninet fan shroud ninet bmw cooling system enhanced wear resistant for superior reliability,0,2025-07-13T00:00:00,2025-09-03T00:00:00
68d141f2b3fce85d4c560db0,Genuine Grease - Street Triple,Street Triple,Triumph,2022,,Maintenance,780.0,professional grade fuel efficient for enhanced safety,6,4.7,22,,https://example.com/images/grease_street_triple.jpg,68d1346c3952f7cf7dee90d0,68d1346c3952f7cf7dee90d2,Kalyan Automobiles,Bala Nagar,17.475679,78.447328,budget,modern,excellent,genuine grease street triple street triple triumph maintenance professional grade fuel efficient for enhanced safety,0,2025-07-11T00:00:00,2025-09-15T00:00:00
68d141f2b3fce85d4c560db1,Ducati Carbon Filter for Diavel,Diavel,Ducati,2025,,Filters,754.0,professional grade chemical resistant for enhanced stability,12,4.6,27,,https://example.com/images/carbon_filter_diavel.jpg,68d134ac3952f7cf7dee90e3,68d134ac3952f7cf7dee90e5,Shiva sai Automobiles,Mahabubabad,17.594209,80.006903,budget,modern,excellent,ducati carbon filter for diavel diavel ducati filters professional grade chemical resistant for enhanced stability,0,2025-07-23T00:00:00,2025-08-29T00:00:00
68d141f2b3fce85d4c560db2,Premium Assembly Paste for SR 160,SR 160,Aprilia,2020,,Maintenance,958.0,premium quality heat treated for better control,15,3.9,18,,https://example.com/images/assembly_paste_sr_160.jpg,68d135063952f7cf7dee90f6,68d135063952f7cf7dee90f8,Manoj Automobiles,Dilshknagar,17.367642,78.534282,budget,modern,good,premium assembly paste for sr 160 sr 160 aprilia maintenance premium quality heat treated for better control,0,2025-08-07T00:00:00,2025-09-08T00:00:00
68d141f2b3fce85d4c560db3,Heavy Duty Emergency Brake - Adventure,Adventure,Yezdi,2015,,Brakes,1431.0,advanced high strength for improved comfort,6,3.7,49,,https://example.com/images/emergency_brake_adventure.jpg,68d135833952f7cf7dee9109,68d135833952f7cf7dee910b,Mounika Automobiles,Karimnagar,18.435781,79.132861,mid-range,modern,good,heavy duty emergency brake adventure adventure yezdi brakes advanced high strength for improved comfort,0,2025-09-02T00:00:00,2025-07-28T00:00:00
68d141f2b3fce85d4c560db4,Performance Chain Guide - GSX-R600,GSX-R600,Suzuki,2019,,Drivetrain,1034.0,professional grade impact resistant for enhanced stability,19,4.0,9,,https://example.com/images/chain_guide_gsx_r600.jpg,68d135d63952f7cf7dee911e,68d135d63952f7cf7dee9120,baskar Automobiles,Medak,18.048948,78.269372,mid-range,modern,excellent,performance chain guide gsx r600 gsx r600 suzuki drivetrain professional grade impact resistant for enhanced stability,0,2025-09-02T00:00:00,2025-08-16T00:00:00
68d141f2b3fce85d4c560db5,Premium Seat Cover for Sportster S,Sportster S,Harley-Davidson,2013,,Body Parts,4639.0,high performance weather resistant for maximum protection,22,4.4,48,,https://example.com/images/seat_cover_sportster_s.jpg,68d136193952f7cf7dee9131,68d136193952f7cf7dee9133,Mahesh Automobiles,Khammam,17.249885,80.15615,mid-range,classic,excellent,premium seat cover for sportster sportster harley davidson body parts high performance weather resistant for maximum protection,0,2025-08-21T00:00:00,2025-08-19T00:00:00
68d141f2b3fce85d4c560db6,Premium Assembly Paste for Sport,Sport,TVS,2016,,Maintenance,625.0,long lasting temperature stable for improved performance,4,3.4,44,,https://example.com/images/assembly_paste_sport.jpg,689d6959045c37933826818b,689d6959045c37933826818d,sai automobiles,RAMNAGAR COLONY PEERZADIGUDA UPPAL HYDERABAD,17.390358,78.606729,budget,modern,good,premium assembly paste for sport sport tvs maintenance long lasting temperature stable for improved performance,0,2025-09-18T00:00:00,2025-09-07T00:00:00
68d141f2b3fce85d4c560db7,Heavy Duty Paper Filter - TRK 502,TRK 502,Benelli,2024,,Filters,647.0,racing quality fuel efficient for enhanced safety,5,4.8,7,,https://example.com/images/paper_filter_trk_502.jpg,68ac2a8e3c73e23c655de052,68ac2a8f3c73e23c655de054,Swathi Automobiles,Chappal Bazar Road - Kachiguda ,17.38953,78.491245,budget,modern,excellent,heavy duty paper filter trk 502 trk 502 benelli filters racing quality fuel efficient for enhanced safety,0,2025-08-02T00:00:00,2025-07-28T00:00:00
68d141f2b3fce85d4c560db8,Genuine DRL Kit - FTR 1200,FTR 1200,Indian,2011,,Lighting,2109.0,oem quality eco friendly for maximum protection,7,3.8,4,,https://example.com/images/drl_kit_ftr_1200.jpg,68d0c47d09554c358655174b,68d0c47e09554c358655174d,Tarun Automobiles,,17.423605,78.546314,mid-range,classic,good,genuine drl kit ftr 1200 ftr 1200 indian lighting oem quality eco friendly for maximum protection,0,2025-08-12T00:00:00,2025-07-02T00:00:00
68d141f2b3fce85d4c560db9,OEM Ignition Module - Superveloce 800,Superveloce 800,MV Agusta,2023,,Ignition,1985.0,industrial grade long lasting for optimal efficiency,19,4.4,47,,https://example.com/images/ignition_module_superveloce_800.jpg,68d133bf3952f7cf7dee90b7,68d133bf3952f7cf7dee90b9,Jyothi Automobiles,Hyderabad,17.511409,78.350972,mid-range,modern,excellent,oem ignition module superveloce 800 superveloce 800 mv agusta ignition industrial grade long lasting for optimal efficiency,0,2025-08-14T00:00:00,2025-09-10T00:00:00
68d141f2b3fce85d4c560dba,Xoom 110 Shock Spring,Xoom 110,Hero,2023,,Suspension,1853.0,industrial grade noise reducing for better fuel economy,3,4.8,26,,https://example.com/images/shock_spring_xoom_110.jpg,68d1346c3952f7cf7dee90d0,68d1346c3952f7cf7dee90d2,Kalyan Automobiles,Bala Nagar,17.475679,78.447328,mid-range,modern,excellent,xoom 110 shock spring xoom 110 hero suspension industrial grade noise reducing for better fuel economy,0,2025-09-20T00:00:00,2025-08-02T00:00:00
68d141f2b3fce85d4c560dbb,Heavy Duty Piston Kit - Grazia,Grazia,Honda,2022,,Engine,20751.0,precision made temperature stable for enhanced stability,23,3.4,40,,https://example.com/images/piston_kit_grazia.jpg,68d134ac3952f7cf7dee90e3,68d134ac3952f7cf7dee90e5,Shiva sai Automobiles,Mahabubabad,17.594209,80.006903,premium,modern,good,heavy duty piston kit grazia grazia honda engine precision made temperature stable for enhanced stability,0,2025-07-30T00:00:00,2025-08-06T00:00:00
68d141f2b3fce85d4c560dbc,Genuine Tire Pressure Sensor - RD 350,RD 350,Yezdi,2010,,Wheels & Tires,6890.0,advanced heat treated for reduced maintenance,13,4.2,31,,https://example.com/images/tire_pressure_sensor_rd_350.jpg,68d135063952f7cf7dee90f6,68d135063952f7cf7dee90f8,Manoj Automobiles,Dilshknagar,17.367642,78.534282,premium,classic,excellent,genuine tire pressure sensor rd 350 rd 350 yezdi wheels tires advanced heat treated for reduced maintenance,0,2025-08-29T00:00:00,2025-08-27T00:00:00
68d141f2b3fce85d4c560dbd,Xtreme 160R Temperature Gauge,Xtreme 160R,Hero,2016,,Cooling System,5302.0,industrial grade impact resistant for smoother operation,29,3.7,49,,https://example.com/images/temperature_gauge_xtreme_160r.jpg,68d135833952f7cf7dee9109,68d135833952f7cf7dee910b,Mounika Automobiles,Karimnagar,18.435781,79.132861,premium,modern,good,xtreme 160r temperature gauge xtreme 160r hero cooling system industrial grade impact resistant for smoother operation,0,2025-08-17T00:00:00,2025-08-31T00:00:00
68d141f2b3fce85d4c560dbe,OEM Shift Drum - SP 125,SP 125,Honda,2025,,Transmission,11159.0,street performance chemical resistant for longer life,7,3.5,6,,https://example.com/images/shift_drum_sp_125.jpg,68d135d63952f7cf7dee911e,68d135d63952f7cf7dee9120,baskar Automobiles,Medak,18.048948,78.269372,premium,modern,good,oem shift drum sp 125 sp 125 honda transmission street performance chemical resistant for longer life,0,2025-09-14T00:00:00,2025-08-05T00:00:00
68d141f2b3fce85d4c560dbf,Yezdi Diode for Adventure,Adventure,Yezdi,2015,,Electrical,619.0,enhanced chemical resistant for better control,21,4.6,17,,https://example.com/images/diode_adventure.jpg,68d136193952f7cf7dee9131,68d136193952f7cf7dee9133,Mahesh Automobiles,Khammam,17.249885,80.15615,budget,modern,excellent,yezdi diode for adventure adventure yezdi electrical enhanced chemical resistant for better control,0,2025-07-01T00:00:00,2025-08-10T00:00:00
68d141f2b3fce85d4c560dc0,Triumph Vacuum Filter for Street Triple,Street Triple,Triumph,2015,,Filters,1754.0,high performance vibration dampening for enhanced stability,12,4.0,0,,https://example.com/images/vacuum_filter_street_triple.jpg,689d6959045c37933826818b,689d6959045c37933826818d,sai automobiles,RAMNAGAR COLONY PEERZADIGUDA UPPAL HYDERABAD,17.390358,78.606729,mid-range,modern,excellent,triumph vacuum filter for street triple street triple triumph filters high performance vibration dampening for enhanced stability,0,2025-07-06T00:00:00,2025-09-01T00:00:00
68d141f2b3fce85d4c560dc1,SR 160 Upper Triple Tree,SR 160,Aprilia,2015,,Suspension,12236.0,durable eco friendly for longer life,26,3.8,0,,https://example.com/images/upper_triple_tree_sr_160.jpg,68ac2a8e3c73e23c655de052,68ac2a8f3c73e23c655de054,Swathi Automobiles,Chappal Bazar Road - Kachiguda ,17.38953,78.491245,premium,modern,good,sr 160 upper triple tree sr 160 aprilia suspension durable eco friendly for longer life,0,2025-07-10T00:00:00,2025-08-29T00:00:00
68d141f2b3fce85d4c560dc2,Racing Clutch Hub - Gold Wing,Gold Wing,Honda,2010,,Transmission,2883.0,heavy duty impact resistant for improved performance,14,3.9,29,,https://example.com/images/clutch_hub_gold_wing.jpg,68d0c47d09554c358655174b,68d0c47e09554c358655174d,Tarun Automobiles,,17.423605,78.546314,mid-range,classic,good,racing clutch hub gold wing gold wing honda transmission heavy duty impact resistant for improved performance,0,2025-08-22T00:00:00,2025-07-04T00:00:00
68d141f2b3fce85d4c560dc3,Premium Fuel Sensor for XDiavel,XDiavel,Ducati,2018,,Fuel System,8241.0,oem quality impact resistant for reduced maintenance,15,4.1,11,,https://example.com/images/fuel_sensor_xdiavel.jpg,68d133bf3952f7cf7dee90b7,68d133bf3952f7cf7dee90b9,Jyothi Automobiles,Hyderabad,17.511409,78.350972,premium,modern,excellent,premium fuel sensor for xdiavel xdiavel ducati fuel system oem quality impact resistant for reduced maintenance,0,2025-08-28T00:00:00,2025-09-20T00:00:00
68d141f2b3fce85d4c560dc4,Chieftain Engine Oil,Chieftain,Indian,2017,,Maintenance,591.0,industrial grade precision engineered for improved comfort,13,3.8,6,,https://example.com/images/engine_oil_chieftain.jpg,68d1346c3952f7cf7dee90d0,68d1346c3952f7cf7dee90d2,Kalyan Automobiles,Bala Nagar,17.475679,78.447328,budget,modern,good,chieftain engine oil chieftain indian maintenance industrial grade precision engineered for improved comfort,0,2025-08-24T00:00:00,2025-09-14T00:00:00
68d141f2b3fce85d4c560dc5,Standard Ground Wire,Standard,Jawa,2019,,Electrical,4997.0,professional grade heat treated for enhanced stability,14,3.6,8,,https://example.com/images/ground_wire_standard.jpg,68d134ac3952f7cf7dee90e3,68d134ac3952f7cf7dee90e5,Shiva sai Automobiles,Mahabubabad,17.594209,80.006903,mid-range,modern,good,standard ground wire standard jawa electrical professional grade heat treated for enhanced stability,0,2025-08-22T00:00:00,2025-07-15T00:00:00
68d141f2b3fce85d4c560dc6,Racing Headlight Assembly - Turismo Veloce,Turismo Veloce,MV Agusta,2023,,Lighting,2515.0,street performance precision engineered for enhanced stability,7,3.6,7,,https://example.com/images/headlight_assembly_turismo_veloce.jpg,68d135063952f7cf7dee90f6,68d135063952f7cf7dee90f8,Manoj Automobiles,Dilshknagar,17.367642,78.534282,mid-range,modern,good,racing headlight assembly turismo veloce turismo veloce mv agusta lighting street performance precision engineered for enhanced stability,0,2025-09-20T00:00:00,2025-07-18T00:00:00
68d141f2b3fce85d4c560dc7,OEM Gasket Maker - Scrambler 1200,Scrambler 1200,Triumph,2019,,Maintenance,415.0,heavy duty eco friendly for improved comfort,8,4.9,41,,https://example.com/images/gasket_maker_scrambler_1200.jpg,68d135833952f7cf7dee9109,68d135833952f7cf7dee910b,Mounika Automobiles,Karimnagar,18.435781,79.132861,budget,modern,excellent,oem gasket maker scrambler 1200 scrambler 1200 triumph maintenance heavy duty eco friendly for improved comfort,0,2025-08-16T00:00:00,2025-07-22T00:00:00
68d141f2b3fce85d4c560dc8,Performance Wheel Lock - Speed Twin,Speed Twin,Triumph,2019,,Wheels & Tires,7535.0,long lasting temperature stable for smoother operation,12,3.2,46,,https://example.com/images/wheel_lock_speed_twin.jpg,68d135d63952f7cf7dee911e,68d135d63952f7cf7dee9120,baskar Automobiles,Medak,18.048948,78.269372,premium,modern,good,performance wheel lock speed twin speed twin triumph wheels tires long lasting temperature stable for smoother operation,0,2025-08-16T00:00:00,2025-09-18T00:00:00
68d141f2b3fce85d4c560dc9,Racing Tire Pressure Sensor - Challenger,Challenger,Indian,2011,,Wheels & Tires,1067.0,enhanced maintenance free for enhanced stability,30,3.9,16,,https://example.com/images/tire_pressure_sensor_challenger.jpg,68d136193952f7cf7dee9131,68d136193952f7cf7dee9133,Mahesh Automobiles,Khammam,17.249885,80.15615,mid-range,classic,good,racing tire pressure sensor challenger challenger indian wheels tires enhanced maintenance free for enhanced stability,0,2025-07-13T00:00:00,2025-07-15T00:00:00
68d141f2b3fce85d4c560dca,Spark Plug Assembly - Scout,Scout,Indian,2012,,Ignition,1275.0,professional grade weather resistant for longer life,1,4.2,14,,https://example.com/images/spark_plug_scout.jpg,689d6959045c37933826818b,689d6959045c37933826818d,sai automobiles,RAMNAGAR COLONY PEERZADIGUDA UPPAL HYDERABAD,17.390358,78.606729,mid-range,classic,excellent,spark plug assembly scout scout indian ignition professional grade weather resistant for longer life,0,2025-07-20T00:00:00,2025-08-05T00:00:00
68d141f2b3fce85d4c560dcb,Indian USB Charger for Chief Vintage,Chief Vintage,Indian,2018,,Accessories,1875.0,lightweight wear resistant for better control,11,4.9,36,,https://example.com/images/usb_charger_chief_vintage.jpg,68ac2a8e3c73e23c655de052,68ac2a8f3c73e23c655de054,Swathi Automobiles,Chappal Bazar Road - Kachiguda ,17.38953,78.491245,mid-range,modern,excellent,indian usb charger for chief vintage chief vintage indian accessories lightweight wear resistant for better control,0,2025-08-25T00:00:00,2025-07-22T00:00:00
68d141f2b3fce85d4c560dcc,Premium Fuel Tank for Pulsar 150,Pulsar 150,Bajaj,2024,,Fuel System,3347.0,lightweight weather resistant for maximum protection,13,4.0,26,,https://example.com/images/fuel_tank_pulsar_150.jpg,68d0c47d09554c358655174b,68d0c47e09554c358655174d,Tarun Automobiles,,17.423605,78.546314,mid-range,modern,excellent,premium fuel tank for pulsar 150 pulsar 150 bajaj fuel system lightweight weather resistant for maximum protection,0,2025-09-08T00:00:00,2025-08-08T00:00:00
68d141f2b3fce85d4c560dcd,TVS Parking Light for Ntorq 125,Ntorq 125,TVS,2021,,Lighting,3960.0,long lasting weather resistant for better control,9,3.6,33,,https://example.com/images/parking_light_ntorq_125.jpg,68d133bf3952f7cf7dee90b7,68d133bf3952f7cf7dee90b9,Jyothi Automobiles,Hyderabad,17.511409,78.350972,mid-range,modern,good,tvs parking light for ntorq 125 ntorq 125 tvs lighting long lasting weather resistant for better control,0,2025-07-09T00:00:00,2025-07-25T00:00:00
68d141f2b3fce85d4c560dce,Tail Box Assembly - Gixxer SF,Gixxer SF,Suzuki,2012,,Accessories,3616.0,industrial grade high strength for better handling,8,3.6,1,,https://example.com/images/tail_box_gixxer_sf.jpg,68d1346c3952f7cf7dee90d0,68d1346c3952f7cf7dee90d2,Kalyan Automobiles,Bala Nagar,17.475679,78.447328,mid-range,classic,good,tail box assembly gixxer sf gixxer sf suzuki accessories industrial grade high strength for better handling,0,2025-07-10T00:00:00,2025-08-10T00:00:00
68d141f2b3fce85d4c560dcf,OEM Performance Filter - GSX-S750,GSX-S750,Suzuki,2020,,Filters,998.0,advanced long lasting for optimal efficiency,15,4.4,35,,https://example.com/images/performance_filter_gsx_s750.jpg,68d134ac3952f7cf7dee90e3,68d134ac3952f7cf7dee90e5,Shiva sai Automobiles,Mahabubabad,17.594209,80.006903,budget,modern,excellent,oem performance filter gsx s750 gsx s750 suzuki filters advanced long lasting for optimal efficiency,0,2025-08-10T00:00:00,2025-09-01T00:00:00
68d141f2b3fce85d4c560dd0,Racing Fuel Gauge - Gusto,Gusto,Mahindra,2024,,Fuel System,3126.0,oem quality vibration dampening for smoother operation,2,3.6,11,,https://example.com/images/fuel_gauge_gusto.jpg,68d135063952f7cf7dee90f6,68d135063952f7cf7dee90f8,Manoj Automobiles,Dilshknagar,17.367642,78.534282,mid-range,modern,good,racing fuel gauge gusto gusto mahindra fuel system oem quality vibration dampening for smoother operation,0,2025-08-17T00:00:00,2025-07-26T00:00:00
68d141f2b3fce85d4c560dd1,Ninja 650 Points,Ninja 650,Kawasaki,2024,,Ignition,686.0,heavy duty wear resistant for smoother operation,21,3.2,35,,https://example.com/images/points_ninja_650.jpg,68d135833952f7cf7dee9109,68d135833952f7cf7dee910b,Mounika Automobiles,Karimnagar,18.435781,79.132861,budget,modern,good,ninja 650 points ninja 650 kawasaki ignition heavy duty wear resistant for smoother operation,0,2025-08-29T00:00:00,2025-08-19T00:00:00
68d141f2b3fce85d4c560dd2,Dominar 400 Wiring Harness,Dominar 400,Bajaj,2020,,Electrical,1997.0,superior weather resistant for reduced maintenance,8,4.2,2,,https://example.com/images/wiring_harness_dominar_400.jpg,68d135d63952f7cf7dee911e,68d135d63952f7cf7dee9120,baskar Automobiles,Medak,18.048948,78.269372,mid-range,modern,excellent,dominar 400 wiring harness dominar 400 bajaj electrical superior weather resistant for reduced maintenance,0,2025-07-18T00:00:00,2025-07-15T00:00:00
68d141f2b3fce85d4c560dd3,Indicator Bulb Assembly - 1290 Super Adventure S,1290 Super Adventure S,KTM,2013,,Lighting,3499.0,precision made vibration dampening for better fuel economy,20,3.9,14,,https://example.com/images/indicator_bulb_1290_super_adventure_s.jpg,68d136193952f7cf7dee9131,68d136193952f7cf7dee9133,Mahesh Automobiles,Khammam,17.249885,80.15615,mid-range,classic,good,indicator bulb assembly 1290 super adventure 1290 super adventure ktm lighting precision made vibration dampening for better fuel economy,0,2025-07-16T00:00:00,2025-09-09T00:00:00
68d141f2b3fce85d4c560dd4,Performance Connecting Rod - SXR 160,SXR 160,Aprilia,2021,,Engine,16707.0,street performance impact resistant for increased power,10,4.0,6,,https://example.com/images/connecting_rod_sxr_160.jpg,689d6959045c37933826818b,689d6959045c37933826818d,sai automobiles,RAMNAGAR COLONY PEERZADIGUDA UPPAL HYDERABAD,17.390358,78.606729,premium,modern,excellent,performance connecting rod sxr 160 sxr 160 aprilia engine street performance impact resistant for increased power,0,2025-07-04T00:00:00,2025-07-18T00:00:00
68d141f2b3fce85d4c560dd5,Premium Tank Cover for Speed Twin,Speed Twin,Triumph,2017,,Body Parts,6120.0,street performance temperature stable for increased power,2,4.3,16,,https://example.com/images/tank_cover_speed_twin.jpg,68ac2a8e3c73e23c655de052,68ac2a8f3c73e23c655de054,Swathi Automobiles,Chappal Bazar Road - Kachiguda ,17.38953,78.491245,premium,modern,excellent,premium tank cover for speed twin speed twin triumph body parts street performance temperature stable for increased power,0,2025-08-27T00:00:00,2025-08-05T00:00:00
68d141f2b3fce85d4c560dd6,Fire Extinguisher - Iron 883,Iron 883,Harley-Davidson,2012,,Safety,3203.0,long lasting weather resistant for better fuel economy,22,4.9,28,,https://example.com/images/fire_extinguisher_iron_883.jpg,68d0c47d09554c358655174b,68d0c47e09554c358655174d,Tarun Automobiles,,17.423605,78.546314,mid-range,classic,excellent,fire extinguisher iron 883 iron 883 harley davidson safety long lasting weather resistant for better fuel economy,0,2025-09-16T00:00:00,2025-08-20T00:00:00
68d141f2b3fce85d4c560dd7,Pulsar 220 Riding Boots,Pulsar 220,Bajaj,2019,,Safety,5087.0,enhanced vibration dampening for better handling,20,4.5,36,,https://example.com/images/riding_boots_pulsar_220.jpg,68d133bf3952f7cf7dee90b7,68d133bf3952f7cf7dee90b9,Jyothi Automobiles,Hyderabad,17.511409,78.350972,premium,modern,excellent,pulsar 220 riding boots pulsar 220 bajaj safety enhanced vibration dampening for better handling,0,2025-08-24T00:00:00,2025-09-11T00:00:00
68d141f2b3fce85d4c560dd8,Heavy Duty Caliper Piston - Monster,Monster,Ducati,2014,,Brakes,2723.0,premium quality weather resistant for enhanced durability,19,4.4,22,,https://example.com/images/caliper_piston_monster.jpg,68d1346c3952f7cf7dee90d0,68d1346c3952f7cf7dee90d2,Kalyan Automobiles,Bala Nagar,17.475679,78.447328,mid-range,classic,excellent,heavy duty caliper piston monster monster ducati brakes premium quality weather resistant for enhanced durability,0,2025-08-09T00:00:00,2025-08-04T00:00:00
68d141f2b3fce85d4c560dd9,Heavy Duty Silencer - Hypermotard,Hypermotard,Ducati,2016,,Exhaust,2016.0,high performance heat treated for smoother operation,17,3.5,6,,https://example.com/images/silencer_hypermotard.jpg,68d134ac3952f7cf7dee90e3,68d134ac3952f7cf7dee90e5,Shiva sai Automobiles,Mahabubabad,17.594209,80.006903,mid-range,modern,good,heavy duty silencer hypermotard hypermotard ducati exhaust high performance heat treated for smoother operation,0,2025-08-01T00:00:00,2025-08-25T00:00:00
68d141f2b3fce85d4c560dda,Heavy Duty Bypass Filter - Shiver 900,Shiver 900,Aprilia,2021,,Filters,306.0,precision made corrosion resistant for reduced maintenance,17,4.8,6,,https://example.com/images/bypass_filter_shiver_900.jpg,68d135063952f7cf7dee90f6,68d135063952f7cf7dee90f8,Manoj Automobiles,Dilshknagar,17.367642,78.534282,budget,modern,excellent,heavy duty bypass filter shiver 900 shiver 900 aprilia filters precision made corrosion resistant for reduced maintenance,0,2025-07-05T00:00:00,2025-08-22T00:00:00
68d141f2b3fce85d4c560ddb,Yezdi Light Switch for Oilking,Oilking,Yezdi,2018,,Lighting,979.0,enhanced precision engineered for better control,23,4.3,13,,https://example.com/images/light_switch_oilking.jpg,68d135833952f7cf7dee9109,68d135833952f7cf7dee910b,Mounika Automobiles,Karimnagar,18.435781,79.132861,budget,modern,excellent,yezdi light switch for oilking oilking yezdi lighting enhanced precision engineered for better control,0,2025-09-02T00:00:00,2025-07-02T00:00:00
68d141f2b3fce85d4c560ddc,Brake Pedal - Ultra Limited,Ultra Limited,Harley-Davidson,2012,,Brakes,1632.0,high performance vibration dampening for superior reliability,24,3.4,34,,https://example.com/images/brake_pedal_ultra_limited.jpg,68d135d63952f7cf7dee911e,68d135d63952f7cf7dee9120,baskar Automobiles,Medak,18.048948,78.269372,mid-range,classic,good,brake pedal ultra limited ultra limited harley davidson brakes high performance vibration dampening for superior reliability,0,2025-07-08T00:00:00,2025-09-07T00:00:00
68d141f2b3fce85d4c560ddd,Flyte Exhaust Flange,Flyte,Mahindra,2024,,Exhaust,11027.0,enhanced heat treated for enhanced durability,4,4.7,11,,https://example.com/images/exhaust_flange_flyte.jpg,68d136193952f7cf7dee9131,68d136193952f7cf7dee9133,Mahesh Automobiles,Khammam,17.249885,80.15615,premium,modern,excellent,flyte exhaust flange flyte mahindra exhaust enhanced heat treated for enhanced durability,0,2025-09-06T00:00:00,2025-07-19T00:00:00
68d141f2b3fce85d4c560dde,Genuine Rear Spring - RSV4,RSV4,Aprilia,2022,,Suspension,11926.0,racing quality impact resistant for longer life,18,4.8,23,,https://example.com/images/rear_spring_rsv4.jpg,689d6959045c37933826818b,689d6959045c37933826818d,sai automobiles,RAMNAGAR COLONY PEERZADIGUDA UPPAL HYDERABAD,17.390358,78.606729,premium,modern,excellent,genuine rear spring rsv4 rsv4 aprilia suspension racing quality impact resistant for longer life,0,2025-07-21T00:00:00,2025-09-18T00:00:00
68d141f2b3fce85d4c560ddf,Indicator Bulb - TNT 300,TNT 300,Benelli,2023,,Lighting,3697.0,superior long lasting for better handling,15,4.9,37,,https://example.com/images/indicator_bulb_tnt_300.jpg,68ac2a8e3c73e23c655de052,68ac2a8f3c73e23c655de054,Swathi Automobiles,Chappal Bazar Road - Kachiguda ,17.38953,78.491245,mid-range,modern,excellent,indicator bulb tnt 300 tnt 300 benelli lighting superior long lasting for better handling,0,2025-07-16T00:00:00,2025-09-18T00:00:00
68d141f2b3fce85d4c560de0,Yamaha Coolant Reservoir for YZF-R3,YZF-R3,Yamaha,2024,,Cooling System,2266.0,superior vibration dampening for enhanced durability,18,3.7,7,,https://example.com/images/coolant_reservoir_yzf_r3.jpg,68d0c47d09554c358655174b,68d0c47e09554c358655174d,Tarun Automobiles,,17.423605,78.546314,mid-range,modern,good,yamaha coolant reservoir for yzf r3 yzf r3 yamaha cooling system superior vibration dampening for enhanced durability,0,2025-07-11T00:00:00,2025-09-07T00:00:00
68d141f2b3fce85d4c560de1,Racing Wax - Panigale 959,Panigale 959,Ducati,2015,,Maintenance,488.0,durable precision engineered for better control,18,4.2,44,,https://example.com/images/wax_panigale_959.jpg,68d133bf3952f7cf7dee90b7,68d133bf3952f7cf7dee90b9,Jyothi Automobiles,Hyderabad,17.511409,78.350972,budget,modern,excellent,racing wax panigale 959 panigale 959 ducati maintenance durable precision engineered for better control,0,2025-09-13T00:00:00,2025-08-16T00:00:00
68d141f2b3fce85d4c560de2,Centrifugal Filter Assembly - Sport,Sport,Jawa,2020,,Filters,1480.0,durable precision engineered for enhanced stability,13,3.5,15,,https://example.com/images/centrifugal_filter_sport.jpg,68d1346c3952f7cf7dee90d0,68d1346c3952f7cf7dee90d2,Kalyan Automobiles,Bala Nagar,17.475679,78.447328,mid-range,modern,good,centrifugal filter assembly sport sport jawa filters durable precision engineered for enhanced stability,0,2025-07-27T00:00:00,2025-08-03T00:00:00
68d141f2b3fce85d4c560de3,Genuine Exhaust Bolt - F4,F4,MV Agusta,2025,,Exhaust,4632.0,oem quality high strength for superior reliability,15,3.4,36,,https://example.com/images/exhaust_bolt_f4.jpg,68d134ac3952f7cf7dee90e3,68d134ac3952f7cf7dee90e5,Shiva sai Automobiles,Mahabubabad,17.594209,80.006903,mid-range,modern,good,genuine exhaust bolt f4 f4 mv agusta exhaust oem quality high strength for superior reliability,0,2025-09-02T00:00:00,2025-08-19T00:00:00
68d141f2b3fce85d4c560de4,Yamaha Tire Iron for Saluto RX,Saluto RX,Yamaha,2014,,Wheels & Tires,5510.0,oem quality noise reducing for superior reliability,6,3.7,5,,https://example.com/images/tire_iron_saluto_rx.jpg,68d135063952f7cf7dee90f6,68d135063952f7cf7dee90f8,Manoj Automobiles,Dilshknagar,17.367642,78.534282,premium,classic,good,yamaha tire iron for saluto rx saluto rx yamaha wheels tires oem quality noise reducing for superior reliability,0,2025-08-01T00:00:00,2025-07-06T00:00:00
68d141f2b3fce85d4c560de5,Heavy Duty Fork Oil Seal - Discover 125,Discover 125,Bajaj,2017,,Suspension,9562.0,professional grade precision engineered for increased power,6,4.6,43,,https://example.com/images/fork_oil_seal_discover_125.jpg,68d135833952f7cf7dee9109,68d135833952f7cf7dee910b,Mounika Automobiles,Karimnagar,18.435781,79.132861,premium,modern,excellent,heavy duty fork oil seal discover 125 discover 125 bajaj suspension professional grade precision engineered for increased power,0,2025-07-21T00:00:00,2025-07-14T00:00:00
68d141f2b3fce85d4c560de6,Racing Spoke Set - Ignitor,Ignitor,Hero,2023,,Wheels & Tires,7062.0,racing quality weather resistant for reduced maintenance,16,4.3,16,,https://example.com/images/spoke_set_ignitor.jpg,68d135d63952f7cf7dee911e,68d135d63952f7cf7dee9120,baskar Automobiles,Medak,18.048948,78.269372,premium,modern,excellent,racing spoke set ignitor ignitor hero wheels tires racing quality weather resistant for reduced maintenance,0,2025-08-07T00:00:00,2025-08-24T00:00:00
68d141f2b3fce85d4c560de7,Ducati Elbow Guard for DesertX,DesertX,Ducati,2017,,Safety,3953.0,long lasting eco friendly for enhanced durability,22,4.2,12,,https://example.com/images/elbow_guard_desertx.jpg,68d136193952f7cf7dee9131,68d136193952f7cf7dee9133,Mahesh Automobiles,Khammam,17.249885,80.15615,mid-range,modern,excellent,ducati elbow guard for desertx desertx ducati safety long lasting eco friendly for enhanced durability,0,2025-08-10T00:00:00,2025-07-12T00:00:00
68d141f2b3fce85d4c560de8,Performance Racing Filter - Standard,Standard,Jawa,2022,,Filters,1360.0,lightweight fuel efficient for reduced maintenance,9,4.1,14,,https://example.com/images/racing_filter_standard.jpg,689d6959045c37933826818b,689d6959045c37933826818d,sai automobiles,RAMNAGAR COLONY PEERZADIGUDA UPPAL HYDERABAD,17.390358,78.606729,mid-range,modern,excellent,performance racing filter standard standard jawa filters lightweight fuel efficient for reduced maintenance,0,2025-08-23T00:00:00,2025-09-17T00:00:00
68d141f2b3fce85d4c560de9,Yezdi Detent Spring for Classic,Classic,Yezdi,2023,,Transmission,1177.0,street performance eco friendly for enhanced durability,3,3.6,1,,https://example.com/images/detent_spring_classic.jpg,68ac2a8e3c73e23c655de052,68ac2a8f3c73e23c655de054,Swathi Automobiles,Chappal Bazar Road - Kachiguda ,17.38953,78.491245,mid-range,modern,good,yezdi detent spring for classic classic yezdi transmission street performance eco friendly for enhanced durability,0,2025-07-13T00:00:00,2025-09-03T00:00:00
68d141f2b3fce85d4c560dea,Genuine Centrifugal Filter - iQube Electric,iQube Electric,TVS,2015,,Filters,601.0,lightweight long lasting for better control,27,4.6,11,,https://example.com/images/centrifugal_filter_iqube_electric.jpg,68d0c47d09554c358655174b,68d0c47e09554c358655174d,Tarun Automobiles,,17.423605,78.546314,budget,modern,excellent,genuine centrifugal filter iqube electric iqube electric tvs filters lightweight long lasting for better control,0,2025-09-12T00:00:00,2025-07-08T00:00:00
68d141f2b3fce85d4c560deb,Performance Vacuum Filter - Avenger 160,Avenger 160,Bajaj,2025,,Filters,701.0,superior weather resistant for increased power,17,3.5,36,,https://example.com/images/vacuum_filter_avenger_160.jpg,68d133bf3952f7cf7dee90b7,68d133bf3952f7cf7dee90b9,Jyothi Automobiles,Hyderabad,17.511409,78.350972,budget,modern,good,performance vacuum filter avenger 160 avenger 160 bajaj filters superior weather resistant for increased power,0,2025-09-17T00:00:00,2025-07-06T00:00:00
68d141f2b3fce85d4c560dec,Indian Oil Pump for Chief Vintage,Chief Vintage,Indian,2013,,Engine,4265.0,advanced fuel efficient for enhanced safety,22,3.5,22,,https://example.com/images/oil_pump_chief_vintage.jpg,68d1346c3952f7cf7dee90d0,68d1346c3952f7cf7dee90d2,Kalyan Automobiles,Bala Nagar,17.475679,78.447328,mid-range,classic,good,indian oil pump for chief vintage chief vintage indian engine advanced fuel efficient for enhanced safety,0,2025-07-11T00:00:00,2025-07-26T00:00:00
68d141f2b3fce85d4c560ded,Wheel Hub Assembly - Fat Bob,Fat Bob,Harley-Davidson,2024,,Wheels & Tires,4542.0,precision made temperature stable for superior reliability,25,3.3,18,,https://example.com/images/wheel_hub_fat_bob.jpg,68d134ac3952f7cf7dee90e3,68d134ac3952f7cf7dee90e5,Shiva sai Automobiles,Mahabubabad,17.594209,80.006903,mid-range,modern,good,wheel hub assembly fat bob fat bob harley davidson wheels tires precision made temperature stable for superior reliability,0,2025-08-23T00:00:00,2025-07-31T00:00:00
68d141f2b3fce85d4c560dee,Aviator Helmet,Aviator,Honda,2020,,Safety,5474.0,professional grade impact resistant for better fuel economy,18,4.8,0,,https://example.com/images/helmet_aviator.jpg,68d135063952f7cf7dee90f6,68d135063952f7cf7dee90f8,Manoj Automobiles,Dilshknagar,17.367642,78.534282,premium,modern,excellent,aviator helmet aviator honda safety professional grade impact resistant for better fuel economy,0,2025-09-14T00:00:00,2025-08-05T00:00:00
68d141f2b3fce85d4c560def,Footpeg Set - Tiger 900,Tiger 900,Triumph,2014,,Accessories,2934.0,professional grade wear resistant for better control,19,4.1,18,,https://example.com/images/footpeg_set_tiger_900.jpg,68d135833952f7cf7dee9109,68d135833952f7cf7dee910b,Mounika Automobiles,Karimnagar,18.435781,79.132861,mid-range,classic,excellent,footpeg set tiger 900 tiger 900 triumph accessories professional grade wear resistant for better control,0,2025-07-19T00:00:00,2025-09-15T00:00:00
68d141f2b3fce85d4c560df0,OEM Performance Filter - Kine,Kine,Mahindra,2024,,Filters,1125.0,heavy duty maintenance free for reduced maintenance,16,4.0,29,,https://example.com/images/performance_filter_kine.jpg,68d135d63952f7cf7dee911e,68d135d63952f7cf7dee9120,baskar Automobiles,Medak,18.048948,78.269372,mid-range,modern,excellent,oem performance filter kine kine mahindra filters heavy duty maintenance free for reduced maintenance,0,2025-08-05T00:00:00,2025-07-07T00:00:00
68d141f2b3fce85d4c560df1,Performance Axle - Street 750,Street 750,Harley-Davidson,2011,,Wheels & Tires,12235.0,oem quality vibration dampening for better control,17,4.3,9,,https://example.com/images/axle_street_750.jpg,68d136193952f7cf7dee9131,68d136193952f7cf7dee9133,Mahesh Automobiles,Khammam,17.249885,80.15615,premium,classic,excellent,performance axle street 750 street 750 harley davidson wheels tires oem quality vibration dampening for better control,0,2025-07-23T00:00:00,2025-07-15T00:00:00
68d141f2b3fce85d4c560df2,Heavy Duty Transmission Filter - Saluto RX,Saluto RX,Yamaha,2017,,Filters,1287.0,street performance heat treated for reduced maintenance,14,4.8,7,,https://example.com/images/transmission_filter_saluto_rx.jpg,689d6959045c37933826818b,689d6959045c37933826818d,sai automobiles,RAMNAGAR COLONY PEERZADIGUDA UPPAL HYDERABAD,17.390358,78.606729,mid-range,modern,excellent,heavy duty transmission filter saluto rx saluto rx yamaha filters street performance heat treated for reduced maintenance,0,2025-07-06T00:00:00,2025-08-14T00:00:00
68d141f2b3fce85d4c560df3,OEM Tube - 890 Adventure,890 Adventure,KTM,2025,,Wheels & Tires,5667.0,industrial grade vibration dampening for increased power,7,3.3,39,,https://example.com/images/tube_890_adventure.jpg,68ac2a8e3c73e23c655de052,68ac2a8f3c73e23c655de054,Swathi Automobiles,Chappal Bazar Road - Kachiguda ,17.38953,78.491245,premium,modern,good,oem tube 890 adventure 890 adventure ktm wheels tires industrial grade vibration dampening for increased power,0,2025-08-10T00:00:00,2025-07-11T00:00:00
68d141f2b3fce85d4c560df4,Phone Mount Assembly - Gixxer,Gixxer,Suzuki,2022,,Accessories,2720.0,oem quality weather resistant for longer life,8,3.5,7,,https://example.com/images/phone_mount_gixxer.jpg,68d0c47d09554c358655174b,68d0c47e09554c358655174d,Tarun Automobiles,,17.423605,78.546314,mid-range,modern,good,phone mount assembly gixxer gixxer suzuki accessories oem quality weather resistant for longer life,0,2025-08-24T00:00:00,2025-07-25T00:00:00
68d141f2b3fce85d4c560df5,Heavy Duty Brake Hose - Katana,Katana,Suzuki,2025,,Brakes,2429.0,long lasting precision engineered for increased power,4,4.0,9,,https://example.com/images/brake_hose_katana.jpg,68d133bf3952f7cf7dee90b7,68d133bf3952f7cf7dee90b9,Jyothi Automobiles,Hyderabad,17.511409,78.350972,mid-range,modern,excellent,heavy duty brake hose katana katana suzuki brakes long lasting precision engineered for increased power,0,2025-08-05T00:00:00,2025-09-04T00:00:00
68d141f2b3fce85d4c560df6,Racing Rear Sprocket - CT 110X,CT 110X,Bajaj,2019,,Drivetrain,7249.0,heavy duty heat treated for improved comfort,24,3.6,36,,https://example.com/images/rear_sprocket_ct_110x.jpg,68d1346c3952f7cf7dee90d0,68d1346c3952f7cf7dee90d2,Kalyan Automobiles,Bala Nagar,17.475679,78.447328,premium,modern,good,racing rear sprocket ct 110x ct 110x bajaj drivetrain heavy duty heat treated for improved comfort,0,2025-08-31T00:00:00,2025-07-01T00:00:00
68d141f3b3fce85d4c560df7,Assembly Paste - Brutale 1000,Brutale 1000,MV Agusta,2012,,Maintenance,534.0,racing quality maintenance free for increased power,24,4.0,3,,https://example.com/images/assembly_paste_brutale_1000.jpg,68d134ac3952f7cf7dee90e3,68d134ac3952f7cf7dee90e5,Shiva sai Automobiles,Mahabubabad,17.594209,80.006903,budget,classic,excellent,assembly paste brutale 1000 brutale 1000 mv agusta maintenance racing quality maintenance free for increased power,0,2025-08-01T00:00:00,2025-07-13T00:00:00
68d141f3b3fce85d4c560df8,Premium Belly Pan for Sportster S,Sportster S,Harley-Davidson,2024,,Body Parts,6926.0,precision made fuel efficient for smoother operation,10,4.6,39,,https://example.com/images/belly_pan_sportster_s.jpg,68d135063952f7cf7dee90f6,68d135063952f7cf7dee90f8,Manoj Automobiles,Dilshknagar,17.367642,78.534282,premium,modern,excellent,premium belly pan for sportster sportster harley davidson body parts precision made fuel efficient for smoother operation,0,2025-07-10T00:00:00,2025-08-20T00:00:00
68d141f3b3fce85d4c560df9,Racing Paper Filter - Brutale 1000,Brutale 1000,MV Agusta,2019,,Filters,998.0,street performance high strength for reduced maintenance,25,3.7,1,,https://example.com/images/paper_filter_brutale_1000.jpg,68d135833952f7cf7dee9109,68d135833952f7cf7dee910b,Mounika Automobiles,Karimnagar,18.435781,79.132861,budget,modern,good,racing paper filter brutale 1000 brutale 1000 mv agusta filters street performance high strength for reduced maintenance,0,2025-08-10T00:00:00,2025-07-15T00:00:00
68d141f3b3fce85d4c560dfa,OEM Wheel Hub - Brutale 1000,Brutale 1000,MV Agusta,2013,,Wheels & Tires,7764.0,durable precision engineered for smoother operation,3,4.5,28,,https://example.com/images/wheel_hub_brutale_1000.jpg,68d135d63952f7cf7dee911e,68d135d63952f7cf7dee9120,baskar Automobiles,Medak,18.048948,78.269372,premium,classic,excellent,oem wheel hub brutale 1000 brutale 1000 mv agusta wheels tires durable precision engineered for smoother operation,0,2025-08-27T00:00:00,2025-08-02T00:00:00
68d141f3b3fce85d4c560dfb,Genuine Pressure Regulator - Ninja H2,Ninja H2,Kawasaki,2017,,Fuel System,4053.0,professional grade eco friendly for smoother operation,23,4.3,13,,https://example.com/images/pressure_regulator_ninja_h2.jpg,68d136193952f7cf7dee9131,68d136193952f7cf7dee9133,Mahesh Automobiles,Khammam,17.249885,80.15615,mid-range,modern,excellent,genuine pressure regulator ninja h2 ninja h2 kawasaki fuel system professional grade eco friendly for smoother operation,0,2025-08-14T00:00:00,2025-07-07T00:00:00
68d141f3b3fce85d4c560dfc,OEM Chain Adjuster - Apache RTR 200 4V,Apache RTR 200 4V,TVS,2023,,Drivetrain,3891.0,superior precision engineered for reduced maintenance,20,4.2,19,,https://example.com/images/chain_adjuster_apache_rtr_200_4v.jpg,689d6959045c37933826818b,689d6959045c37933826818d,sai automobiles,RAMNAGAR COLONY PEERZADIGUDA UPPAL HYDERABAD,17.390358,78.606729,mid-range,modern,excellent,oem chain adjuster apache rtr 200 4v apache rtr 200 4v tvs drivetrain superior precision engineered for reduced maintenance,0,2025-08-16T00:00:00,2025-08-05T00:00:00
68d141f3b3fce85d4c560dfd,Genuine Engine Mount - Turismo Veloce,Turismo Veloce,MV Agusta,2018,,Engine,20048.0,enhanced maintenance free for enhanced stability,10,4.7,10,,https://example.com/images/engine_mount_turismo_veloce.jpg,68ac2a8e3c73e23c655de052,68ac2a8f3c73e23c655de054,Swathi Automobiles,Chappal Bazar Road - Kachiguda ,17.38953,78.491245,premium,modern,excellent,genuine engine mount turismo veloce turismo veloce mv agusta engine enhanced maintenance free for enhanced stability,0,2025-08-15T00:00:00,2025-08-23T00:00:00
68d141f3b3fce85d4c560dfe,Genuine Emergency Brake - Ninja H2,Ninja H2,Kawasaki,2011,,Brakes,2228.0,professional grade eco friendly for reduced maintenance,24,4.8,49,,https://example.com/images/emergency_brake_ninja_h2.jpg,68d0c47d09554c358655174b,68d0c47e09554c358655174d,Tarun Automobiles,,17.423605,78.546314,mid-range,classic,excellent,genuine emergency brake ninja h2 ninja h2 kawasaki brakes professional grade eco friendly for reduced maintenance,0,2025-07-25T00:00:00,2025-08-13T00:00:00
68d141f3b3fce85d4c560dff,OEM Coolant Hose - Xoom 110,Xoom 110,Hero,2023,,Cooling System,3222.0,enhanced wear resistant for superior reliability,6,4.3,42,,https://example.com/images/coolant_hose_xoom_110.jpg,68d133bf3952f7cf7dee90b7,68d133bf3952f7cf7dee90b9,Jyothi Automobiles,Hyderabad,17.511409,78.350972,mid-range,modern,excellent,oem coolant hose xoom 110 xoom 110 hero cooling system enhanced wear resistant for superior reliability,0,2025-08-17T00:00:00,2025-08-02T00:00:00
68d141f3b3fce85d4c560e00,Harley-Davidson Dashboard Light for LiveWire,LiveWire,Harley-Davidson,2022,,Lighting,4440.0,enhanced heat treated for improved comfort,16,3.5,37,,https://example.com/images/dashboard_light_livewire.jpg,68d1346c3952f7cf7dee90d0,68d1346c3952f7cf7dee90d2,Kalyan Automobiles,Bala Nagar,17.475679,78.447328,mid-range,modern,good,harley davidson dashboard light for livewire livewire harley davidson lighting enhanced heat treated for improved comfort,0,2025-08-26T00:00:00,2025-07-16T00:00:00
68d141f3b3fce85d4c560e01,OEM Transmission Filter - Caponord 1200,Caponord 1200,Aprilia,2011,,Filters,804.0,precision made heat treated for better handling,27,3.4,34,,https://example.com/images/transmission_filter_caponord_1200.jpg,68d134ac3952f7cf7dee90e3,68d134ac3952f7cf7dee90e5,Shiva sai Automobiles,Mahabubabad,17.594209,80.006903,budget,classic,good,oem transmission filter caponord 1200 caponord 1200 aprilia filters precision made heat treated for better handling,0,2025-09-21T00:00:00,2025-09-20T00:00:00
68d141f3b3fce85d4c560e02,Performance Engine Guard - Vulcan S,Vulcan S,Kawasaki,2013,,Accessories,2886.0,long lasting precision engineered for better handling,1,4.4,35,,https://example.com/images/engine_guard_vulcan_s.jpg,68d135063952f7cf7dee90f6,68d135063952f7cf7dee90f8,Manoj Automobiles,Dilshknagar,17.367642,78.534282,mid-range,classic,excellent,performance engine guard vulcan vulcan kawasaki accessories long lasting precision engineered for better handling,0,2025-09-12T00:00:00,2025-08-03T00:00:00
68d141f3b3fce85d4c560e03,Triumph Crash Guard for Tiger 900,Tiger 900,Triumph,2011,,Accessories,1638.0,racing quality eco friendly for better handling,27,3.5,28,,https://example.com/images/crash_guard_tiger_900.jpg,68d135833952f7cf7dee9109,68d135833952f7cf7dee910b,Mounika Automobiles,Karimnagar,18.435781,79.132861,mid-range,classic,good,triumph crash guard for tiger 900 tiger 900 triumph accessories racing quality eco friendly for better handling,0,2025-09-19T00:00:00,2025-07-31T00:00:00
68d141f3b3fce85d4c560e04,Pulsar 150 Reflective Vest,Pulsar 150,Bajaj,2011,,Safety,1134.0,superior precision engineered for maximum protection,26,3.3,12,,https://example.com/images/reflective_vest_pulsar_150.jpg,68d135d63952f7cf7dee911e,68d135d63952f7cf7dee9120,baskar Automobiles,Medak,18.048948,78.269372,mid-range,classic,good,pulsar 150 reflective vest pulsar 150 bajaj safety superior precision engineered for maximum protection,0,2025-07-23T00:00:00,2025-09-07T00:00:00
68d141f3b3fce85d4c560e05,Heavy Duty Brake Caliper - W175,W175,Kawasaki,2016,,Brakes,3399.0,professional grade long lasting for better handling,29,3.8,4,,https://example.com/images/brake_caliper_w175.jpg,68d136193952f7cf7dee9131,68d136193952f7cf7dee9133,Mahesh Automobiles,Khammam,17.249885,80.15615,mid-range,modern,good,heavy duty brake caliper w175 w175 kawasaki brakes professional grade long lasting for better handling,0,2025-08-17T00:00:00,2025-09-06T00:00:00
68d141f3b3fce85d4c560e06,Light Switch - MT-03,MT-03,Yamaha,2013,,Lighting,2153.0,premium quality weather resistant for enhanced safety,5,4.6,32,,https://example.com/images/light_switch_mt_03.jpg,689d6959045c37933826818b,689d6959045c37933826818d,sai automobiles,RAMNAGAR COLONY PEERZADIGUDA UPPAL HYDERABAD,17.390358,78.606729,mid-range,classic,excellent,light switch mt 03 mt 03 yamaha lighting premium quality weather resistant for enhanced safety,0,2025-08-24T00:00:00,2025-08-01T00:00:00
68d141f3b3fce85d4c560e07,Performance Rim Tape - Pan America,Pan America,Harley-Davidson,2015,,Wheels & Tires,12758.0,long lasting high strength for better handling,15,3.6,47,,https://example.com/images/rim_tape_pan_america.jpg,68ac2a8e3c73e23c655de052,68ac2a8f3c73e23c655de054,Swathi Automobiles,Chappal Bazar Road - Kachiguda ,17.38953,78.491245,premium,modern,good,performance rim tape pan america pan america harley davidson wheels tires long lasting high strength for better handling,0,2025-07-17T00:00:00,2025-07-07T00:00:00
68d141f3b3fce85d4c560e08,Performance Fuel Filter - 1290 Super Adventure S,1290 Super Adventure S,KTM,2012,,Fuel System,1617.0,professional grade maintenance free for improved comfort,3,3.8,1,,https://example.com/images/fuel_filter_1290_super_adventure_s.jpg,68d0c47d09554c358655174b,68d0c47e09554c358655174d,Tarun Automobiles,,17.423605,78.546314,mid-range,classic,good,performance fuel filter 1290 super adventure 1290 super adventure ktm fuel system professional grade maintenance free for improved comfort,0,2025-07-02T00:00:00,2025-08-15T00:00:00
68d141f3b3fce85d4c560e09,Fork Tube - Ray ZR,Ray ZR,Yamaha,2023,,Suspension,8887.0,advanced wear resistant for smoother operation,15,3.9,5,,https://example.com/images/fork_tube_ray_zr.jpg,68d133bf3952f7cf7dee90b7,68d133bf3952f7cf7dee90b9,Jyothi Automobiles,Hyderabad,17.511409,78.350972,premium,modern,good,fork tube ray zr ray zr yamaha suspension advanced wear resistant for smoother operation,0,2025-07-31T00:00:00,2025-09-03T00:00:00
68d141f3b3fce85d4c560e0a,Performance Cooling Fan - Ultra Limited,Ultra Limited,Harley-Davidson,2013,,Cooling System,10636.0,superior corrosion resistant for optimal efficiency,9,3.3,8,,https://example.com/images/cooling_fan_ultra_limited.jpg,68d1346c3952f7cf7dee90d0,68d1346c3952f7cf7dee90d2,Kalyan Automobiles,Bala Nagar,17.475679,78.447328,premium,classic,good,performance cooling fan ultra limited ultra limited harley davidson cooling system superior corrosion resistant for optimal efficiency,0,2025-09-08T00:00:00,2025-09-08T00:00:00
68d141f3b3fce85d4c560e0b,Heavy Duty Pressure Regulator - Zest,Zest,TVS,2012,,Fuel System,2237.0,high performance impact resistant for enhanced stability,24,4.2,10,,https://example.com/images/pressure_regulator_zest.jpg,68d134ac3952f7cf7dee90e3,68d134ac3952f7cf7dee90e5,Shiva sai Automobiles,Mahabubabad,17.594209,80.006903,mid-range,classic,excellent,heavy duty pressure regulator zest zest tvs fuel system high performance impact resistant for enhanced stability,0,2025-07-23T00:00:00,2025-08-18T00:00:00
68d141f3b3fce85d4c560e0c,Premium Water Hose for Sport,Sport,TVS,2017,,Cooling System,6762.0,racing quality high strength for improved performance,12,4.1,20,,https://example.com/images/water_hose_sport.jpg,68d135063952f7cf7dee90f6,68d135063952f7cf7dee90f8,Manoj Automobiles,Dilshknagar,17.367642,78.534282,premium,modern,excellent,premium water hose for sport sport tvs cooling system racing quality high strength for improved performance,0,2025-08-16T00:00:00,2025-08-25T00:00:00
68d141f3b3fce85d4c560e0d,Heavy Duty First Aid Kit - ZX-6R,ZX-6R,Kawasaki,2012,,Accessories,3785.0,street performance heat treated for enhanced safety,28,4.5,47,,https://example.com/images/first_aid_kit_zx_6r.jpg,68d135833952f7cf7dee9109,68d135833952f7cf7dee910b,Mounika Automobiles,Karimnagar,18.435781,79.132861,mid-range,classic,excellent,heavy duty first aid kit zx 6r zx 6r kawasaki accessories street performance heat treated for enhanced safety,0,2025-07-09T00:00:00,2025-07-08T00:00:00
68d141f3b3fce85d4c560e0e,OEM Racing Filter - ZX-6R,ZX-6R,Kawasaki,2018,,Filters,850.0,durable corrosion resistant for optimal efficiency,22,4.3,38,,https://example.com/images/racing_filter_zx_6r.jpg,68d135d63952f7cf7dee911e,68d135d63952f7cf7dee9120,baskar Automobiles,Medak,18.048948,78.269372,budget,modern,excellent,oem racing filter zx 6r zx 6r kawasaki filters durable corrosion resistant for optimal efficiency,0,2025-07-24T00:00:00,2025-09-06T00:00:00
68d141f3b3fce85d4c560e0f,Contact Cleaner - Scout Bobber,Scout Bobber,Indian,2015,,Maintenance,275.0,racing quality noise reducing for increased power,15,4.9,7,,https://example.com/images/contact_cleaner_scout_bobber.jpg,68d136193952f7cf7dee9131,68d136193952f7cf7dee9133,Mahesh Automobiles,Khammam,17.249885,80.15615,budget,modern,excellent,contact cleaner scout bobber scout bobber indian maintenance racing quality noise reducing for increased power,0,2025-07-11T00:00:00,2025-08-26T00:00:00
68d141f3b3fce85d4c560e10,Boulevard Mesh Filter,Boulevard,Suzuki,2018,,Filters,701.0,heavy duty chemical resistant for improved performance,19,3.7,4,,https://example.com/images/mesh_filter_boulevard.jpg,689d6959045c37933826818b,689d6959045c37933826818d,sai automobiles,RAMNAGAR COLONY PEERZADIGUDA UPPAL HYDERABAD,17.390358,78.606729,budget,modern,good,boulevard mesh filter boulevard suzuki filters heavy duty chemical resistant for improved performance,0,2025-09-14T00:00:00,2025-08-31T00:00:00
68d141f3b3fce85d4c560e11,OEM Overflow Tank - C 400 X,C 400 X,BMW,2024,,Cooling System,4683.0,long lasting fuel efficient for superior reliability,23,3.9,0,,https://example.com/images/overflow_tank_c_400_x.jpg,68ac2a8e3c73e23c655de052,68ac2a8f3c73e23c655de054,Swathi Automobiles,Chappal Bazar Road - Kachiguda ,17.38953,78.491245,mid-range,modern,good,oem overflow tank 400 400 bmw cooling system long lasting fuel efficient for superior reliability,0,2025-09-04T00:00:00,2025-09-05T00:00:00
68d141f3b3fce85d4c560e12,Premium Rust Remover for K 1600 GTL,K 1600 GTL,BMW,2015,,Maintenance,916.0,professional grade noise reducing for better fuel economy,9,3.7,5,,https://example.com/images/rust_remover_k_1600_gtl.jpg,68d0c47d09554c358655174b,68d0c47e09554c358655174d,Tarun Automobiles,,17.423605,78.546314,budget,modern,good,premium rust remover for 1600 gtl 1600 gtl bmw maintenance professional grade noise reducing for better fuel economy,0,2025-07-11T00:00:00,2025-07-23T00:00:00
68d141f3b3fce85d4c560e13,Exhaust Bolt Assembly - Scout,Scout,Indian,2014,,Exhaust,15627.0,racing quality chemical resistant for superior reliability,8,3.8,34,,https://example.com/images/exhaust_bolt_scout.jpg,68d133bf3952f7cf7dee90b7,68d133bf3952f7cf7dee90b9,Jyothi Automobiles,Hyderabad,17.511409,78.350972,premium,classic,good,exhaust bolt assembly scout scout indian exhaust racing quality chemical resistant for superior reliability,0,2025-08-07T00:00:00,2025-07-30T00:00:00
68d141f3b3fce85d4c560e14,Mahindra Belt Guard for Rodeo RZ,Rodeo RZ,Mahindra,2010,,Drivetrain,3400.0,oem quality eco friendly for enhanced durability,15,4.8,12,,https://example.com/images/belt_guard_rodeo_rz.jpg,68d1346c3952f7cf7dee90d0,68d1346c3952f7cf7dee90d2,Kalyan Automobiles,Bala Nagar,17.475679,78.447328,mid-range,classic,excellent,mahindra belt guard for rodeo rz rodeo rz mahindra drivetrain oem quality eco friendly for enhanced durability,0,2025-07-21T00:00:00,2025-08-01T00:00:00
68d141f3b3fce85d4c560e15,Bajaj Coil for Pulsar RS200,Pulsar RS200,Bajaj,2020,,Electrical,4937.0,oem quality noise reducing for enhanced durability,29,4.3,49,,https://example.com/images/coil_pulsar_rs200.jpg,68d134ac3952f7cf7dee90e3,68d134ac3952f7cf7dee90e5,Shiva sai Automobiles,Mahabubabad,17.594209,80.006903,mid-range,modern,excellent,bajaj coil for pulsar rs200 pulsar rs200 bajaj electrical oem quality noise reducing for enhanced durability,0,2025-07-22T00:00:00,2025-09-05T00:00:00
68d141f3b3fce85d4c560e16,Premium Handlebar Grip for LiveWire,LiveWire,Harley-Davidson,2016,,Accessories,1543.0,lightweight maintenance free for smoother operation,20,3.8,15,,https://example.com/images/handlebar_grip_livewire.jpg,68d135063952f7cf7dee90f6,68d135063952f7cf7dee90f8,Manoj Automobiles,Dilshknagar,17.367642,78.534282,mid-range,modern,good,premium handlebar grip for livewire livewire harley davidson accessories lightweight maintenance free for smoother operation,0,2025-09-10T00:00:00,2025-08-25T00:00:00
68d141f3b3fce85d4c560e17,Racing Parking Light - Street Triple,Street Triple,Triumph,2023,,Lighting,317.0,enhanced temperature stable for improved comfort,7,3.4,40,,https://example.com/images/parking_light_street_triple.jpg,68d135833952f7cf7dee9109,68d135833952f7cf7dee910b,Mounika Automobiles,Karimnagar,18.435781,79.132861,budget,modern,good,racing parking light street triple street triple triumph lighting enhanced temperature stable for improved comfort,0,2025-08-02T00:00:00,2025-08-01T00:00:00
68d141f3b3fce85d4c560e18,CDI Unit Assembly - PCX 150,PCX 150,Honda,2020,,Electrical,6341.0,advanced weather resistant for enhanced safety,25,4.0,36,,https://example.com/images/cdi_unit_pcx_150.jpg,68d135d63952f7cf7dee911e,68d135d63952f7cf7dee9120,baskar Automobiles,Medak,18.048948,78.269372,premium,modern,excellent,cdi unit assembly pcx 150 pcx 150 honda electrical advanced weather resistant for enhanced safety,0,2025-07-17T00:00:00,2025-08-21T00:00:00
68d141f3b3fce85d4c560e19,Heavy Duty Gear Selector - Standard,Standard,Jawa,2012,,Transmission,2430.0,durable noise reducing for enhanced stability,30,3.9,14,,https://example.com/images/gear_selector_standard.jpg,68d136193952f7cf7dee9131,68d136193952f7cf7dee9133,Mahesh Automobiles,Khammam,17.249885,80.15615,mid-range,classic,good,heavy duty gear selector standard standard jawa transmission durable noise reducing for enhanced stability,0,2025-09-14T00:00:00,2025-08-18T00:00:00
68d141f3b3fce85d4c560e1a,F 850 GS Shock Absorber Oil,F 850 GS,BMW,2023,,Suspension,7455.0,precision made heat treated for superior reliability,9,4.5,42,,https://example.com/images/shock_absorber_oil_f_850_gs.jpg,689d6959045c37933826818b,689d6959045c37933826818d,sai automobiles,RAMNAGAR COLONY PEERZADIGUDA UPPAL HYDERABAD,17.390358,78.606729,premium,modern,excellent,850 gs shock absorber oil 850 gs bmw suspension precision made heat treated for superior reliability,0,2025-07-03T00:00:00,2025-09-07T00:00:00
68d141f3b3fce85d4c560e1b,Heavy Duty Silencer - Chief,Chief,Indian,2024,,Exhaust,14302.0,high performance maintenance free for improved performance,12,5.0,10,,https://example.com/images/silencer_chief.jpg,68ac2a8e3c73e23c655de052,68ac2a8f3c73e23c655de054,Swathi Automobiles,Chappal Bazar Road - Kachiguda ,17.38953,78.491245,premium,modern,excellent,heavy duty silencer chief chief indian exhaust high performance maintenance free for improved performance,0,2025-07-22T00:00:00,2025-09-06T00:00:00
68d141f3b3fce85d4c560e1c,RSV4 Temperature Gauge,RSV4,Aprilia,2014,,Cooling System,8256.0,professional grade fuel efficient for superior reliability,15,4.3,18,,https://example.com/images/temperature_gauge_rsv4.jpg,68d0c47d09554c358655174b,68d0c47e09554c358655174d,Tarun Automobiles,,17.423605,78.546314,premium,classic,excellent,rsv4 temperature gauge rsv4 aprilia cooling system professional grade fuel efficient for superior reliability,0,2025-09-10T00:00:00,2025-08-22T00:00:00
68d141f3b3fce85d4c560e1d,Shift Fork Assembly - 1290 Super Adventure S,1290 Super Adventure S,KTM,2014,,Transmission,7334.0,precision made precision engineered for smoother operation,21,3.4,47,,https://example.com/images/shift_fork_1290_super_adventure_s.jpg,68d133bf3952f7cf7dee90b7,68d133bf3952f7cf7dee90b9,Jyothi Automobiles,Hyderabad,17.511409,78.350972,premium,classic,good,shift fork assembly 1290 super adventure 1290 super adventure ktm transmission precision made precision engineered for smoother operation,0,2025-09-20T00:00:00,2025-08-11T00:00:00
68d141f3b3fce85d4c560e1e,Heavy Duty Polish - Vulcan S,Vulcan S,Kawasaki,2018,,Maintenance,810.0,premium quality corrosion resistant for enhanced safety,19,3.8,16,,https://example.com/images/polish_vulcan_s.jpg,68d1346c3952f7cf7dee90d0,68d1346c3952f7cf7dee90d2,Kalyan Automobiles,Bala Nagar,17.475679,78.447328,budget,modern,good,heavy duty polish vulcan vulcan kawasaki maintenance premium quality corrosion resistant for enhanced safety,0,2025-09-04T00:00:00,2025-07-30T00:00:00
68d141f3b3fce85d4c560e1f,Tail Box - SXR 160,SXR 160,Aprilia,2015,,Accessories,859.0,industrial grade heat treated for better fuel economy,14,4.3,5,,https://example.com/images/tail_box_sxr_160.jpg,68d134ac3952f7cf7dee90e3,68d134ac3952f7cf7dee90e5,Shiva sai Automobiles,Mahabubabad,17.594209,80.006903,budget,modern,excellent,tail box sxr 160 sxr 160 aprilia accessories industrial grade heat treated for better fuel economy,0,2025-09-21T00:00:00,2025-07-22T00:00:00
68d141f3b3fce85d4c560e20,OEM Brake Fluid Reservoir - Gixxer,Gixxer,Suzuki,2010,,Brakes,4943.0,professional grade high strength for enhanced safety,18,4.2,1,,https://example.com/images/brake_fluid_reservoir_gixxer.jpg,68d135063952f7cf7dee90f6,68d135063952f7cf7dee90f8,Manoj Automobiles,Dilshknagar,17.367642,78.534282,mid-range,classic,excellent,oem brake fluid reservoir gixxer gixxer suzuki brakes professional grade high strength for enhanced safety,0,2025-08-03T00:00:00,2025-08-05T00:00:00
68d141f3b3fce85d4c560e21,Mahindra Rear Tire for Zesto,Zesto,Mahindra,2017,,Wheels & Tires,9098.0,oem quality heat treated for enhanced durability,13,3.3,36,,https://example.com/images/rear_tire_zesto.jpg,68d135833952f7cf7dee9109,68d135833952f7cf7dee910b,Mounika Automobiles,Karimnagar,18.435781,79.132861,premium,modern,good,mahindra rear tire for zesto zesto mahindra wheels tires oem quality heat treated for enhanced durability,0,2025-07-30T00:00:00,2025-08-21T00:00:00
68d141f3b3fce85d4c560e22,Heavy Duty Bypass Filter - Discover 125,Discover 125,Bajaj,2015,,Filters,1226.0,oem quality high strength for enhanced stability,22,3.8,37,,https://example.com/images/bypass_filter_discover_125.jpg,68d135d63952f7cf7dee911e,68d135d63952f7cf7dee9120,baskar Automobiles,Medak,18.048948,78.269372,mid-range,modern,good,heavy duty bypass filter discover 125 discover 125 bajaj filters oem quality high strength for enhanced stability,0,2025-08-22T00:00:00,2025-09-01T00:00:00
68d141f3b3fce85d4c560e23,Premium Luggage Rack for Chief,Chief,Indian,2014,,Accessories,3557.0,oem quality temperature stable for longer life,21,3.6,47,,https://example.com/images/luggage_rack_chief.jpg,68d136193952f7cf7dee9131,68d136193952f7cf7dee9133,Mahesh Automobiles,Khammam,17.249885,80.15615,mid-range,classic,good,premium luggage rack for chief chief indian accessories oem quality temperature stable for longer life,0,2025-08-19T00:00:00,2025-08-01T00:00:00
68d141f3b3fce85d4c560e24,Street 750 Front Brake Pad,Street 750,Harley-Davidson,2019,,Brakes,4835.0,premium quality noise reducing for better control,26,4.1,38,,https://example.com/images/front_brake_pad_street_750.jpg,689d6959045c37933826818b,689d6959045c37933826818d,sai automobiles,RAMNAGAR COLONY PEERZADIGUDA UPPAL HYDERABAD,17.390358,78.606729,mid-range,modern,excellent,street 750 front brake pad street 750 harley davidson brakes premium quality noise reducing for better control,0,2025-09-07T00:00:00,2025-08-05T00:00:00
68d141f3b3fce85d4c560e25,Distributor Assembly - XL100,XL100,TVS,2021,,Ignition,1212.0,lightweight high strength for better control,1,4.0,15,,https://example.com/images/distributor_xl100.jpg,68ac2a8e3c73e23c655de052,68ac2a8f3c73e23c655de054,Swathi Automobiles,Chappal Bazar Road - Kachiguda ,17.38953,78.491245,mid-range,modern,excellent,distributor assembly xl100 xl100 tvs ignition lightweight high strength for better control,0,2025-08-14T00:00:00,2025-08-08T00:00:00
68d141f3b3fce85d4c560e26,Racing Valve Set - V12,V12,Bajaj,2013,,Engine,4896.0,superior impact resistant for longer life,23,4.7,18,,https://example.com/images/valve_set_v12.jpg,68d0c47d09554c358655174b,68d0c47e09554c358655174d,Tarun Automobiles,,17.423605,78.546314,mid-range,classic,excellent,racing valve set v12 v12 bajaj engine superior impact resistant for longer life,0,2025-07-30T00:00:00,2025-09-15T00:00:00
68d141f3b3fce85d4c560e27,Mobile Holder - Wego,Wego,TVS,2022,,Accessories,2222.0,durable heat treated for maximum protection,2,3.8,49,,https://example.com/images/mobile_holder_wego.jpg,68d133bf3952f7cf7dee90b7,68d133bf3952f7cf7dee90b9,Jyothi Automobiles,Hyderabad,17.511409,78.350972,mid-range,modern,good,mobile holder wego wego tvs accessories durable heat treated for maximum protection,0,2025-09-10T00:00:00,2025-08-12T00:00:00
68d141f3b3fce85d4c560e28,Suzuki Radiator for Avenis,Avenis,Suzuki,2016,,Cooling System,10026.0,professional grade eco friendly for superior reliability,3,4.8,11,,https://example.com/images/radiator_avenis.jpg,68d1346c3952f7cf7dee90d0,68d1346c3952f7cf7dee90d2,Kalyan Automobiles,Bala Nagar,17.475679,78.447328,premium,modern,excellent,suzuki radiator for avenis avenis suzuki cooling system professional grade eco friendly for superior reliability,0,2025-09-08T00:00:00,2025-08-23T00:00:00
68d141f3b3fce85d4c560e29,Benelli Tank Cover for Imperiale 400,Imperiale 400,Benelli,2015,,Body Parts,4449.0,street performance weather resistant for longer life,28,3.8,8,,https://example.com/images/tank_cover_imperiale_400.jpg,68d134ac3952f7cf7dee90e3,68d134ac3952f7cf7dee90e5,Shiva sai Automobiles,Mahabubabad,17.594209,80.006903,mid-range,modern,good,benelli tank cover for imperiale 400 imperiale 400 benelli body parts street performance weather resistant for longer life,0,2025-08-02T00:00:00,2025-07-02T00:00:00
68d141f3b3fce85d4c560e2a,Genuine GPS Mount - Pan America,Pan America,Harley-Davidson,2017,,Accessories,4074.0,professional grade corrosion resistant for optimal efficiency,7,3.2,10,,https://example.com/images/gps_mount_pan_america.jpg,68d135063952f7cf7dee90f6,68d135063952f7cf7dee90f8,Manoj Automobiles,Dilshknagar,17.367642,78.534282,mid-range,modern,good,genuine gps mount pan america pan america harley davidson accessories professional grade corrosion resistant for optimal efficiency,0,2025-07-05T00:00:00,2025-09-08T00:00:00
68d141f3b3fce85d4c560e2b,Heavy Duty Full System Exhaust - Dorsoduro 900,Dorsoduro 900,Aprilia,2021,,Exhaust,7105.0,heavy duty long lasting for enhanced safety,14,4.6,41,,https://example.com/images/full_system_exhaust_dorsoduro_900.jpg,68d135833952f7cf7dee9109,68d135833952f7cf7dee910b,Mounika Automobiles,Karimnagar,18.435781,79.132861,premium,modern,excellent,heavy duty full system exhaust dorsoduro 900 dorsoduro 900 aprilia exhaust heavy duty long lasting for enhanced safety,0,2025-07-13T00:00:00,2025-07-05T00:00:00
68d141f3b3fce85d4c560e2c,Premium Belly Pan for Roadster,Roadster,Yezdi,2010,,Body Parts,5197.0,high performance chemical resistant for improved comfort,1,4.0,33,,https://example.com/images/belly_pan_roadster.jpg,68d135d63952f7cf7dee911e,68d135d63952f7cf7dee9120,baskar Automobiles,Medak,18.048948,78.269372,premium,classic,excellent,premium belly pan for roadster roadster yezdi body parts high performance chemical resistant for improved comfort,0,2025-08-24T00:00:00,2025-07-22T00:00:00
68d141f3b3fce85d4c560e2d,Premium Penetrating Oil for Yezdi Roadster,Yezdi Roadster,Jawa,2023,,Maintenance,665.0,industrial grade fuel efficient for enhanced safety,25,3.7,50,,https://example.com/images/penetrating_oil_yezdi_roadster.jpg,68d136193952f7cf7dee9131,68d136193952f7cf7dee9133,Mahesh Automobiles,Khammam,17.249885,80.15615,budget,modern,good,premium penetrating oil for yezdi roadster yezdi roadster jawa maintenance industrial grade fuel efficient for enhanced safety,0,2025-07-17T00:00:00,2025-07-14T00:00:00
68d141f3b3fce85d4c560e2e,Performance Riding Boots - Adventure,Adventure,Yezdi,2014,,Safety,3422.0,industrial grade impact resistant for better handling,25,3.7,41,,https://example.com/images/riding_boots_adventure.jpg,689d6959045c37933826818b,689d6959045c37933826818d,sai automobiles,RAMNAGAR COLONY PEERZADIGUDA UPPAL HYDERABAD,17.390358,78.606729,mid-range,classic,good,performance riding boots adventure adventure yezdi safety industrial grade impact resistant for better handling,0,2025-08-02T00:00:00,2025-07-27T00:00:00
68d141f3b3fce85d4c560e2f,Racing Alloy Wheel - Apache RTR 160,Apache RTR 160,TVS,2017,,Wheels & Tires,2194.0,heavy duty impact resistant for enhanced stability,4,3.5,10,,https://example.com/images/alloy_wheel_apache_rtr_160.jpg,68ac2a8e3c73e23c655de052,68ac2a8f3c73e23c655de054,Swathi Automobiles,Chappal Bazar Road - Kachiguda ,17.38953,78.491245,mid-range,modern,good,racing alloy wheel apache rtr 160 apache rtr 160 tvs wheels tires heavy duty impact resistant for enhanced stability,0,2025-07-27T00:00:00,2025-08-06T00:00:00
68d141f3b3fce85d4c560e30,Harley-Davidson Mid Pipe for Street Glide,Street Glide,Harley-Davidson,2015,,Exhaust,12790.0,long lasting wear resistant for better handling,26,4.4,32,,https://example.com/images/mid_pipe_street_glide.jpg,68d0c47d09554c358655174b,68d0c47e09554c358655174d,Tarun Automobiles,,17.423605,78.546314,premium,modern,excellent,harley davidson mid pipe for street glide street glide harley davidson exhaust long lasting wear resistant for better handling,0,2025-08-02T00:00:00,2025-08-13T00:00:00
68d141f3b3fce85d4c560e31,Distributor Cap - Glamour,Glamour,Hero,2017,,Ignition,913.0,lightweight vibration dampening for better control,2,4.0,37,,https://example.com/images/distributor_cap_glamour.jpg,68d133bf3952f7cf7dee90b7,68d133bf3952f7cf7dee90b9,Jyothi Automobiles,Hyderabad,17.511409,78.350972,budget,modern,excellent,distributor cap glamour glamour hero ignition lightweight vibration dampening for better control,0,2025-07-25T00:00:00,2025-07-29T00:00:00
68d141f3b3fce85d4c560e32,OEM Tire Iron - Sport,Sport,Jawa,2017,,Wheels & Tires,10150.0,racing quality noise reducing for reduced maintenance,23,4.7,19,,https://example.com/images/tire_iron_sport.jpg,68d1346c3952f7cf7dee90d0,68d1346c3952f7cf7dee90d2,Kalyan Automobiles,Bala Nagar,17.475679,78.447328,premium,modern,excellent,oem tire iron sport sport jawa wheels tires racing quality noise reducing for reduced maintenance,0,2025-09-09T00:00:00,2025-09-16T00:00:00
68d141f3b3fce85d4c560e33,RC 200 Emergency Light,RC 200,KTM,2019,,Lighting,5352.0,racing quality precision engineered for better handling,4,4.8,7,,https://example.com/images/emergency_light_rc_200.jpg,68d134ac3952f7cf7dee90e3,68d134ac3952f7cf7dee90e5,Shiva sai Automobiles,Mahabubabad,17.594209,80.006903,premium,modern,excellent,rc 200 emergency light rc 200 ktm lighting racing quality precision engineered for better handling,0,2025-09-13T00:00:00,2025-07-22T00:00:00
68d141f3b3fce85d4c560e34,Genuine Belt Guard - S 1000 XR,S 1000 XR,BMW,2010,,Drivetrain,4323.0,precision made vibration dampening for better fuel economy,6,3.5,8,,https://example.com/images/belt_guard_s_1000_xr.jpg,68d135063952f7cf7dee90f6,68d135063952f7cf7dee90f8,Manoj Automobiles,Dilshknagar,17.367642,78.534282,mid-range,classic,good,genuine belt guard 1000 xr 1000 xr bmw drivetrain precision made vibration dampening for better fuel economy,0,2025-07-31T00:00:00,2025-08-15T00:00:00
68d141f3b3fce85d4c560e35,Genuine Crash Guard - Chieftain,Chieftain,Indian,2020,,Accessories,4143.0,racing quality heat treated for better handling,4,4.3,17,,https://example.com/images/crash_guard_chieftain.jpg,68d135833952f7cf7dee9109,68d135833952f7cf7dee910b,Mounika Automobiles,Karimnagar,18.435781,79.132861,mid-range,modern,excellent,genuine crash guard chieftain chieftain indian accessories racing quality heat treated for better handling,0,2025-08-08T00:00:00,2025-08-10T00:00:00
68d141f3b3fce85d4c560e36,Heavy Duty Muffler - Access 125,Access 125,Suzuki,2011,,Exhaust,12205.0,premium quality high strength for enhanced stability,14,3.5,29,,https://example.com/images/muffler_access_125.jpg,68d135d63952f7cf7dee911e,68d135d63952f7cf7dee9120,baskar Automobiles,Medak,18.048948,78.269372,premium,classic,good,heavy duty muffler access 125 access 125 suzuki exhaust premium quality high strength for enhanced stability,0,2025-08-24T00:00:00,2025-07-12T00:00:00
68d141f3b3fce85d4c560e37,Kawasaki Throttle Body for Ninja 650,Ninja 650,Kawasaki,2013,,Fuel System,5026.0,advanced temperature stable for smoother operation,17,4.3,19,,https://example.com/images/throttle_body_ninja_650.jpg,68d136193952f7cf7dee9131,68d136193952f7cf7dee9133,Mahesh Automobiles,Khammam,17.249885,80.15615,premium,classic,excellent,kawasaki throttle body for ninja 650 ninja 650 kawasaki fuel system advanced temperature stable for smoother operation,0,2025-09-04T00:00:00,2025-08-27T00:00:00
68d141f3b3fce85d4c560e38,Emergency Blanket - CB300R,CB300R,Honda,2010,,Safety,1582.0,street performance eco friendly for reduced maintenance,10,4.7,21,,https://example.com/images/emergency_blanket_cb300r.jpg,689d6959045c37933826818b,689d6959045c37933826818d,sai automobiles,RAMNAGAR COLONY PEERZADIGUDA UPPAL HYDERABAD,17.390358,78.606729,mid-range,classic,excellent,emergency blanket cb300r cb300r honda safety street performance eco friendly for reduced maintenance,0,2025-09-17T00:00:00,2025-07-22T00:00:00
68d141f3b3fce85d4c560e39,TVS Wheel Lock for Apache RTR 160,Apache RTR 160,TVS,2018,,Wheels & Tires,1263.0,superior wear resistant for maximum protection,21,3.5,39,,https://example.com/images/wheel_lock_apache_rtr_160.jpg,68ac2a8e3c73e23c655de052,68ac2a8f3c73e23c655de054,Swathi Automobiles,Chappal Bazar Road - Kachiguda ,17.38953,78.491245,mid-range,modern,good,tvs wheel lock for apache rtr 160 apache rtr 160 tvs wheels tires superior wear resistant for maximum protection,0,2025-08-06T00:00:00,2025-09-06T00:00:00
68d141f3b3fce85d4c560e3a,Brake Fluid - Stallio,Stallio,Mahindra,2019,,Brakes,4350.0,heavy duty vibration dampening for improved performance,22,4.9,41,,https://example.com/images/brake_fluid_stallio.jpg,68d0c47d09554c358655174b,68d0c47e09554c358655174d,Tarun Automobiles,,17.423605,78.546314,mid-range,modern,excellent,brake fluid stallio stallio mahindra brakes heavy duty vibration dampening for improved performance,0,2025-07-05T00:00:00,2025-09-13T00:00:00
68d141f3b3fce85d4c560e3b,Brake Drum Assembly - Apache RTR 200 4V,Apache RTR 200 4V,TVS,2021,,Brakes,838.0,long lasting long lasting for smoother operation,23,3.8,23,,https://example.com/images/brake_drum_apache_rtr_200_4v.jpg,68d133bf3952f7cf7dee90b7,68d133bf3952f7cf7dee90b9,Jyothi Automobiles,Hyderabad,17.511409,78.350972,budget,modern,good,brake drum assembly apache rtr 200 4v apache rtr 200 4v tvs brakes long lasting long lasting for smoother operation,0,2025-07-21T00:00:00,2025-08-31T00:00:00
68d141f3b3fce85d4c560e3c,ZX-6R Tubeless Valve,ZX-6R,Kawasaki,2020,,Wheels & Tires,14687.0,racing quality fuel efficient for enhanced durability,19,4.7,42,,https://example.com/images/tubeless_valve_zx_6r.jpg,68d1346c3952f7cf7dee90d0,68d1346c3952f7cf7dee90d2,Kalyan Automobiles,Bala Nagar,17.475679,78.447328,premium,modern,excellent,zx 6r tubeless valve zx 6r kawasaki wheels tires racing quality fuel efficient for enhanced durability,0,2025-09-18T00:00:00,2025-07-11T00:00:00
68d141f3b3fce85d4c560e3d,Racing Engine Gasket Set - Ninja H2,Ninja H2,Kawasaki,2010,,Engine,9080.0,racing quality high strength for enhanced safety,5,4.9,24,,https://example.com/images/engine_gasket_set_ninja_h2.jpg,68d134ac3952f7cf7dee90e3,68d134ac3952f7cf7dee90e5,Shiva sai Automobiles,Mahabubabad,17.594209,80.006903,premium,classic,excellent,racing engine gasket set ninja h2 ninja h2 kawasaki engine racing quality high strength for enhanced safety,0,2025-07-23T00:00:00,2025-08-15T00:00:00
68d141f3b3fce85d4c560e3e,Harley-Davidson Breather Filter for Fat Bob,Fat Bob,Harley-Davidson,2011,,Filters,1898.0,street performance corrosion resistant for better fuel economy,28,4.9,38,,https://example.com/images/breather_filter_fat_bob.jpg,68d135063952f7cf7dee90f6,68d135063952f7cf7dee90f8,Manoj Automobiles,Dilshknagar,17.367642,78.534282,mid-range,classic,excellent,harley davidson breather filter for fat bob fat bob harley davidson filters street performance corrosion resistant for better fuel economy,0,2025-09-19T00:00:00,2025-08-31T00:00:00
68d141f3b3fce85d4c560e3f,Performance Mobile Holder - Vida V1 Electric,Vida V1 Electric,Hero,2025,,Accessories,616.0,long lasting corrosion resistant for better fuel economy,6,4.5,50,,https://example.com/images/mobile_holder_vida_v1_electric.jpg,68d135833952f7cf7dee9109,68d135833952f7cf7dee910b,Mounika Automobiles,Karimnagar,18.435781,79.132861,budget,modern,excellent,performance mobile holder vida v1 electric vida v1 electric hero accessories long lasting corrosion resistant for better fuel economy,0,2025-08-08T00:00:00,2025-07-17T00:00:00
68d141f3b3fce85d4c560e40,Aprilia Damper for Tuono 660,Tuono 660,Aprilia,2017,,Suspension,19252.0,oem quality long lasting for smoother operation,28,3.9,41,,https://example.com/images/damper_tuono_660.jpg,68d135d63952f7cf7dee911e,68d135d63952f7cf7dee9120,baskar Automobiles,Medak,18.048948,78.269372,premium,modern,good,aprilia damper for tuono 660 tuono 660 aprilia suspension oem quality long lasting for smoother operation,0,2025-08-30T00:00:00,2025-08-24T00:00:00
68d141f3b3fce85d4c560e41,Racing Lower Triple Tree - CBZ Xtreme,CBZ Xtreme,Hero,2025,,Suspension,5623.0,enhanced weather resistant for better fuel economy,6,3.7,4,,https://example.com/images/lower_triple_tree_cbz_xtreme.jpg,68d136193952f7cf7dee9131,68d136193952f7cf7dee9133,Mahesh Automobiles,Khammam,17.249885,80.15615,premium,modern,good,racing lower triple tree cbz xtreme cbz xtreme hero suspension enhanced weather resistant for better fuel economy,0,2025-08-04T00:00:00,2025-07-21T00:00:00
68d141f3b3fce85d4c560e42,Performance Engine Oil - Challenger,Challenger,Indian,2022,,Maintenance,338.0,professional grade weather resistant for improved comfort,21,4.3,8,,https://example.com/images/engine_oil_challenger.jpg,689d6959045c37933826818b,689d6959045c37933826818d,sai automobiles,RAMNAGAR COLONY PEERZADIGUDA UPPAL HYDERABAD,17.390358,78.606729,budget,modern,excellent,performance engine oil challenger challenger indian maintenance professional grade weather resistant for improved comfort,0,2025-07-14T00:00:00,2025-08-09T00:00:00
68d141f3b3fce85d4c560e43,Heavy Duty Diode - Thunderbird 350,Thunderbird 350,Royal Enfield,2013,,Electrical,1816.0,heavy duty corrosion resistant for better fuel economy,13,4.2,33,,https://example.com/images/diode_thunderbird_350.jpg,68ac2a8e3c73e23c655de052,68ac2a8f3c73e23c655de054,Swathi Automobiles,Chappal Bazar Road - Kachiguda ,17.38953,78.491245,mid-range,classic,excellent,heavy duty diode thunderbird 350 thunderbird 350 royal enfield electrical heavy duty corrosion resistant for better fuel economy,0,2025-08-20T00:00:00,2025-07-11T00:00:00
68d141f3b3fce85d4c560e44,Heavy Duty Regulator Rectifier - Roadmaster,Roadmaster,Indian,2024,,Electrical,3833.0,street performance vibration dampening for better fuel economy,28,4.1,17,,https://example.com/images/regulator_rectifier_roadmaster.jpg,68d0c47d09554c358655174b,68d0c47e09554c358655174d,Tarun Automobiles,,17.423605,78.546314,mid-range,modern,excellent,heavy duty regulator rectifier roadmaster roadmaster indian electrical street performance vibration dampening for better fuel economy,0,2025-07-27T00:00:00,2025-08-13T00:00:00
68d141f3b3fce85d4c560e45,Mahindra Front Brake Pad for Kine,Kine,Mahindra,2020,,Brakes,422.0,superior high strength for longer life,16,4.3,25,,https://example.com/images/front_brake_pad_kine.jpg,68d133bf3952f7cf7dee90b7,68d133bf3952f7cf7dee90b9,Jyothi Automobiles,Hyderabad,17.511409,78.350972,budget,modern,excellent,mahindra front brake pad for kine kine mahindra brakes superior high strength for longer life,0,2025-09-19T00:00:00,2025-08-02T00:00:00
68d141f3b3fce85d4c560e46,Master Cylinder Assembly - Gusto,Gusto,Mahindra,2012,,Brakes,2945.0,racing quality corrosion resistant for increased power,6,3.5,10,,https://example.com/images/master_cylinder_gusto.jpg,68d1346c3952f7cf7dee90d0,68d1346c3952f7cf7dee90d2,Kalyan Automobiles,Bala Nagar,17.475679,78.447328,mid-range,classic,good,master cylinder assembly gusto gusto mahindra brakes racing quality corrosion resistant for increased power,0,2025-07-26T00:00:00,2025-07-02T00:00:00
68d141f3b3fce85d4c560e47,Brake Rotor Assembly - Tiger 900,Tiger 900,Triumph,2024,,Brakes,3260.0,oem quality maintenance free for maximum protection,13,4.2,3,,https://example.com/images/brake_rotor_tiger_900.jpg,68d134ac3952f7cf7dee90e3,68d134ac3952f7cf7dee90e5,Shiva sai Automobiles,Mahabubabad,17.594209,80.006903,mid-range,modern,excellent,brake rotor assembly tiger 900 tiger 900 triumph brakes oem quality maintenance free for maximum protection,0,2025-09-16T00:00:00,2025-08-20T00:00:00
68d141f3b3fce85d4c560e48,Performance Rocker Arm - Speed Triple,Speed Triple,Triumph,2016,,Engine,3988.0,durable weather resistant for improved comfort,5,3.4,50,,https://example.com/images/rocker_arm_speed_triple.jpg,68d135063952f7cf7dee90f6,68d135063952f7cf7dee90f8,Manoj Automobiles,Dilshknagar,17.367642,78.534282,mid-range,modern,good,performance rocker arm speed triple speed triple triumph engine durable weather resistant for improved comfort,0,2025-07-21T00:00:00,2025-07-29T00:00:00
68d141f3b3fce85d4c560e49,Genuine Elbow Guard - Scrambler,Scrambler,Yezdi,2022,,Safety,6220.0,heavy duty maintenance free for longer life,2,4.9,43,,https://example.com/images/elbow_guard_scrambler.jpg,68d135833952f7cf7dee9109,68d135833952f7cf7dee910b,Mounika Automobiles,Karimnagar,18.435781,79.132861,premium,modern,excellent,genuine elbow guard scrambler scrambler yezdi safety heavy duty maintenance free for longer life,0,2025-07-23T00:00:00,2025-08-11T00:00:00
68d141f3b3fce85d4c560e4a,Monster Hub Bearing,Monster,Ducati,2010,,Wheels & Tires,5767.0,high performance long lasting for optimal efficiency,11,4.9,30,,https://example.com/images/hub_bearing_monster.jpg,68d135d63952f7cf7dee911e,68d135d63952f7cf7dee9120,baskar Automobiles,Medak,18.048948,78.269372,premium,classic,excellent,monster hub bearing monster ducati wheels tires high performance long lasting for optimal efficiency,0,2025-07-19T00:00:00,2025-07-22T00:00:00
68d141f3b3fce85d4c560e4b,OEM Battery Cable - BN 302,BN 302,Benelli,2019,,Electrical,811.0,premium quality corrosion resistant for optimal efficiency,28,3.9,14,,https://example.com/images/battery_cable_bn_302.jpg,68d136193952f7cf7dee9131,68d136193952f7cf7dee9133,Mahesh Automobiles,Khammam,17.249885,80.15615,budget,modern,good,oem battery cable bn 302 bn 302 benelli electrical premium quality corrosion resistant for optimal efficiency,0,2025-08-06T00:00:00,2025-09-11T00:00:00
68d141f3b3fce85d4c560e4c,Premium Helmet Lock for XL100,XL100,TVS,2023,,Accessories,3496.0,precision made corrosion resistant for reduced maintenance,15,4.2,26,,https://example.com/images/helmet_lock_xl100.jpg,689d6959045c37933826818b,689d6959045c37933826818d,sai automobiles,RAMNAGAR COLONY PEERZADIGUDA UPPAL HYDERABAD,17.390358,78.606729,mid-range,modern,excellent,premium helmet lock for xl100 xl100 tvs accessories precision made corrosion resistant for reduced maintenance,0,2025-08-10T00:00:00,2025-09-19T00:00:00
68d141f3b3fce85d4c560e4d,Engine Mount Assembly - Rodeo RZ,Rodeo RZ,Mahindra,2011,,Engine,20554.0,superior weather resistant for smoother operation,12,3.8,41,,https://example.com/images/engine_mount_rodeo_rz.jpg,68ac2a8e3c73e23c655de052,68ac2a8f3c73e23c655de054,Swathi Automobiles,Chappal Bazar Road - Kachiguda ,17.38953,78.491245,premium,classic,good,engine mount assembly rodeo rz rodeo rz mahindra engine superior weather resistant for smoother operation,0,2025-09-15T00:00:00,2025-07-04T00:00:00
68d141f3b3fce85d4c560e4e,Benelli Clutch Cable for BN 302,BN 302,Benelli,2012,,Transmission,5352.0,superior eco friendly for superior reliability,24,3.9,43,,https://example.com/images/clutch_cable_bn_302.jpg,68d0c47d09554c358655174b,68d0c47e09554c358655174d,Tarun Automobiles,,17.423605,78.546314,premium,classic,good,benelli clutch cable for bn 302 bn 302 benelli transmission superior eco friendly for superior reliability,0,2025-09-08T00:00:00,2025-09-09T00:00:00
68d141f3b3fce85d4c560e4f,Racing Brake Cleaner - Rivale 800,Rivale 800,MV Agusta,2012,,Brakes,3951.0,lightweight eco friendly for optimal efficiency,22,3.4,34,,https://example.com/images/brake_cleaner_rivale_800.jpg,68d133bf3952f7cf7dee90b7,68d133bf3952f7cf7dee90b9,Jyothi Automobiles,Hyderabad,17.511409,78.350972,mid-range,classic,good,racing brake cleaner rivale 800 rivale 800 mv agusta brakes lightweight eco friendly for optimal efficiency,0,2025-07-12T00:00:00,2025-09-04T00:00:00
68d141f3b3fce85d4c560e50,Performance Headlight Assembly - Brutale 1000,Brutale 1000,MV Agusta,2017,,Lighting,5371.0,high performance temperature stable for better handling,5,3.7,0,,https://example.com/images/headlight_assembly_brutale_1000.jpg,68d1346c3952f7cf7dee90d0,68d1346c3952f7cf7dee90d2,Kalyan Automobiles,Bala Nagar,17.475679,78.447328,premium,modern,good,performance headlight assembly brutale 1000 brutale 1000 mv agusta lighting high performance temperature stable for better handling,0,2025-07-17T00:00:00,2025-08-22T00:00:00
68d141f3b3fce85d4c560e51,Genuine Carburetor - Roadmaster,Roadmaster,Indian,2021,,Fuel System,2964.0,precision made maintenance free for better handling,30,5.0,18,,https://example.com/images/carburetor_roadmaster.jpg,68d134ac3952f7cf7dee90e3,68d134ac3952f7cf7dee90e5,Shiva sai Automobiles,Mahabubabad,17.594209,80.006903,mid-range,modern,excellent,genuine carburetor roadmaster roadmaster indian fuel system precision made maintenance free for better handling,0,2025-08-05T00:00:00,2025-07-27T00:00:00
68d141f3b3fce85d4c560e52,Slip-on Exhaust - Intruder,Intruder,Suzuki,2015,,Exhaust,10615.0,precision made heat treated for superior reliability,7,4.1,25,,https://example.com/images/slip-on_exhaust_intruder.jpg,68d135063952f7cf7dee90f6,68d135063952f7cf7dee90f8,Manoj Automobiles,Dilshknagar,17.367642,78.534282,premium,modern,excellent,slip on exhaust intruder intruder suzuki exhaust precision made heat treated for superior reliability,0,2025-08-21T00:00:00,2025-08-18T00:00:00
68d141f3b3fce85d4c560e53,OEM Steering Head Bearing - Tiger 900,Tiger 900,Triumph,2016,,Suspension,9489.0,street performance noise reducing for reduced maintenance,15,4.5,47,,https://example.com/images/steering_head_bearing_tiger_900.jpg,68d135833952f7cf7dee9109,68d135833952f7cf7dee910b,Mounika Automobiles,Karimnagar,18.435781,79.132861,premium,modern,excellent,oem steering head bearing tiger 900 tiger 900 triumph suspension street performance noise reducing for reduced maintenance,0,2025-08-09T00:00:00,2025-08-24T00:00:00
68d141f3b3fce85d4c560e54,Final Drive Oil - ER-6n,ER-6n,Kawasaki,2020,,Drivetrain,4515.0,advanced impact resistant for longer life,29,3.6,0,,https://example.com/images/final_drive_oil_er_6n.jpg,68d135d63952f7cf7dee911e,68d135d63952f7cf7dee9120,baskar Automobiles,Medak,18.048948,78.269372,mid-range,modern,good,final drive oil er 6n er 6n kawasaki drivetrain advanced impact resistant for longer life,0,2025-09-09T00:00:00,2025-07-09T00:00:00
68d141f3b3fce85d4c560e55,Jawa Carburetor for Standard,Standard,Jawa,2018,,Fuel System,1652.0,heavy duty heat treated for enhanced durability,27,4.2,21,,https://example.com/images/carburetor_standard.jpg,68d136193952f7cf7dee9131,68d136193952f7cf7dee9133,Mahesh Automobiles,Khammam,17.249885,80.15615,mid-range,modern,excellent,jawa carburetor for standard standard jawa fuel system heavy duty heat treated for enhanced durability,0,2025-07-18T00:00:00,2025-07-29T00:00:00
68d141f3b3fce85d4c560e56,OEM Exhaust Flange - CB350RS,CB350RS,Honda,2017,,Exhaust,9467.0,lightweight weather resistant for smoother operation,19,3.7,38,,https://example.com/images/exhaust_flange_cb350rs.jpg,689d6959045c37933826818b,689d6959045c37933826818d,sai automobiles,RAMNAGAR COLONY PEERZADIGUDA UPPAL HYDERABAD,17.390358,78.606729,premium,modern,good,oem exhaust flange cb350rs cb350rs honda exhaust lightweight weather resistant for smoother operation,0,2025-07-16T00:00:00,2025-07-15T00:00:00
68d141f3b3fce85d4c560e57,Headlight Assembly Assembly - Rodeo RZ,Rodeo RZ,Mahindra,2011,,Lighting,2570.0,lightweight precision engineered for smoother operation,12,3.2,35,,https://example.com/images/headlight_assembly_rodeo_rz.jpg,68ac2a8e3c73e23c655de052,68ac2a8f3c73e23c655de054,Swathi Automobiles,Chappal Bazar Road - Kachiguda ,17.38953,78.491245,mid-range,classic,good,headlight assembly assembly rodeo rz rodeo rz mahindra lighting lightweight precision engineered for smoother operation,0,2025-07-16T00:00:00,2025-08-19T00:00:00
68d141f3b3fce85d4c560e58,Performance Timing Chain - Sportster S,Sportster S,Harley-Davidson,2016,,Engine,8801.0,enhanced chemical resistant for longer life,11,3.9,28,,https://example.com/images/timing_chain_sportster_s.jpg,68d0c47d09554c358655174b,68d0c47e09554c358655174d,Tarun Automobiles,,17.423605,78.546314,premium,modern,good,performance timing chain sportster sportster harley davidson engine enhanced chemical resistant for longer life,0,2025-09-08T00:00:00,2025-07-07T00:00:00
68d141f3b3fce85d4c560e59,Chest Protector Assembly - Pan America,Pan America,Harley-Davidson,2014,,Safety,874.0,advanced long lasting for reduced maintenance,17,5.0,48,,https://example.com/images/chest_protector_pan_america.jpg,68d133bf3952f7cf7dee90b7,68d133bf3952f7cf7dee90b9,Jyothi Automobiles,Hyderabad,17.511409,78.350972,budget,classic,excellent,chest protector assembly pan america pan america harley davidson safety advanced long lasting for reduced maintenance,0,2025-07-24T00:00:00,2025-08-18T00:00:00
68d141f3b3fce85d4c560e5a,Genuine High Vis Jacket - G 310 R,G 310 R,BMW,2019,,Safety,6015.0,enhanced vibration dampening for enhanced safety,24,3.2,42,,https://example.com/images/high_vis_jacket_g_310_r.jpg,68d1346c3952f7cf7dee90d0,68d1346c3952f7cf7dee90d2,Kalyan Automobiles,Bala Nagar,17.475679,78.447328,premium,modern,good,genuine high vis jacket 310 310 bmw safety enhanced vibration dampening for enhanced safety,0,2025-07-15T00:00:00,2025-08-21T00:00:00
68d141f4b3fce85d4c560e5b,Racing Intake Filter - Ignitor,Ignitor,Hero,2023,,Filters,685.0,street performance heat treated for increased power,19,3.5,50,,https://example.com/images/intake_filter_ignitor.jpg,68d134ac3952f7cf7dee90e3,68d134ac3952f7cf7dee90e5,Shiva sai Automobiles,Mahabubabad,17.594209,80.006903,budget,modern,good,racing intake filter ignitor ignitor hero filters street performance heat treated for increased power,0,2025-08-24T00:00:00,2025-09-07T00:00:00
68d141f4b3fce85d4c560e5c,Suzuki Coolant for Gixxer SF,Gixxer SF,Suzuki,2021,,Maintenance,458.0,long lasting vibration dampening for improved performance,19,4.4,14,,https://example.com/images/coolant_gixxer_sf.jpg,68d135063952f7cf7dee90f6,68d135063952f7cf7dee90f8,Manoj Automobiles,Dilshknagar,17.367642,78.534282,budget,modern,excellent,suzuki coolant for gixxer sf gixxer sf suzuki maintenance long lasting vibration dampening for improved performance,0,2025-08-04T00:00:00,2025-07-30T00:00:00
68d141f4b3fce85d4c560e5d,Genuine HT Lead - ER-6n,ER-6n,Kawasaki,2016,,Ignition,1617.0,premium quality fuel efficient for improved comfort,2,3.7,30,,https://example.com/images/ht_lead_er_6n.jpg,68d135833952f7cf7dee9109,68d135833952f7cf7dee910b,Mounika Automobiles,Karimnagar,18.435781,79.132861,mid-range,modern,good,genuine ht lead er 6n er 6n kawasaki ignition premium quality fuel efficient for improved comfort,0,2025-07-17T00:00:00,2025-08-09T00:00:00
68d141f4b3fce85d4c560e5e,Racing Exhaust Clamp - G 310 R,G 310 R,BMW,2021,,Exhaust,1537.0,superior maintenance free for increased power,29,3.9,40,,https://example.com/images/exhaust_clamp_g_310_r.jpg,68d135d63952f7cf7dee911e,68d135d63952f7cf7dee9120,baskar Automobiles,Medak,18.048948,78.269372,mid-range,modern,good,racing exhaust clamp 310 310 bmw exhaust superior maintenance free for increased power,0,2025-08-13T00:00:00,2025-07-27T00:00:00
68d141f4b3fce85d4c560e5f,Genuine Gear Oil - CBZ Xtreme,CBZ Xtreme,Hero,2015,,Maintenance,464.0,superior long lasting for enhanced stability,29,3.4,17,,https://example.com/images/gear_oil_cbz_xtreme.jpg,68d136193952f7cf7dee9131,68d136193952f7cf7dee9133,Mahesh Automobiles,Khammam,17.249885,80.15615,budget,modern,good,genuine gear oil cbz xtreme cbz xtreme hero maintenance superior long lasting for enhanced stability,0,2025-07-03T00:00:00,2025-08-10T00:00:00
68d141f4b3fce85d4c560e60,Harley-Davidson Radiator Mount for Forty-Eight,Forty-Eight,Harley-Davidson,2011,,Cooling System,9343.0,oem quality eco friendly for superior reliability,23,4.2,6,,https://example.com/images/radiator_mount_forty_eight.jpg,689d6959045c37933826818b,689d6959045c37933826818d,sai automobiles,RAMNAGAR COLONY PEERZADIGUDA UPPAL HYDERABAD,17.390358,78.606729,premium,classic,excellent,harley davidson radiator mount for forty eight forty eight harley davidson cooling system oem quality eco friendly for superior reliability,0,2025-08-01T00:00:00,2025-08-05T00:00:00
68d141f4b3fce85d4c560e61,Performance Timing Chain - FZ-X,FZ-X,Yamaha,2023,,Engine,7978.0,heavy duty maintenance free for enhanced safety,20,3.3,0,,https://example.com/images/timing_chain_fz_x.jpg,68ac2a8e3c73e23c655de052,68ac2a8f3c73e23c655de054,Swathi Automobiles,Chappal Bazar Road - Kachiguda ,17.38953,78.491245,premium,modern,good,performance timing chain fz fz yamaha engine heavy duty maintenance free for enhanced safety,0,2025-08-22T00:00:00,2025-07-13T00:00:00
68d141f4b3fce85d4c560e62,Premium Riding Boots for Saluto RX,Saluto RX,Yamaha,2019,,Safety,3931.0,durable heat treated for better control,8,3.7,36,,https://example.com/images/riding_boots_saluto_rx.jpg,68d0c47d09554c358655174b,68d0c47e09554c358655174d,Tarun Automobiles,,17.423605,78.546314,mid-range,modern,good,premium riding boots for saluto rx saluto rx yamaha safety durable heat treated for better control,0,2025-07-26T00:00:00,2025-07-27T00:00:00
68d141f4b3fce85d4c560e63,Warning Light Assembly - Scram 411,Scram 411,Royal Enfield,2022,,Safety,4231.0,superior noise reducing for optimal efficiency,27,3.8,0,,https://example.com/images/warning_light_scram_411.jpg,68d133bf3952f7cf7dee90b7,68d133bf3952f7cf7dee90b9,Jyothi Automobiles,Hyderabad,17.511409,78.350972,mid-range,modern,good,warning light assembly scram 411 scram 411 royal enfield safety superior noise reducing for optimal efficiency,0,2025-09-02T00:00:00,2025-07-22T00:00:00
68d141f4b3fce85d4c560e64,OEM Spoke Set - Crux,Crux,Yamaha,2020,,Wheels & Tires,12920.0,high performance fuel efficient for smoother operation,28,4.9,46,,https://example.com/images/spoke_set_crux.jpg,68d1346c3952f7cf7dee90d0,68d1346c3952f7cf7dee90d2,Kalyan Automobiles,Bala Nagar,17.475679,78.447328,premium,modern,excellent,oem spoke set crux crux yamaha wheels tires high performance fuel efficient for smoother operation,0,2025-09-03T00:00:00,2025-07-28T00:00:00
68d141f4b3fce85d4c560e65,Heavy Duty Indicator Bulb - Rodeo RZ,Rodeo RZ,Mahindra,2023,,Lighting,3631.0,long lasting chemical resistant for better fuel economy,18,4.7,19,,https://example.com/images/indicator_bulb_rodeo_rz.jpg,68d134ac3952f7cf7dee90e3,68d134ac3952f7cf7dee90e5,Shiva sai Automobiles,Mahabubabad,17.594209,80.006903,mid-range,modern,excellent,heavy duty indicator bulb rodeo rz rodeo rz mahindra lighting long lasting chemical resistant for better fuel economy,0,2025-08-31T00:00:00,2025-08-28T00:00:00
68d141f4b3fce85d4c560e66,Alternator Assembly - Duke 125,Duke 125,KTM,2024,,Electrical,3710.0,heavy duty high strength for longer life,24,3.2,5,,https://example.com/images/alternator_duke_125.jpg,68d135063952f7cf7dee90f6,68d135063952f7cf7dee90f8,Manoj Automobiles,Dilshknagar,17.367642,78.534282,mid-range,modern,good,alternator assembly duke 125 duke 125 ktm electrical heavy duty high strength for longer life,0,2025-09-20T00:00:00,2025-09-03T00:00:00
68d141f4b3fce85d4c560e67,Performance Tank Cover - Pulsar F250,Pulsar F250,Bajaj,2013,,Body Parts,7435.0,enhanced high strength for improved comfort,17,4.1,13,,https://example.com/images/tank_cover_pulsar_f250.jpg,68d135833952f7cf7dee9109,68d135833952f7cf7dee910b,Mounika Automobiles,Karimnagar,18.435781,79.132861,premium,classic,excellent,performance tank cover pulsar f250 pulsar f250 bajaj body parts enhanced high strength for improved comfort,0,2025-07-25T00:00:00,2025-08-31T00:00:00
68d141f4b3fce85d4c560e68,Mahindra Safety Triangle for Mojo,Mojo,Mahindra,2011,,Safety,7048.0,long lasting noise reducing for reduced maintenance,2,4.0,34,,https://example.com/images/safety_triangle_mojo.jpg,68d135d63952f7cf7dee911e,68d135d63952f7cf7dee9120,baskar Automobiles,Medak,18.048948,78.269372,premium,classic,excellent,mahindra safety triangle for mojo mojo mahindra safety long lasting noise reducing for reduced maintenance,0,2025-07-22T00:00:00,2025-07-05T00:00:00
68d141f4b3fce85d4c560e69,BMW Clutch Spring for R nineT,R nineT,BMW,2013,,Transmission,9851.0,high performance corrosion resistant for enhanced safety,25,3.6,11,,https://example.com/images/clutch_spring_r_ninet.jpg,68d136193952f7cf7dee9131,68d136193952f7cf7dee9133,Mahesh Automobiles,Khammam,17.249885,80.15615,premium,classic,good,bmw clutch spring for ninet ninet bmw transmission high performance corrosion resistant for enhanced safety,0,2025-08-10T00:00:00,2025-09-01T00:00:00
68d141f4b3fce85d4c560e6a,Fat Bob Mid Pipe,Fat Bob,Harley-Davidson,2024,,Exhaust,18255.0,lightweight wear resistant for reduced maintenance,18,3.9,38,,https://example.com/images/mid_pipe_fat_bob.jpg,689d6959045c37933826818b,689d6959045c37933826818d,sai automobiles,RAMNAGAR COLONY PEERZADIGUDA UPPAL HYDERABAD,17.390358,78.606729,premium,modern,good,fat bob mid pipe fat bob harley davidson exhaust lightweight wear resistant for reduced maintenance,0,2025-07-12T00:00:00,2025-08-15T00:00:00
68d141f4b3fce85d4c560e6b,Performance Belt Guard - Adventure,Adventure,Yezdi,2020,,Drivetrain,5523.0,professional grade heat treated for smoother operation,11,4.5,44,,https://example.com/images/belt_guard_adventure.jpg,68ac2a8e3c73e23c655de052,68ac2a8f3c73e23c655de054,Swathi Automobiles,Chappal Bazar Road - Kachiguda ,17.38953,78.491245,premium,modern,excellent,performance belt guard adventure adventure yezdi drivetrain professional grade heat treated for smoother operation,0,2025-08-28T00:00:00,2025-08-17T00:00:00
68d141f4b3fce85d4c560e6c,Racing Dashboard Light - CL 300,CL 300,Jawa,2025,,Lighting,5879.0,enhanced wear resistant for better control,2,3.4,16,,https://example.com/images/dashboard_light_cl_300.jpg,68d0c47d09554c358655174b,68d0c47e09554c358655174d,Tarun Automobiles,,17.423605,78.546314,premium,modern,good,racing dashboard light cl 300 cl 300 jawa lighting enhanced wear resistant for better control,0,2025-08-01T00:00:00,2025-09-15T00:00:00
68d141f4b3fce85d4c560e6d,Dominar 400 Seat Cover,Dominar 400,Bajaj,2025,,Body Parts,7726.0,heavy duty high strength for better fuel economy,22,4.6,12,,https://example.com/images/seat_cover_dominar_400.jpg,68d133bf3952f7cf7dee90b7,68d133bf3952f7cf7dee90b9,Jyothi Automobiles,Hyderabad,17.511409,78.350972,premium,modern,excellent,dominar 400 seat cover dominar 400 bajaj body parts heavy duty high strength for better fuel economy,0,2025-09-03T00:00:00,2025-08-23T00:00:00
68d141f4b3fce85d4c560e6e,OEM Throttle Cable - ZX-6R,ZX-6R,Kawasaki,2014,,Fuel System,3196.0,durable weather resistant for enhanced safety,23,4.3,49,,https://example.com/images/throttle_cable_zx_6r.jpg,68d1346c3952f7cf7dee90d0,68d1346c3952f7cf7dee90d2,Kalyan Automobiles,Bala Nagar,17.475679,78.447328,mid-range,classic,excellent,oem throttle cable zx 6r zx 6r kawasaki fuel system durable weather resistant for enhanced safety,0,2025-09-19T00:00:00,2025-08-19T00:00:00
68d141f4b3fce85d4c560e6f,Performance Brake Pedal - Wego,Wego,TVS,2025,,Brakes,4668.0,precision made temperature stable for enhanced stability,3,4.3,3,,https://example.com/images/brake_pedal_wego.jpg,68d134ac3952f7cf7dee90e3,68d134ac3952f7cf7dee90e5,Shiva sai Automobiles,Mahabubabad,17.594209,80.006903,mid-range,modern,excellent,performance brake pedal wego wego tvs brakes precision made temperature stable for enhanced stability,0,2025-07-21T00:00:00,2025-07-14T00:00:00
68d141f4b3fce85d4c560e70,Performance HT Lead - Rivale 800,Rivale 800,MV Agusta,2018,,Ignition,817.0,high performance corrosion resistant for increased power,4,3.9,30,,https://example.com/images/ht_lead_rivale_800.jpg,68d135063952f7cf7dee90f6,68d135063952f7cf7dee90f8,Manoj Automobiles,Dilshknagar,17.367642,78.534282,budget,modern,good,performance ht lead rivale 800 rivale 800 mv agusta ignition high performance corrosion resistant for increased power,0,2025-08-17T00:00:00,2025-09-05T00:00:00
68d141f4b3fce85d4c560e71,Chain Master Link - F3 800,F3 800,MV Agusta,2019,,Drivetrain,6776.0,precision made corrosion resistant for enhanced stability,2,4.1,14,,https://example.com/images/chain_master_link_f3_800.jpg,68d135833952f7cf7dee9109,68d135833952f7cf7dee910b,Mounika Automobiles,Karimnagar,18.435781,79.132861,premium,modern,excellent,chain master link f3 800 f3 800 mv agusta drivetrain precision made corrosion resistant for enhanced stability,0,2025-07-16T00:00:00,2025-08-23T00:00:00
68d141f4b3fce85d4c560e72,GPS Mount - W175,W175,Kawasaki,2014,,Accessories,4086.0,lightweight temperature stable for improved performance,9,3.2,20,,https://example.com/images/gps_mount_w175.jpg,68d135d63952f7cf7dee911e,68d135d63952f7cf7dee9120,baskar Automobiles,Medak,18.048948,78.269372,mid-range,classic,good,gps mount w175 w175 kawasaki accessories lightweight temperature stable for improved performance,0,2025-09-01T00:00:00,2025-07-14T00:00:00
68d141f4b3fce85d4c560e73,Performance Output Shaft - R nineT,R nineT,BMW,2011,,Transmission,3459.0,racing quality high strength for longer life,17,3.7,26,,https://example.com/images/output_shaft_r_ninet.jpg,68d136193952f7cf7dee9131,68d136193952f7cf7dee9133,Mahesh Automobiles,Khammam,17.249885,80.15615,mid-range,classic,good,performance output shaft ninet ninet bmw transmission racing quality high strength for longer life,0,2025-07-02T00:00:00,2025-09-01T00:00:00
68d141f4b3fce85d4c560e74,OEM Wind Screen - BN 302,BN 302,Benelli,2013,,Body Parts,7226.0,lightweight impact resistant for maximum protection,24,4.5,13,,https://example.com/images/wind_screen_bn_302.jpg,689d6959045c37933826818b,689d6959045c37933826818d,sai automobiles,RAMNAGAR COLONY PEERZADIGUDA UPPAL HYDERABAD,17.390358,78.606729,premium,classic,excellent,oem wind screen bn 302 bn 302 benelli body parts lightweight impact resistant for maximum protection,0,2025-08-16T00:00:00,2025-09-13T00:00:00
68d141f4b3fce85d4c560e75,Jawa Tail Light for 42,42,Jawa,2021,,Lighting,3670.0,lightweight temperature stable for improved performance,22,4.8,39,,https://example.com/images/tail_light_42.jpg,68ac2a8e3c73e23c655de052,68ac2a8f3c73e23c655de054,Swathi Automobiles,Chappal Bazar Road - Kachiguda ,17.38953,78.491245,mid-range,modern,excellent,jawa tail light for 42 42 jawa lighting lightweight temperature stable for improved performance,0,2025-08-28T00:00:00,2025-08-05T00:00:00
68d141f4b3fce85d4c560e76,Premium Axle for Roadking,Roadking,Yezdi,2010,,Wheels & Tires,3983.0,lightweight long lasting for enhanced durability,24,4.4,45,,https://example.com/images/axle_roadking.jpg,68d0c47d09554c358655174b,68d0c47e09554c358655174d,Tarun Automobiles,,17.423605,78.546314,mid-range,classic,excellent,premium axle for roadking roadking yezdi wheels tires lightweight long lasting for enhanced durability,0,2025-09-05T00:00:00,2025-08-28T00:00:00
68d141f4b3fce85d4c560e77,Premium Coolant Drain Plug for SV650,SV650,Suzuki,2014,,Cooling System,11326.0,premium quality wear resistant for reduced maintenance,29,4.5,8,,https://example.com/images/coolant_drain_plug_sv650.jpg,68d133bf3952f7cf7dee90b7,68d133bf3952f7cf7dee90b9,Jyothi Automobiles,Hyderabad,17.511409,78.350972,premium,classic,excellent,premium coolant drain plug for sv650 sv650 suzuki cooling system premium quality wear resistant for reduced maintenance,0,2025-07-24T00:00:00,2025-07-02T00:00:00
68d141f4b3fce85d4c560e78,BN 125 Universal Joint,BN 125,Benelli,2020,,Drivetrain,6849.0,street performance temperature stable for increased power,29,4.7,36,,https://example.com/images/universal_joint_bn_125.jpg,68d1346c3952f7cf7dee90d0,68d1346c3952f7cf7dee90d2,Kalyan Automobiles,Bala Nagar,17.475679,78.447328,premium,modern,excellent,bn 125 universal joint bn 125 benelli drivetrain street performance temperature stable for increased power,0,2025-07-10T00:00:00,2025-07-20T00:00:00
68d141f4b3fce85d4c560e79,OEM Variator - BN 125,BN 125,Benelli,2022,,Drivetrain,6684.0,premium quality impact resistant for enhanced stability,5,4.9,2,,https://example.com/images/variator_bn_125.jpg,68d134ac3952f7cf7dee90e3,68d134ac3952f7cf7dee90e5,Shiva sai Automobiles,Mahabubabad,17.594209,80.006903,premium,modern,excellent,oem variator bn 125 bn 125 benelli drivetrain premium quality impact resistant for enhanced stability,0,2025-08-09T00:00:00,2025-09-20T00:00:00
68d141f4b3fce85d4c560e7a,Premium Tail Light for Classic,Classic,Yezdi,2024,,Lighting,2024.0,street performance eco friendly for enhanced stability,21,4.5,43,,https://example.com/images/tail_light_classic.jpg,68d135063952f7cf7dee90f6,68d135063952f7cf7dee90f8,Manoj Automobiles,Dilshknagar,17.367642,78.534282,mid-range,modern,excellent,premium tail light for classic classic yezdi lighting street performance eco friendly for enhanced stability,0,2025-08-21T00:00:00,2025-07-05T00:00:00
68d141f4b3fce85d4c560e7b,Intercooler - Gixxer 250,Gixxer 250,Suzuki,2014,,Cooling System,9107.0,superior precision engineered for optimal efficiency,3,4.8,45,,https://example.com/images/intercooler_gixxer_250.jpg,68d135833952f7cf7dee9109,68d135833952f7cf7dee910b,Mounika Automobiles,Karimnagar,18.435781,79.132861,premium,classic,excellent,intercooler gixxer 250 gixxer 250 suzuki cooling system superior precision engineered for optimal efficiency,0,2025-07-22T00:00:00,2025-07-12T00:00:00
68d141f4b3fce85d4c560e7c,Racing Exhaust Gasket - Chief,Chief,Indian,2022,,Exhaust,16902.0,oem quality long lasting for increased power,26,3.3,4,,https://example.com/images/exhaust_gasket_chief.jpg,68d135d63952f7cf7dee911e,68d135d63952f7cf7dee9120,baskar Automobiles,Medak,18.048948,78.269372,premium,modern,good,racing exhaust gasket chief chief indian exhaust oem quality long lasting for increased power,0,2025-09-03T00:00:00,2025-08-30T00:00:00
68d141f4b3fce85d4c560e7d,Premium Regulator Rectifier for Apache RR 310,Apache RR 310,TVS,2015,,Electrical,3815.0,advanced precision engineered for better fuel economy,9,3.2,30,,https://example.com/images/regulator_rectifier_apache_rr_310.jpg,68d136193952f7cf7dee9131,68d136193952f7cf7dee9133,Mahesh Automobiles,Khammam,17.249885,80.15615,mid-range,modern,good,premium regulator rectifier for apache rr 310 apache rr 310 tvs electrical advanced precision engineered for better fuel economy,0,2025-07-04T00:00:00,2025-09-15T00:00:00
68d141f4b3fce85d4c560e7e,Premium Rim for Aerox 155,Aerox 155,Yamaha,2012,,Wheels & Tires,2771.0,street performance heat treated for optimal efficiency,25,4.5,40,,https://example.com/images/rim_aerox_155.jpg,689d6959045c37933826818b,689d6959045c37933826818d,sai automobiles,RAMNAGAR COLONY PEERZADIGUDA UPPAL HYDERABAD,17.390358,78.606729,mid-range,classic,excellent,premium rim for aerox 155 aerox 155 yamaha wheels tires street performance heat treated for optimal efficiency,0,2025-09-06T00:00:00,2025-08-23T00:00:00
68d141f4b3fce85d4c560e7f,Ducati Starter Relay for Monster 821,Monster 821,Ducati,2021,,Ignition,522.0,superior corrosion resistant for superior reliability,9,3.3,3,,https://example.com/images/starter_relay_monster_821.jpg,68ac2a8e3c73e23c655de052,68ac2a8f3c73e23c655de054,Swathi Automobiles,Chappal Bazar Road - Kachiguda ,17.38953,78.491245,budget,modern,good,ducati starter relay for monster 821 monster 821 ducati ignition superior corrosion resistant for superior reliability,0,2025-07-28T00:00:00,2025-08-13T00:00:00
68d141f4b3fce85d4c560e80,Yamaha Chain Master Link for R15M,R15M,Yamaha,2016,,Drivetrain,7592.0,enhanced weather resistant for enhanced durability,10,4.3,44,,https://example.com/images/chain_master_link_r15m.jpg,68d0c47d09554c358655174b,68d0c47e09554c358655174d,Tarun Automobiles,,17.423605,78.546314,premium,modern,excellent,yamaha chain master link for r15m r15m yamaha drivetrain enhanced weather resistant for enhanced durability,0,2025-08-29T00:00:00,2025-07-31T00:00:00
68d141f4b3fce85d4c560e81,1290 Super Duke R Radiator Guard,1290 Super Duke R,KTM,2014,,Cooling System,10313.0,lightweight heat treated for better fuel economy,4,3.5,22,,https://example.com/images/radiator_guard_1290_super_duke_r.jpg,68d133bf3952f7cf7dee90b7,68d133bf3952f7cf7dee90b9,Jyothi Automobiles,Hyderabad,17.511409,78.350972,premium,classic,good,1290 super duke radiator guard 1290 super duke ktm cooling system lightweight heat treated for better fuel economy,0,2025-09-01T00:00:00,2025-09-21T00:00:00
68d141f4b3fce85d4c560e82,Ultra Limited Transmission Filter,Ultra Limited,Harley-Davidson,2010,,Filters,273.0,racing quality temperature stable for maximum protection,30,4.5,13,,https://example.com/images/transmission_filter_ultra_limited.jpg,68d1346c3952f7cf7dee90d0,68d1346c3952f7cf7dee90d2,Kalyan Automobiles,Bala Nagar,17.475679,78.447328,budget,classic,excellent,ultra limited transmission filter ultra limited harley davidson filters racing quality temperature stable for maximum protection,0,2025-08-12T00:00:00,2025-07-14T00:00:00
68d141f4b3fce85d4c560e83,Camshaft - Tuono 660,Tuono 660,Aprilia,2022,,Engine,22784.0,heavy duty chemical resistant for improved comfort,27,5.0,4,,https://example.com/images/camshaft_tuono_660.jpg,68d134ac3952f7cf7dee90e3,68d134ac3952f7cf7dee90e5,Shiva sai Automobiles,Mahabubabad,17.594209,80.006903,premium,modern,excellent,camshaft tuono 660 tuono 660 aprilia engine heavy duty chemical resistant for improved comfort,0,2025-08-11T00:00:00,2025-07-18T00:00:00
68d141f4b3fce85d4c560e84,Key Set Assembly - Xtreme 160R,Xtreme 160R,Hero,2013,,Ignition,1626.0,superior maintenance free for smoother operation,18,3.3,8,,https://example.com/images/key_set_xtreme_160r.jpg,68d135063952f7cf7dee90f6,68d135063952f7cf7dee90f8,Manoj Automobiles,Dilshknagar,17.367642,78.534282,mid-range,classic,good,key set assembly xtreme 160r xtreme 160r hero ignition superior maintenance free for smoother operation,0,2025-07-08T00:00:00,2025-07-29T00:00:00
68d141f4b3fce85d4c560e85,Tank Cap - CB350RS,CB350RS,Honda,2011,,Fuel System,910.0,advanced precision engineered for maximum protection,27,3.6,34,,https://example.com/images/tank_cap_cb350rs.jpg,68d135833952f7cf7dee9109,68d135833952f7cf7dee910b,Mounika Automobiles,Karimnagar,18.435781,79.132861,budget,classic,good,tank cap cb350rs cb350rs honda fuel system advanced precision engineered for maximum protection,0,2025-07-12T00:00:00,2025-09-02T00:00:00
68d141f4b3fce85d4c560e86,Genuine Fuel Rail - Avenger 160,Avenger 160,Bajaj,2012,,Fuel System,4614.0,enhanced high strength for enhanced safety,6,4.8,6,,https://example.com/images/fuel_rail_avenger_160.jpg,68d135d63952f7cf7dee911e,68d135d63952f7cf7dee9120,baskar Automobiles,Medak,18.048948,78.269372,mid-range,classic,excellent,genuine fuel rail avenger 160 avenger 160 bajaj fuel system enhanced high strength for enhanced safety,0,2025-07-07T00:00:00,2025-07-10T00:00:00
68d141f4b3fce85d4c560e87,Heavy Duty LED Strip - Superveloce 800,Superveloce 800,MV Agusta,2023,,Lighting,4919.0,racing quality high strength for better handling,4,3.6,10,,https://example.com/images/led_strip_superveloce_800.jpg,68d136193952f7cf7dee9131,68d136193952f7cf7dee9133,Mahesh Automobiles,Khammam,17.249885,80.15615,mid-range,modern,good,heavy duty led strip superveloce 800 superveloce 800 mv agusta lighting racing quality high strength for better handling,0,2025-08-27T00:00:00,2025-07-27T00:00:00
68d141f4b3fce85d4c560e88,OEM Condenser - Ninja H2,Ninja H2,Kawasaki,2011,,Ignition,483.0,advanced high strength for better control,10,3.7,25,,https://example.com/images/condenser_ninja_h2.jpg,689d6959045c37933826818b,689d6959045c37933826818d,sai automobiles,RAMNAGAR COLONY PEERZADIGUDA UPPAL HYDERABAD,17.390358,78.606729,budget,classic,good,oem condenser ninja h2 ninja h2 kawasaki ignition advanced high strength for better control,0,2025-08-21T00:00:00,2025-08-25T00:00:00
68d141f4b3fce85d4c560e89,Racing First Aid Kit - GSX-S750,GSX-S750,Suzuki,2020,,Accessories,1549.0,enhanced temperature stable for better control,15,4.8,50,,https://example.com/images/first_aid_kit_gsx_s750.jpg,68ac2a8e3c73e23c655de052,68ac2a8f3c73e23c655de054,Swathi Automobiles,Chappal Bazar Road - Kachiguda ,17.38953,78.491245,mid-range,modern,excellent,racing first aid kit gsx s750 gsx s750 suzuki accessories enhanced temperature stable for better control,0,2025-09-14T00:00:00,2025-08-25T00:00:00
68d141f4b3fce85d4c560e8a,Indian Ignition Switch for Scout Rogue,Scout Rogue,Indian,2016,,Ignition,721.0,heavy duty fuel efficient for enhanced stability,22,3.2,6,,https://example.com/images/ignition_switch_scout_rogue.jpg,68d0c47d09554c358655174b,68d0c47e09554c358655174d,Tarun Automobiles,,17.423605,78.546314,budget,modern,good,indian ignition switch for scout rogue scout rogue indian ignition heavy duty fuel efficient for enhanced stability,0,2025-09-17T00:00:00,2025-07-31T00:00:00
68d141f4b3fce85d4c560e8b,Performance Rotor - Turismo Veloce,Turismo Veloce,MV Agusta,2019,,Ignition,517.0,long lasting noise reducing for better handling,14,4.3,25,,https://example.com/images/rotor_turismo_veloce.jpg,68d133bf3952f7cf7dee90b7,68d133bf3952f7cf7dee90b9,Jyothi Automobiles,Hyderabad,17.511409,78.350972,budget,modern,excellent,performance rotor turismo veloce turismo veloce mv agusta ignition long lasting noise reducing for better handling,0,2025-08-07T00:00:00,2025-08-10T00:00:00
68d141f4b3fce85d4c560e8c,OEM Oil Filter - Yezdi Roadster,Yezdi Roadster,Jawa,2020,,Filters,292.0,enhanced high strength for improved performance,15,4.1,15,,https://example.com/images/oil_filter_yezdi_roadster.jpg,68d1346c3952f7cf7dee90d0,68d1346c3952f7cf7dee90d2,Kalyan Automobiles,Bala Nagar,17.475679,78.447328,budget,modern,excellent,oem oil filter yezdi roadster yezdi roadster jawa filters enhanced high strength for improved performance,0,2025-07-22T00:00:00,2025-08-27T00:00:00
68d141f4b3fce85d4c560e8d,OEM Transmission Filter - Boulevard,Boulevard,Suzuki,2023,,Filters,1033.0,long lasting long lasting for reduced maintenance,22,3.9,36,,https://example.com/images/transmission_filter_boulevard.jpg,68d134ac3952f7cf7dee90e3,68d134ac3952f7cf7dee90e5,Shiva sai Automobiles,Mahabubabad,17.594209,80.006903,mid-range,modern,good,oem transmission filter boulevard boulevard suzuki filters long lasting long lasting for reduced maintenance,0,2025-08-11T00:00:00,2025-09-07T00:00:00
68d141f4b3fce85d4c560e8e,Heavy Duty Back Protector - Unicorn,Unicorn,Honda,2023,,Safety,3739.0,precision made wear resistant for enhanced stability,16,3.2,39,,https://example.com/images/back_protector_unicorn.jpg,68d135063952f7cf7dee90f6,68d135063952f7cf7dee90f8,Manoj Automobiles,Dilshknagar,17.367642,78.534282,mid-range,modern,good,heavy duty back protector unicorn unicorn honda safety precision made wear resistant for enhanced stability,0,2025-07-29T00:00:00,2025-07-27T00:00:00
68d141f4b3fce85d4c560e8f,Premium Parking Light for Ignitor,Ignitor,Hero,2024,,Lighting,1039.0,precision made noise reducing for better fuel economy,23,4.7,9,,https://example.com/images/parking_light_ignitor.jpg,68d135833952f7cf7dee9109,68d135833952f7cf7dee910b,Mounika Automobiles,Karimnagar,18.435781,79.132861,mid-range,modern,excellent,premium parking light for ignitor ignitor hero lighting precision made noise reducing for better fuel economy,0,2025-09-18T00:00:00,2025-07-27T00:00:00
68d141f4b3fce85d4c560e90,Wire Wheel Assembly - Scrambler 1200,Scrambler 1200,Triumph,2010,,Wheels & Tires,11355.0,precision made noise reducing for longer life,15,4.5,48,,https://example.com/images/wire_wheel_scrambler_1200.jpg,68d135d63952f7cf7dee911e,68d135d63952f7cf7dee9120,baskar Automobiles,Medak,18.048948,78.269372,premium,classic,excellent,wire wheel assembly scrambler 1200 scrambler 1200 triumph wheels tires precision made noise reducing for longer life,0,2025-08-10T00:00:00,2025-07-08T00:00:00
68d141f4b3fce85d4c560e91,Performance Shift Fork - FTR 1200,FTR 1200,Indian,2011,,Transmission,1081.0,long lasting eco friendly for better fuel economy,15,4.7,42,,https://example.com/images/shift_fork_ftr_1200.jpg,68d136193952f7cf7dee9131,68d136193952f7cf7dee9133,Mahesh Automobiles,Khammam,17.249885,80.15615,mid-range,classic,excellent,performance shift fork ftr 1200 ftr 1200 indian transmission long lasting eco friendly for better fuel economy,0,2025-08-09T00:00:00,2025-07-17T00:00:00
68d141f4b3fce85d4c560e92,Heavy Duty Ignition Module - Bobber,Bobber,Jawa,2015,,Ignition,1336.0,oem quality long lasting for improved comfort,22,4.9,3,,https://example.com/images/ignition_module_bobber.jpg,689d6959045c37933826818b,689d6959045c37933826818d,sai automobiles,RAMNAGAR COLONY PEERZADIGUDA UPPAL HYDERABAD,17.390358,78.606729,mid-range,modern,excellent,heavy duty ignition module bobber bobber jawa ignition oem quality long lasting for improved comfort,0,2025-09-16T00:00:00,2025-07-12T00:00:00
68d141f4b3fce85d4c560e93,Genuine Wax - Yezdi Roadster,Yezdi Roadster,Jawa,2024,,Maintenance,262.0,advanced maintenance free for enhanced durability,27,3.8,0,,https://example.com/images/wax_yezdi_roadster.jpg,68ac2a8e3c73e23c655de052,68ac2a8f3c73e23c655de054,Swathi Automobiles,Chappal Bazar Road - Kachiguda ,17.38953,78.491245,budget,modern,good,genuine wax yezdi roadster yezdi roadster jawa maintenance advanced maintenance free for enhanced durability,0,2025-08-29T00:00:00,2025-09-07T00:00:00
68d141f4b3fce85d4c560e94,Final Drive Oil Assembly - Roadking,Roadking,Yezdi,2021,,Drivetrain,6928.0,heavy duty chemical resistant for enhanced safety,24,4.4,26,,https://example.com/images/final_drive_oil_roadking.jpg,68d0c47d09554c358655174b,68d0c47e09554c358655174d,Tarun Automobiles,,17.423605,78.546314,premium,modern,excellent,final drive oil assembly roadking roadking yezdi drivetrain heavy duty chemical resistant for enhanced safety,0,2025-08-06T00:00:00,2025-07-14T00:00:00
68d141f4b3fce85d4c560e95,Premium Carbon Filter for Imperiale 400,Imperiale 400,Benelli,2017,,Filters,1464.0,heavy duty noise reducing for improved comfort,16,3.5,7,,https://example.com/images/carbon_filter_imperiale_400.jpg,68d133bf3952f7cf7dee90b7,68d133bf3952f7cf7dee90b9,Jyothi Automobiles,Hyderabad,17.511409,78.350972,mid-range,modern,good,premium carbon filter for imperiale 400 imperiale 400 benelli filters heavy duty noise reducing for improved comfort,0,2025-07-07T00:00:00,2025-08-16T00:00:00
68d141f4b3fce85d4c560e96,Heavy Duty Coolant Pump - Saluto RX,Saluto RX,Yamaha,2018,,Cooling System,3036.0,heavy duty heat treated for longer life,1,4.4,49,,https://example.com/images/coolant_pump_saluto_rx.jpg,68d1346c3952f7cf7dee90d0,68d1346c3952f7cf7dee90d2,Kalyan Automobiles,Bala Nagar,17.475679,78.447328,mid-range,modern,excellent,heavy duty coolant pump saluto rx saluto rx yamaha cooling system heavy duty heat treated for longer life,0,2025-08-08T00:00:00,2025-07-19T00:00:00
68d141f4b3fce85d4c560e97,Premium Bar End for Oilking,Oilking,Yezdi,2022,,Accessories,1867.0,racing quality wear resistant for increased power,3,3.6,35,,https://example.com/images/bar_end_oilking.jpg,68d134ac3952f7cf7dee90e3,68d134ac3952f7cf7dee90e5,Shiva sai Automobiles,Mahabubabad,17.594209,80.006903,mid-range,modern,good,premium bar end for oilking oilking yezdi accessories racing quality wear resistant for increased power,0,2025-08-06T00:00:00,2025-09-04T00:00:00
68d141f4b3fce85d4c560e98,Genuine Emergency Kit - G 310 GS,G 310 GS,BMW,2016,,Safety,886.0,superior high strength for enhanced stability,25,3.9,44,,https://example.com/images/emergency_kit_g_310_gs.jpg,68d135063952f7cf7dee90f6,68d135063952f7cf7dee90f8,Manoj Automobiles,Dilshknagar,17.367642,78.534282,budget,modern,good,genuine emergency kit 310 gs 310 gs bmw safety superior high strength for enhanced stability,0,2025-07-07T00:00:00,2025-09-20T00:00:00
68d141f4b3fce85d4c560e99,GPS Mount - S 1000 XR,S 1000 XR,BMW,2022,,Accessories,754.0,oem quality temperature stable for maximum protection,29,3.6,33,,https://example.com/images/gps_mount_s_1000_xr.jpg,68d135833952f7cf7dee9109,68d135833952f7cf7dee910b,Mounika Automobiles,Karimnagar,18.435781,79.132861,budget,modern,good,gps mount 1000 xr 1000 xr bmw accessories oem quality temperature stable for maximum protection,0,2025-07-01T00:00:00,2025-07-18T00:00:00
68d141f4b3fce85d4c560e9a,Heavy Duty Input Shaft - Springfield,Springfield,Indian,2019,,Transmission,4496.0,enhanced precision engineered for enhanced stability,17,3.6,18,,https://example.com/images/input_shaft_springfield.jpg,68d135d63952f7cf7dee911e,68d135d63952f7cf7dee9120,baskar Automobiles,Medak,18.048948,78.269372,mid-range,modern,good,heavy duty input shaft springfield springfield indian transmission enhanced precision engineered for enhanced stability,0,2025-09-17T00:00:00,2025-07-16T00:00:00
68d141f4b3fce85d4c560e9b,Heavy Duty Water Pump - 450 Rally,450 Rally,KTM,2021,,Engine,22842.0,lightweight long lasting for increased power,18,3.6,31,,https://example.com/images/water_pump_450_rally.jpg,68d136193952f7cf7dee9131,68d136193952f7cf7dee9133,Mahesh Automobiles,Khammam,17.249885,80.15615,premium,modern,good,heavy duty water pump 450 rally 450 rally ktm engine lightweight long lasting for increased power,0,2025-08-11T00:00:00,2025-07-17T00:00:00
68d148980e3e8a2bef569c9a,Exhaust Muffler,Royal Enfield Bullet 350,Royal Enfield,2017,,Exhaust,3800.0,chrome finished muffler with deep tone and improved backpressure for torque,2,4.6,4,,https://example.com/images/muffler_bullet_350.jpg,689d6959045c37933826818b,689d6959045c37933826818d,sai automobiles,RAMNAGAR COLONY PEERZADIGUDA UPPAL HYDERABAD,17.390358,78.606729,mid-range,modern,excellent,exhaust muffler royal enfield bullet 350 royal enfield exhaust chrome finished muffler with deep tone and improved backpressure for torque,0,2025-09-06T11:37:05,2025-09-17T12:48:29
68d148980e3e8a2bef569c9b,Battery,Yamaha MT-15,Yamaha,2021,,Electrical,2100.0,maintenance free agm battery with high cranking power for reliable starts,6,4.8,10,,https://example.com/images/battery_mt_15.jpg,68ac2a8e3c73e23c655de052,68ac2a8f3c73e23c655de054,Swathi Automobiles,Chappal Bazar Road - Kachiguda ,17.38953,78.491245,mid-range,modern,excellent,battery yamaha mt 15 yamaha electrical maintenance free agm battery with high cranking power for reliable starts,0,2025-09-08T08:59:47,2025-09-22T07:16:02
68d148980e3e8a2bef569c9c,Clutch Plate Set,Honda CB Hornet,Honda,2019,,Transmission,890.0,multi plate clutch set with heat resistant friction material for smooth engagement,8,4.3,9,,https://example.com/images/clutchplate_hornet.jpg,689d6959045c37933826818b,689d6959045c37933826818d,sai automobiles,RAMNAGAR COLONY PEERZADIGUDA UPPAL HYDERABAD,17.390358,78.606729,budget,modern,excellent,clutch plate set honda cb hornet honda transmission multi plate clutch set with heat resistant friction material for smooth engagement,0,2025-09-10T14:26:31,2025-09-13T18:04:15
68d148980e3e8a2bef569c9d,Oil Filter,KTM RC 200,KTM,2020,,Filters,220.0,spin on oil filter with anti drainback valve for engine protection at startup,15,4.7,13,,https://example.com/images/oilfilter_rc_200.jpg,68ac2a8e3c73e23c655de052,68ac2a8f3c73e23c655de054,Swathi Automobiles,Chappal Bazar Road - Kachiguda ,17.38953,78.491245,budget,modern,excellent,oil filter ktm rc 200 ktm filters spin on oil filter with anti drainback valve for engine protection at startup,0,2025-09-12T09:43:22,2025-09-16T13:27:58
68d148980e3e8a2bef569c9e,Swingarm,Pulsar NS200,Bajaj,2020,,Frame & Suspension,5200.0,box section swingarm for improved rigidity and precise rear wheel control,3,4.9,3,,https://example.com/images/swingarm_ns200.jpg,689d6959045c37933826818b,689d6959045c37933826818d,sai automobiles,RAMNAGAR COLONY PEERZADIGUDA UPPAL HYDERABAD,17.390358,78.606729,premium,modern,excellent,swingarm pulsar ns200 bajaj frame suspension box section swingarm for improved rigidity and precise rear wheel control,0,2025-09-16T12:38:44,2025-09-20T15:22:09
68d148980e3e8a2bef569c9f,Stator Coil,Hero Xtreme 160R,Hero,2021,,Electrical,1100.0,high output stator for consistent charging even at low rpms,7,4.4,8,,https://example.com/images/stator_xtreme_160r.jpg,68ac2a8e3c73e23c655de052,68ac2a8f3c73e23c655de054,Swathi Automobiles,Chappal Bazar Road - Kachiguda ,17.38953,78.491245,mid-range,modern,excellent,stator coil hero xtreme 160r hero electrical high output stator for consistent charging even at low rpms,0,2025-09-18T10:05:17,2025-09-21T11:33:26
68d148980e3e8a2bef569ca0,Fuel Injector,Aprilia SR 160,Aprilia,2022,,Fuel & Intake,3100.0,efi fuel injector for precise fuel delivery and improved throttle response,2,4.8,5,,https://example.com/images/injector_sr_160.jpg,689d6959045c37933826818b,689d6959045c37933826818d,sai automobiles,RAMNAGAR COLONY PEERZADIGUDA UPPAL HYDERABAD,17.390358,78.606729,mid-range,modern,excellent,fuel injector aprilia sr 160 aprilia fuel intake efi fuel injector for precise fuel delivery and improved throttle response,0,2025-09-20T14:52:39,2025-09-22T06:41:18
68d148980e3e8a2bef569ca1,Handlebar,Royal Enfield Himalayan,Royal Enfield,2020,,Controls,950.0,adventure style handlebar with rubber grips for off road comfort and control,6,4.6,7,,https://example.com/images/handlebar_himalayan.jpg,68ac2a8e3c73e23c655de052,68ac2a8f3c73e23c655de054,Swathi Automobiles,Chappal Bazar Road - Kachiguda ,17.38953,78.491245,budget,modern,excellent,handlebar royal enfield himalayan royal enfield controls adventure style handlebar with rubber grips for off road comfort and control,0,2025-09-21T08:33:55,2025-09-22T05:28:43
68d148990e3e8a2bef569ca2,Piston Kit,TVS Apache RTR 200,TVS,2019,,Engine & Top End,3800.0,high compression piston kit with rings and pin for performance rebuilds,5,4.7,6,,https://example.com/images/pistonkit_apache_rtr_200.jpg,689d6959045c37933826818b,689d6959045c37933826818d,sai automobiles,RAMNAGAR COLONY PEERZADIGUDA UPPAL HYDERABAD,17.390358,78.606729,mid-range,modern,excellent,piston kit tvs apache rtr 200 tvs engine top end high compression piston kit with rings and pin for performance rebuilds,0,2025-09-22T04:17:28,2025-09-22T04:17:28
68d148990e3e8a2bef569ca3,Clutch Cable Outer Housing,Pulsar 150,Bajaj,2018,,Cables,140.0,durable coiled outer casing that protects clutch cable and ensures smooth operation,7,4.3,6,,https://example.com/images/clutchhousing_pulsar_150.jpg,68ac2a8e3c73e23c655de052,68ac2a8f3c73e23c655de054,Swathi Automobiles,Chappal Bazar Road - Kachiguda ,17.38953,78.491245,budget,modern,excellent,clutch cable outer housing pulsar 150 bajaj cables durable coiled outer casing that protects clutch cable and ensures smooth operation,0,2025-08-25T10:42:09,2025-09-01T17:41:42
68d148990e3e8a2bef569ca4,Front Brake Hose,Splendor Plus,Hero,2020,,Brakes,280.0,reinforced rubber hydraulic hose that transmits brake fluid pressure to caliper,5,4.5,4,,https://example.com/images/brakehose_splendor_plus.jpg,689d6959045c37933826818b,689d6959045c37933826818d,sai automobiles,RAMNAGAR COLONY PEERZADIGUDA UPPAL HYDERABAD,17.390358,78.606729,budget,modern,excellent,front brake hose splendor plus hero brakes reinforced rubber hydraulic hose that transmits brake fluid pressure to caliper,0,2025-08-27T12:05:33,2025-09-15T16:58:11
68d148990e3e8a2bef569ca5,Headlight Reflector Bowl,Splendor Plus,Hero,2021,,Lighting,220.0,chrome plated reflector that focuses headlight beam for maximum illumination,6,4.4,5,,https://example.com/images/reflector_splendor_plus.jpg,689d6959045c37933826818b,689d6959045c37933826818d,sai automobiles,RAMNAGAR COLONY PEERZADIGUDA UPPAL HYDERABAD,17.390358,78.606729,budget,modern,excellent,headlight reflector bowl splendor plus hero lighting chrome plated reflector that focuses headlight beam for maximum illumination,0,2025-08-29T15:30:17,2025-09-10T13:39:03
68d148990e3e8a2bef569ca6,Rear Brake Cable,Splendor Plus,Hero,2019,,Cables,110.0,steel braided cable that transmits lever force to rear brake mechanism,8,4.2,7,,https://example.com/images/rearcable_splendor_plus.jpg,68ac2a8e3c73e23c655de052,68ac2a8f3c73e23c655de054,Swathi Automobiles,Chappal Bazar Road - Kachiguda ,17.38953,78.491245,budget,modern,excellent,rear brake cable splendor plus hero cables steel braided cable that transmits lever force to rear brake mechanism,0,2025-08-31T19:55:21,2025-09-19T11:13:25
68d148990e3e8a2bef569ca7,Coolant Temperature Sensor,Splendor Plus,Hero,2020,,Cooling System,380.0,sensor that monitors engine coolant temperature for dashboard gauge and ecu,4,4.6,3,,https://example.com/images/coolantsensor_splendor_plus.jpg,689d6959045c37933826818b,689d6959045c37933826818d,sai automobiles,RAMNAGAR COLONY PEERZADIGUDA UPPAL HYDERABAD,17.390358,78.606729,budget,modern,excellent,coolant temperature sensor splendor plus hero cooling system sensor that monitors engine coolant temperature for dashboard gauge and ecu,0,2025-09-02T12:30:45,2025-09-08T16:30:56
68d148990e3e8a2bef569ca8,CDI Unit,Splendor Plus,Hero,2019,,Ignition,850.0,capacitor discharge ignition module that controls spark timing for optimal combustion,3,4.7,4,,https://example.com/images/cdi_splendor_plus.jpg,68ac2a8e3c73e23c655de052,68ac2a8f3c73e23c655de054,Swathi Automobiles,Chappal Bazar Road - Kachiguda ,17.38953,78.491245,budget,modern,excellent,cdi unit splendor plus hero ignition capacitor discharge ignition module that controls spark timing for optimal combustion,0,2025-09-04T17:45:19,2025-09-21T11:45:47
68d148990e3e8a2bef569ca9,Chain Tensioner Bolt,Splendor Plus,Hero,2021,,Drivetrain,75.0,threaded bolt used to lock chain tensioner in adjusted position,12,4.1,8,,https://example.com/images/tensionerbolt_splendor_plus.jpg,689d6959045c37933826818b,689d6959045c37933826818d,sai automobiles,RAMNAGAR COLONY PEERZADIGUDA UPPAL HYDERABAD,17.390358,78.606729,budget,modern,excellent,chain tensioner bolt splendor plus hero drivetrain threaded bolt used to lock chain tensioner in adjusted position,0,2025-09-06T13:59:07,2025-09-17T15:10:32
68d148990e3e8a2bef569caa,Passenger Grab Rail,Splendor Plus,Hero,2021,,Frame & Footrests,450.0,chrome plated rear handle for passenger safety and support during rides,5,4.5,5,,https://example.com/images/grabrail_splendor_plus.jpg,689d6959045c37933826818b,689d6959045c37933826818d,sai automobiles,RAMNAGAR COLONY PEERZADIGUDA UPPAL HYDERABAD,17.390358,78.606729,budget,modern,excellent,passenger grab rail splendor plus hero frame footrests chrome plated rear handle for passenger safety and support during rides,0,2025-09-08T11:20:49,2025-09-22T09:38:05
68d148990e3e8a2bef569cab,Carburetor Air Screw,Apache RTR 160,TVS,2019,,Fuel & Intake,65.0,adjustment screw that fine tunes air fuel mixture at idle and low rpms,9,4.0,6,,https://example.com/images/airscrew_apache_rtr_160.jpg,689d6959045c37933826818b,689d6959045c37933826818d,sai automobiles,RAMNAGAR COLONY PEERZADIGUDA UPPAL HYDERABAD,17.390358,78.606729,budget,modern,excellent,carburetor air screw apache rtr 160 tvs fuel intake adjustment screw that fine tunes air fuel mixture at idle and low rpms,0,2025-09-10T16:48:33,2025-09-13T20:26:18
68d148990e3e8a2bef569cac,Exhaust Muffler Clamp,Splendor Plus,Hero,2020,,Exhaust,150.0,stainless steel band clamp that secures muffler to exhaust pipe,10,4.3,7,,https://example.com/images/mufflerclamp_splendor_plus.jpg,68ac2a8e3c73e23c655de052,68ac2a8f3c73e23c655de054,Swathi Automobiles,Chappal Bazar Road - Kachiguda ,17.38953,78.491245,budget,modern,excellent,exhaust muffler clamp splendor plus hero exhaust stainless steel band clamp that secures muffler to exhaust pipe,0,2025-09-12T12:05:24,2025-09-16T15:49:59
68d148990e3e8a2bef569cad,Battery Terminal Wrench,Splendor Plus,Hero,2021,,Electrical,95.0,specialized tool for tightening or loosening battery terminal nuts,15,4.2,9,,https://example.com/images/terminalwrench_splendor_plus.jpg,68ac2a8e3c73e23c655de052,68ac2a8f3c73e23c655de054,Swathi Automobiles,Chappal Bazar Road - Kachiguda ,17.38953,78.491245,budget,modern,excellent,battery terminal wrench splendor plus hero electrical specialized tool for tightening or loosening battery terminal nuts,0,2025-09-14T18:33:05,2025-09-18T13:17:39
68d148990e3e8a2bef569cae,Clutch Release Bearing,Pulsar 150,Bajaj,2021,,Transmission,420.0,bearing that disengages clutch plates when lever is pulled,4,4.6,4,,https://example.com/images/releasebearing_pulsar_150.jpg,689d6959045c37933826818b,689d6959045c37933826818d,sai automobiles,RAMNAGAR COLONY PEERZADIGUDA UPPAL HYDERABAD,17.390358,78.606729,budget,modern,excellent,clutch release bearing pulsar 150 bajaj transmission bearing that disengages clutch plates when lever is pulled,0,2025-09-16T15:00:46,2025-09-20T17:44:12
68d148990e3e8a2bef569caf,Air Filter Pre-Cleaner,Splendor Plus,Hero,2021,,Filters,90.0,foam pre filter that traps large particles before air reaches main filter,11,4.4,7,,https://example.com/images/precleaner_splendor_plus.jpg,68ac2a8e3c73e23c655de052,68ac2a8f3c73e23c655de054,Swathi Automobiles,Chappal Bazar Road - Kachiguda ,17.38953,78.491245,budget,modern,excellent,air filter pre cleaner splendor plus hero filters foam pre filter that traps large particles before air reaches main filter,0,2025-09-18T12:27:19,2025-09-21T13:55:28
68d148990e3e8a2bef569cb0,Speedometer Cable Clip,FZ-S,Yamaha,2018,,Instrumentation,45.0,plastic clip that secures speedometer cable along frame to prevent rattling,14,4.1,8,,https://example.com/images/cableclip_fz_s.jpg,689d6959045c37933826818b,689d6959045c37933826818d,sai automobiles,RAMNAGAR COLONY PEERZADIGUDA UPPAL HYDERABAD,17.390358,78.606729,budget,modern,excellent,speedometer cable clip fz yamaha instrumentation plastic clip that secures speedometer cable along frame to prevent rattling,0,2025-09-20T17:14:41,2025-09-22T09:03:20
68d148990e3e8a2bef569cb1,Swingarm Axle Nut,Pulsar 150,Bajaj,2020,,Frame & Suspension,85.0,large hex nut that secures rear wheel axle to swingarm,8,4.3,5,,https://example.com/images/axlenut_pulsar_150.jpg,689d6959045c37933826818b,689d6959045c37933826818d,sai automobiles,RAMNAGAR COLONY PEERZADIGUDA UPPAL HYDERABAD,17.390358,78.606729,budget,modern,excellent,swingarm axle nut pulsar 150 bajaj frame suspension large hex nut that secures rear wheel axle to swingarm,0,2025-09-22T06:39:30,2025-09-22T06:39:30
68d148990e3e8a2bef569cb2,Rectifier Regulator,Splendor Plus,Hero,2021,,Electrical,780.0,combines rectifier and voltage regulator functions to manage charging system,3,4.7,4,,https://example.com/images/rectifier_splendor_plus.jpg,68ac2a8e3c73e23c655de052,68ac2a8f3c73e23c655de054,Swathi Automobiles,Chappal Bazar Road - Kachiguda ,17.38953,78.491245,budget,modern,excellent,rectifier regulator splendor plus hero electrical combines rectifier and voltage regulator functions to manage charging system,0,2025-08-18T15:44:13,2025-09-11T19:25:50
68d1489a0e3e8a2bef569cb3,Fuel Pressure Sensor,Splendor Plus,Hero,2021,,Fuel & Intake,950.0,monitors fuel rail pressure and sends data to ecu for optimal injection control,2,4.8,3,,https://example.com/images/pressuresensor_splendor_plus.jpg,689d6959045c37933826818b,689d6959045c37933826818d,sai automobiles,RAMNAGAR COLONY PEERZADIGUDA UPPAL HYDERABAD,17.390358,78.606729,budget,modern,excellent,fuel pressure sensor splendor plus hero fuel intake monitors fuel rail pressure and sends data to ecu for optimal injection control,0,2025-08-20T17:50:06,2025-09-09T17:17:38
68d1489a0e3e8a2bef569cb4,Handlebar End Mirror,Apache RTR 160,TVS,2020,,Controls,320.0,compact mirror mounted on handlebar end for rear visibility without adding width,6,4.4,5,,https://example.com/images/endmirror_apache_rtr_160.jpg,68ac2a8e3c73e23c655de052,68ac2a8f3c73e23c655de054,Swathi Automobiles,Chappal Bazar Road - Kachiguda ,17.38953,78.491245,budget,modern,excellent,handlebar end mirror apache rtr 160 tvs controls compact mirror mounted on handlebar end for rear visibility without adding width,0,2025-08-22T18:06:19,2025-09-16T13:44:50
68d1489a0e3e8a2bef569cb5,Piston Ring Compressor,Splendor Plus,Hero,2020,,Engine & Top End,550.0,tool used to compress piston rings during engine assembly for easy cylinder insertion,4,4.5,4,,https://example.com/images/ringcompressor_splendor_plus.jpg,689d6959045c37933826818b,689d6959045c37933826818d,sai automobiles,RAMNAGAR COLONY PEERZADIGUDA UPPAL HYDERABAD,17.390358,78.606729,budget,modern,excellent,piston ring compressor splendor plus hero engine top end tool used to compress piston rings during engine assembly for easy cylinder insertion,0,2025-08-24T13:24:54,2025-09-06T16:49:15
68d1489a0e3e8a2bef569cb6,Throttle Cable End,Splendor Plus,Hero,2019,,Cables,35.0,small metal fitting that connects throttle cable to carburetor or throttle body,16,4.2,9,,https://example.com/images/cableend_splendor_plus.jpg,68ac2a8e3c73e23c655de052,68ac2a8f3c73e23c655de054,Swathi Automobiles,Chappal Bazar Road - Kachiguda ,17.38953,78.491245,budget,modern,excellent,throttle cable end splendor plus hero cables small metal fitting that connects throttle cable to carburetor or throttle body,0,2025-08-26T19:03:25,2025-09-19T13:27:50
68d1489a0e3e8a2bef569cb7,Convex Side Mirror,Splendor Plus,Hero,2021,,Controls,190.0,wide angle mirror with curved glass for maximum rearward field of view,7,4.6,5,,https://example.com/images/sidemirror_splendor_plus.jpg,689d6959045c37933826818b,689d6959045c37933826818d,sai automobiles,RAMNAGAR COLONY PEERZADIGUDA UPPAL HYDERABAD,17.390358,78.606729,budget,modern,excellent,convex side mirror splendor plus hero controls wide angle mirror with curved glass for maximum rearward field of view,0,2025-08-28T20:41:42,2025-09-12T09:55:03
68d1489a0e3e8a2bef569cb8,Engine Oil Drain Plug Washer,Splendor Plus,Hero,2020,,Engine & Top End,25.0,copper or aluminum crush washer that seals drain plug to prevent oil leaks,20,4.3,13,,https://example.com/images/drainwasher_splendor_plus.jpg,68ac2a8e3c73e23c655de052,68ac2a8f3c73e23c655de054,Swathi Automobiles,Chappal Bazar Road - Kachiguda ,17.38953,78.491245,budget,modern,excellent,engine oil drain plug washer splendor plus hero engine top end copper or aluminum crush washer that seals drain plug to prevent oil leaks,0,2025-08-30T10:17:14,2025-09-15T11:44:36
68d1489a0e3e8a2bef569cb9,Chain Master Link Pliers,Splendor Plus,Hero,2021,,Drivetrain,280.0,specialized tool for installing and removing clip type master links on drive chain,6,4.4,5,,https://example.com/images/linkpliers_splendor_plus.jpg,689d6959045c37933826818b,689d6959045c37933826818d,sai automobiles,RAMNAGAR COLONY PEERZADIGUDA UPPAL HYDERABAD,17.390358,78.606729,budget,modern,excellent,chain master link pliers splendor plus hero drivetrain specialized tool for installing and removing clip type master links on drive chain,0,2025-09-01T14:59:31,2025-09-14T19:10:57
68d1489a0e3e8a2bef569cba,Seat Lock Mechanism,Splendor Plus,Hero,2020,,Comfort,280.0,internal locking mechanism that secures seat when key is turned,5,4.5,4,,https://example.com/images/seatmechanism_splendor_plus.jpg,68ac2a8e3c73e23c655de052,68ac2a8f3c73e23c655de054,Swathi Automobiles,Chappal Bazar Road - Kachiguda ,17.38953,78.491245,budget,modern,excellent,seat lock mechanism splendor plus hero comfort internal locking mechanism that secures seat when key is turned,0,2025-09-03T19:44:08,2025-09-20T15:35:29
68d1489a0e3e8a2bef569cbb,Throttle Position Sensor Gasket,Splendor Plus,Hero,2021,,Fuel & Intake,75.0,rubber or paper gasket that seals tps to throttle body to prevent air leaks,8,4.6,4,,https://example.com/images/tpsgasket_splendor_plus.jpg,689d6959045c37933826818b,689d6959045c37933826818d,sai automobiles,RAMNAGAR COLONY PEERZADIGUDA UPPAL HYDERABAD,17.390358,78.606729,budget,modern,excellent,throttle position sensor gasket splendor plus hero fuel intake rubber or paper gasket that seals tps to throttle body to prevent air leaks,0,2025-09-05T10:33:46,2025-09-18T17:28:35
68d1489a0e3e8a2bef569cbc,Rear Brake Shoe Retainer,Splendor Plus,Hero,2018,,Brakes,50.0,metal clip or pin that holds brake shoes in correct position within drum,13,4.3,10,,https://example.com/images/shoeretainer_splendor_plus.jpg,68ac2a8e3c73e23c655de052,68ac2a8f3c73e23c655de054,Swathi Automobiles,Chappal Bazar Road - Kachiguda ,17.38953,78.491245,budget,modern,excellent,rear brake shoe retainer splendor plus hero brakes metal clip or pin that holds brake shoes in correct position within drum,0,2025-09-07T16:55:19,2025-09-21T20:11:04
68d1489a0e3e8a2bef569cbd,Engine Mounting Bracket,Splendor Plus,Hero,2020,,Engine & Top End,720.0,steel bracket that attaches engine to motorcycle frame at mounting points,6,4.7,5,,https://example.com/images/mountbracket_splendor_plus.jpg,689d6959045c37933826818b,689d6959045c37933826818d,sai automobiles,RAMNAGAR COLONY PEERZADIGUDA UPPAL HYDERABAD,17.390358,78.606729,budget,modern,excellent,engine mounting bracket splendor plus hero engine top end steel bracket that attaches engine to motorcycle frame at mounting points,0,2025-09-09T12:20:33,2025-09-22T12:44:17
68d1489a0e3e8a2bef569cbe,Clutch Cable Adjuster Tool,Splendor Plus,Hero,2019,,Controls,130.0,special wrench designed to grip and turn clutch cable adjuster barrel,9,4.2,7,,https://example.com/images/adjustertool_splendor_plus.jpg,68ac2a8e3c73e23c655de052,68ac2a8f3c73e23c655de054,Swathi Automobiles,Chappal Bazar Road - Kachiguda ,17.38953,78.491245,budget,modern,excellent,clutch cable adjuster tool splendor plus hero controls special wrench designed to grip and turn clutch cable adjuster barrel,0,2025-09-11T18:46:55,2025-09-22T10:59:43
68d1489a0e3e8a2bef569cbf,Headlight Relay Harness,Splendor Plus,Hero,2021,,Electrical,210.0,wiring harness segment that connects headlight relay to battery and switch,7,4.5,6,,https://example.com/images/relayharness_splendor_plus.jpg,689d6959045c37933826818b,689d6959045c37933826818d,sai automobiles,RAMNAGAR COLONY PEERZADIGUDA UPPAL HYDERABAD,17.390358,78.606729,budget,modern,excellent,headlight relay harness splendor plus hero electrical wiring harness segment that connects headlight relay to battery and switch,0,2025-09-13T14:09:30,2025-09-22T08:17:16
68d1489a0e3e8a2bef569cc0,Exhaust Gasket Set,Splendor Plus,Hero,2020,,Exhaust,240.0,complete set of gaskets for all exhaust system joints and connections,5,4.4,5,,https://example.com/images/exhaustgasketset_splendor_plus.jpg,68ac2a8e3c73e23c655de052,68ac2a8f3c73e23c655de054,Swathi Automobiles,Chappal Bazar Road - Kachiguda ,17.38953,78.491245,budget,modern,excellent,exhaust gasket set splendor plus hero exhaust complete set of gaskets for all exhaust system joints and connections,0,2025-09-15T15:31:16,2025-09-21T16:55:09
68d1489a0e3e8a2bef569cc1,Fuel Level Sensor Gasket,Splendor Plus,Hero,2021,,Fuel & Intake,85.0,sealing gasket that prevents fuel leaks at fuel level sensor mounting point,9,4.5,6,,https://example.com/images/sensorgasket_splendor_plus.jpg,689d6959045c37933826818b,689d6959045c37933826818d,sai automobiles,RAMNAGAR COLONY PEERZADIGUDA UPPAL HYDERABAD,17.390358,78.606729,budget,modern,excellent,fuel level sensor gasket splendor plus hero fuel intake sealing gasket that prevents fuel leaks at fuel level sensor mounting point,0,2025-09-17T09:53:04,2025-09-22T11:10:15
68d1489a0e3e8a2bef569cc2,Turn Signal Relay Socket,Splendor Plus,Hero,2020,,Electrical,170.0,plug in socket that connects turn signal relay to vehicle wiring harness,11,4.3,7,,https://example.com/images/relaysocket_turn_splendor_plus.jpg,68ac2a8e3c73e23c655de052,68ac2a8f3c73e23c655de054,Swathi Automobiles,Chappal Bazar Road - Kachiguda ,17.38953,78.491245,budget,modern,excellent,turn signal relay socket splendor plus hero electrical plug in socket that connects turn signal relay to vehicle wiring harness,0,2025-09-19T18:06:39,2025-09-22T08:13:14
68d1489b0e3e8a2bef569cc3,Shock Absorber Rebound Adjuster Tool,Splendor Plus,Hero,2021,,Suspension,350.0,specialized tool for adjusting rebound damping on rear shock absorber,4,4.2,4,,https://example.com/images/reboundtool_splendor_plus.jpg,689d6959045c37933826818b,689d6959045c37933826818d,sai automobiles,RAMNAGAR COLONY PEERZADIGUDA UPPAL HYDERABAD,17.390358,78.606729,budget,modern,excellent,shock absorber rebound adjuster tool splendor plus hero suspension specialized tool for adjusting rebound damping on rear shock absorber,0,2025-09-21T12:44:53,2025-09-22T06:25:10
68d1489b0e3e8a2bef569cc4,Chain Tension Gauge,Splendor Plus,Hero,2020,,Drivetrain,420.0,tool that measures chain slack to ensure proper tension for optimal performance,3,4.6,3,,https://example.com/images/tensiongauge_splendor_plus.jpg,689d6959045c37933826818b,689d6959045c37933826818d,sai automobiles,RAMNAGAR COLONY PEERZADIGUDA UPPAL HYDERABAD,17.390358,78.606729,budget,modern,excellent,chain tension gauge splendor plus hero drivetrain tool that measures chain slack to ensure proper tension for optimal performance,0,2025-08-17T16:34:13,2025-09-10T15:27:49
68d1489b0e3e8a2bef569cc5,Carburetor Jet Needle,Apache RTR 160,TVS,2019,,Fuel & Intake,140.0,tapered needle that works with main jet to control fuel flow across rpm range,7,4.1,6,,https://example.com/images/jetneedle_apache_rtr_160.jpg,68ac2a8e3c73e23c655de052,68ac2a8f3c73e23c655de054,Swathi Automobiles,Chappal Bazar Road - Kachiguda ,17.38953,78.491245,budget,modern,excellent,carburetor jet needle apache rtr 160 tvs fuel intake tapered needle that works with main jet to control fuel flow across rpm range,0,2025-08-19T11:32:28,2025-09-07T15:05:20
68d1489b0e3e8a2bef569cc6,Neutral Switch Seal,Pulsar 150,Bajaj,2021,,Controls,60.0,rubber seal that prevents oil or moisture ingress at neutral switch mounting,10,4.5,5,,https://example.com/images/neutralseal_pulsar_150.jpg,689d6959045c37933826818b,689d6959045c37933826818d,sai automobiles,RAMNAGAR COLONY PEERZADIGUDA UPPAL HYDERABAD,17.390358,78.606729,budget,modern,excellent,neutral switch seal pulsar 150 bajaj controls rubber seal that prevents oil or moisture ingress at neutral switch mounting,0,2025-08-21T19:05:34,2025-09-18T16:16:29
68d1489b0e3e8a2bef569cc7,Engine Temperature Sensor Wiring,Splendor Plus,Hero,2020,,Cooling System,190.0,wiring harness segment that connects temperature sensor to ecu and gauge,6,4.5,5,,https://example.com/images/tempwiring_splendor_plus.jpg,689d6959045c37933826818b,689d6959045c37933826818d,sai automobiles,RAMNAGAR COLONY PEERZADIGUDA UPPAL HYDERABAD,17.390358,78.606729,budget,modern,excellent,engine temperature sensor wiring splendor plus hero cooling system wiring harness segment that connects temperature sensor to ecu and gauge,0,2025-08-23T10:43:16,2025-09-02T17:54:52
68d1489b0e3e8a2bef569cc8,Brake Pad Shim,Splendor Plus,Hero,2021,,Brakes,40.0,thin metal plate placed behind brake pad to reduce noise and vibration,18,4.2,11,,https://example.com/images/padshim_splendor_plus.jpg,68ac2a8e3c73e23c655de052,68ac2a8f3c73e23c655de054,Swathi Automobiles,Chappal Bazar Road - Kachiguda ,17.38953,78.491245,budget,modern,excellent,brake pad shim splendor plus hero brakes thin metal plate placed behind brake pad to reduce noise and vibration,0,2025-08-25T16:30:45,2025-09-20T12:36:23
68d1489b0e3e8a2bef569cc9,Clutch Lever Bushing,Splendor Plus,Hero,2020,,Controls,50.0,small plastic or bronze bushing that reduces friction in clutch lever pivot,12,4.3,8,,https://example.com/images/leverbushing_splendor_plus.jpg,689d6959045c37933826818b,689d6959045c37933826818d,sai automobiles,RAMNAGAR COLONY PEERZADIGUDA UPPAL HYDERABAD,17.390358,78.606729,budget,modern,excellent,clutch lever bushing splendor plus hero controls small plastic or bronze bushing that reduces friction in clutch lever pivot,0,2025-08-27T12:05:33,2025-09-15T16:58:11
68d1489b0e3e8a2bef569cca,Fuel Injector Seal Kit,Splendor Plus,Hero,2021,,Fuel & Intake,160.0,complete set of rings and seals for all fuel injector mounting points,7,4.4,6,,https://example.com/images/injectorsealkit_splendor_plus.jpg,68ac2a8e3c73e23c655de052,68ac2a8f3c73e23c655de054,Swathi Automobiles,Chappal Bazar Road - Kachiguda ,17.38953,78.491245,budget,modern,excellent,fuel injector seal kit splendor plus hero fuel intake complete set of rings and seals for all fuel injector mounting points,0,2025-08-29T15:30:17,2025-09-10T13:39:03
68d1489b0e3e8a2bef569ccb,ABS Control Module,Pulsar 150,Bajaj,2021,,Brakes,4200.0,electronic control unit that manages abs system based on wheel speed sensor inputs,2,4.8,3,,https://example.com/images/absmodule_pulsar_150.jpg,689d6959045c37933826818b,689d6959045c37933826818d,sai automobiles,RAMNAGAR COLONY PEERZADIGUDA UPPAL HYDERABAD,17.390358,78.606729,mid-range,modern,excellent,abs control module pulsar 150 bajaj brakes electronic control unit that manages abs system based on wheel speed sensor inputs,0,2025-08-31T19:55:21,2025-09-19T11:13:25
68d1489b0e3e8a2bef569ccc,Brake Fluid Bleeder Kit,Splendor Plus,Hero,2019,,Brakes,380.0,tool kit for removing air bubbles from hydraulic brake system during fluid changes,5,4.5,5,,https://example.com/images/bleederkit_splendor_plus.jpg,68ac2a8e3c73e23c655de052,68ac2a8f3c73e23c655de054,Swathi Automobiles,Chappal Bazar Road - Kachiguda ,17.38953,78.491245,budget,modern,excellent,brake fluid bleeder kit splendor plus hero brakes tool kit for removing air bubbles from hydraulic brake system during fluid changes,0,2025-09-02T12:30:45,2025-09-08T16:30:56
68d1489b0e3e8a2bef569ccd,Throttle Body Cleaner,Splendor Plus,Hero,2020,,Fuel & Intake,220.0,aerosol spray designed to clean carbon deposits from throttle body and plate,15,4.3,8,,https://example.com/images/throttlecleaner_splendor_plus.jpg,68ac2a8e3c73e23c655de052,68ac2a8f3c73e23c655de054,Swathi Automobiles,Chappal Bazar Road - Kachiguda ,17.38953,78.491245,budget,modern,excellent,throttle body cleaner splendor plus hero fuel intake aerosol spray designed to clean carbon deposits from throttle body and plate,0,2025-09-04T17:45:19,2025-09-21T11:45:47
68d1489b0e3e8a2bef569cce,Rear Sprocket Guard,Splendor Plus,Hero,2020,,Drivetrain,280.0,plastic or metal cover that protects rear sprocket from debris and chain slap,9,4.2,6,,https://example.com/images/sprocketguard_splendor_plus.jpg,689d6959045c37933826818b,689d6959045c37933826818d,sai automobiles,RAMNAGAR COLONY PEERZADIGUDA UPPAL HYDERABAD,17.390358,78.606729,budget,modern,excellent,rear sprocket guard splendor plus hero drivetrain plastic or metal cover that protects rear sprocket from debris and chain slap,0,2025-09-08T11:20:49,2025-09-22T09:38:05
68d1489b0e3e8a2bef569ccf,Air Filter Housing Seal,Splendor Plus,Hero,2021,,Air Intake,95.0,rubber gasket that seals air filter housing to prevent unfiltered air leaks,11,4.4,7,,https://example.com/images/housingseal_splendor_plus.jpg,68ac2a8e3c73e23c655de052,68ac2a8f3c73e23c655de054,Swathi Automobiles,Chappal Bazar Road - Kachiguda ,17.38953,78.491245,budget,modern,excellent,air filter housing seal splendor plus hero air intake rubber gasket that seals air filter housing to prevent unfiltered air leaks,0,2025-09-10T16:48:33,2025-09-13T20:26:18
68d1489b0e3e8a2bef569cd0,Clutch Basket Tool,Splendor Plus,Hero,2019,,Transmission,480.0,special holding tool that prevents clutch basket from turning during bolt removal,4,4.6,4,,https://example.com/images/baskettool_splendor_plus.jpg,689d6959045c37933826818b,689d6959045c37933826818d,sai automobiles,RAMNAGAR COLONY PEERZADIGUDA UPPAL HYDERABAD,17.390358,78.606729,budget,modern,excellent,clutch basket tool splendor plus hero transmission special holding tool that prevents clutch basket from turning during bolt removal,0,2025-09-12T12:05:24,2025-09-16T15:49:59
68d1489b0e3e8a2bef569cd1,Oil Cooler Mounting Bracket,Splendor Plus,Hero,2021,,Cooling System,320.0,steel bracket that secures oil cooler to frame or engine for optimal positioning,5,4.5,4,,https://example.com/images/coolerbracket_splendor_plus.jpg,689d6959045c37933826818b,689d6959045c37933826818d,sai automobiles,RAMNAGAR COLONY PEERZADIGUDA UPPAL HYDERABAD,17.390358,78.606729,budget,modern,excellent,oil cooler mounting bracket splendor plus hero cooling system steel bracket that secures oil cooler to frame or engine for optimal positioning,0,2025-09-14T18:33:05,2025-09-18T13:17:39
68d1489b0e3e8a2bef569cd2,Starter Solenoid,Splendor Plus,Hero,2020,,Electrical,550.0,electromagnetic switch that engages starter motor gear with engine flywheel,6,4.6,5,,https://example.com/images/solenoid_splendor_plus.jpg,68ac2a8e3c73e23c655de052,68ac2a8f3c73e23c655de054,Swathi Automobiles,Chappal Bazar Road - Kachiguda ,17.38953,78.491245,budget,modern,excellent,starter solenoid splendor plus hero electrical electromagnetic switch that engages starter motor gear with engine flywheel,0,2025-09-16T15:00:46,2025-09-20T17:44:12
68d1489b0e3e8a2bef569cd3,Fuel Tank Cap Gasket,Splendor Plus,Hero,2019,,Fuel & Intake,65.0,rubber seal that prevents fuel vapor leaks and moisture ingress at tank cap,14,4.3,9,,https://example.com/images/capgasket_splendor_plus.jpg,68ac2a8e3c73e23c655de052,68ac2a8f3c73e23c655de054,Swathi Automobiles,Chappal Bazar Road - Kachiguda ,17.38953,78.491245,budget,modern,excellent,fuel tank cap gasket splendor plus hero fuel intake rubber seal that prevents fuel vapor leaks and moisture ingress at tank cap,0,2025-09-18T12:27:19,2025-09-21T13:55:28
68d1489c0e3e8a2bef569cd4,Handlebar Grip Glue,Splendor Plus,Hero,2021,,Controls,85.0,adhesive specifically formulated to secure rubber grips to handlebar ends,18,4.1,10,,https://example.com/images/gripglue_splendor_plus.jpg,68ac2a8e3c73e23c655de052,68ac2a8f3c73e23c655de054,Swathi Automobiles,Chappal Bazar Road - Kachiguda ,17.38953,78.491245,budget,modern,excellent,handlebar grip glue splendor plus hero controls adhesive specifically formulated to secure rubber grips to handlebar ends,0,2025-09-20T17:14:41,2025-09-22T09:03:20
68d1489c0e3e8a2bef569cd5,Brake Light Switch Mount,Splendor Plus,Hero,2020,,Electrical,120.0,bracket or housing that secures brake light switch to brake lever assembly,12,4.2,8,,https://example.com/images/switchmount_splendor_plus.jpg,68ac2a8e3c73e23c655de052,68ac2a8f3c73e23c655de054,Swathi Automobiles,Chappal Bazar Road - Kachiguda ,17.38953,78.491245,budget,modern,excellent,brake light switch mount splendor plus hero electrical bracket or housing that secures brake light switch to brake lever assembly,0,2025-09-22T06:39:30,2025-09-22T06:39:30
68d1489c0e3e8a2bef569cd6,Clutch Cable Lubricant,Splendor Plus,Hero,2021,,Cables,110.0,special grease or spray designed to lubricate inner clutch cable for smooth operation,16,4.3,9,,https://example.com/images/cablelube_splendor_plus.jpg,68ac2a8e3c73e23c655de052,68ac2a8f3c73e23c655de054,Swathi Automobiles,Chappal Bazar Road - Kachiguda ,17.38953,78.491245,budget,modern,excellent,clutch cable lubricant splendor plus hero cables special grease or spray designed to lubricate inner clutch cable for smooth operation,0,2025-08-18T15:44:13,2025-09-11T19:25:50
68d1489c0e3e8a2bef569cd7,Headlight Switch Housing,Splendor Plus,Hero,2019,,Controls,180.0,plastic housing that contains and protects headlight switch mechanism,8,4.4,6,,https://example.com/images/switchhousing_splendor_plus.jpg,68ac2a8e3c73e23c655de052,68ac2a8f3c73e23c655de054,Swathi Automobiles,Chappal Bazar Road - Kachiguda ,17.38953,78.491245,budget,modern,excellent,headlight switch housing splendor plus hero controls plastic housing that contains and protects headlight switch mechanism,0,2025-08-20T17:50:06,2025-09-09T17:17:38
68d1489c0e3e8a2bef569cd8,Fuel Level Sensor Float Arm,Splendor Plus,Hero,2021,,Fuel & Intake,220.0,metal or plastic arm with float that moves with fuel level to activate sensor,6,4.5,5,,https://example.com/images/floatarm_splendor_plus.jpg,689d6959045c37933826818b,689d6959045c37933826818d,sai automobiles,RAMNAGAR COLONY PEERZADIGUDA UPPAL HYDERABAD,17.390358,78.606729,budget,modern,excellent,fuel level sensor float arm splendor plus hero fuel intake metal or plastic arm with float that moves with fuel level to activate sensor,0,2025-08-22T18:06:19,2025-09-16T13:44:50
68d1489c0e3e8a2bef569cd9,Turn Signal Relay Tester,Splendor Plus,Hero,2020,,Electrical,280.0,diagnostic tool that checks functionality of turn signal flasher relay,7,4.3,6,,https://example.com/images/relaytester_splendor_plus.jpg,689d6959045c37933826818b,689d6959045c37933826818d,sai automobiles,RAMNAGAR COLONY PEERZADIGUDA UPPAL HYDERABAD,17.390358,78.606729,budget,modern,excellent,turn signal relay tester splendor plus hero electrical diagnostic tool that checks functionality of turn signal flasher relay,0,2025-08-24T13:24:54,2025-09-06T16:49:15
68d1489c0e3e8a2bef569cda,Shock Absorber Spring Tool,Splendor Plus,Hero,2021,,Suspension,520.0,special compressor tool for safely removing or installing shock absorber springs,3,4.7,3,,https://example.com/images/springtool_splendor_plus.jpg,689d6959045c37933826818b,689d6959045c37933826818d,sai automobiles,RAMNAGAR COLONY PEERZADIGUDA UPPAL HYDERABAD,17.390358,78.606729,budget,modern,excellent,shock absorber spring tool splendor plus hero suspension special compressor tool for safely removing or installing shock absorber springs,0,2025-08-26T19:03:25,2025-09-19T13:27:50
68d1489c0e3e8a2bef569cdb,Chain Master Link Rivet Tool,Splendor Plus,Hero,2021,,Drivetrain,650.0,tool for installing rivet type master links that require peening for secure fit,4,4.6,4,,https://example.com/images/rivettool_splendor_plus.jpg,689d6959045c37933826818b,689d6959045c37933826818d,sai automobiles,RAMNAGAR COLONY PEERZADIGUDA UPPAL HYDERABAD,17.390358,78.606729,budget,modern,excellent,chain master link rivet tool splendor plus hero drivetrain tool for installing rivet type master links that require peening for secure fit,0,2025-08-28T20:41:42,2025-09-12T09:55:03
68d1489c0e3e8a2bef569cdc,Carburetor Float Needle Seat,Apache RTR 160,TVS,2019,,Fuel & Intake,180.0,precision machined seat that works with float needle to regulate fuel flow into bowl,5,4.2,5,,https://example.com/images/needleseat_apache_rtr_160.jpg,68ac2a8e3c73e23c655de052,68ac2a8f3c73e23c655de054,Swathi Automobiles,Chappal Bazar Road - Kachiguda ,17.38953,78.491245,budget,modern,excellent,carburetor float needle seat apache rtr 160 tvs fuel intake precision machined seat that works with float needle to regulate fuel flow into bowl,0,2025-08-30T10:17:14,2025-09-15T11:44:36
68d1489c0e3e8a2bef569cdd,Neutral Switch Tester,Pulsar 150,Bajaj,2021,,Controls,320.0,diagnostic tool that verifies neutral switch is functioning correctly,6,4.5,4,,https://example.com/images/neutraltester_pulsar_150.jpg,689d6959045c37933826818b,689d6959045c37933826818d,sai automobiles,RAMNAGAR COLONY PEERZADIGUDA UPPAL HYDERABAD,17.390358,78.606729,budget,modern,excellent,neutral switch tester pulsar 150 bajaj controls diagnostic tool that verifies neutral switch is functioning correctly,0,2025-09-01T14:59:31,2025-09-14T19:10:57
68d1489c0e3e8a2bef569cde,Engine Temperature Sensor Tester,Splendor Plus,Hero,2020,,Cooling System,280.0,tool that checks resistance and functionality of engine temperature sensor,8,4.4,5,,https://example.com/images/temptester_splendor_plus.jpg,689d6959045c37933826818b,689d6959045c37933826818d,sai automobiles,RAMNAGAR COLONY PEERZADIGUDA UPPAL HYDERABAD,17.390358,78.606729,budget,modern,excellent,engine temperature sensor tester splendor plus hero cooling system tool that checks resistance and functionality of engine temperature sensor,0,2025-09-03T19:44:08,2025-09-20T15:35:29
68d1489c0e3e8a2bef569cdf,Brake Pad Thickness Gauge,Splendor Plus,Hero,2021,,Brakes,180.0,tool that measures remaining thickness of brake pad friction material,12,4.3,7,,https://example.com/images/padgauge_splendor_plus.jpg,68ac2a8e3c73e23c655de052,68ac2a8f3c73e23c655de054,Swathi Automobiles,Chappal Bazar Road - Kachiguda ,17.38953,78.491245,budget,modern,excellent,brake pad thickness gauge splendor plus hero brakes tool that measures remaining thickness of brake pad friction material,0,2025-09-05T10:33:46,2025-09-18T17:28:35
68d1489c0e3e8a2bef569ce0,Clutch Lever Reach Adjuster,Splendor Plus,Hero,2020,,Controls,220.0,adjustable mechanism that changes distance from handlebar to clutch lever,9,4.5,6,,https://example.com/images/reachadjuster_splendor_plus.jpg,689d6959045c37933826818b,689d6959045c37933826818d,sai automobiles,RAMNAGAR COLONY PEERZADIGUDA UPPAL HYDERABAD,17.390358,78.606729,budget,modern,excellent,clutch lever reach adjuster splendor plus hero controls adjustable mechanism that changes distance from handlebar to clutch lever,0,2025-09-07T16:55:19,2025-09-21T20:11:04
68d1489c0e3e8a2bef569ce1,Fuel Injector Flow Tester,Splendor Plus,Hero,2021,,Fuel & Intake,1200.0,professional tool that measures fuel flow rate and spray pattern of injectors,2,4.8,2,,https://example.com/images/flowtester_splendor_plus.jpg,689d6959045c37933826818b,689d6959045c37933826818d,sai automobiles,RAMNAGAR COLONY PEERZADIGUDA UPPAL HYDERABAD,17.390358,78.606729,mid-range,modern,excellent,fuel injector flow tester splendor plus hero fuel intake professional tool that measures fuel flow rate and spray pattern of injectors,0,2025-09-09T12:20:33,2025-09-22T12:44:17
68d1489c0e3e8a2bef569ce2,Headlight Aiming Tool,Splendor Plus,Hero,2020,,Lighting,450.0,device that helps properly align headlight beam for optimal road illumination,5,4.6,4,,https://example.com/images/aimingtool_splendor_plus.jpg,689d6959045c37933826818b,689d6959045c37933826818d,sai automobiles,RAMNAGAR COLONY PEERZADIGUDA UPPAL HYDERABAD,17.390358,78.606729,budget,modern,excellent,headlight aiming tool splendor plus hero lighting device that helps properly align headlight beam for optimal road illumination,0,2025-09-11T18:46:55,2025-09-22T10:59:43
68d1489c0e3e8a2bef569ce3,Exhaust Gas Analyzer,Splendor Plus,Hero,2021,,Exhaust,3500.0,professional diagnostic tool that measures exhaust gas composition for tuning,1,4.9,2,,https://example.com/images/gasanalyzer_splendor_plus.jpg,68ac2a8e3c73e23c655de052,68ac2a8f3c73e23c655de054,Swathi Automobiles,Chappal Bazar Road - Kachiguda ,17.38953,78.491245,mid-range,modern,excellent,exhaust gas analyzer splendor plus hero exhaust professional diagnostic tool that measures exhaust gas composition for tuning,0,2025-09-13T14:09:30,2025-09-22T08:17:16
68d1489c0e3e8a2bef569ce4,Turn Signal Flasher Tester,Splendor Plus,Hero,2020,,Electrical,240.0,tool that verifies turn signal flasher unit is operating at correct frequency,8,4.3,6,,https://example.com/images/flashtester_splendor_plus.jpg,68ac2a8e3c73e23c655de052,68ac2a8f3c73e23c655de054,Swathi Automobiles,Chappal Bazar Road - Kachiguda ,17.38953,78.491245,budget,modern,excellent,turn signal flasher tester splendor plus hero electrical tool that verifies turn signal flasher unit is operating at correct frequency,0,2025-09-15T15:31:16,2025-09-21T16:55:09
68d1489d0e3e8a2bef569ce5,Shock Absorber Compression Tester,Splendor Plus,Hero,2021,,Suspension,850.0,tool that measures shock absorber damping force and compression characteristics,3,4.7,3,,https://example.com/images/compressiontester_splendor_plus.jpg,689d6959045c37933826818b,689d6959045c37933826818d,sai automobiles,RAMNAGAR COLONY PEERZADIGUDA UPPAL HYDERABAD,17.390358,78.606729,budget,modern,excellent,shock absorber compression tester splendor plus hero suspension tool that measures shock absorber damping force and compression characteristics,0,2025-09-17T09:53:04,2025-09-22T11:10:15
68d1489d0e3e8a2bef569ce6,Chain Wear Indicator,Splendor Plus,Hero,2020,,Drivetrain,160.0,tool that measures chain elongation to determine when replacement is needed,10,4.4,7,,https://example.com/images/chainwear_splendor_plus.jpg,689d6959045c37933826818b,689d6959045c37933826818d,sai automobiles,RAMNAGAR COLONY PEERZADIGUDA UPPAL HYDERABAD,17.390358,78.606729,budget,modern,excellent,chain wear indicator splendor plus hero drivetrain tool that measures chain elongation to determine when replacement is needed,0,2025-09-19T18:06:39,2025-09-22T08:13:14
68d1489d0e3e8a2bef569ce7,Carburetor Synchronization Tool,Apache RTR 160,TVS,2019,,Fuel & Intake,750.0,tool that balances vacuum pressure between multiple carburetor throats,4,4.6,4,,https://example.com/images/synctool_apache_rtr_160.jpg,68ac2a8e3c73e23c655de052,68ac2a8f3c73e23c655de054,Swathi Automobiles,Chappal Bazar Road - Kachiguda ,17.38953,78.491245,budget,modern,excellent,carburetor synchronization tool apache rtr 160 tvs fuel intake tool that balances vacuum pressure between multiple carburetor throats,0,2025-09-21T12:44:53,2025-09-22T06:25:10
68d1489d0e3e8a2bef569ce8,Rear Brake Drum,Splendor Plus,Hero,2020,,Brakes,850.0,cast iron drum with internal machining for smooth braking surface and heat dissipation,6,4.5,5,,https://example.com/images/brakedrum_splendor_plus.jpg,689d6959045c37933826818b,689d6959045c37933826818d,sai automobiles,RAMNAGAR COLONY PEERZADIGUDA UPPAL HYDERABAD,17.390358,78.606729,budget,modern,excellent,rear brake drum splendor plus hero brakes cast iron drum with internal machining for smooth braking surface and heat dissipation,0,2025-08-17T15:33:12,2025-09-11T18:42:05
68d1489d0e3e8a2bef569ce9,Front Fork Oil Seal,Apache RTR 160,TVS,2020,,Suspension,180.0,dual lip rubber seal designed to retain fork oil and exclude dirt and water,8,4.6,7,,https://example.com/images/forkoilseal_apache_rtr_160.jpg,68ac2a8e3c73e23c655de052,68ac2a8f3c73e23c655de054,Swathi Automobiles,Chappal Bazar Road - Kachiguda ,17.38953,78.491245,budget,modern,excellent,front fork oil seal apache rtr 160 tvs suspension dual lip rubber seal designed to retain fork oil and exclude dirt and water,0,2025-08-19T10:31:27,2025-09-07T14:04:19
68d1489d0e3e8a2bef569cea,Accelerator Cable,Splendor Plus,Hero,2021,,Cables,110.0,pre lubricated inner wire with anti friction liner for smooth throttle response,10,4.3,9,,https://example.com/images/throttlecable_splendor_plus_v2.jpg,689d6959045c37933826818b,689d6959045c37933826818d,sai automobiles,RAMNAGAR COLONY PEERZADIGUDA UPPAL HYDERABAD,17.390358,78.606729,budget,modern,excellent,accelerator cable splendor plus hero cables pre lubricated inner wire with anti friction liner for smooth throttle response,0,2025-08-21T18:04:33,2025-09-18T15:15:28
68d1489d0e3e8a2bef569ceb,LED Headlight Bulb,FZ-S FI,Yamaha,2021,,Lighting,320.0,plug and play led replacement with canbus compatibility to avoid error codes,5,4.7,6,,https://example.com/images/ledheadlight_fz_s_fi.jpg,68ac2a8e3c73e23c655de052,68ac2a8f3c73e23c655de054,Swathi Automobiles,Chappal Bazar Road - Kachiguda ,17.38953,78.491245,budget,modern,excellent,led headlight bulb fz fi yamaha lighting plug and play led replacement with canbus compatibility to avoid error codes,0,2025-08-23T09:42:15,2025-09-02T16:53:51
68d1489d0e3e8a2bef569cec,Coolant Reservoir,Splendor Plus,Hero,2020,,Cooling System,220.0,translucent plastic tank with level markings to monitor coolant volume and expansion,8,4.2,8,,https://example.com/images/coolanttank_splendor_plus.jpg,689d6959045c37933826818b,689d6959045c37933826818d,sai automobiles,RAMNAGAR COLONY PEERZADIGUDA UPPAL HYDERABAD,17.390358,78.606729,budget,modern,excellent,coolant reservoir splendor plus hero cooling system translucent plastic tank with level markings to monitor coolant volume and expansion,0,2025-08-25T15:29:44,2025-09-20T11:35:22
68d1489d0e3e8a2bef569ced,High-Tension Coil,Splendor Plus,Hero,2019,,Ignition,450.0,ignition coil that transforms low voltage from battery to high voltage for spark plug,4,4.4,4,,https://example.com/images/htcoil_splendor_plus.jpg,68ac2a8e3c73e23c655de052,68ac2a8f3c73e23c655de054,Swathi Automobiles,Chappal Bazar Road - Kachiguda ,17.38953,78.491245,budget,modern,excellent,high tension coil splendor plus hero ignition ignition coil that transforms low voltage from battery to high voltage for spark plug,0,2025-08-27T11:04:31,2025-09-15T18:08:13
68d1489d0e3e8a2bef569cee,Chain Roller Guide,Pulsar 150,Bajaj,2018,,Drivetrain,150.0,nylon roller that guides chain and reduces friction and noise during operation,9,4.5,6,,https://example.com/images/rollerguide_pulsar_150.jpg,689d6959045c37933826818b,689d6959045c37933826818d,sai automobiles,RAMNAGAR COLONY PEERZADIGUDA UPPAL HYDERABAD,17.390358,78.606729,budget,modern,excellent,chain roller guide pulsar 150 bajaj drivetrain nylon roller that guides chain and reduces friction and noise during operation,0,2025-08-29T14:28:55,2025-09-10T12:59:07
68d1489d0e3e8a2bef569cef,Passenger Footpeg,Splendor Plus,Hero,2021,,Frame & Footrests,180.0,foldable rear footpeg with rubber insert for passenger comfort and safety,12,4.3,7,,https://example.com/images/passengerpeg_splendor_plus.jpg,68ac2a8e3c73e23c655de052,68ac2a8f3c73e23c655de054,Swathi Automobiles,Chappal Bazar Road - Kachiguda ,17.38953,78.491245,budget,modern,excellent,passenger footpeg splendor plus hero frame footrests foldable rear footpeg with rubber insert for passenger comfort and safety,0,2025-08-31T18:53:19,2025-09-19T10:12:21
68d1489d0e3e8a2bef569cf0,Carburetor Float Valve,Apache RTR 160,TVS,2019,,Fuel & Intake,120.0,needle and seat assembly that regulates fuel level in the float bowl,5,4.1,5,,https://example.com/images/floatvalve_apache_rtr_160.jpg,689d6959045c37933826818b,689d6959045c37933826818d,sai automobiles,RAMNAGAR COLONY PEERZADIGUDA UPPAL HYDERABAD,17.390358,78.606729,budget,modern,excellent,carburetor float valve apache rtr 160 tvs fuel intake needle and seat assembly that regulates fuel level in the float bowl,0,2025-09-02T11:25:44,2025-09-08T15:28:55
68d1489d0e3e8a2bef569cf1,Exhaust Header Pipe,Splendor Plus,Hero,2020,,Exhaust,950.0,stainless steel pipe that channels exhaust gases from cylinder head to muffler,3,4.6,3,,https://example.com/images/header_splendor_plus.jpg,68ac2a8e3c73e23c655de052,68ac2a8f3c73e23c655de054,Swathi Automobiles,Chappal Bazar Road - Kachiguda ,17.38953,78.491245,budget,modern,excellent,exhaust header pipe splendor plus hero exhaust stainless steel pipe that channels exhaust gases from cylinder head to muffler,0,2025-09-04T16:43:19,2025-09-21T10:54:46
68d1489d0e3e8a2bef569cf2,Battery Hold-Down Clamp,FZ-S,Yamaha,2020,,Electrical,90.0,plastic or metal bracket that secures the battery in place to prevent movement,15,4.2,10,,https://example.com/images/batteryclamp_fz_s.jpg,68ac2a8e3c73e23c655de052,68ac2a8f3c73e23c655de054,Swathi Automobiles,Chappal Bazar Road - Kachiguda ,17.38953,78.491245,budget,modern,excellent,battery hold down clamp fz yamaha electrical plastic or metal bracket that secures the battery in place to prevent movement,0,2025-09-06T12:58:06,2025-09-17T14:09:31
68d1489d0e3e8a2bef569cf3,Clutch Spring Plate,Pulsar 150,Bajaj,2021,,Transmission,320.0,steel pressure plate that works with clutch springs to engage disengage clutch,4,4.5,4,,https://example.com/images/springplate_pulsar_150.jpg,689d6959045c37933826818b,689d6959045c37933826818d,sai automobiles,RAMNAGAR COLONY PEERZADIGUDA UPPAL HYDERABAD,17.390358,78.606729,budget,modern,excellent,clutch spring plate pulsar 150 bajaj transmission steel pressure plate that works with clutch springs to engage disengage clutch,0,2025-09-08T10:19:48,2025-09-22T08:37:04
