product_id,name,model,company,vehicleYear,brand,type,price,description,countInStock,rating,numReviews,compatibility,images,vendor_id,shop_id,shop_name,shop_address,shop_lat,shop_lon,price_category,year_category,rating_tier,text_combined,compatibility_count,created_at,updated_at
68a1c49c8bc5d777648a1186,Mud Guard,splender Plus,Hero,2020.0,,Plastic,600.0,the mudguard on splendor plus protects the rider and bike from mud water and debris while riding it is typically made of durable plastic and fits over the front or rear wheel to keep the body clean and improve visibility in wet conditions,4.0,4.666666666666667,3.0,0,/uploads/Mud_Guard.jpeg,689d6959045c37933826818b,689d6959045c37933826818d,sai automobiles,RAMNAGAR COLONY PEERZADIGUDA UPPAL HYDERABAD,17.390358,78.606729,budget,modern,excellent,Mud Guard splender Plus Hero  Plastic the mudguard on splendor plus protects the rider and bike from mud water and debris while riding it is typically made of durable plastic and fits over the front or rear wheel to keep the body clean and improve visibility in wet conditions,0,2025-08-17T12:01:32.327000,2025-09-21T12:34:50.637000
68a1cb2e8bc5d777648a122a,Head Light Wiser,splender Plus,Hero,2020.0,,Plastic,400.0,the hero splendor plus wiser comes with bright halogen headlight integrated into modern sleek headlamp housing for better visibility and style it ensures clear night time vision and enhances the bike overall premium look,2.0,5.0,1.0,0,/uploads/hero-splendor-plus-headlight-visor-1755433774668.webp,689d6959045c37933826818b,689d6959045c37933826818d,sai automobiles,RAMNAGAR COLONY PEERZADIGUDA UPPAL HYDERABAD,17.390358,78.606729,budget,modern,excellent,Head Light Wiser splender Plus Hero  Plastic the hero splendor plus wiser comes with bright halogen headlight integrated into modern sleek headlamp housing for better visibility and style it ensures clear night time vision and enhances the bike overall premium look,0,2025-08-17T12:29:34.735000,2025-09-14T10:09:07.261000
68a5ca0c104af4be97d918f6,Petrol tank (Black and Blue),pulsar 150,Bajaj,2017.0,,Body Part,6000.0,petrol tanks are storage units designed to safely contain gasoline acting as reservoir to supply fuel to combustion engines they are typically made from materials such as steel or high density polyethylene hdpe and include features like pressure relief systems to prevent vapor leakage,2.0,4.5,2.0,0,/uploads/pulsar-petrol-tank-1755695628284.webp,689d6959045c37933826818b,689d6959045c37933826818d,sai automobiles,RAMNAGAR COLONY PEERZADIGUDA UPPAL HYDERABAD,17.390358,78.606729,premium,classic,excellent,Petrol tank (Black and Blue) pulsar 150 Bajaj  Body Part petrol tanks are storage units designed to safely contain gasoline acting as reservoir to supply fuel to combustion engines they are typically made from materials such as steel or high density polyethylene hdpe and include features like pressure relief systems to prevent vapor leakage,0,2025-08-20T13:13:48.385000,2025-08-25T10:52:05.498000
68ac2ff12209b4bbf105f014,Clutch Cable,pulsar 150,Bajaj,2018.0,,Cables,120.0,it is genuine part designed for smooth gear shifting featuring pre stretched stainless steel wire for enhanced durability and pull resistance,4.0,0.0,0.0,0,/uploads/pulsar-150ccdts-i-two-wheeler-cables-1756114929032.webp,68ac2a8e3c73e23c655de052,68ac2a8f3c73e23c655de054,Swathi Automobiles,Chappal Bazar Road - Kachiguda ,17.38953,78.491245,budget,classic,unrated,Clutch Cable pulsar 150 Bajaj  Cables it is genuine part designed for smooth gear shifting featuring pre stretched stainless steel wire for enhanced durability and pull resistance,0,2025-08-25T09:42:09.132000,2025-08-31T16:41:42.224000
68b91ec68fdb8191b6805750,Petrol tank (Black),splender Plus,Hero,2018.0,,Fuel & Intake,5500.0,fuel intake refers to the system that stores filters and delivers fuel to the engine while mixing it with air for combustion it ensures proper fuel air ratio for efficient engine performance,5.0,5.0,1.0,0,/uploads/Fueltank-1756962501927.jpg,689d6959045c37933826818b,689d6959045c37933826818d,sai automobiles,RAMNAGAR COLONY PEERZADIGUDA UPPAL HYDERABAD,17.390358,78.606729,mid-range,classic,excellent,Petrol tank (Black) splender Plus Hero  Fuel & Intake fuel intake refers to the system that stores filters and delivers fuel to the engine while mixing it with air for combustion it ensures proper fuel air ratio for efficient engine performance,0,2025-09-04T05:08:22.007000,2025-09-04T05:11:55.757000
68c570fc69b2ac95c059dd93,Head Light set,splender Plus,Hero,2020.0,,Light,236.0,brighten your ride with the splendor plus led headlight set featuring high and low beam modes with vibrant red and blue flashing for enhanced visibility,3.0,0.0,0.0,0,/uploads/splendor-plus-headlightset-1757769980777.webp,689d6959045c37933826818b,689d6959045c37933826818d,sai automobiles,RAMNAGAR COLONY PEERZADIGUDA UPPAL HYDERABAD,17.390358,78.606729,budget,modern,unrated,Head Light set splender Plus Hero  Light brighten your ride with the splendor plus led headlight set featuring high and low beam modes with vibrant red and blue flashing for enhanced visibility,0,2025-09-13T13:26:20.854000,2025-09-13T13:26:20.854000
68c6b28ef5997b1f8e168c0a,Rear Indicator,splender Plus,Hero,2020.0,,Indicator,80.0,the splendor plus indicators are compact amber colored signal lights designed for clear visibility while turning or changing lanes,6.0,0.0,0.0,0,/uploads/indicators-1757852302312.jpg,689d6959045c37933826818b,689d6959045c37933826818d,sai automobiles,RAMNAGAR COLONY PEERZADIGUDA UPPAL HYDERABAD,17.390358,78.606729,budget,modern,unrated,Rear Indicator splender Plus Hero  Indicator the splendor plus indicators are compact amber colored signal lights designed for clear visibility while turning or changing lanes,0,2025-09-14T12:18:22.390000,2025-09-14T12:18:22.390000
68cfcac757e1f1749ecb85d4,saree guard,splender Plus,Hero,2020.0,,Frame & Footrests,480.0,the hero splendor saree guard is sturdy bolt on accessory designed to protect rear seat passengers especially women wearing sarees from entanglement with the rear wheel,3.0,0.0,0.0,0,/uploads/splendor-plus-sareeguard-1758448327577.webp,689d6959045c37933826818b,689d6959045c37933826818d,sai automobiles,RAMNAGAR COLONY PEERZADIGUDA UPPAL HYDERABAD,17.390358,78.606729,budget,modern,unrated,saree guard splender Plus Hero  Frame & Footrests the hero splendor saree guard is sturdy bolt on accessory designed to protect rear seat passengers especially women wearing sarees from entanglement with the rear wheel,0,2025-09-21T09:52:07.620000,2025-09-21T09:52:07.620000
68cfe9b18b865f2c00ae562b,fuel tank cap,splender Plus,Hero,2020.0,,Fuel & Intake,140.0,the splendor tank cap is durable metal lid designed to securely seal the fuel tank preventing leakage and unauthorized access it typically comes with lock and key mechanism for added safety and fits snugly across all splendor models,2.0,0.0,0.0,0,/uploads/HERO-PETEROL-TANK-CAP-SPLENDOR-1758456241468.webp,689d6959045c37933826818b,689d6959045c37933826818d,sai automobiles,RAMNAGAR COLONY PEERZADIGUDA UPPAL HYDERABAD,17.390358,78.606729,budget,modern,unrated,fuel tank cap splender Plus Hero  Fuel & Intake the splendor tank cap is durable metal lid designed to securely seal the fuel tank preventing leakage and unauthorized access it typically comes with lock and key mechanism for added safety and fits snugly across all splendor models,0,2025-09-21T12:04:01.509000,2025-09-21T12:04:01.509000
68cfeb488b865f2c00ae564e,Front Rim,splender Plus,Hero,2020.0,,Wheels,800.0,the splendor front rim in steel is robust and reliable wheel component designed to withstand daily wear and tear offering excellent road grip and stability its precision engineered construction ensures smooth handling and long lasting performance for commuter rides,3.0,0.0,0.0,0,/uploads/SPLENDERFRONTWHEELRIM-1758456648128.jpg,689d6959045c37933826818b,689d6959045c37933826818d,sai automobiles,RAMNAGAR COLONY PEERZADIGUDA UPPAL HYDERABAD,17.390358,78.606729,budget,modern,unrated,Front Rim splender Plus Hero  Wheels the splendor front rim in steel is robust and reliable wheel component designed to withstand daily wear and tear offering excellent road grip and stability its precision engineered construction ensures smooth handling and long lasting performance for commuter rides,0,2025-09-21T12:10:48.166000,2025-09-21T12:10:48.166000
68cfecd78b865f2c00ae5655,Wheel Rear Rim,splender Plus,Hero,2020.0,,Wheels,1200.0,the rear rim for hero splendor is crafted from high quality steel or alloy offering durability and reliable performance on varied road conditions designed with an 18 inch spoke or alloy configuration it ensures secure fit and smooth ride for daily commuting,5.0,0.0,0.0,0,/uploads/SPLENDERREARBACKRIM-1758457047029.jpg,689d6959045c37933826818b,689d6959045c37933826818d,sai automobiles,RAMNAGAR COLONY PEERZADIGUDA UPPAL HYDERABAD,17.390358,78.606729,mid-range,modern,unrated,Wheel Rear Rim splender Plus Hero  Wheels the rear rim for hero splendor is crafted from high quality steel or alloy offering durability and reliable performance on varied road conditions designed with an 18 inch spoke or alloy configuration it ensures secure fit and smooth ride for daily commuting,0,2025-09-21T12:17:27.066000,2025-09-21T12:17:27.066000
68cfeeda8b865f2c00ae5953,Air Filter,splender Plus,Hero,2020.0,,Filters,80.0,the air filter for hero splendor is designed to trap dust and debris ensuring clean airflow to the engine for optimal combustion its high efficiency filtration helps maintain mileage engine health and smooth performance on daily rides,3.0,0.0,0.0,0,/uploads/splender-air-filter-1758457562369.webp,689d6959045c37933826818b,689d6959045c37933826818d,sai automobiles,RAMNAGAR COLONY PEERZADIGUDA UPPAL HYDERABAD,17.390358,78.606729,budget,modern,unrated,Air Filter splender Plus Hero  Filters the air filter for hero splendor is designed to trap dust and debris ensuring clean airflow to the engine for optimal combustion its high efficiency filtration helps maintain mileage engine health and smooth performance on daily rides,0,2025-09-21T12:26:02.408000,2025-09-21T12:26:02.408000
68d0c96609554c3586551777,Cylinder Head,Splendor Plus,Hero,2020.0,,Engine & Top End,1850.0,the cylinder head for the hero splendor plus ensures proper combustion and durability in the engine and top end system,5.0,0.0,0.0,0,/uploads/head-comp-cylinder-for-splendor-1758513510096.webp,68d0c47d09554c358655174b,68d0c47e09554c358655174d,Tarun Automobiles,,17.423605,78.546314,mid-range,modern,unrated,Cylinder Head Splendor Plus Hero  Engine & Top End the cylinder head for the hero splendor plus ensures proper combustion and durability in the engine and top end system,0,2025-09-22T03:58:30.192000,2025-09-22T03:58:30.192000
68d0ca7309554c3586551780,Piston or Bore Kit,Splendor Plus,Hero,2020.0,,Engine & Top End,4454.0,the piston kit for splendor plus ensures performance and reliability in the engine top end system,3.0,0.0,0.0,0,/uploads/PistonKit-1758513778941.jpg,68d0c47d09554c358655174b,68d0c47e09554c358655174d,Tarun Automobiles,,17.423605,78.546314,mid-range,modern,unrated,Piston or Bore Kit Splendor Plus Hero  Engine & Top End the piston kit for splendor plus ensures performance and reliability in the engine top end system,0,2025-09-22T04:02:59.020000,2025-09-22T04:02:59.020000
68d0cb7009554c3586551788,Valves Kit,splender Plus,Hero,2023.0,,Engine & Top End,1094.0,the valves for splendor plus ensures performance and reliability in the engine top end system,4.0,0.0,0.0,0,/uploads/ValveKit-1758514032088.webp,68d0c47d09554c358655174b,68d0c47e09554c358655174d,Tarun Automobiles,,17.423605,78.546314,mid-range,modern,unrated,Valves Kit splender Plus Hero  Engine & Top End the valves for splendor plus ensures performance and reliability in the engine top end system,0,2025-09-22T04:07:12.186000,2025-09-22T04:07:12.186000
68d0cdaf963a9189990a86f8,Camshaft,Splendor Plus,Hero,2020.0,,Engine & Top End,1750.0,the camshaft for splendor plus ensures performance and reliability in the engine top end system,6.0,0.0,0.0,0,/uploads/Camshaft-1758514607575.webp,68d0c47d09554c358655174b,68d0c47e09554c358655174d,Tarun Automobiles,,17.423605,78.546314,mid-range,modern,unrated,Camshaft Splendor Plus Hero  Engine & Top End the camshaft for splendor plus ensures performance and reliability in the engine top end system,0,2025-09-22T04:16:47.712000,2025-09-22T04:16:47.712000
68d0ce8d32c63f20b5c37654,Rocker Arm,splender Plus,Hero,2020.0,,Engine & Top End,743.0,the rocker arm for splendor plus ensures performance and reliability in the engine top end system,5.0,0.0,0.0,0,/uploads/rocker-arm-set-1758514829443.webp,68d0c47d09554c358655174b,68d0c47e09554c358655174d,Tarun Automobiles,,17.423605,78.546314,budget,modern,unrated,Rocker Arm splender Plus Hero  Engine & Top End the rocker arm for splendor plus ensures performance and reliability in the engine top end system,0,2025-09-22T04:20:29.586000,2025-09-22T04:20:29.586000
68d0cf4932c63f20b5c3765c,Connecting Rod,splender Plus,Hero,2020.0,,Engine & Top End,2870.0,the connecting rod for splendor plus ensures performance and reliability in the bottom end crankcase system,4.0,0.0,0.0,0,/uploads/ConnectingRod-1758515017397.webp,68d0c47d09554c358655174b,68d0c47e09554c358655174d,Tarun Automobiles,,17.423605,78.546314,mid-range,modern,unrated,Connecting Rod splender Plus Hero  Engine & Top End the connecting rod for splendor plus ensures performance and reliability in the bottom end crankcase system,0,2025-09-22T04:23:37.500000,2025-09-22T04:23:37.500000
68d0cff632c63f20b5c37664,Main Engine Bearings,Splendor Plus,Hero,2020.0,,Engine & Top End,602.0,the main bearings for splendor plus ensures performance and reliability in the bottom end crankcase system,8.0,0.0,0.0,0,/uploads/EngineBearing-1758515190214.jpg,68d0c47d09554c358655174b,68d0c47e09554c358655174d,Tarun Automobiles,,17.423605,78.546314,budget,modern,unrated,Main Engine Bearings Splendor Plus Hero  Engine & Top End the main bearings for splendor plus ensures performance and reliability in the bottom end crankcase system,0,2025-09-22T04:26:30.320000,2025-09-22T04:26:30.320000
68d0d11a32c63f20b5c3766d,Oil Pump,Splendor Plus,Hero,2020.0,,Bottom End & Crankcase,2302.0,the oil pump for splendor plus ensures performance and reliability in the bottom end crankcase system,6.0,0.0,0.0,0,/uploads/Oilpump-1758515482795.jpg,68d0c47d09554c358655174b,68d0c47e09554c358655174d,Tarun Automobiles,,17.423605,78.546314,mid-range,modern,unrated,Oil Pump Splendor Plus Hero  Bottom End & Crankcase the oil pump for splendor plus ensures performance and reliability in the bottom end crankcase system,0,2025-09-22T04:31:22.982000,2025-09-22T04:31:22.982000
68d0d19732c63f20b5c37675,Clutch Cover Gasket,Splendor Plus,Hero,2019.0,,Bottom End & Crankcase,80.0,the clutch cover gasket for splendor plus ensures performance and reliability in the bottom end crankcase system,4.0,0.0,0.0,0,/uploads/splendor-clutch-cover-gasket-1758515607117.webp,68d0c47d09554c358655174b,68d0c47e09554c358655174d,Tarun Automobiles,,17.423605,78.546314,budget,classic,unrated,Clutch Cover Gasket Splendor Plus Hero  Bottom End & Crankcase the clutch cover gasket for splendor plus ensures performance and reliability in the bottom end crankcase system,0,2025-09-22T04:33:27.264000,2025-09-22T04:33:27.264000
68d0d22c32c63f20b5c3767d,Gear Shift Drum,Splendor Plus,Hero,2020.0,,Bottom End & Crankcase,2920.0,the gear shift drum for splendor plus ensures performance and reliability in the bottom end crankcase system,7.0,0.0,0.0,0,/uploads/hero-drum-gear-shift-1758515756761.webp,68d0c47d09554c358655174b,68d0c47e09554c358655174d,Tarun Automobiles,,17.423605,78.546314,mid-range,modern,unrated,Gear Shift Drum Splendor Plus Hero  Bottom End & Crankcase the gear shift drum for splendor plus ensures performance and reliability in the bottom end crankcase system,0,2025-09-22T04:35:56.865000,2025-09-22T04:35:56.865000
68d0da4732c63f20b5c3769d,Fuel Tap,splender Plus,Hero,2020.0,,Fuel & Intake,136.0,the fuel tap for splendor plus ensures performance and reliability in the fuel intake system,8.0,0.0,0.0,0,/uploads/fule-tap-splendor-1758517831665.webp,68d0c47d09554c358655174b,68d0c47e09554c358655174d,Tarun Automobiles,,17.423605,78.546314,budget,modern,unrated,Fuel Tap splender Plus Hero  Fuel & Intake the fuel tap for splendor plus ensures performance and reliability in the fuel intake system,0,2025-09-22T05:10:31.769000,2025-09-22T05:10:31.769000
68d0df3432c63f20b5c376a5,Injector/Carburetor,splender Plus,Hero,2019.0,,Fuel & Intake,1640.0,the injector carburetor for splendor plus ensures performance and reliability in the fuel intake system,12.0,0.0,0.0,0,/uploads/Carbunator-1758519092147.jpeg,68d0c47d09554c358655174b,68d0c47e09554c358655174d,Tarun Automobiles,,17.423605,78.546314,mid-range,classic,unrated,Injector/Carburetor splender Plus Hero  Fuel & Intake the injector carburetor for splendor plus ensures performance and reliability in the fuel intake system,0,2025-09-22T05:31:32.278000,2025-09-22T05:31:32.278000
68d0e01432c63f20b5c376ad,Throttle Body,splender Plus,Hero,2020.0,,Fuel & Intake,1405.0,the throttle body for splendor plus ensures performance and reliability in the fuel intake system,6.0,0.0,0.0,0,/uploads/throttlebodyforSplendorPlus-1758519316380.webp,68d0c47d09554c358655174b,68d0c47e09554c358655174d,Tarun Automobiles,,17.423605,78.546314,mid-range,modern,unrated,Throttle Body splender Plus Hero  Fuel & Intake the throttle body for splendor plus ensures performance and reliability in the fuel intake system,0,2025-09-22T05:35:16.509000,2025-09-22T05:35:16.509000
68d0ef583952f7cf7dee900f,Radiator,splender Plus,Hero,2021.0,,Cooling System,3500.0,the radiator for splendor plus ensures performance and reliability in the cooling system system,4.0,0.0,0.0,0,/uploads/radiator-1758523224579.png,689d6959045c37933826818b,689d6959045c37933826818d,sai automobiles,RAMNAGAR COLONY PEERZADIGUDA UPPAL HYDERABAD,17.390358,78.606729,mid-range,modern,unrated,Radiator splender Plus Hero  Cooling System the radiator for splendor plus ensures performance and reliability in the cooling system system,0,2025-09-22T06:40:24.694000,2025-09-22T06:40:24.694000
68d0ef583952f7cf7dee9010,Radiator,Splendor Plus,Hero,2021.0,,Cooling System,3500.0,the radiator for splendor plus ensures performance and reliability in the cooling system system,4.0,0.0,0.0,0,/uploads/radiator-1758523224579.png,689d6959045c37933826818b,689d6959045c37933826818d,sai automobiles,RAMNAGAR COLONY PEERZADIGUDA UPPAL HYDERABAD,17.390358,78.606729,mid-range,modern,unrated,Radiator Splendor Plus Hero  Cooling System the radiator for splendor plus ensures performance and reliability in the cooling system system,0,2025-09-22T06:40:24.694000,2025-09-22T06:40:24.694000
68d106123952f7cf7dee905f,Engine Guard,pulsar 150,Bajaj,2017.0,,Engine & Top End,900.0,the engine guard for pulsar 150 ensures performance and reliability in the engine system,6.0,0.0,0.0,0,/uploads/EngineGuard-1758529042841.jpeg,689d6959045c37933826818b,689d6959045c37933826818d,sai automobiles,RAMNAGAR COLONY PEERZADIGUDA UPPAL HYDERABAD,17.390358,78.606729,mid-range,classic,unrated,Engine Guard pulsar 150 Bajaj  Engine & Top End the engine guard for pulsar 150 ensures performance and reliability in the engine system,0,2025-09-22T08:17:22.953000,2025-09-22T08:17:22.953000
68d106dd3952f7cf7dee9066,Fuel Gauge,splender Plus,Hero,2021.0,,Fuel & Intake,450.0,the fuel gauge for splendor plus ensures performance and reliability in the fuel system system,4.0,0.0,0.0,0,/uploads/fuel-meter-gauge--1758529245309.webp,689d6959045c37933826818b,689d6959045c37933826818d,sai automobiles,RAMNAGAR COLONY PEERZADIGUDA UPPAL HYDERABAD,17.390358,78.606729,budget,modern,unrated,Fuel Gauge splender Plus Hero  Fuel & Intake the fuel gauge for splendor plus ensures performance and reliability in the fuel system system,0,2025-09-22T08:20:45.405000,2025-09-22T08:20:45.405000
68d106dd3952f7cf7dee9067,Fuel Gauge,Splendor Plus,Hero,2021.0,,Fuel & Intake,450.0,the fuel gauge for splendor plus ensures performance and reliability in the fuel system system,4.0,0.0,0.0,0,/uploads/fuel-meter-gauge--1758529245309.webp,689d6959045c37933826818b,689d6959045c37933826818d,sai automobiles,RAMNAGAR COLONY PEERZADIGUDA UPPAL HYDERABAD,17.390358,78.606729,budget,modern,unrated,Fuel Gauge Splendor Plus Hero  Fuel & Intake the fuel gauge for splendor plus ensures performance and reliability in the fuel system system,0,2025-09-22T08:20:45.405000,2025-09-22T08:20:45.405000
68d107a33952f7cf7dee906f,Air Filter,Apache RTR 160,Tvs,2018.0,,Air Intake,180.0,the air filter for apache rtr 160 ensures performance and reliability in the air intake system,8.0,0.0,0.0,0,/uploads/air-filter-apache-4v-1758529443313.jpg,689d6959045c37933826818b,689d6959045c37933826818d,sai automobiles,RAMNAGAR COLONY PEERZADIGUDA UPPAL HYDERABAD,17.390358,78.606729,budget,classic,unrated,Air Filter Apache RTR 160 Tvs  Air Intake the air filter for apache rtr 160 ensures performance and reliability in the air intake system,0,2025-09-22T08:24:03.531000,2025-09-22T08:24:03.531000
68d10b463952f7cf7dee9096,Front Disc Rotor,FZ-S,Yamaha,2018.0,,Brakes,1200.0,the front disc rotor for fz ensures performance and reliability in the brakes system,12.0,0.0,0.0,0,/uploads/Breakplate-1758530374310.webp,689d6959045c37933826818b,689d6959045c37933826818d,sai automobiles,RAMNAGAR COLONY PEERZADIGUDA UPPAL HYDERABAD,17.390358,78.606729,mid-range,classic,unrated,Front Disc Rotor FZ-S Yamaha  Brakes the front disc rotor for fz ensures performance and reliability in the brakes system,0,2025-09-22T08:39:34.485000,2025-09-22T08:39:34.485000
68d141a0b3fce85d4c5607ad,Front Brake Pad,Apache RTR 160,Tvs,2021.0,,Brakes,420.0,high friction brake pad for superior stopping power and heat resistance,8.0,4.5,12.0,0,https://example.com/images/brakepad_apache_rtr_160.jpg,689d6959045c37933826818b,689d6959045c37933826818d,sai automobiles,RAMNAGAR COLONY PEERZADIGUDA UPPAL HYDERABAD,17.390358,78.606729,budget,modern,excellent,Front Brake Pad Apache RTR 160 Tvs  Brakes high friction brake pad for superior stopping power and heat resistance,0,2025-08-17T10:23:45,2025-09-12T14:33:21
68d141a0b3fce85d4c5607ae,Rear Shock Absorber,Pulsar 150,Bajaj,2019.0,,Suspension,1850.0,gas charged rear shock for smooth ride and better handling on rough roads,5.0,4.7,8.0,0,https://example.com/images/shock_pulsar_150.jpg,689d6959045c37933826818b,689d6959045c37933826818d,sai automobiles,RAMNAGAR COLONY PEERZADIGUDA UPPAL HYDERABAD,17.390358,78.606729,mid-range,classic,excellent,Rear Shock Absorber Pulsar 150 Bajaj  Suspension gas charged rear shock for smooth ride and better handling on rough roads,0,2025-08-19T11:47:33,2025-09-05T09:12:08
68d141a0b3fce85d4c5607af,Air Filter,Hero Splendor Plus,Hero,2020.0,,Filters,120.0,high efficiency paper filter traps dust and ensures clean airflow to engine,12.0,4.6,15.0,0,https://example.com/images/airfilter_splendor_plus.jpg,689d6959045c37933826818b,689d6959045c37933826818d,sai automobiles,RAMNAGAR COLONY PEERZADIGUDA UPPAL HYDERABAD,17.390358,78.606729,budget,modern,excellent,Air Filter Hero Splendor Plus Hero  Filters high efficiency paper filter traps dust and ensures clean airflow to engine,0,2025-08-21T16:02:17,2025-09-18T13:44:55
68d141a0b3fce85d4c5607b0,Clutch Cable,Yamaha FZ-S,Yamaha,2018.0,,Cables,150.0,stainless steel inner wire with pvc coating for smooth clutch operation,6.0,4.3,9.0,0,https://example.com/images/clutchcable_fz_s.jpg,68ac2a8e3c73e23c655de052,68ac2a8f3c73e23c655de054,Swathi Automobiles,Chappal Bazar Road - Kachiguda ,17.38953,78.491245,budget,classic,good,Clutch Cable Yamaha FZ-S Yamaha  Cables stainless steel inner wire with pvc coating for smooth clutch operation,0,2025-08-23T08:33:02,2025-09-01T17:22:44
68d141a0b3fce85d4c5607b1,Headlight Assembly,Royal Enfield Classic 350,Royal Enfield,2022.0,,Lighting,2200.0,led headlight with halo drls for modern look and superior night visibility,4.0,4.8,6.0,0,https://example.com/images/headlight_re_classic_350.jpg,689d6959045c37933826818b,689d6959045c37933826818d,sai automobiles,RAMNAGAR COLONY PEERZADIGUDA UPPAL HYDERABAD,17.390358,78.606729,mid-range,modern,excellent,Headlight Assembly Royal Enfield Classic 350 Royal Enfield  Lighting led headlight with halo drls for modern look and superior night visibility,0,2025-08-25T14:18:59,2025-09-20T10:05:33
68d141a0b3fce85d4c5607b2,Radiator,KTM Duke 200,Ktm,2021.0,,Cooling System,4200.0,aluminum core radiator with high flow design for optimal engine cooling,3.0,4.9,5.0,0,https://example.com/images/radiator_ktm_duke_200.jpg,689d6959045c37933826818b,689d6959045c37933826818d,sai automobiles,RAMNAGAR COLONY PEERZADIGUDA UPPAL HYDERABAD,17.390358,78.606729,mid-range,modern,excellent,Radiator KTM Duke 200 Ktm  Cooling System aluminum core radiator with high flow design for optimal engine cooling,0,2025-08-27T09:55:22,2025-09-15T16:38:11
68d141a0b3fce85d4c5607b3,Spark Plug,Honda Shine,Honda,2020.0,,Ignition,85.0,iridium tip spark plug for better fuel efficiency and smoother starts,20.0,4.7,22.0,0,https://example.com/images/sparkplug_honda_shine.jpg,68ac2a8e3c73e23c655de052,68ac2a8f3c73e23c655de054,Swathi Automobiles,Chappal Bazar Road - Kachiguda ,17.38953,78.491245,budget,modern,excellent,Spark Plug Honda Shine Honda  Ignition iridium tip spark plug for better fuel efficiency and smoother starts,0,2025-08-29T13:07:41,2025-09-10T11:29:03
68d141a0b3fce85d4c5607b4,Chain Sprocket Kit,Suzuki Gixxer,Suzuki,2019.0,,Drivetrain,1650.0,hardened steel sprockets with ring chain for durability and smooth power transfer,7.0,4.4,11.0,0,https://example.com/images/chainsprocket_gixxer.jpg,689d6959045c37933826818b,689d6959045c37933826818d,sai automobiles,RAMNAGAR COLONY PEERZADIGUDA UPPAL HYDERABAD,17.390358,78.606729,mid-range,classic,good,Chain Sprocket Kit Suzuki Gixxer Suzuki  Drivetrain hardened steel sprockets with ring chain for durability and smooth power transfer,0,2025-08-31T17:44:06,2025-09-19T08:51:27
68d141a0b3fce85d4c5607b5,Footpeg Set,Bajaj Avenger,Bajaj,2018.0,,Frame & Footrests,320.0,rubber mounted footpegs for comfort and reduced vibration on long rides,9.0,4.2,7.0,0,https://example.com/images/footpeg_avenger.jpg,68ac2a8e3c73e23c655de052,68ac2a8f3c73e23c655de054,Swathi Automobiles,Chappal Bazar Road - Kachiguda ,17.38953,78.491245,budget,classic,good,Footpeg Set Bajaj Avenger Bajaj  Frame & Footrests rubber mounted footpegs for comfort and reduced vibration on long rides,0,2025-09-02T10:15:33,2025-09-08T14:07:52
68d141a0b3fce85d4c5607b6,Carburetor,TVS Radeon,Tvs,2020.0,,Fuel & Intake,1950.0,precision tuned carburetor for optimal air fuel mixture and throttle response,5.0,4.1,8.0,0,https://example.com/images/carburetor_tvs_radeon.jpg,689d6959045c37933826818b,689d6959045c37933826818d,sai automobiles,RAMNAGAR COLONY PEERZADIGUDA UPPAL HYDERABAD,17.390358,78.606729,mid-range,modern,good,Carburetor TVS Radeon Tvs  Fuel & Intake precision tuned carburetor for optimal air fuel mixture and throttle response,0,2025-09-04T15:22:18,2025-09-21T09:33:44
68d141e4b3fce85d4c56081b,Air Filter Element,Splendor Plus,Hero,2021.0,,Filters,150.0,replaceable paper or foam element that traps contaminants from incoming air,10.0,4.7,8.0,0,https://example.com/images/airelement_splendor_plus.jpg,68ac2a8e3c73e23c655de052,68ac2a8f3c73e23c655de054,Swathi Automobiles,Chappal Bazar Road - Kachiguda ,17.38953,78.491245,budget,modern,excellent,Air Filter Element Splendor Plus Hero  Filters replaceable paper or foam element that traps contaminants from incoming air,0,2025-09-10T15:47:32,2025-09-13T19:25:17
68d141e4b3fce85d4c56081c,Speedometer Drive Gear,FZ-S,Yamaha,2018.0,,Instrumentation,220.0,small plastic or metal gear driven by front wheel to rotate speedometer cable,6.0,4.1,6.0,0,https://example.com/images/drivegear_fz_s.jpg,689d6959045c37933826818b,689d6959045c37933826818d,sai automobiles,RAMNAGAR COLONY PEERZADIGUDA UPPAL HYDERABAD,17.390358,78.606729,budget,classic,good,Speedometer Drive Gear FZ-S Yamaha  Instrumentation small plastic or metal gear driven by front wheel to rotate speedometer cable,0,2025-09-12T11:04:23,2025-09-16T14:48:59
68d141e4b3fce85d4c56081d,Swingarm Pivot Bushing,Pulsar 150,Bajaj,2020.0,,Frame & Suspension,220.0,rubber or polyurethane bushing that allows smooth swingarm movement while reducing noise,7.0,4.4,5.0,0,https://example.com/images/pivotbushing_pulsar_150.jpg,689d6959045c37933826818b,689d6959045c37933826818d,sai automobiles,RAMNAGAR COLONY PEERZADIGUDA UPPAL HYDERABAD,17.390358,78.606729,budget,modern,good,Swingarm Pivot Bushing Pulsar 150 Bajaj  Frame & Suspension rubber or polyurethane bushing that allows smooth swingarm movement while reducing noise,0,2025-09-14T17:32:04,2025-09-18T12:16:38
68d141e4b3fce85d4c56081e,Regulator Rectifier,Splendor Plus,Hero,2021.0,,Electrical,750.0,converts ac from stator to dc and regulates voltage to protect battery and electronics,3.0,4.6,4.0,0,https://example.com/images/regulator_splendor_plus.jpg,68ac2a8e3c73e23c655de052,68ac2a8f3c73e23c655de054,Swathi Automobiles,Chappal Bazar Road - Kachiguda ,17.38953,78.491245,budget,modern,excellent,Regulator Rectifier Splendor Plus Hero  Electrical converts ac from stator to dc and regulates voltage to protect battery and electronics,0,2025-09-16T13:59:45,2025-09-20T16:43:11
68d141e4b3fce85d4c56081f,Fuel Pressure Regulator,Splendor Plus,Hero,2021.0,,Fuel & Intake,1100.0,maintains consistent fuel pressure to injectors for optimal engine performance,2.0,4.8,3.0,0,https://example.com/images/fuelpressure_splendor_plus.jpg,689d6959045c37933826818b,689d6959045c37933826818d,sai automobiles,RAMNAGAR COLONY PEERZADIGUDA UPPAL HYDERABAD,17.390358,78.606729,mid-range,modern,excellent,Fuel Pressure Regulator Splendor Plus Hero  Fuel & Intake maintains consistent fuel pressure to injectors for optimal engine performance,0,2025-09-18T11:26:18,2025-09-21T12:54:27
68d141e4b3fce85d4c560820,Handlebar Clamp,Apache RTR 160,Tvs,2020.0,,Controls,280.0,upper and lower triple clamp that secures handlebar and forks to the frame,5.0,4.3,5.0,0,https://example.com/images/handleclamp_apache_rtr_160.jpg,68ac2a8e3c73e23c655de052,68ac2a8f3c73e23c655de054,Swathi Automobiles,Chappal Bazar Road - Kachiguda ,17.38953,78.491245,budget,modern,good,Handlebar Clamp Apache RTR 160 Tvs  Controls upper and lower triple clamp that secures handlebar and forks to the frame,0,2025-09-20T16:13:40,2025-09-22T08:02:19
68d141e4b3fce85d4c560821,Piston Pin,Splendor Plus,Hero,2020.0,,Engine & Top End,350.0,hardened steel wrist pin that connects piston to connecting rod,8.0,4.7,6.0,0,https://example.com/images/pistonpin_splendor_plus.jpg,689d6959045c37933826818b,689d6959045c37933826818d,sai automobiles,RAMNAGAR COLONY PEERZADIGUDA UPPAL HYDERABAD,17.390358,78.606729,budget,modern,excellent,Piston Pin Splendor Plus Hero  Engine & Top End hardened steel wrist pin that connects piston to connecting rod,0,2025-09-22T05:38:29,2025-09-22T05:38:29
68d141e4b3fce85d4c560822,Throttle Return Spring,Splendor Plus,Hero,2019.0,,Cables,45.0,coil spring that ensures throttle grip returns to idle position when released,14.0,4.2,9.0,0,https://example.com/images/returnspring_splendor_plus.jpg,68ac2a8e3c73e23c655de052,68ac2a8f3c73e23c655de054,Swathi Automobiles,Chappal Bazar Road - Kachiguda ,17.38953,78.491245,budget,classic,good,Throttle Return Spring Splendor Plus Hero  Cables coil spring that ensures throttle grip returns to idle position when released,0,2025-08-18T14:43:12,2025-09-11T18:24:49
68d141e4b3fce85d4c560823,Convex Rear View Mirror,Splendor Plus,Hero,2021.0,,Controls,180.0,wide angle mirror with convex glass for improved rearward visibility,6.0,4.5,5.0,0,https://example.com/images/convexmirror_splendor_plus.jpg,689d6959045c37933826818b,689d6959045c37933826818d,sai automobiles,RAMNAGAR COLONY PEERZADIGUDA UPPAL HYDERABAD,17.390358,78.606729,budget,modern,excellent,Convex Rear View Mirror Splendor Plus Hero  Controls wide angle mirror with convex glass for improved rearward visibility,0,2025-08-20T11:06:38,2025-09-09T13:39:23
68d141e4b3fce85d4c560824,Engine Oil Filler Cap,Splendor Plus,Hero,2020.0,,Engine & Top End,75.0,screw on cap with rubber gasket to seal oil fill port and prevent leaks,18.0,4.1,12.0,0,https://example.com/images/oilcap_splendor_plus_v2.jpg,68ac2a8e3c73e23c655de052,68ac2a8f3c73e23c655de054,Swathi Automobiles,Chappal Bazar Road - Kachiguda ,17.38953,78.491245,budget,modern,good,Engine Oil Filler Cap Splendor Plus Hero  Engine & Top End screw on cap with rubber gasket to seal oil fill port and prevent leaks,0,2025-08-22T16:54:09,2025-09-17T10:05:37
68d141e4b3fce85d4c560825,Chain Adjuster Bolt,Splendor Plus,Hero,2021.0,,Drivetrain,90.0,threaded bolt used to adjust rear wheel position for proper chain tension,12.0,4.4,8.0,0,https://example.com/images/adjusterbolt_splendor_plus.jpg,689d6959045c37933826818b,689d6959045c37933826818d,sai automobiles,RAMNAGAR COLONY PEERZADIGUDA UPPAL HYDERABAD,17.390358,78.606729,budget,modern,good,Chain Adjuster Bolt Splendor Plus Hero  Drivetrain threaded bolt used to adjust rear wheel position for proper chain tension,0,2025-08-24T12:23:56,2025-09-06T15:48:14
68d141e4b3fce85d4c560826,Seat Lock Cable,Splendor Plus,Hero,2020.0,,Comfort,150.0,steel cable that connects seat lock mechanism to key operated lock,7.0,4.3,6.0,0,https://example.com/images/seatcable_splendor_plus.jpg,68ac2a8e3c73e23c655de052,68ac2a8f3c73e23c655de054,Swathi Automobiles,Chappal Bazar Road - Kachiguda ,17.38953,78.491245,budget,modern,good,Seat Lock Cable Splendor Plus Hero  Comfort steel cable that connects seat lock mechanism to key operated lock,0,2025-08-26T18:02:24,2025-09-19T12:26:49
68d141e4b3fce85d4c560827,Throttle Position Sensor Connector,Splendor Plus,Hero,2021.0,,Fuel & Intake,220.0,electrical connector that links tps to the engine wiring harness,4.0,4.7,4.0,0,https://example.com/images/tpsconnector_splendor_plus.jpg,689d6959045c37933826818b,689d6959045c37933826818d,sai automobiles,RAMNAGAR COLONY PEERZADIGUDA UPPAL HYDERABAD,17.390358,78.606729,budget,modern,excellent,Throttle Position Sensor Connector Splendor Plus Hero  Fuel & Intake electrical connector that links tps to the engine wiring harness,0,2025-08-28T19:40:41,2025-09-12T08:54:02
68d141e4b3fce85d4c560828,Rear Brake Shoe Spring,Splendor Plus,Hero,2018.0,,Brakes,40.0,small spring that holds brake shoes in place and returns them after braking,16.0,4.2,11.0,0,https://example.com/images/shoespring_splendor_plus.jpg,68ac2a8e3c73e23c655de052,68ac2a8f3c73e23c655de054,Swathi Automobiles,Chappal Bazar Road - Kachiguda ,17.38953,78.491245,budget,classic,good,Rear Brake Shoe Spring Splendor Plus Hero  Brakes small spring that holds brake shoes in place and returns them after braking,0,2025-08-30T09:16:13,2025-09-15T10:43:35
68d141e4b3fce85d4c560829,Engine Mounting Bolt,Splendor Plus,Hero,2020.0,,Engine & Top End,120.0,high tensile bolt used to secure engine to frame with proper torque specification,8.0,4.6,5.0,0,https://example.com/images/mountbolt_splendor_plus.jpg,689d6959045c37933826818b,689d6959045c37933826818d,sai automobiles,RAMNAGAR COLONY PEERZADIGUDA UPPAL HYDERABAD,17.390358,78.606729,budget,modern,excellent,Engine Mounting Bolt Splendor Plus Hero  Engine & Top End high tensile bolt used to secure engine to frame with proper torque specification,0,2025-09-01T13:58:30,2025-09-14T18:09:56
68d141e4b3fce85d4c56082a,Clutch Cable Housing,Splendor Plus,Hero,2019.0,,Controls,110.0,outer casing that protects and guides the inner clutch cable,10.0,4.1,8.0,0,https://example.com/images/cablehousing_splendor_plus.jpg,68ac2a8e3c73e23c655de052,68ac2a8f3c73e23c655de054,Swathi Automobiles,Chappal Bazar Road - Kachiguda ,17.38953,78.491245,budget,classic,good,Clutch Cable Housing Splendor Plus Hero  Controls outer casing that protects and guides the inner clutch cable,0,2025-09-03T18:43:07,2025-09-20T14:35:28
68d141e4b3fce85d4c56082b,Headlight Bulb Socket,Splendor Plus,Hero,2021.0,,Electrical,85.0,plastic socket that holds and electrically connects the headlight bulb,14.0,4.5,7.0,0,https://example.com/images/bulbsocket_splendor_plus.jpg,689d6959045c37933826818b,689d6959045c37933826818d,sai automobiles,RAMNAGAR COLONY PEERZADIGUDA UPPAL HYDERABAD,17.390358,78.606729,budget,modern,excellent,Headlight Bulb Socket Splendor Plus Hero  Electrical plastic socket that holds and electrically connects the headlight bulb,0,2025-09-05T09:32:45,2025-09-18T16:27:34
68d141e4b3fce85d4c56082c,Exhaust Mounting Bracket,Splendor Plus,Hero,2020.0,,Exhaust,160.0,metal bracket that secures exhaust system to the frame or engine,9.0,4.3,6.0,0,https://example.com/images/exhaustbracket_splendor_plus.jpg,68ac2a8e3c73e23c655de052,68ac2a8f3c73e23c655de054,Swathi Automobiles,Chappal Bazar Road - Kachiguda ,17.38953,78.491245,budget,modern,good,Exhaust Mounting Bracket Splendor Plus Hero  Exhaust metal bracket that secures exhaust system to the frame or engine,0,2025-09-07T15:54:18,2025-09-21T19:10:03
68d141e4b3fce85d4c56082d,Fuel Level Sensor Float,Splendor Plus,Hero,2021.0,,Fuel & Intake,180.0,floating arm with magnet that moves with fuel level to send signal to gauge,5.0,4.4,4.0,0,https://example.com/images/sensorfloat_splendor_plus.jpg,689d6959045c37933826818b,689d6959045c37933826818d,sai automobiles,RAMNAGAR COLONY PEERZADIGUDA UPPAL HYDERABAD,17.390358,78.606729,budget,modern,good,Fuel Level Sensor Float Splendor Plus Hero  Fuel & Intake floating arm with magnet that moves with fuel level to send signal to gauge,0,2025-09-09T11:19:32,2025-09-22T11:43:16
68d141e4b3fce85d4c56082e,Turn Signal Flasher Unit,Splendor Plus,Hero,2020.0,,Electrical,240.0,electronic module that controls the flashing rate of turn signal lights,6.0,4.3,5.0,0,https://example.com/images/flasher_splendor_plus.jpg,68ac2a8e3c73e23c655de052,68ac2a8f3c73e23c655de054,Swathi Automobiles,Chappal Bazar Road - Kachiguda ,17.38953,78.491245,budget,modern,good,Turn Signal Flasher Unit Splendor Plus Hero  Electrical electronic module that controls the flashing rate of turn signal lights,0,2025-09-11T17:45:54,2025-09-22T09:58:42
68d141e4b3fce85d4c56082f,Shock Absorber Bushing,Splendor Plus,Hero,2021.0,,Suspension,85.0,rubber bushing that isolates shock absorber from frame to reduce vibration transfer,11.0,4.2,7.0,0,https://example.com/images/shockbushing_splendor_plus.jpg,689d6959045c37933826818b,689d6959045c37933826818d,sai automobiles,RAMNAGAR COLONY PEERZADIGUDA UPPAL HYDERABAD,17.390358,78.606729,budget,modern,good,Shock Absorber Bushing Splendor Plus Hero  Suspension rubber bushing that isolates shock absorber from frame to reduce vibration transfer,0,2025-09-13T13:08:29,2025-09-22T07:36:40
68d141e4b3fce85d4c560830,Chain Tensioner Spring,Splendor Plus,Hero,2020.0,,Drivetrain,65.0,coil spring that applies tension to chain tensioner for automatic slack adjustment,13.0,4.1,6.0,0,https://example.com/images/tensionerspring_splendor_plus.jpg,689d6959045c37933826818b,689d6959045c37933826818d,sai automobiles,RAMNAGAR COLONY PEERZADIGUDA UPPAL HYDERABAD,17.390358,78.606729,budget,modern,good,Chain Tensioner Spring Splendor Plus Hero  Drivetrain coil spring that applies tension to chain tensioner for automatic slack adjustment,0,2025-09-15T14:30:15,2025-09-21T15:54:08
68d141e4b3fce85d4c560831,Carburetor Choke Plunger,Splendor Plus,Hero,2019.0,,Fuel & Intake,95.0,plunger mechanism that enriches fuel mixture during cold engine start,8.0,4.0,5.0,0,https://example.com/images/chokeplunger_splendor_plus.jpg,68ac2a8e3c73e23c655de052,68ac2a8f3c73e23c655de054,Swathi Automobiles,Chappal Bazar Road - Kachiguda ,17.38953,78.491245,budget,classic,good,Carburetor Choke Plunger Splendor Plus Hero  Fuel & Intake plunger mechanism that enriches fuel mixture during cold engine start,0,2025-09-17T08:52:03,2025-09-22T10:29:14
68d141e4b3fce85d4c560832,Neutral Switch Gasket,Splendor Plus,Hero,2021.0,,Controls,55.0,small rubber or paper gasket that seals neutral switch to transmission case,7.0,4.6,3.0,0,https://example.com/images/neutralgasket_splendor_plus.jpg,689d6959045c37933826818b,689d6959045c37933826818d,sai automobiles,RAMNAGAR COLONY PEERZADIGUDA UPPAL HYDERABAD,17.390358,78.606729,budget,modern,excellent,Neutral Switch Gasket Splendor Plus Hero  Controls small rubber or paper gasket that seals neutral switch to transmission case,0,2025-09-19T17:05:38,2025-09-22T07:12:13
68d141e4b3fce85d4c560833,Engine Temperature Sensor Connector,Splendor Plus,Hero,2020.0,,Cooling System,110.0,weatherproof electrical connector for engine temperature sensor,6.0,4.5,4.0,0,https://example.com/images/tempconnector_splendor_plus.jpg,689d6959045c37933826818b,689d6959045c37933826818d,sai automobiles,RAMNAGAR COLONY PEERZADIGUDA UPPAL HYDERABAD,17.390358,78.606729,budget,modern,excellent,Engine Temperature Sensor Connector Splendor Plus Hero  Cooling System weatherproof electrical connector for engine temperature sensor,0,2025-09-21T11:43:52,2025-09-22T06:05:09
68d141e4b3fce85d4c560834,Brake Pad Retaining Clip,Splendor Plus,Hero,2021.0,,Brakes,25.0,small metal clip that prevents brake pads from rattling in the caliper,20.0,4.1,9.0,0,https://example.com/images/padclip_splendor_plus.jpg,68ac2a8e3c73e23c655de052,68ac2a8f3c73e23c655de054,Swathi Automobiles,Chappal Bazar Road - Kachiguda ,17.38953,78.491245,budget,modern,good,Brake Pad Retaining Clip Splendor Plus Hero  Brakes small metal clip that prevents brake pads from rattling in the caliper,0,2025-08-17T15:32:24,2025-09-10T14:46:48
68d141e4b3fce85d4c560835,Clutch Lever Pivot Pin,Splendor Plus,Hero,2020.0,,Controls,70.0,steel pin that allows clutch lever to rotate smoothly on its perch,8.0,4.4,4.0,0,https://example.com/images/leverpin_splendor_plus.jpg,689d6959045c37933826818b,689d6959045c37933826818d,sai automobiles,RAMNAGAR COLONY PEERZADIGUDA UPPAL HYDERABAD,17.390358,78.606729,budget,modern,good,Clutch Lever Pivot Pin Splendor Plus Hero  Controls steel pin that allows clutch lever to rotate smoothly on its perch,0,2025-08-19T09:54:16,2025-09-16T12:28:27
68d141e4b3fce85d4c560836,Fuel Injector Connector,Splendor Plus,Hero,2021.0,,Fuel & Intake,95.0,sealed electrical connector that links fuel injector to wiring harness,12.0,4.3,6.0,0,https://example.com/images/injectorconnector_splendor_plus.jpg,68ac2a8e3c73e23c655de052,68ac2a8f3c73e23c655de054,Swathi Automobiles,Chappal Bazar Road - Kachiguda ,17.38953,78.491245,budget,modern,good,Fuel Injector Connector Splendor Plus Hero  Fuel & Intake sealed electrical connector that links fuel injector to wiring harness,0,2025-08-21T14:16:09,2025-09-07T17:59:55
68d141e4b3fce85d4c560837,ABS Wheel Speed Sensor,Pulsar 150,Bajaj,2021.0,,Brakes,550.0,electromagnetic sensor that detects rotation of toothed abs ring for wheel speed,5.0,4.5,4.0,0,https://example.com/images/abssensorwheel_pulsar_150.jpg,689d6959045c37933826818b,689d6959045c37933826818d,sai automobiles,RAMNAGAR COLONY PEERZADIGUDA UPPAL HYDERABAD,17.390358,78.606729,budget,modern,excellent,ABS Wheel Speed Sensor Pulsar 150 Bajaj  Brakes electromagnetic sensor that detects rotation of toothed abs ring for wheel speed,0,2025-08-23T18:48:33,2025-09-12T10:16:22
68d141e4b3fce85d4c560838,Brake Fluid Reservoir,Splendor Plus,Hero,2019.0,,Brakes,320.0,transparent plastic reservoir with level markings for brake fluid,7.0,4.4,5.0,0,https://example.com/images/fluidreservoir_splendor_plus.jpg,68ac2a8e3c73e23c655de052,68ac2a8f3c73e23c655de054,Swathi Automobiles,Chappal Bazar Road - Kachiguda ,17.38953,78.491245,budget,classic,good,Brake Fluid Reservoir Splendor Plus Hero  Brakes transparent plastic reservoir with level markings for brake fluid,0,2025-08-25T12:30:19,2025-09-18T13:42:07
68d141e4b3fce85d4c560839,Throttle Body Throttle Plate,Splendor Plus,Hero,2020.0,,Fuel & Intake,450.0,butterfly valve inside throttle body that controls airflow into engine,4.0,4.6,3.0,0,https://example.com/images/throttleplate_splendor_plus.jpg,68ac2a8e3c73e23c655de052,68ac2a8f3c73e23c655de054,Swathi Automobiles,Chappal Bazar Road - Kachiguda ,17.38953,78.491245,budget,modern,excellent,Throttle Body Throttle Plate Splendor Plus Hero  Fuel & Intake butterfly valve inside throttle body that controls airflow into engine,0,2025-08-27T16:03:06,2025-09-20T15:24:18
68d141e4b3fce85d4c56083a,Front Brake Caliper Piston,Splendor Plus,Hero,2021.0,,Brakes,650.0,hydraulic piston inside caliper that pushes brake pads against rotor,3.0,4.8,3.0,0,https://example.com/images/caliperpiston_splendor_plus.jpg,689d6959045c37933826818b,689d6959045c37933826818d,sai automobiles,RAMNAGAR COLONY PEERZADIGUDA UPPAL HYDERABAD,17.390358,78.606729,budget,modern,excellent,Front Brake Caliper Piston Splendor Plus Hero  Brakes hydraulic piston inside caliper that pushes brake pads against rotor,0,2025-08-29T10:36:44,2025-09-21T18:05:53
68d141e4b3fce85d4c56083b,Rear Sprocket Nut,Splendor Plus,Hero,2020.0,,Drivetrain,45.0,locking nut that secures rear sprocket to wheel hub,15.0,4.4,6.0,0,https://example.com/images/sprocketnut_splendor_plus.jpg,68ac2a8e3c73e23c655de052,68ac2a8f3c73e23c655de054,Swathi Automobiles,Chappal Bazar Road - Kachiguda ,17.38953,78.491245,budget,modern,good,Rear Sprocket Nut Splendor Plus Hero  Drivetrain locking nut that secures rear sprocket to wheel hub,0,2025-08-31T14:59:27,2025-09-13T11:40:39
68d141e4b3fce85d4c56083c,Air Filter Housing Clamp,Splendor Plus,Hero,2021.0,,Air Intake,85.0,wire or screw type clamp that secures air filter housing to carburetor or intake,10.0,4.3,5.0,0,https://example.com/images/housingclamp_splendor_plus.jpg,689d6959045c37933826818b,689d6959045c37933826818d,sai automobiles,RAMNAGAR COLONY PEERZADIGUDA UPPAL HYDERABAD,17.390358,78.606729,budget,modern,good,Air Filter Housing Clamp Splendor Plus Hero  Air Intake wire or screw type clamp that secures air filter housing to carburetor or intake,0,2025-09-02T18:12:12,2025-09-17T08:49:05
68d141e4b3fce85d4c56083d,Clutch Basket Spring,Pulsar 150,Bajaj,2019.0,,Transmission,180.0,small springs inside clutch basket that help dampen drivetrain shocks,6.0,4.7,4.0,0,https://example.com/images/basketspring_pulsar_150.jpg,689d6959045c37933826818b,689d6959045c37933826818d,sai automobiles,RAMNAGAR COLONY PEERZADIGUDA UPPAL HYDERABAD,17.390358,78.606729,budget,classic,excellent,Clutch Basket Spring Pulsar 150 Bajaj  Transmission small springs inside clutch basket that help dampen drivetrain shocks,0,2025-09-04T11:45:28,2025-09-19T11:03:26
68d141e4b3fce85d4c56083e,Oil Cooler Hose,Splendor Plus,Hero,2021.0,,Cooling System,380.0,reinforced rubber hose that carries engine oil to and from oil cooler,4.0,4.9,3.0,0,https://example.com/images/oilhose_splendor_plus.jpg,689d6959045c37933826818b,689d6959045c37933826818d,sai automobiles,RAMNAGAR COLONY PEERZADIGUDA UPPAL HYDERABAD,17.390358,78.606729,budget,modern,excellent,Oil Cooler Hose Splendor Plus Hero  Cooling System reinforced rubber hose that carries engine oil to and from oil cooler,0,2025-09-06T16:58:53,2025-09-22T12:43:20
68d141e4b3fce85d4c56083f,Starter Relay,Splendor Plus,Hero,2020.0,,Electrical,420.0,high current relay that activates starter motor when ignition switch is turned,5.0,4.5,5.0,0,https://example.com/images/starterrelay_splendor_plus.jpg,68ac2a8e3c73e23c655de052,68ac2a8f3c73e23c655de054,Swathi Automobiles,Chappal Bazar Road - Kachiguda ,17.38953,78.491245,budget,modern,excellent,Starter Relay Splendor Plus Hero  Electrical high current relay that activates starter motor when ignition switch is turned,0,2025-09-08T20:22:39,2025-09-21T09:38:47
68d141e4b3fce85d4c560840,Fuel Tank Vent Hose,Splendor Plus,Hero,2019.0,,Fuel & Intake,95.0,rubber hose that allows fuel tank to vent pressure and prevent vapor lock,14.0,4.2,8.0,0,https://example.com/images/venthose_splendor_plus.jpg,68ac2a8e3c73e23c655de052,68ac2a8f3c73e23c655de054,Swathi Automobiles,Chappal Bazar Road - Kachiguda ,17.38953,78.491245,budget,classic,good,Fuel Tank Vent Hose Splendor Plus Hero  Fuel & Intake rubber hose that allows fuel tank to vent pressure and prevent vapor lock,0,2025-09-10T12:46:25,2025-09-15T18:54:10
68d141e4b3fce85d4c560841,Handlebar End Cap,Splendor Plus,Hero,2021.0,,Controls,60.0,plastic or metal cap that covers end of handlebar for safety and aesthetics,18.0,4.3,7.0,0,https://example.com/images/endcap_splendor_plus.jpg,68ac2a8e3c73e23c655de052,68ac2a8f3c73e23c655de054,Swathi Automobiles,Chappal Bazar Road - Kachiguda ,17.38953,78.491245,budget,modern,good,Handlebar End Cap Splendor Plus Hero  Controls plastic or metal cap that covers end of handlebar for safety and aesthetics,0,2025-09-12T16:09:12,2025-09-22T13:43:04
68d141e4b3fce85d4c560842,Brake Light Bulb Holder,Splendor Plus,Hero,2020.0,,Electrical,75.0,socket and housing that holds and powers the brake light bulb,12.0,4.1,8.0,0,https://example.com/images/brakebulbholder_splendor_plus.jpg,68ac2a8e3c73e23c655de052,68ac2a8f3c73e23c655de054,Swathi Automobiles,Chappal Bazar Road - Kachiguda ,17.38953,78.491245,budget,modern,good,Brake Light Bulb Holder Splendor Plus Hero  Electrical socket and housing that holds and powers the brake light bulb,0,2025-09-14T10:54:28,2025-09-22T08:26:15
68d141e4b3fce85d4c560843,Clutch Cable Adjuster Nut,Splendor Plus,Hero,2021.0,,Cables,35.0,locking nut that secures clutch cable adjustment setting,22.0,4.0,10.0,0,https://example.com/images/adjusternut_splendor_plus.jpg,68ac2a8e3c73e23c655de052,68ac2a8f3c73e23c655de054,Swathi Automobiles,Chappal Bazar Road - Kachiguda ,17.38953,78.491245,budget,modern,good,Clutch Cable Adjuster Nut Splendor Plus Hero  Cables locking nut that secures clutch cable adjustment setting,0,2025-09-16T14:38:46,2025-09-21T17:02:29
68d141e4b3fce85d4c560844,Headlight Switch Bezel,Splendor Plus,Hero,2019.0,,Controls,90.0,decorative trim ring that surrounds the headlight switch,16.0,4.3,7.0,0,https://example.com/images/switchbezel_splendor_plus.jpg,68ac2a8e3c73e23c655de052,68ac2a8f3c73e23c655de054,Swathi Automobiles,Chappal Bazar Road - Kachiguda ,17.38953,78.491245,budget,classic,good,Headlight Switch Bezel Splendor Plus Hero  Controls decorative trim ring that surrounds the headlight switch,0,2025-09-18T10:11:34,2025-09-22T07:54:58
68d141e4b3fce85d4c560845,Fuel Level Sensor Wiring,Splendor Plus,Hero,2021.0,,Fuel & Intake,210.0,wiring harness segment that connects fuel level sensor to instrument cluster,5.0,4.5,4.0,0,https://example.com/images/sensorwiring_splendor_plus.jpg,689d6959045c37933826818b,689d6959045c37933826818d,sai automobiles,RAMNAGAR COLONY PEERZADIGUDA UPPAL HYDERABAD,17.390358,78.606729,budget,modern,excellent,Fuel Level Sensor Wiring Splendor Plus Hero  Fuel & Intake wiring harness segment that connects fuel level sensor to instrument cluster,0,2025-09-20T13:25:22,2025-09-22T06:54:40
68d141e4b3fce85d4c560846,Turn Signal Switch,Pulsar 150,Bajaj,2021.0,,Controls,380.0,handlebar mounted switch that activates left and right turn signals,6.0,4.3,6.0,0,https://example.com/images/signalswitch_pulsar_150.jpg,68ac2a8e3c73e23c655de052,68ac2a8f3c73e23c655de054,Swathi Automobiles,Chappal Bazar Road - Kachiguda ,17.38953,78.491245,budget,modern,good,Turn Signal Switch Pulsar 150 Bajaj  Controls handlebar mounted switch that activates left and right turn signals,0,2025-09-22T04:43:16,2025-09-22T04:43:16
68d141e4b3fce85d4c560847,Shock Absorber Rebound Adjuster,Pulsar 150,Bajaj,2020.0,,Suspension,850.0,knob or screw that allows rider to adjust damping characteristics of shock,4.0,4.2,5.0,0,https://example.com/images/reboundadjust_pulsar_150.jpg,689d6959045c37933826818b,689d6959045c37933826818d,sai automobiles,RAMNAGAR COLONY PEERZADIGUDA UPPAL HYDERABAD,17.390358,78.606729,budget,modern,good,Shock Absorber Rebound Adjuster Pulsar 150 Bajaj  Suspension knob or screw that allows rider to adjust damping characteristics of shock,0,2025-08-18T11:36:39,2025-09-11T10:08:23
68d141e4b3fce85d4c560848,Chain Master Link Clip,Pulsar 150,Bajaj,2021.0,,Drivetrain,50.0,small steel clip that secures master link pin in place on drive chain,25.0,4.1,8.0,0,https://example.com/images/linkclip_pulsar_150.jpg,689d6959045c37933826818b,689d6959045c37933826818d,sai automobiles,RAMNAGAR COLONY PEERZADIGUDA UPPAL HYDERABAD,17.390358,78.606729,budget,modern,good,Chain Master Link Clip Pulsar 150 Bajaj  Drivetrain small steel clip that secures master link pin in place on drive chain,0,2025-08-20T16:49:05,2025-09-09T16:16:37
68d141e4b3fce85d4c560849,Carburetor Idle Screw,Apache RTR 160,Tvs,2019.0,,Fuel & Intake,80.0,adjustment screw that controls engine idle speed by regulating air fuel mixture,10.0,4.0,7.0,0,https://example.com/images/idlescrew_apache_rtr_160.jpg,68ac2a8e3c73e23c655de052,68ac2a8f3c73e23c655de054,Swathi Automobiles,Chappal Bazar Road - Kachiguda ,17.38953,78.491245,budget,classic,good,Carburetor Idle Screw Apache RTR 160 Tvs  Fuel & Intake adjustment screw that controls engine idle speed by regulating air fuel mixture,0,2025-08-22T13:05:18,2025-09-16T11:43:49
68d141e4b3fce85d4c56084a,Neutral Switch Wiring,Pulsar 150,Bajaj,2021.0,,Controls,190.0,short wiring harness that connects neutral switch to indicator light and ecu,7.0,4.6,4.0,0,https://example.com/images/neutralwiring_pulsar_150.jpg,689d6959045c37933826818b,689d6959045c37933826818d,sai automobiles,RAMNAGAR COLONY PEERZADIGUDA UPPAL HYDERABAD,17.390358,78.606729,budget,modern,excellent,Neutral Switch Wiring Pulsar 150 Bajaj  Controls short wiring harness that connects neutral switch to indicator light and ecu,0,2025-08-24T17:54:53,2025-09-13T18:32:06
68d141e4b3fce85d4c56084b,Engine Temperature Sensor Gasket,Pulsar 150,Bajaj,2020.0,,Cooling System,75.0,small sealing washer that prevents coolant leaks at temperature sensor mounting point,9.0,4.5,5.0,0,https://example.com/images/tempgasket_pulsar_150.jpg,689d6959045c37933826818b,689d6959045c37933826818d,sai automobiles,RAMNAGAR COLONY PEERZADIGUDA UPPAL HYDERABAD,17.390358,78.606729,budget,modern,excellent,Engine Temperature Sensor Gasket Pulsar 150 Bajaj  Cooling System small sealing washer that prevents coolant leaks at temperature sensor mounting point,0,2025-08-26T09:19:29,2025-09-10T10:55:22
68d141e4b3fce85d4c56084c,Brake Pad Wear Indicator,Splendor Plus,Hero,2021.0,,Brakes,120.0,metal tab that contacts rotor and creates squeal when brake pads are worn out,11.0,4.1,9.0,0,https://example.com/images/wearindicator_splendor_plus.jpg,68ac2a8e3c73e23c655de052,68ac2a8f3c73e23c655de054,Swathi Automobiles,Chappal Bazar Road - Kachiguda ,17.38953,78.491245,budget,modern,good,Brake Pad Wear Indicator Splendor Plus Hero  Brakes metal tab that contacts rotor and creates squeal when brake pads are worn out,0,2025-08-28T13:48:46,2025-09-14T12:29:34
68d141e4b3fce85d4c56084d,Clutch Lever Return Spring,Splendor Plus,Hero,2020.0,,Controls,55.0,coil spring that returns clutch lever to disengaged position when released,13.0,4.4,5.0,0,https://example.com/images/clutchspring_splendor_plus.jpg,689d6959045c37933826818b,689d6959045c37933826818d,sai automobiles,RAMNAGAR COLONY PEERZADIGUDA UPPAL HYDERABAD,17.390358,78.606729,budget,modern,good,Clutch Lever Return Spring Splendor Plus Hero  Controls coil spring that returns clutch lever to disengaged position when released,0,2025-08-30T15:27:14,2025-09-17T15:06:28
68d141e4b3fce85d4c56084e,Fuel Injector O-Ring Set,Splendor Plus,Hero,2021.0,,Fuel & Intake,140.0,set of rubber seals that prevent fuel leaks at injector mounting points,8.0,4.3,6.0,0,https://example.com/images/oringset_splendor_plus.jpg,68ac2a8e3c73e23c655de052,68ac2a8f3c73e23c655de054,Swathi Automobiles,Chappal Bazar Road - Kachiguda ,17.38953,78.491245,budget,modern,good,Fuel Injector O-Ring Set Splendor Plus Hero  Fuel & Intake set of rubber seals that prevent fuel leaks at injector mounting points,0,2025-09-01T11:09:38,2025-09-18T09:13:20
68d141e4b3fce85d4c56084f,Headlight Relay Socket,Splendor Plus,Hero,2020.0,,Electrical,130.0,plug in socket that holds and connects the headlight relay to wiring harness,10.0,4.5,6.0,0,https://example.com/images/relaysocket_splendor_plus.jpg,689d6959045c37933826818b,689d6959045c37933826818d,sai automobiles,RAMNAGAR COLONY PEERZADIGUDA UPPAL HYDERABAD,17.390358,78.606729,budget,modern,excellent,Headlight Relay Socket Splendor Plus Hero  Electrical plug in socket that holds and connects the headlight relay to wiring harness,0,2025-09-03T14:42:06,2025-09-20T13:54:45
68d141e4b3fce85d4c560850,Shock Absorber Mounting Bolt,Apache RTR 160,Tvs,2021.0,,Suspension,130.0,high strength bolt used to secure shock absorber to frame or swingarm,7.0,4.2,5.0,0,https://example.com/images/shockbolt_apache_rtr_160.jpg,689d6959045c37933826818b,689d6959045c37933826818d,sai automobiles,RAMNAGAR COLONY PEERZADIGUDA UPPAL HYDERABAD,17.390358,78.606729,budget,modern,good,Shock Absorber Mounting Bolt Apache RTR 160 Tvs  Suspension high strength bolt used to secure shock absorber to frame or swingarm,0,2025-09-09T17:41:15,2025-09-22T10:43:57
68d141e4b3fce85d4c560851,Chain Guard Mounting Bracket,Apache RTR 160,Tvs,2020.0,,Drivetrain,190.0,metal bracket that attaches chain guard to swingarm or frame,9.0,4.1,6.0,0,https://example.com/images/guardbracket_apache_rtr_160.jpg,689d6959045c37933826818b,689d6959045c37933826818d,sai automobiles,RAMNAGAR COLONY PEERZADIGUDA UPPAL HYDERABAD,17.390358,78.606729,budget,modern,good,Chain Guard Mounting Bracket Apache RTR 160 Tvs  Drivetrain metal bracket that attaches chain guard to swingarm or frame,0,2025-09-11T09:54:28,2025-09-21T09:05:14
68d141e4b3fce85d4c560852,Carburetor Main Jet,Apache RTR 160,Tvs,2019.0,,Fuel & Intake,150.0,precision orifice that meters fuel flow at wide open throttle conditions,8.0,4.0,7.0,0,https://example.com/images/mainjet_apache_rtr_160.jpg,68ac2a8e3c73e23c655de052,68ac2a8f3c73e23c655de054,Swathi Automobiles,Chappal Bazar Road - Kachiguda ,17.38953,78.491245,budget,classic,good,Carburetor Main Jet Apache RTR 160 Tvs  Fuel & Intake precision orifice that meters fuel flow at wide open throttle conditions,0,2025-09-13T15:27:43,2025-09-22T09:30:28
68d141e4b3fce85d4c560853,Neutral Switch Sensor,Pulsar 150,Bajaj,2021.0,,Controls,420.0,electronic sensor that detects when transmission is in neutral gear position,4.0,4.6,4.0,0,https://example.com/images/neutralsensor_pulsar_150.jpg,689d6959045c37933826818b,689d6959045c37933826818d,sai automobiles,RAMNAGAR COLONY PEERZADIGUDA UPPAL HYDERABAD,17.390358,78.606729,budget,modern,excellent,Neutral Switch Sensor Pulsar 150 Bajaj  Controls electronic sensor that detects when transmission is in neutral gear position,0,2025-09-15T11:10:09,2025-09-22T08:54:42
68d141e4b3fce85d4c560854,Engine Coolant Temperature Switch,Splendor Plus,Hero,2020.0,,Cooling System,380.0,on off switch that activates cooling fan when engine reaches preset temperature,5.0,4.5,5.0,0,https://example.com/images/coolantswitch_splendor_plus.jpg,689d6959045c37933826818b,689d6959045c37933826818d,sai automobiles,RAMNAGAR COLONY PEERZADIGUDA UPPAL HYDERABAD,17.390358,78.606729,budget,modern,excellent,Engine Coolant Temperature Switch Splendor Plus Hero  Cooling System on off switch that activates cooling fan when engine reaches preset temperature,0,2025-09-17T16:33:35,2025-09-22T08:16:04
68d141e4b3fce85d4c560855,Rear Brake Caliper,Pulsar 150,Bajaj,2019.0,,Brakes,1150.0,single piston floating caliper with good heat dissipation for reliable rear braking,5.0,4.4,7.0,0,https://example.com/images/rearcaliper_pulsar_150.jpg,689d6959045c37933826818b,689d6959045c37933826818d,sai automobiles,RAMNAGAR COLONY PEERZADIGUDA UPPAL HYDERABAD,17.390358,78.606729,mid-range,classic,good,Rear Brake Caliper Pulsar 150 Bajaj  Brakes single piston floating caliper with good heat dissipation for reliable rear braking,0,2025-08-17T14:33:12,2025-09-11T18:22:05
68d141e4b3fce85d4c560856,Front Fork Seal Kit,Apache RTR 160,Tvs,2020.0,,Suspension,320.0,high quality rubber seals to prevent oil leakage and maintain fork damping performance,8.0,4.6,9.0,0,https://example.com/images/forkseal_apache_rtr_160.jpg,68ac2a8e3c73e23c655de052,68ac2a8f3c73e23c655de054,Swathi Automobiles,Chappal Bazar Road - Kachiguda ,17.38953,78.491245,budget,modern,excellent,Front Fork Seal Kit Apache RTR 160 Tvs  Suspension high quality rubber seals to prevent oil leakage and maintain fork damping performance,0,2025-08-19T10:11:27,2025-09-07T13:44:19
68d141e4b3fce85d4c560857,Headlight Bulb (LED),FZ-S FI,Yamaha,2021.0,,Lighting,280.0,high lumen led bulb for brighter illumination and longer lifespan than halogen,6.0,4.7,8.0,0,https://example.com/images/ledbulb_fz_s_fi.jpg,68ac2a8e3c73e23c655de052,68ac2a8f3c73e23c655de054,Swathi Automobiles,Chappal Bazar Road - Kachiguda ,17.38953,78.491245,budget,modern,excellent,Headlight Bulb (LED) FZ-S FI Yamaha  Lighting high lumen led bulb for brighter illumination and longer lifespan than halogen,0,2025-08-23T09:22:15,2025-09-02T16:33:51
68d141e4b3fce85d4c560858,Radiator Cap,Splendor Plus,Hero,2020.0,,Cooling System,120.0,pressure rated cap bar to maintain optimal coolant boiling point and system pressure,10.0,4.2,11.0,0,https://example.com/images/radiatorcap_splendor_plus.jpg,689d6959045c37933826818b,689d6959045c37933826818d,sai automobiles,RAMNAGAR COLONY PEERZADIGUDA UPPAL HYDERABAD,17.390358,78.606729,budget,modern,good,Radiator Cap Splendor Plus Hero  Cooling System pressure rated cap bar to maintain optimal coolant boiling point and system pressure,0,2025-08-25T15:09:44,2025-09-20T11:15:22
68d141e4b3fce85d4c560859,Chain Link (Master Link),Pulsar 150,Bajaj,2018.0,,Drivetrain,85.0,heavy duty clip type master link for quick chain installation and removal,15.0,4.5,10.0,0,https://example.com/images/masterlink_pulsar_150.jpg,689d6959045c37933826818b,689d6959045c37933826818d,sai automobiles,RAMNAGAR COLONY PEERZADIGUDA UPPAL HYDERABAD,17.390358,78.606729,budget,classic,excellent,Chain Link (Master Link) Pulsar 150 Bajaj  Drivetrain heavy duty clip type master link for quick chain installation and removal,0,2025-08-29T14:08:55,2025-09-10T12:39:07
68d141e4b3fce85d4c56085a,Footpeg Rubber,Splendor Plus,Hero,2021.0,,Frame & Footrests,45.0,replacement rubber inserts for footpegs to restore grip and reduce vibration,25.0,4.0,20.0,0,https://example.com/images/footpegrubber_splendor_plus.jpg,68ac2a8e3c73e23c655de052,68ac2a8f3c73e23c655de054,Swathi Automobiles,Chappal Bazar Road - Kachiguda ,17.38953,78.491245,budget,modern,good,Footpeg Rubber Splendor Plus Hero  Frame & Footrests replacement rubber inserts for footpegs to restore grip and reduce vibration,0,2025-08-31T18:33:19,2025-09-19T09:52:21
68d141e4b3fce85d4c56085b,Exhaust Gasket,Splendor Plus,Hero,2020.0,,Exhaust,90.0,multi layer steel gasket for leak free seal between cylinder head and exhaust pipe,12.0,4.3,9.0,0,https://example.com/images/exhaustgasket_splendor_plus.jpg,68ac2a8e3c73e23c655de052,68ac2a8f3c73e23c655de054,Swathi Automobiles,Chappal Bazar Road - Kachiguda ,17.38953,78.491245,budget,modern,good,Exhaust Gasket Splendor Plus Hero  Exhaust multi layer steel gasket for leak free seal between cylinder head and exhaust pipe,0,2025-09-04T16:23:19,2025-09-21T10:34:46
68d141e4b3fce85d4c56085c,Battery Terminal Cover,FZ-S,Yamaha,2020.0,,Electrical,35.0,plastic protective cover to shield battery terminals from corrosion and accidental shorts,20.0,4.2,13.0,0,https://example.com/images/terminalcover_fz_s.jpg,68ac2a8e3c73e23c655de052,68ac2a8f3c73e23c655de054,Swathi Automobiles,Chappal Bazar Road - Kachiguda ,17.38953,78.491245,budget,modern,good,Battery Terminal Cover FZ-S Yamaha  Electrical plastic protective cover to shield battery terminals from corrosion and accidental shorts,0,2025-09-06T12:38:06,2025-09-17T13:49:31
68d141e4b3fce85d4c56085d,Clutch Plate (Friction),Pulsar 150,Bajaj,2021.0,,Transmission,220.0,heat treated friction plate with high grip material for smooth engagement and durability,7.0,4.5,5.0,0,https://example.com/images/frictionplate_pulsar_150.jpg,689d6959045c37933826818b,689d6959045c37933826818d,sai automobiles,RAMNAGAR COLONY PEERZADIGUDA UPPAL HYDERABAD,17.390358,78.606729,budget,modern,excellent,Clutch Plate (Friction) Pulsar 150 Bajaj  Transmission heat treated friction plate with high grip material for smooth engagement and durability,0,2025-09-08T09:59:48,2025-09-22T08:17:04
68d141e4b3fce85d4c56085e,Speedometer Cable,FZ-S,Yamaha,2018.0,,Instrumentation,180.0,inner cable and outer housing for transmitting front wheel rotation to speedometer,8.0,4.1,7.0,0,https://example.com/images/speedocable_fz_s.jpg,689d6959045c37933826818b,689d6959045c37933826818d,sai automobiles,RAMNAGAR COLONY PEERZADIGUDA UPPAL HYDERABAD,17.390358,78.606729,budget,classic,good,Speedometer Cable FZ-S Yamaha  Instrumentation inner cable and outer housing for transmitting front wheel rotation to speedometer,0,2025-09-12T10:44:23,2025-09-16T14:28:59
68d141e4b3fce85d4c56085f,Swingarm Pivot Bolt,Pulsar 150,Bajaj,2020.0,,Frame & Suspension,150.0,hardened steel pivot bolt with self locking nut for secure swingarm mounting,6.0,4.4,4.0,0,https://example.com/images/pivotbolt_pulsar_150.jpg,689d6959045c37933826818b,689d6959045c37933826818d,sai automobiles,RAMNAGAR COLONY PEERZADIGUDA UPPAL HYDERABAD,17.390358,78.606729,budget,modern,good,Swingarm Pivot Bolt Pulsar 150 Bajaj  Frame & Suspension hardened steel pivot bolt with self locking nut for secure swingarm mounting,0,2025-09-14T17:12:04,2025-09-18T11:56:38
68d141e4b3fce85d4c560860,Handlebar End Weight,Apache RTR 160,Tvs,2020.0,,Controls,180.0,threaded end weights to reduce handlebar vibration and improve ride comfort,9.0,4.3,8.0,0,https://example.com/images/endweight_apache_rtr_160.jpg,68ac2a8e3c73e23c655de052,68ac2a8f3c73e23c655de054,Swathi Automobiles,Chappal Bazar Road - Kachiguda ,17.38953,78.491245,budget,modern,good,Handlebar End Weight Apache RTR 160 Tvs  Controls threaded end weights to reduce handlebar vibration and improve ride comfort,0,2025-09-20T15:53:40,2025-09-22T07:42:19
68d141e4b3fce85d4c560861,Piston Ring Set,Splendor Plus,Hero,2020.0,,Engine & Top End,750.0,compression and oil control rings for restoring cylinder sealing and engine performance,4.0,4.7,5.0,0,https://example.com/images/pistonrings_splendor_plus.jpg,689d6959045c37933826818b,689d6959045c37933826818d,sai automobiles,RAMNAGAR COLONY PEERZADIGUDA UPPAL HYDERABAD,17.390358,78.606729,budget,modern,excellent,Piston Ring Set Splendor Plus Hero  Engine & Top End compression and oil control rings for restoring cylinder sealing and engine performance,0,2025-09-22T05:18:29,2025-09-22T05:18:29
68d141e4b3fce85d4c560862,Throttle Cable,Splendor Plus,Hero,2019.0,,Cables,80.0,smooth action throttle cable with lubricated inner wire for precise throttle control,11.0,4.2,10.0,0,https://example.com/images/throttlecable_splendor_plus.jpg,68ac2a8e3c73e23c655de052,68ac2a8f3c73e23c655de054,Swathi Automobiles,Chappal Bazar Road - Kachiguda ,17.38953,78.491245,budget,classic,good,Throttle Cable Splendor Plus Hero  Cables smooth action throttle cable with lubricated inner wire for precise throttle control,0,2025-08-18T14:23:12,2025-09-11T18:04:49
68d141e4b3fce85d4c560863,Rear View Mirror,Splendor Plus,Hero,2021.0,,Controls,150.0,convex glass mirror with wide field of view and vibration damping mount,7.0,4.5,6.0,0,https://example.com/images/mirror_splendor_plus.jpg,689d6959045c37933826818b,689d6959045c37933826818d,sai automobiles,RAMNAGAR COLONY PEERZADIGUDA UPPAL HYDERABAD,17.390358,78.606729,budget,modern,excellent,Rear View Mirror Splendor Plus Hero  Controls convex glass mirror with wide field of view and vibration damping mount,0,2025-08-20T10:46:38,2025-09-09T13:19:23
68d141e4b3fce85d4c560864,Engine Oil Drain Plug,Splendor Plus,Hero,2020.0,,Engine & Top End,40.0,threaded steel plug with copper washer for secure sealing and easy oil changes,22.0,4.1,15.0,0,https://example.com/images/drainplug_splendor_plus.jpg,68ac2a8e3c73e23c655de052,68ac2a8f3c73e23c655de054,Swathi Automobiles,Chappal Bazar Road - Kachiguda ,17.38953,78.491245,budget,modern,good,Engine Oil Drain Plug Splendor Plus Hero  Engine & Top End threaded steel plug with copper washer for secure sealing and easy oil changes,0,2025-08-22T16:34:09,2025-09-17T09:45:37
68d141e4b3fce85d4c560865,Chain Tensioner,Splendor Plus,Hero,2021.0,,Drivetrain,220.0,sliding block tensioner with locknut for maintaining optimal chain slack,6.0,4.4,7.0,0,https://example.com/images/tensioner_splendor_plus.jpg,689d6959045c37933826818b,689d6959045c37933826818d,sai automobiles,RAMNAGAR COLONY PEERZADIGUDA UPPAL HYDERABAD,17.390358,78.606729,budget,modern,good,Chain Tensioner Splendor Plus Hero  Drivetrain sliding block tensioner with locknut for maintaining optimal chain slack,0,2025-08-24T12:03:56,2025-09-06T15:28:14
68d141e4b3fce85d4c560866,Seat Lock,Splendor Plus,Hero,2020.0,,Comfort,250.0,key operated seat lock mechanism for securing under seat storage compartment,8.0,4.3,9.0,0,https://example.com/images/seatlock_splendor_plus.jpg,68ac2a8e3c73e23c655de052,68ac2a8f3c73e23c655de054,Swathi Automobiles,Chappal Bazar Road - Kachiguda ,17.38953,78.491245,budget,modern,good,Seat Lock Splendor Plus Hero  Comfort key operated seat lock mechanism for securing under seat storage compartment,0,2025-08-26T17:42:24,2025-09-19T12:06:49
68d141e4b3fce85d4c560867,Throttle Position Sensor,Splendor Plus,Hero,2021.0,,Fuel & Intake,850.0,electronic sensor that monitors throttle valve position for ecu fuel mapping,3.0,4.7,4.0,0,https://example.com/images/tps_splendor_plus.jpg,689d6959045c37933826818b,689d6959045c37933826818d,sai automobiles,RAMNAGAR COLONY PEERZADIGUDA UPPAL HYDERABAD,17.390358,78.606729,budget,modern,excellent,Throttle Position Sensor Splendor Plus Hero  Fuel & Intake electronic sensor that monitors throttle valve position for ecu fuel mapping,0,2025-08-28T19:20:41,2025-09-12T08:34:02
68d141e4b3fce85d4c560868,Rear Brake Shoe,Splendor Plus,Hero,2018.0,,Brakes,160.0,high friction brake shoes with durable lining for reliable rear drum braking,10.0,4.2,14.0,0,https://example.com/images/brakeshoe_splendor_plus.jpg,68ac2a8e3c73e23c655de052,68ac2a8f3c73e23c655de054,Swathi Automobiles,Chappal Bazar Road - Kachiguda ,17.38953,78.491245,budget,classic,good,Rear Brake Shoe Splendor Plus Hero  Brakes high friction brake shoes with durable lining for reliable rear drum braking,0,2025-08-30T08:56:13,2025-09-15T10:23:35
68d141e4b3fce85d4c560869,Engine Mounting,Splendor Plus,Hero,2020.0,,Engine & Top End,650.0,rubber engine mounts to isolate vibrations and improve rider comfort,5.0,4.6,4.0,0,https://example.com/images/mounting_splendor_plus.jpg,689d6959045c37933826818b,689d6959045c37933826818d,sai automobiles,RAMNAGAR COLONY PEERZADIGUDA UPPAL HYDERABAD,17.390358,78.606729,budget,modern,excellent,Engine Mounting Splendor Plus Hero  Engine & Top End rubber engine mounts to isolate vibrations and improve rider comfort,0,2025-09-01T13:38:30,2025-09-14T17:49:56
68d141e4b3fce85d4c56086a,Clutch Cable Adjuster,Splendor Plus,Hero,2019.0,,Controls,75.0,threaded barrel adjuster for fine tuning clutch lever free play,15.0,4.1,11.0,0,https://example.com/images/adjuster_splendor_plus.jpg,68ac2a8e3c73e23c655de052,68ac2a8f3c73e23c655de054,Swathi Automobiles,Chappal Bazar Road - Kachiguda ,17.38953,78.491245,budget,classic,good,Clutch Cable Adjuster Splendor Plus Hero  Controls threaded barrel adjuster for fine tuning clutch lever free play,0,2025-09-03T18:23:07,2025-09-20T14:15:28
68d141e4b3fce85d4c56086b,Exhaust Hanger,Splendor Plus,Hero,2020.0,,Exhaust,130.0,rubber mounted hanger to absorb vibrations and secure exhaust pipe position,12.0,4.3,8.0,0,https://example.com/images/hanger_splendor_plus.jpg,68ac2a8e3c73e23c655de052,68ac2a8f3c73e23c655de054,Swathi Automobiles,Chappal Bazar Road - Kachiguda ,17.38953,78.491245,budget,modern,good,Exhaust Hanger Splendor Plus Hero  Exhaust rubber mounted hanger to absorb vibrations and secure exhaust pipe position,0,2025-09-07T15:34:18,2025-09-21T18:50:03
68d141e4b3fce85d4c56086c,Fuel Level Sensor,Splendor Plus,Hero,2021.0,,Fuel & Intake,420.0,sensor that measures fuel level in tank and sends signal to fuel gauge,6.0,4.4,5.0,0,https://example.com/images/sensor_splendor_plus.jpg,689d6959045c37933826818b,689d6959045c37933826818d,sai automobiles,RAMNAGAR COLONY PEERZADIGUDA UPPAL HYDERABAD,17.390358,78.606729,budget,modern,good,Fuel Level Sensor Splendor Plus Hero  Fuel & Intake sensor that measures fuel level in tank and sends signal to fuel gauge,0,2025-09-09T10:59:32,2025-09-22T11:23:16
68d141e4b3fce85d4c56086d,Turn Signal Relay,Splendor Plus,Hero,2020.0,,Electrical,200.0,relay module that controls flashing of turn signals and may include self cancel feature,7.0,4.3,7.0,0,https://example.com/images/relay_turn_splendor_plus.jpg,68ac2a8e3c73e23c655de052,68ac2a8f3c73e23c655de054,Swathi Automobiles,Chappal Bazar Road - Kachiguda ,17.38953,78.491245,budget,modern,good,Turn Signal Relay Splendor Plus Hero  Electrical relay module that controls flashing of turn signals and may include self cancel feature,0,2025-09-11T17:25:54,2025-09-22T09:38:42
68d141e4b3fce85d4c56086e,Chain Guard,Splendor Plus,Hero,2020.0,,Drivetrain,320.0,plastic or metal guard to protect rider and bike from chain oil and debris,7.0,4.1,5.0,0,https://example.com/images/chainguard_splendor_plus.jpg,689d6959045c37933826818b,689d6959045c37933826818d,sai automobiles,RAMNAGAR COLONY PEERZADIGUDA UPPAL HYDERABAD,17.390358,78.606729,budget,modern,good,Chain Guard Splendor Plus Hero  Drivetrain plastic or metal guard to protect rider and bike from chain oil and debris,0,2025-09-15T14:10:15,2025-09-21T15:34:08
68d141e4b3fce85d4c56086f,Carburetor Float Bowl,Splendor Plus,Hero,2019.0,,Fuel & Intake,250.0,reservoir that holds fuel at constant level for the carburetor jets to draw from,12.0,4.0,8.0,0,https://example.com/images/floatbowl_splendor_plus.jpg,68ac2a8e3c73e23c655de052,68ac2a8f3c73e23c655de054,Swathi Automobiles,Chappal Bazar Road - Kachiguda ,17.38953,78.491245,budget,classic,good,Carburetor Float Bowl Splendor Plus Hero  Fuel & Intake reservoir that holds fuel at constant level for the carburetor jets to draw from,0,2025-09-17T08:32:03,2025-09-22T10:09:14
68d141e4b3fce85d4c560870,Engine Temperature Sensor,Splendor Plus,Hero,2020.0,,Cooling System,420.0,sensor that monitors engine coolant temperature for gauge display and fan control,4.0,4.5,5.0,0,https://example.com/images/tempsensor_splendor_plus.jpg,689d6959045c37933826818b,689d6959045c37933826818d,sai automobiles,RAMNAGAR COLONY PEERZADIGUDA UPPAL HYDERABAD,17.390358,78.606729,budget,modern,excellent,Engine Temperature Sensor Splendor Plus Hero  Cooling System sensor that monitors engine coolant temperature for gauge display and fan control,0,2025-09-21T11:23:52,2025-09-22T05:45:09
68d141e4b3fce85d4c560871,Clutch Lever Perch,Splendor Plus,Hero,2020.0,,Controls,250.0,assembly that holds the clutch lever and often includes an adjuster mechanism,6.0,4.4,5.0,0,https://example.com/images/perch_splendor_plus.jpg,689d6959045c37933826818b,689d6959045c37933826818d,sai automobiles,RAMNAGAR COLONY PEERZADIGUDA UPPAL HYDERABAD,17.390358,78.606729,budget,modern,good,Clutch Lever Perch Splendor Plus Hero  Controls assembly that holds the clutch lever and often includes an adjuster mechanism,0,2025-08-19T09:34:16,2025-09-16T12:08:27
68d141e4b3fce85d4c560872,Fuel Injector Seal,Splendor Plus,Hero,2021.0,,Fuel & Intake,80.0,ring seal that prevents fuel leaks at the injector to intake manifold interface,15.0,4.3,7.0,0,https://example.com/images/injectorseal_splendor_plus.jpg,68ac2a8e3c73e23c655de052,68ac2a8f3c73e23c655de054,Swathi Automobiles,Chappal Bazar Road - Kachiguda ,17.38953,78.491245,budget,modern,good,Fuel Injector Seal Splendor Plus Hero  Fuel & Intake ring seal that prevents fuel leaks at the injector to intake manifold interface,0,2025-08-21T13:56:09,2025-09-07T17:39:55
68d141e4b3fce85d4c560873,ABS Sensor Ring,Pulsar 150,Bajaj,2021.0,,Brakes,380.0,toothed ring mounted on wheel hub for abs system to detect wheel speed,7.0,4.5,5.0,0,https://example.com/images/abssensor_pulsar_150.jpg,689d6959045c37933826818b,689d6959045c37933826818d,sai automobiles,RAMNAGAR COLONY PEERZADIGUDA UPPAL HYDERABAD,17.390358,78.606729,budget,modern,excellent,ABS Sensor Ring Pulsar 150 Bajaj  Brakes toothed ring mounted on wheel hub for abs system to detect wheel speed,0,2025-08-23T18:28:33,2025-09-12T09:56:22
68d141e4b3fce85d4c560874,Brake Master Cylinder,Splendor Plus,Hero,2019.0,,Brakes,850.0,hydraulic pump that generates pressure in the brake line when lever is pulled,4.0,4.4,6.0,0,https://example.com/images/mastercylinder_splendor_plus.jpg,68ac2a8e3c73e23c655de052,68ac2a8f3c73e23c655de054,Swathi Automobiles,Chappal Bazar Road - Kachiguda ,17.38953,78.491245,budget,classic,good,Brake Master Cylinder Splendor Plus Hero  Brakes hydraulic pump that generates pressure in the brake line when lever is pulled,0,2025-08-25T12:10:19,2025-09-18T13:22:07
68d141e4b3fce85d4c560875,Front Brake Disc,Splendor Plus,Hero,2021.0,,Brakes,1600.0,solid steel disc rotor that provides the friction surface for the brake pads to clamp onto,4.0,4.8,5.0,0,https://example.com/images/brakedisc_splendor_plus.jpg,689d6959045c37933826818b,689d6959045c37933826818d,sai automobiles,RAMNAGAR COLONY PEERZADIGUDA UPPAL HYDERABAD,17.390358,78.606729,mid-range,modern,excellent,Front Brake Disc Splendor Plus Hero  Brakes solid steel disc rotor that provides the friction surface for the brake pads to clamp onto,0,2025-08-29T10:16:44,2025-09-21T17:45:53
68d141e4b3fce85d4c560876,Air Filter Housing,Splendor Plus,Hero,2021.0,,Air Intake,480.0,plastic or metal box that holds the air filter and directs filtered air to the carburetor,5.0,4.3,6.0,0,https://example.com/images/airbox_splendor_plus.jpg,689d6959045c37933826818b,689d6959045c37933826818d,sai automobiles,RAMNAGAR COLONY PEERZADIGUDA UPPAL HYDERABAD,17.390358,78.606729,budget,modern,good,Air Filter Housing Splendor Plus Hero  Air Intake plastic or metal box that holds the air filter and directs filtered air to the carburetor,0,2025-09-02T17:52:12,2025-09-17T08:29:05
68d141e4b3fce85d4c560877,Clutch Basket,Splendor Plus,Hero,2019.0,,Transmission,1100.0,outer drum of the clutch assembly that houses the clutch plates and is driven by the engine,3.0,4.7,4.0,0,https://example.com/images/clutchbasket_splendor_plus.jpg,689d6959045c37933826818b,689d6959045c37933826818d,sai automobiles,RAMNAGAR COLONY PEERZADIGUDA UPPAL HYDERABAD,17.390358,78.606729,mid-range,classic,excellent,Clutch Basket Splendor Plus Hero  Transmission outer drum of the clutch assembly that houses the clutch plates and is driven by the engine,0,2025-09-04T11:25:28,2025-09-19T10:43:26
68d141e4b3fce85d4c560878,Starter Motor,Splendor Plus,Hero,2020.0,,Electrical,2100.0,electric motor that cranks the engine to start it when the ignition key is turned,4.0,4.5,5.0,0,https://example.com/images/starter_splendor_plus.jpg,68ac2a8e3c73e23c655de052,68ac2a8f3c73e23c655de054,Swathi Automobiles,Chappal Bazar Road - Kachiguda ,17.38953,78.491245,mid-range,modern,excellent,Starter Motor Splendor Plus Hero  Electrical electric motor that cranks the engine to start it when the ignition key is turned,0,2025-09-08T20:02:39,2025-09-21T09:18:47
68d141e4b3fce85d4c560879,Fuel Tank Cap Lock,Splendor Plus,Hero,2019.0,,Fuel & Intake,140.0,lockable cap to prevent unauthorized access to the fuel tank,12.0,4.2,8.0,0,https://example.com/images/tankcaplock_splendor_plus.jpg,68ac2a8e3c73e23c655de052,68ac2a8f3c73e23c655de054,Swathi Automobiles,Chappal Bazar Road - Kachiguda ,17.38953,78.491245,budget,classic,good,Fuel Tank Cap Lock Splendor Plus Hero  Fuel & Intake lockable cap to prevent unauthorized access to the fuel tank,0,2025-09-10T12:26:25,2025-09-15T18:34:10
68d141e4b3fce85d4c56087a,Handlebar Grips,Splendor Plus,Hero,2021.0,,Controls,200.0,rubber or foam grips that provide comfort and control for the rider hands,10.0,4.3,7.0,0,https://example.com/images/grips_splendor_plus.jpg,68ac2a8e3c73e23c655de052,68ac2a8f3c73e23c655de054,Swathi Automobiles,Chappal Bazar Road - Kachiguda ,17.38953,78.491245,budget,modern,good,Handlebar Grips Splendor Plus Hero  Controls rubber or foam grips that provide comfort and control for the rider hands,0,2025-09-12T15:49:12,2025-09-22T13:23:04
68d141e4b3fce85d4c56087b,Brake Light Switch,Splendor Plus,Hero,2020.0,,Electrical,160.0,switch activated by brake lever or pedal to turn on the brake light,15.0,4.1,9.0,0,https://example.com/images/brakeswitch_splendor_plus.jpg,68ac2a8e3c73e23c655de052,68ac2a8f3c73e23c655de054,Swathi Automobiles,Chappal Bazar Road - Kachiguda ,17.38953,78.491245,budget,modern,good,Brake Light Switch Splendor Plus Hero  Electrical switch activated by brake lever or pedal to turn on the brake light,0,2025-09-14T10:34:28,2025-09-22T08:06:15
68d141e4b3fce85d4c56087c,Clutch Wire Guide,Splendor Plus,Hero,2021.0,,Cables,55.0,plastic clip or bracket that routes and protects the clutch cable along the frame,20.0,4.0,11.0,0,https://example.com/images/clutchguide_splendor_plus.jpg,68ac2a8e3c73e23c655de052,68ac2a8f3c73e23c655de054,Swathi Automobiles,Chappal Bazar Road - Kachiguda ,17.38953,78.491245,budget,modern,good,Clutch Wire Guide Splendor Plus Hero  Cables plastic clip or bracket that routes and protects the clutch cable along the frame,0,2025-09-16T14:18:46,2025-09-21T16:42:29
68d141e4b3fce85d4c56087d,Shock Absorber Mount,Pulsar 150,Bajaj,2020.0,,Suspension,170.0,shock absorber mounting bracket with bushings for reduced noise and vibration,9.0,4.2,6.0,0,https://example.com/images/mount_pulsar_150.jpg,689d6959045c37933826818b,689d6959045c37933826818d,sai automobiles,RAMNAGAR COLONY PEERZADIGUDA UPPAL HYDERABAD,17.390358,78.606729,budget,modern,good,Shock Absorber Mount Pulsar 150 Bajaj  Suspension shock absorber mounting bracket with bushings for reduced noise and vibration,0,2025-08-18T11:16:39,2025-09-11T09:48:23
68d141e4b3fce85d4c56087e,Neutral Switch,Pulsar 150,Bajaj,2021.0,,Controls,310.0,neutral position switch for gear indicator and starter safety function,5.0,4.6,4.0,0,https://example.com/images/switch_pulsar_150.jpg,689d6959045c37933826818b,689d6959045c37933826818d,sai automobiles,RAMNAGAR COLONY PEERZADIGUDA UPPAL HYDERABAD,17.390358,78.606729,budget,modern,excellent,Neutral Switch Pulsar 150 Bajaj  Controls neutral position switch for gear indicator and starter safety function,0,2025-08-24T17:34:53,2025-09-13T18:12:06
68d141e5b3fce85d4c56087f,Brake Pad Spring,Pulsar 150,Bajaj,2021.0,,Brakes,32.0,brake pad retaining spring to keep pads in position and reduce noise,22.0,4.1,10.0,0,https://example.com/images/spring_pulsar_150.jpg,68ac2a8e3c73e23c655de052,68ac2a8f3c73e23c655de054,Swathi Automobiles,Chappal Bazar Road - Kachiguda ,17.38953,78.491245,budget,modern,good,Brake Pad Spring Pulsar 150 Bajaj  Brakes brake pad retaining spring to keep pads in position and reduce noise,0,2025-08-28T13:28:46,2025-09-14T12:09:34
68d141e5b3fce85d4c560880,Headlight Relay,Pulsar 150,Bajaj,2020.0,,Electrical,170.0,headlight relay for stable voltage supply and extended bulb life,8.0,4.5,6.0,0,https://example.com/images/relay_pulsar_headlight.jpg,689d6959045c37933826818b,689d6959045c37933826818d,sai automobiles,RAMNAGAR COLONY PEERZADIGUDA UPPAL HYDERABAD,17.390358,78.606729,budget,modern,excellent,Headlight Relay Pulsar 150 Bajaj  Electrical headlight relay for stable voltage supply and extended bulb life,0,2025-09-03T14:22:06,2025-09-20T13:34:45
68d141e5b3fce85d4c560881,Front Fork Assembly,Honda Unicorn,Honda,2020.0,,Suspension,2800.0,telescopic front forks with damping control for smooth handling and bump absorption,4.0,4.5,5.0,0,https://example.com/images/fork_unicorn.jpg,689d6959045c37933826818b,689d6959045c37933826818d,sai automobiles,RAMNAGAR COLONY PEERZADIGUDA UPPAL HYDERABAD,17.390358,78.606729,mid-range,modern,excellent,Front Fork Assembly Honda Unicorn Honda  Suspension telescopic front forks with damping control for smooth handling and bump absorption,0,2025-08-18T13:22:11,2025-09-11T17:03:49
68d141e5b3fce85d4c560882,Airbox Assembly,Yamaha R15,Yamaha,2021.0,,Air Intake,950.0,optimized airbox design for improved airflow and throttle response,5.0,4.6,7.0,0,https://example.com/images/airbox_r15.jpg,689d6959045c37933826818b,689d6959045c37933826818d,sai automobiles,RAMNAGAR COLONY PEERZADIGUDA UPPAL HYDERABAD,17.390358,78.606729,mid-range,modern,excellent,Airbox Assembly Yamaha R15 Yamaha  Air Intake optimized airbox design for improved airflow and throttle response,0,2025-08-22T15:33:08,2025-09-17T08:44:36
68d141e5b3fce85d4c560883,Clutch Lever,KTM Duke 125,Ktm,2020.0,,Controls,250.0,adjustable clutch lever with ergonomic design for comfortable grip and smooth operation,8.0,4.3,9.0,0,https://example.com/images/clutchlever_duke_125.jpg,68ac2a8e3c73e23c655de052,68ac2a8f3c73e23c655de054,Swathi Automobiles,Chappal Bazar Road - Kachiguda ,17.38953,78.491245,budget,modern,good,Clutch Lever KTM Duke 125 Ktm  Controls adjustable clutch lever with ergonomic design for comfortable grip and smooth operation,0,2025-08-24T11:02:55,2025-09-06T14:27:13
68d141e5b3fce85d4c560884,Seat Cushion,Royal Enfield Meteor 350,Royal Enfield,2021.0,,Comfort,1800.0,comfortable dual tone seat with high density foam for long ride comfort,3.0,4.7,4.0,0,https://example.com/images/seat_meteor_350.jpg,689d6959045c37933826818b,689d6959045c37933826818d,sai automobiles,RAMNAGAR COLONY PEERZADIGUDA UPPAL HYDERABAD,17.390358,78.606729,mid-range,modern,excellent,Seat Cushion Royal Enfield Meteor 350 Royal Enfield  Comfort comfortable dual tone seat with high density foam for long ride comfort,0,2025-08-26T16:41:23,2025-09-19T11:05:48
68d141e5b3fce85d4c560885,Engine Oil Cap,Hero HF Deluxe,Hero,2019.0,,Engine & Top End,65.0,threaded oil filler cap with rubber seal to prevent leaks and contamination,15.0,4.1,11.0,0,https://example.com/images/oilcap_hf_deluxe.jpg,68ac2a8e3c73e23c655de052,68ac2a8f3c73e23c655de054,Swathi Automobiles,Chappal Bazar Road - Kachiguda ,17.38953,78.491245,budget,classic,good,Engine Oil Cap Hero HF Deluxe Hero  Engine & Top End threaded oil filler cap with rubber seal to prevent leaks and contamination,0,2025-09-01T12:37:29,2025-09-14T16:48:55
68d141e5b3fce85d4c560886,Headlight Bulb,Honda Activa 6G,Honda,2020.0,,Lighting,80.0,high intensity halogen bulb for bright and reliable headlight illumination,25.0,4.3,20.0,0,https://example.com/images/bulb_activa_6g.jpg,68ac2a8e3c73e23c655de052,68ac2a8f3c73e23c655de054,Swathi Automobiles,Chappal Bazar Road - Kachiguda ,17.38953,78.491245,budget,modern,good,Headlight Bulb Honda Activa 6G Honda  Lighting high intensity halogen bulb for bright and reliable headlight illumination,0,2025-09-05T08:11:44,2025-09-18T15:06:33
68d141e5b3fce85d4c560887,Exhaust Pipe,Suzuki V-Strom 250,Suzuki,2022.0,,Exhaust,4500.0,stainless steel exhaust pipe with heat shield for durability and performance,2.0,4.8,3.0,0,https://example.com/images/exhaust_vstrom_250.jpg,689d6959045c37933826818b,689d6959045c37933826818d,sai automobiles,RAMNAGAR COLONY PEERZADIGUDA UPPAL HYDERABAD,17.390358,78.606729,mid-range,modern,excellent,Exhaust Pipe Suzuki V-Strom 250 Suzuki  Exhaust stainless steel exhaust pipe with heat shield for durability and performance,0,2025-09-07T14:33:17,2025-09-21T17:49:02
68d141e5b3fce85d4c560888,Fuel Pump,TVS Jupiter,Tvs,2021.0,,Fuel & Intake,1750.0,electric fuel pump for consistent fuel delivery in fuel injected scooters,4.0,4.4,6.0,0,https://example.com/images/fuelpump_jupiter.jpg,68ac2a8e3c73e23c655de052,68ac2a8f3c73e23c655de054,Swathi Automobiles,Chappal Bazar Road - Kachiguda ,17.38953,78.491245,mid-range,modern,good,Fuel Pump TVS Jupiter Tvs  Fuel & Intake electric fuel pump for consistent fuel delivery in fuel injected scooters,0,2025-09-09T09:58:31,2025-09-22T10:22:15
68d141e5b3fce85d4c560889,Alternator,Royal Enfield Interceptor 650,Royal Enfield,2020.0,,Electrical,3200.0,high output alternator for powering modern electronics and charging system,3.0,4.7,4.0,0,https://example.com/images/alternator_interceptor_650.jpg,689d6959045c37933826818b,689d6959045c37933826818d,sai automobiles,RAMNAGAR COLONY PEERZADIGUDA UPPAL HYDERABAD,17.390358,78.606729,mid-range,modern,excellent,Alternator Royal Enfield Interceptor 650 Royal Enfield  Electrical high output alternator for powering modern electronics and charging system,0,2025-09-11T16:24:53,2025-09-22T08:37:41
68d141e5b3fce85d4c56088a,Steering Damper,Yamaha MT-09,Yamaha,2021.0,,Frame & Suspension,2900.0,hydraulic steering damper to reduce handlebar wobble and improve stability,2.0,4.9,2.0,0,https://example.com/images/damper_mt_09.jpg,689d6959045c37933826818b,689d6959045c37933826818d,sai automobiles,RAMNAGAR COLONY PEERZADIGUDA UPPAL HYDERABAD,17.390358,78.606729,mid-range,modern,excellent,Steering Damper Yamaha MT-09 Yamaha  Frame & Suspension hydraulic steering damper to reduce handlebar wobble and improve stability,0,2025-09-13T11:47:28,2025-09-22T06:15:59
68d141e5b3fce85d4c56088b,Side Stand,Suzuki Burgman Street,Suzuki,2020.0,,Frame & Footrests,380.0,reinforced side stand with rubber foot for secure parking on uneven surfaces,9.0,4.2,7.0,0,https://example.com/images/sidestand_burgman_street.jpg,68ac2a8e3c73e23c655de052,68ac2a8f3c73e23c655de054,Swathi Automobiles,Chappal Bazar Road - Kachiguda ,17.38953,78.491245,budget,modern,good,Side Stand Suzuki Burgman Street Suzuki  Frame & Footrests reinforced side stand with rubber foot for secure parking on uneven surfaces,0,2025-09-15T13:09:14,2025-09-21T14:33:07
68d141e5b3fce85d4c56088c,Center Stand,Honda CB300F,Honda,2022.0,,Frame & Footrests,650.0,heavy duty center stand for easy maintenance and chain cleaning,6.0,4.5,5.0,0,https://example.com/images/centerstand_cb300f.jpg,689d6959045c37933826818b,689d6959045c37933826818d,sai automobiles,RAMNAGAR COLONY PEERZADIGUDA UPPAL HYDERABAD,17.390358,78.606729,budget,modern,excellent,Center Stand Honda CB300F Honda  Frame & Footrests heavy duty center stand for easy maintenance and chain cleaning,0,2025-09-17T07:31:02,2025-09-22T09:08:23
68d141e5b3fce85d4c56088d,Brake Fluid Reservoir Cap,KTM RC 390,Ktm,2021.0,,Brakes,95.0,sealed brake fluid reservoir cap to prevent contamination and moisture ingress,12.0,4.3,8.0,0,https://example.com/images/fluidcap_rc_390.jpg,68ac2a8e3c73e23c655de052,68ac2a8f3c73e23c655de054,Swathi Automobiles,Chappal Bazar Road - Kachiguda ,17.38953,78.491245,budget,modern,good,Brake Fluid Reservoir Cap KTM RC 390 Ktm  Brakes sealed brake fluid reservoir cap to prevent contamination and moisture ingress,0,2025-09-19T15:44:37,2025-09-22T05:51:12
68d141e5b3fce85d4c56088e,Gear Shifter Pedal,Bajaj Pulsar 220F,Bajaj,2019.0,,Controls,280.0,textured gear shifter pedal for improved grip and precise gear changes,8.0,4.4,6.0,0,https://example.com/images/shifter_pulsar_220f.jpg,689d6959045c37933826818b,689d6959045c37933826818d,sai automobiles,RAMNAGAR COLONY PEERZADIGUDA UPPAL HYDERABAD,17.390358,78.606729,budget,classic,good,Gear Shifter Pedal Bajaj Pulsar 220F Bajaj  Controls textured gear shifter pedal for improved grip and precise gear changes,0,2025-09-21T10:22:51,2025-09-22T04:44:08
68d141e5b3fce85d4c56088f,Engine Cover,Honda CB Shine,Honda,2020.0,,Engine & Top End,480.0,protective engine cover to shield against debris and minor impacts,7.0,4.1,9.0,0,https://example.com/images/cover_cb_shine.jpg,68ac2a8e3c73e23c655de052,68ac2a8f3c73e23c655de054,Swathi Automobiles,Chappal Bazar Road - Kachiguda ,17.38953,78.491245,budget,modern,good,Engine Cover Honda CB Shine Honda  Engine & Top End protective engine cover to shield against debris and minor impacts,0,2025-08-17T14:11:23,2025-09-10T13:25:47
68d141e5b3fce85d4c560890,Radiator Fan,TVS Apache RR 310,Tvs,2021.0,,Cooling System,1200.0,electric cooling fan with thermal sensor for automatic temperature control,4.0,4.6,5.0,0,https://example.com/images/fan_apache_rr_310.jpg,689d6959045c37933826818b,689d6959045c37933826818d,sai automobiles,RAMNAGAR COLONY PEERZADIGUDA UPPAL HYDERABAD,17.390358,78.606729,mid-range,modern,excellent,Radiator Fan TVS Apache RR 310 Tvs  Cooling System electric cooling fan with thermal sensor for automatic temperature control,0,2025-08-19T08:33:46,2025-09-16T11:07:29
68d141e5b3fce85d4c560891,Clutch Spring,Yamaha FZ25,Yamaha,2020.0,,Transmission,180.0,heavy duty clutch springs for improved clutch feel and reduced slippage,10.0,4.2,7.0,0,https://example.com/images/spring_fz25.jpg,68ac2a8e3c73e23c655de052,68ac2a8f3c73e23c655de054,Swathi Automobiles,Chappal Bazar Road - Kachiguda ,17.38953,78.491245,budget,modern,good,Clutch Spring Yamaha FZ25 Yamaha  Transmission heavy duty clutch springs for improved clutch feel and reduced slippage,0,2025-08-21T12:55:09,2025-09-07T16:38:54
68d141e5b3fce85d4c560892,Headlight Reflector,Royal Enfield Continental GT,Royal Enfield,2020.0,,Lighting,320.0,chrome plated reflector bowl for enhanced light focus and beam pattern,5.0,4.5,4.0,0,https://example.com/images/reflector_conti_gt.jpg,689d6959045c37933826818b,689d6959045c37933826818d,sai automobiles,RAMNAGAR COLONY PEERZADIGUDA UPPAL HYDERABAD,17.390358,78.606729,budget,modern,excellent,Headlight Reflector Royal Enfield Continental GT Royal Enfield  Lighting chrome plated reflector bowl for enhanced light focus and beam pattern,0,2025-08-25T11:09:18,2025-09-18T12:21:06
68d141e5b3fce85d4c560893,Fuel Injector Nozzle,Honda CBR250R,Honda,2018.0,,Fuel & Intake,850.0,precision engineered fuel injector nozzle for fine atomization and efficient combustion,3.0,4.6,3.0,0,https://example.com/images/nozzle_cbr250r.jpg,689d6959045c37933826818b,689d6959045c37933826818d,sai automobiles,RAMNAGAR COLONY PEERZADIGUDA UPPAL HYDERABAD,17.390358,78.606729,budget,classic,excellent,Fuel Injector Nozzle Honda CBR250R Honda  Fuel & Intake precision engineered fuel injector nozzle for fine atomization and efficient combustion,0,2025-08-29T09:15:43,2025-09-21T16:44:52
68d141e5b3fce85d4c560894,Battery Terminal,Hero Karizma ZMR,Hero,2019.0,,Electrical,45.0,corrosion resistant battery terminals for secure and reliable electrical connections,22.0,4.2,15.0,0,https://example.com/images/terminal_karizma_zmr.jpg,68ac2a8e3c73e23c655de052,68ac2a8f3c73e23c655de054,Swathi Automobiles,Chappal Bazar Road - Kachiguda ,17.38953,78.491245,budget,classic,good,Battery Terminal Hero Karizma ZMR Hero  Electrical corrosion resistant battery terminals for secure and reliable electrical connections,0,2025-08-31T13:38:26,2025-09-13T10:19:38
68d141e5b3fce85d4c560895,Swingarm Bearing,Bajaj Avenger Cruise 220,Bajaj,2020.0,,Frame & Suspension,320.0,sealed roller bearings for smooth swingarm pivot action and reduced maintenance,6.0,4.5,5.0,0,https://example.com/images/bearing_avenger_cruise.jpg,689d6959045c37933826818b,689d6959045c37933826818d,sai automobiles,RAMNAGAR COLONY PEERZADIGUDA UPPAL HYDERABAD,17.390358,78.606729,budget,modern,excellent,Swingarm Bearing Bajaj Avenger Cruise 220 Bajaj  Frame & Suspension sealed roller bearings for smooth swingarm pivot action and reduced maintenance,0,2025-09-02T16:51:19,2025-09-17T07:28:04
68d141e5b3fce85d4c560896,Rear Sprocket,Honda Hornet 2.0,Honda,2021.0,,Drivetrain,650.0,hardened steel rear sprocket for durability and efficient power transfer,6.0,4.4,7.0,0,https://example.com/images/sprocket_hornet_2.jpg,68ac2a8e3c73e23c655de052,68ac2a8f3c73e23c655de054,Swathi Automobiles,Chappal Bazar Road - Kachiguda ,17.38953,78.491245,budget,modern,good,Rear Sprocket Honda Hornet 2.0 Honda  Drivetrain hardened steel rear sprocket for durability and efficient power transfer,0,2025-09-16T13:17:45,2025-09-21T15:41:28
68d141e5b3fce85d4c560897,Oil Cooler,Honda CBR650R,Honda,2022.0,,Cooling System,2800.0,supplementary oil cooler for maintaining optimal engine oil temperature under load,2.0,4.9,3.0,0,https://example.com/images/cooler_cbr650r.jpg,689d6959045c37933826818b,689d6959045c37933826818d,sai automobiles,RAMNAGAR COLONY PEERZADIGUDA UPPAL HYDERABAD,17.390358,78.606729,mid-range,modern,excellent,Oil Cooler Honda CBR650R Honda  Cooling System supplementary oil cooler for maintaining optimal engine oil temperature under load,0,2025-09-22T03:22:15,2025-09-22T03:22:15
68d141e5b3fce85d4c560898,Headlight Switch,Yamaha Saluto,Yamaha,2019.0,,Controls,120.0,toggle style headlight switch for high low beam selection,18.0,4.3,8.0,0,https://example.com/images/switch_saluto.jpg,68ac2a8e3c73e23c655de052,68ac2a8f3c73e23c655de054,Swathi Automobiles,Chappal Bazar Road - Kachiguda ,17.38953,78.491245,budget,classic,good,Headlight Switch Yamaha Saluto Yamaha  Controls toggle style headlight switch for high low beam selection,0,2025-08-30T14:06:13,2025-09-17T13:45:27
68d141e5b3fce85d4c560899,Throttle Body Gasket,TVS Apache RTR 200 4V,Tvs,2021.0,,Fuel & Intake,110.0,throttle body mounting gasket for air tight seal and smooth idle,10.0,4.2,8.0,0,https://example.com/images/gasket_apache_rtr_200_4v.jpg,68ac2a8e3c73e23c655de052,68ac2a8f3c73e23c655de054,Swathi Automobiles,Chappal Bazar Road - Kachiguda ,17.38953,78.491245,budget,modern,good,Throttle Body Gasket TVS Apache RTR 200 4V Tvs  Fuel & Intake throttle body mounting gasket for air tight seal and smooth idle,0,2025-08-21T09:22:38,2025-09-12T16:08:25
68d141e5b3fce85d4c56089a,LED Strip - SP 125,SP 125,Honda,2023.0,,Lighting,3226.0,premium quality precision engineered for improved performance,19.0,4.8,15.0,0,https://example.com/images/led_strip_sp_125.jpg,689d6959045c37933826818b,689d6959045c37933826818d,sai automobiles,RAMNAGAR COLONY PEERZADIGUDA UPPAL HYDERABAD,17.390358,78.606729,mid-range,modern,excellent,LED Strip - SP 125 SP 125 Honda  Lighting premium quality precision engineered for improved performance,0,2025-08-08T00:00:00,2025-08-14T00:00:00
68d141e5b3fce85d4c56089b,Front Shock Absorber - Unicorn,Unicorn,Honda,2016.0,,Suspension,1989.0,professional grade fuel efficient for longer life,13.0,4.4,8.0,0,https://example.com/images/front_shock_absorber_unicorn.jpg,68ac2a8e3c73e23c655de052,68ac2a8f3c73e23c655de054,Swathi Automobiles,Chappal Bazar Road - Kachiguda ,17.38953,78.491245,mid-range,classic,good,Front Shock Absorber - Unicorn Unicorn Honda  Suspension professional grade fuel efficient for longer life,0,2025-08-03T00:00:00,2025-08-06T00:00:00
68d141e5b3fce85d4c56089c,Piston Kit - Harley-Davidson Model 923,Harley-Davidson Model 923,Harley-Davidson,2025.0,,Engine,7345.0,oem quality corrosion resistant for smoother operation,7.0,4.6,11.0,0,https://example.com/images/piston_kit_harley_davidson_model_923.jpg,68ac2a8e3c73e23c655de052,68ac2a8f3c73e23c655de054,Swathi Automobiles,Chappal Bazar Road - Kachiguda ,17.38953,78.491245,premium,modern,excellent,Piston Kit - Harley-Davidson Model 923 Harley-Davidson Model 923 Harley-Davidson  Engine oem quality corrosion resistant for smoother operation,0,2025-08-08T00:00:00,2025-08-09T00:00:00
68d141e5b3fce85d4c56089d,Seat Cover - Benelli Model 658,Benelli Model 658,Benelli,2020.0,,Body Parts,2989.0,superior maintenance free for enhanced durability,3.0,3.9,25.0,0,https://example.com/images/seat_cover_benelli_model_658.jpg,689d6959045c37933826818b,689d6959045c37933826818d,sai automobiles,RAMNAGAR COLONY PEERZADIGUDA UPPAL HYDERABAD,17.390358,78.606729,mid-range,modern,good,Seat Cover - Benelli Model 658 Benelli Model 658 Benelli  Body Parts superior maintenance free for enhanced durability,0,2025-08-19T00:00:00,2025-08-25T00:00:00
68d141e5b3fce85d4c56089e,Front Fairing - Aprilia Model 523,Aprilia Model 523,Aprilia,2020.0,,Body Parts,1487.0,superior eco friendly for improved performance,7.0,4.3,29.0,0,https://example.com/images/front_fairing_aprilia_model_523.jpg,68ac2a8e3c73e23c655de052,68ac2a8f3c73e23c655de054,Swathi Automobiles,Chappal Bazar Road - Kachiguda ,17.38953,78.491245,mid-range,modern,good,Front Fairing - Aprilia Model 523 Aprilia Model 523 Aprilia  Body Parts superior eco friendly for improved performance,0,2025-09-03T00:00:00,2025-09-10T00:00:00
68d141e5b3fce85d4c56089f,Mirror Set - Ninja 400,Ninja 400,Kawasaki,2020.0,,Accessories,1891.0,heavy duty long lasting for improved comfort,8.0,4.7,8.0,0,https://example.com/images/mirror_set_ninja_400.jpg,689d6959045c37933826818b,689d6959045c37933826818d,sai automobiles,RAMNAGAR COLONY PEERZADIGUDA UPPAL HYDERABAD,17.390358,78.606729,mid-range,modern,excellent,Mirror Set - Ninja 400 Ninja 400 Kawasaki  Accessories heavy duty long lasting for improved comfort,0,2025-09-09T00:00:00,2025-08-04T00:00:00
68d141e5b3fce85d4c5608a0,Brake Caliper - Interceptor 650,Interceptor 650,Royal Enfield,2023.0,,Brakes,2336.0,lightweight heat treated for improved comfort,22.0,3.6,15.0,0,https://example.com/images/brake_caliper_interceptor_650.jpg,689d6959045c37933826818b,689d6959045c37933826818d,sai automobiles,RAMNAGAR COLONY PEERZADIGUDA UPPAL HYDERABAD,17.390358,78.606729,mid-range,modern,good,Brake Caliper - Interceptor 650 Interceptor 650 Royal Enfield  Brakes lightweight heat treated for improved comfort,0,2025-09-01T00:00:00,2025-09-11T00:00:00
68d141e5b3fce85d4c5608a1,Fuse Box - Pulsar 220,Pulsar 220,Bajaj,2016.0,,Electrical,3398.0,enhanced heat treated for better fuel economy,4.0,4.5,18.0,0,https://example.com/images/fuse_box_pulsar_220.jpg,689d6959045c37933826818b,689d6959045c37933826818d,sai automobiles,RAMNAGAR COLONY PEERZADIGUDA UPPAL HYDERABAD,17.390358,78.606729,mid-range,classic,excellent,Fuse Box - Pulsar 220 Pulsar 220 Bajaj  Electrical enhanced heat treated for better fuel economy,0,2025-09-18T00:00:00,2025-09-06T00:00:00
68d141e5b3fce85d4c5608a2,Spark Plug - Multistrada V4,Multistrada V4,Ducati,2015.0,,Ignition,448.0,high performance maintenance free for smoother operation,3.0,4.3,21.0,0,https://example.com/images/spark_plug_multistrada_v4.jpg,68ac2a8e3c73e23c655de052,68ac2a8f3c73e23c655de054,Swathi Automobiles,Chappal Bazar Road - Kachiguda ,17.38953,78.491245,budget,classic,good,Spark Plug - Multistrada V4 Multistrada V4 Ducati  Ignition high performance maintenance free for smoother operation,0,2025-09-08T00:00:00,2025-09-02T00:00:00
68d141e5b3fce85d4c5608a3,Spark Plug - FZ-X,FZ-X,Yamaha,2018.0,,Ignition,266.0,oem quality corrosion resistant for reduced maintenance,15.0,4.3,5.0,0,https://example.com/images/spark_plug_fz_x.jpg,689d6959045c37933826818b,689d6959045c37933826818d,sai automobiles,RAMNAGAR COLONY PEERZADIGUDA UPPAL HYDERABAD,17.390358,78.606729,budget,classic,good,Spark Plug - FZ-X FZ-X Yamaha  Ignition oem quality corrosion resistant for reduced maintenance,0,2025-09-13T00:00:00,2025-08-16T00:00:00
68d141e5b3fce85d4c5608a4,Clutch Spring - Destini 125,Destini 125,Hero,2017.0,,Transmission,2392.0,enhanced high strength for reduced maintenance,11.0,4.3,23.0,0,https://example.com/images/clutch_spring_destini_125.jpg,689d6959045c37933826818b,689d6959045c37933826818d,sai automobiles,RAMNAGAR COLONY PEERZADIGUDA UPPAL HYDERABAD,17.390358,78.606729,mid-range,classic,good,Clutch Spring - Destini 125 Destini 125 Hero  Transmission enhanced high strength for reduced maintenance,0,2025-08-03T00:00:00,2025-08-03T00:00:00
68d141e5b3fce85d4c5608a5,Engine Guard - W175,W175,Kawasaki,2025.0,,Accessories,1851.0,oem quality heat treated for improved performance,13.0,4.7,7.0,0,https://example.com/images/engine_guard_w175.jpg,689d6959045c37933826818b,689d6959045c37933826818d,sai automobiles,RAMNAGAR COLONY PEERZADIGUDA UPPAL HYDERABAD,17.390358,78.606729,mid-range,modern,excellent,Engine Guard - W175 W175 Kawasaki  Accessories oem quality heat treated for improved performance,0,2025-09-01T00:00:00,2025-08-13T00:00:00
68d141e5b3fce85d4c5608a6,Brake Cable - Panigale V4,Panigale V4,Ducati,2024.0,,Brakes,2353.0,high performance long lasting for better handling,4.0,4.8,26.0,0,https://example.com/images/brake_cable_panigale_v4.jpg,68ac2a8e3c73e23c655de052,68ac2a8f3c73e23c655de054,Swathi Automobiles,Chappal Bazar Road - Kachiguda ,17.38953,78.491245,mid-range,modern,excellent,Brake Cable - Panigale V4 Panigale V4 Ducati  Brakes high performance long lasting for better handling,0,2025-08-02T00:00:00,2025-08-14T00:00:00
68d141e5b3fce85d4c5608a7,Rear Cowl - FZ-X,FZ-X,Yamaha,2022.0,,Body Parts,917.0,high performance high strength for better handling,16.0,4.9,5.0,0,https://example.com/images/rear_cowl_fz_x.jpg,689d6959045c37933826818b,689d6959045c37933826818d,sai automobiles,RAMNAGAR COLONY PEERZADIGUDA UPPAL HYDERABAD,17.390358,78.606729,mid-range,modern,excellent,Rear Cowl - FZ-X FZ-X Yamaha  Body Parts high performance high strength for better handling,0,2025-09-14T00:00:00,2025-09-05T00:00:00
68d141e5b3fce85d4c5608a8,Connecting Rod - FZ 25,FZ 25,Yamaha,2025.0,,Engine,12111.0,enhanced vibration dampening for enhanced safety,7.0,3.5,19.0,0,https://example.com/images/connecting_rod_fz_25.jpg,689d6959045c37933826818b,689d6959045c37933826818d,sai automobiles,RAMNAGAR COLONY PEERZADIGUDA UPPAL HYDERABAD,17.390358,78.606729,premium,modern,good,Connecting Rod - FZ 25 FZ 25 Yamaha  Engine enhanced vibration dampening for enhanced safety,0,2025-08-07T00:00:00,2025-09-11T00:00:00
68d141e5b3fce85d4c5608a9,Oil Cooler - Panigale V2,Panigale V2,Ducati,2016.0,,Cooling System,6987.0,oem quality fuel efficient for improved comfort,7.0,4.5,11.0,0,https://example.com/images/oil_cooler_panigale_v2.jpg,689d6959045c37933826818b,689d6959045c37933826818d,sai automobiles,RAMNAGAR COLONY PEERZADIGUDA UPPAL HYDERABAD,17.390358,78.606729,premium,classic,excellent,Oil Cooler - Panigale V2 Panigale V2 Ducati  Cooling System oem quality fuel efficient for improved comfort,0,2025-09-11T00:00:00,2025-09-07T00:00:00
68d141e5b3fce85d4c5608aa,Number Plate Holder - Harley-Davidson Model 195,Harley-Davidson Model 195,Harley-Davidson,2023.0,,Body Parts,1192.0,durable high strength for increased power,15.0,4.7,8.0,0,https://example.com/images/number_plate_holder_harley_davidson_model_195.jpg,689d6959045c37933826818b,689d6959045c37933826818d,sai automobiles,RAMNAGAR COLONY PEERZADIGUDA UPPAL HYDERABAD,17.390358,78.606729,mid-range,modern,excellent,Number Plate Holder - Harley-Davidson Model 195 Harley-Davidson Model 195 Harley-Davidson  Body Parts durable high strength for increased power,0,2025-09-12T00:00:00,2025-08-21T00:00:00
68d141e5b3fce85d4c5608ab,Intercooler - Ninja ZX-10R,Ninja ZX-10R,Kawasaki,2025.0,,Cooling System,7920.0,oem quality corrosion resistant for longer life,25.0,3.8,12.0,0,https://example.com/images/intercooler_ninja_zx_10r.jpg,689d6959045c37933826818b,689d6959045c37933826818d,sai automobiles,RAMNAGAR COLONY PEERZADIGUDA UPPAL HYDERABAD,17.390358,78.606729,premium,modern,good,Intercooler - Ninja ZX-10R Ninja ZX-10R Kawasaki  Cooling System oem quality corrosion resistant for longer life,0,2025-08-20T00:00:00,2025-09-11T00:00:00
68d141e5b3fce85d4c5608ac,Front Brake Pad - BMW Model 656,BMW Model 656,Bmw,2021.0,,Brakes,1299.0,enhanced heat treated for enhanced safety,24.0,3.6,9.0,0,https://example.com/images/front_brake_pad_bmw_model_656.jpg,68ac2a8e3c73e23c655de052,68ac2a8f3c73e23c655de054,Swathi Automobiles,Chappal Bazar Road - Kachiguda ,17.38953,78.491245,mid-range,modern,good,Front Brake Pad - BMW Model 656 BMW Model 656 Bmw  Brakes enhanced heat treated for enhanced safety,0,2025-08-02T00:00:00,2025-08-17T00:00:00
68d141e5b3fce85d4c5608ad,Starter Relay - Triumph Model 280,Triumph Model 280,Triumph,2024.0,,Ignition,216.0,high performance heat treated for reduced maintenance,12.0,4.8,22.0,0,https://example.com/images/starter_relay_triumph_model_280.jpg,68ac2a8e3c73e23c655de052,68ac2a8f3c73e23c655de054,Swathi Automobiles,Chappal Bazar Road - Kachiguda ,17.38953,78.491245,budget,modern,excellent,Starter Relay - Triumph Model 280 Triumph Model 280 Triumph  Ignition high performance heat treated for reduced maintenance,0,2025-08-09T00:00:00,2025-08-29T00:00:00
68d141e5b3fce85d4c5608ae,Gear Shift Lever - Gixxer SF,Gixxer SF,Suzuki,2025.0,,Transmission,4915.0,superior vibration dampening for reduced maintenance,10.0,5.0,2.0,0,https://example.com/images/gear_shift_lever_gixxer_sf.jpg,689d6959045c37933826818b,689d6959045c37933826818d,sai automobiles,RAMNAGAR COLONY PEERZADIGUDA UPPAL HYDERABAD,17.390358,78.606729,mid-range,modern,excellent,Gear Shift Lever - Gixxer SF Gixxer SF Suzuki  Transmission superior vibration dampening for reduced maintenance,0,2025-08-17T00:00:00,2025-09-13T00:00:00
68d141e5b3fce85d4c5608af,Fog Light - Triumph Model 686,Triumph Model 686,Triumph,2016.0,,Lighting,3707.0,lightweight vibration dampening for smoother operation,11.0,4.3,5.0,0,https://example.com/images/fog_light_triumph_model_686.jpg,68ac2a8e3c73e23c655de052,68ac2a8f3c73e23c655de054,Swathi Automobiles,Chappal Bazar Road - Kachiguda ,17.38953,78.491245,mid-range,classic,good,Fog Light - Triumph Model 686 Triumph Model 686 Triumph  Lighting lightweight vibration dampening for smoother operation,0,2025-08-22T00:00:00,2025-09-03T00:00:00
68d141e5b3fce85d4c5608b0,Transmission Filter - Bullet 350,Bullet 350,Royal Enfield,2019.0,,Filters,394.0,oem quality eco friendly for better handling,19.0,4.4,27.0,0,https://example.com/images/transmission_filter_bullet_350.jpg,68ac2a8e3c73e23c655de052,68ac2a8f3c73e23c655de054,Swathi Automobiles,Chappal Bazar Road - Kachiguda ,17.38953,78.491245,budget,classic,good,Transmission Filter - Bullet 350 Bullet 350 Royal Enfield  Filters oem quality eco friendly for better handling,0,2025-09-17T00:00:00,2025-08-10T00:00:00
68d141e5b3fce85d4c5608b1,Valve Set - Aprilia Model 223,Aprilia Model 223,Aprilia,2024.0,,Engine,9009.0,advanced corrosion resistant for longer life,5.0,4.0,26.0,0,https://example.com/images/valve_set_aprilia_model_223.jpg,68ac2a8e3c73e23c655de052,68ac2a8f3c73e23c655de054,Swathi Automobiles,Chappal Bazar Road - Kachiguda ,17.38953,78.491245,premium,modern,good,Valve Set - Aprilia Model 223 Aprilia Model 223 Aprilia  Engine advanced corrosion resistant for longer life,0,2025-09-09T00:00:00,2025-08-23T00:00:00
68d141e5b3fce85d4c5608b2,Ignition Module - Z650,Z650,Kawasaki,2021.0,,Ignition,406.0,durable fuel efficient for reduced maintenance,18.0,3.6,4.0,0,https://example.com/images/ignition_module_z650.jpg,68ac2a8e3c73e23c655de052,68ac2a8f3c73e23c655de054,Swathi Automobiles,Chappal Bazar Road - Kachiguda ,17.38953,78.491245,budget,modern,good,Ignition Module - Z650 Z650 Kawasaki  Ignition durable fuel efficient for reduced maintenance,0,2025-08-03T00:00:00,2025-09-06T00:00:00
68d141e5b3fce85d4c5608b3,Kick Starter - Access 125,Access 125,Suzuki,2019.0,,Transmission,4491.0,enhanced long lasting for improved comfort,21.0,4.3,25.0,0,https://example.com/images/kick_starter_access_125.jpg,689d6959045c37933826818b,689d6959045c37933826818d,sai automobiles,RAMNAGAR COLONY PEERZADIGUDA UPPAL HYDERABAD,17.390358,78.606729,mid-range,classic,good,Kick Starter - Access 125 Access 125 Suzuki  Transmission enhanced long lasting for improved comfort,0,2025-08-05T00:00:00,2025-09-15T00:00:00
68d141e5b3fce85d4c5608b4,Reserve Tank - BMW Model 767,BMW Model 767,Bmw,2016.0,,Fuel System,1692.0,enhanced precision engineered for reduced maintenance,3.0,3.5,14.0,0,https://example.com/images/reserve_tank_bmw_model_767.jpg,68ac2a8e3c73e23c655de052,68ac2a8f3c73e23c655de054,Swathi Automobiles,Chappal Bazar Road - Kachiguda ,17.38953,78.491245,mid-range,classic,good,Reserve Tank - BMW Model 767 BMW Model 767 Bmw  Fuel System enhanced precision engineered for reduced maintenance,0,2025-08-14T00:00:00,2025-08-01T00:00:00
68d141e5b3fce85d4c5608b5,Radiator Cap - CB Hornet 2.0,CB Hornet 2.0,Honda,2017.0,,Cooling System,7685.0,premium quality high strength for increased power,21.0,4.1,6.0,0,https://example.com/images/radiator_cap_cb_hornet_2.0.jpg,689d6959045c37933826818b,689d6959045c37933826818d,sai automobiles,RAMNAGAR COLONY PEERZADIGUDA UPPAL HYDERABAD,17.390358,78.606729,premium,classic,good,Radiator Cap - CB Hornet 2.0 CB Hornet 2.0 Honda  Cooling System premium quality high strength for increased power,0,2025-09-13T00:00:00,2025-08-10T00:00:00
68d141e5b3fce85d4c5608b6,Fork Oil Seal - Triumph Model 992,Triumph Model 992,Triumph,2021.0,,Suspension,6231.0,high performance maintenance free for enhanced safety,6.0,4.5,12.0,0,https://example.com/images/fork_oil_seal_triumph_model_992.jpg,68ac2a8e3c73e23c655de052,68ac2a8f3c73e23c655de054,Swathi Automobiles,Chappal Bazar Road - Kachiguda ,17.38953,78.491245,premium,modern,excellent,Fork Oil Seal - Triumph Model 992 Triumph Model 992 Triumph  Suspension high performance maintenance free for enhanced safety,0,2025-08-02T00:00:00,2025-08-03T00:00:00
68d141e5b3fce85d4c5608b7,Clutch Spring - Ninja 300,Ninja 300,Kawasaki,2017.0,,Transmission,4036.0,oem quality high strength for better handling,3.0,4.9,4.0,0,https://example.com/images/clutch_spring_ninja_300.jpg,68ac2a8e3c73e23c655de052,68ac2a8f3c73e23c655de054,Swathi Automobiles,Chappal Bazar Road - Kachiguda ,17.38953,78.491245,mid-range,classic,excellent,Clutch Spring - Ninja 300 Ninja 300 Kawasaki  Transmission oem quality high strength for better handling,0,2025-08-13T00:00:00,2025-08-06T00:00:00
68d141e5b3fce85d4c5608b8,Rear Shock Absorber - Harley-Davidson Model 922,Harley-Davidson Model 922,Harley-Davidson,2020.0,,Suspension,10174.0,advanced heat treated for enhanced durability,5.0,4.3,17.0,0,https://example.com/images/rear_shock_absorber_harley_davidson_model_922.jpg,689d6959045c37933826818b,689d6959045c37933826818d,sai automobiles,RAMNAGAR COLONY PEERZADIGUDA UPPAL HYDERABAD,17.390358,78.606729,premium,modern,good,Rear Shock Absorber - Harley-Davidson Model 922 Harley-Davidson Model 922 Harley-Davidson  Suspension advanced heat treated for enhanced durability,0,2025-08-26T00:00:00,2025-08-29T00:00:00
68d141e5b3fce85d4c5608b9,Wire Wheel - Benelli Model 577,Benelli Model 577,Benelli,2023.0,,Wheels & Tires,3022.0,enhanced fuel efficient for increased power,11.0,4.8,17.0,0,https://example.com/images/wire_wheel_benelli_model_577.jpg,689d6959045c37933826818b,689d6959045c37933826818d,sai automobiles,RAMNAGAR COLONY PEERZADIGUDA UPPAL HYDERABAD,17.390358,78.606729,mid-range,modern,excellent,Wire Wheel - Benelli Model 577 Benelli Model 577 Benelli  Wheels & Tires enhanced fuel efficient for increased power,0,2025-09-06T00:00:00,2025-09-06T00:00:00
68d141e5b3fce85d4c5608ba,Mudguard - Himalayan,Himalayan,Royal Enfield,2015.0,,Body Parts,2155.0,advanced precision engineered for longer life,24.0,4.2,21.0,0,https://example.com/images/mudguard_himalayan.jpg,68ac2a8e3c73e23c655de052,68ac2a8f3c73e23c655de054,Swathi Automobiles,Chappal Bazar Road - Kachiguda ,17.38953,78.491245,mid-range,classic,good,Mudguard - Himalayan Himalayan Royal Enfield  Body Parts advanced precision engineered for longer life,0,2025-08-18T00:00:00,2025-08-27T00:00:00
68d141e5b3fce85d4c5608bb,Flywheel - Super Splendor,Super Splendor,Hero,2020.0,,Engine,2279.0,heavy duty eco friendly for better fuel economy,1.0,4.1,3.0,0,https://example.com/images/flywheel_super_splendor.jpg,68ac2a8e3c73e23c655de052,68ac2a8f3c73e23c655de054,Swathi Automobiles,Chappal Bazar Road - Kachiguda ,17.38953,78.491245,mid-range,modern,good,Flywheel - Super Splendor Super Splendor Hero  Engine heavy duty eco friendly for better fuel economy,0,2025-08-26T00:00:00,2025-08-05T00:00:00
68d141e5b3fce85d4c5608bc,Side Stand - Duke 390,Duke 390,Ktm,2024.0,,Body Parts,2528.0,superior high strength for improved comfort,6.0,3.8,1.0,0,https://example.com/images/side_stand_duke_390.jpg,68ac2a8e3c73e23c655de052,68ac2a8f3c73e23c655de054,Swathi Automobiles,Chappal Bazar Road - Kachiguda ,17.38953,78.491245,mid-range,modern,good,Side Stand - Duke 390 Duke 390 Ktm  Body Parts superior high strength for improved comfort,0,2025-08-20T00:00:00,2025-08-08T00:00:00
68d141e5b3fce85d4c5608bd,Brake Fluid Reservoir - FZ 25,FZ 25,Yamaha,2016.0,,Brakes,460.0,lightweight precision engineered for smoother operation,12.0,4.0,5.0,0,https://example.com/images/brake_fluid_reservoir_fz_25.jpg,689d6959045c37933826818b,689d6959045c37933826818d,sai automobiles,RAMNAGAR COLONY PEERZADIGUDA UPPAL HYDERABAD,17.390358,78.606729,budget,classic,good,Brake Fluid Reservoir - FZ 25 FZ 25 Yamaha  Brakes lightweight precision engineered for smoother operation,0,2025-08-03T00:00:00,2025-09-10T00:00:00
68d141e5b3fce85d4c5608be,Petcock Valve - Triumph Model 496,Triumph Model 496,Triumph,2016.0,,Fuel System,4609.0,enhanced vibration dampening for enhanced durability,4.0,4.1,4.0,0,https://example.com/images/petcock_valve_triumph_model_496.jpg,689d6959045c37933826818b,689d6959045c37933826818d,sai automobiles,RAMNAGAR COLONY PEERZADIGUDA UPPAL HYDERABAD,17.390358,78.606729,mid-range,classic,good,Petcock Valve - Triumph Model 496 Triumph Model 496 Triumph  Fuel System enhanced vibration dampening for enhanced durability,0,2025-08-09T00:00:00,2025-09-20T00:00:00
68d141e5b3fce85d4c5608bf,Rear Sprocket - MT-15,MT-15,Yamaha,2015.0,,Drivetrain,3252.0,lightweight corrosion resistant for better fuel economy,15.0,4.4,2.0,0,https://example.com/images/rear_sprocket_mt_15.jpg,689d6959045c37933826818b,689d6959045c37933826818d,sai automobiles,RAMNAGAR COLONY PEERZADIGUDA UPPAL HYDERABAD,17.390358,78.606729,mid-range,classic,good,Rear Sprocket - MT-15 MT-15 Yamaha  Drivetrain lightweight corrosion resistant for better fuel economy,0,2025-09-08T00:00:00,2025-08-16T00:00:00
68d141e5b3fce85d4c5608c0,Radiator - Aprilia Model 884,Aprilia Model 884,Aprilia,2022.0,,Cooling System,3189.0,enhanced noise reducing for improved comfort,23.0,4.8,7.0,0,https://example.com/images/radiator_aprilia_model_884.jpg,68d135833952f7cf7dee9109,68d135833952f7cf7dee910b,Mounika Automobiles,Karimnagar,18.435781,79.132861,mid-range,modern,excellent,Radiator - Aprilia Model 884 Aprilia Model 884 Aprilia  Cooling System enhanced noise reducing for improved comfort,0,2025-08-20T00:00:00,2025-09-02T00:00:00
68d141e5b3fce85d4c5608c1,Reserve Tank - Pulsar 150,Pulsar 150,Bajaj,2015.0,,Fuel System,1561.0,lightweight high strength for improved performance,9.0,3.5,12.0,0,https://example.com/images/reserve_tank_pulsar_150.jpg,68d0c47d09554c358655174b,68d0c47e09554c358655174d,Tarun Automobiles,,17.423605,78.546314,mid-range,classic,good,Reserve Tank - Pulsar 150 Pulsar 150 Bajaj  Fuel System lightweight high strength for improved performance,0,2025-08-28T00:00:00,2025-08-04T00:00:00
68d141e5b3fce85d4c5608c2,Spoke Set - Mahindra Model 388,Mahindra Model 388,Mahindra,2015.0,,Wheels & Tires,3358.0,professional grade fuel efficient for improved performance,11.0,4.2,6.0,0,https://example.com/images/spoke_set_mahindra_model_388.jpg,68d134ac3952f7cf7dee90e3,68d134ac3952f7cf7dee90e5,Shiva sai Automobiles,Mahabubabad,17.594209,80.006903,mid-range,classic,good,Spoke Set - Mahindra Model 388 Mahindra Model 388 Mahindra  Wheels & Tires professional grade fuel efficient for improved performance,0,2025-08-26T00:00:00,2025-08-05T00:00:00
68d141e5b3fce85d4c5608c3,Timing Light - Apache RTR 200,Apache RTR 200,Tvs,2020.0,,Ignition,146.0,heavy duty corrosion resistant for increased power,14.0,3.7,18.0,0,https://example.com/images/timing_light_apache_rtr_200.jpg,68d135d63952f7cf7dee911e,68d135d63952f7cf7dee9120,baskar Automobiles,Medak,18.048948,78.269372,budget,modern,good,Timing Light - Apache RTR 200 Apache RTR 200 Tvs  Ignition heavy duty corrosion resistant for increased power,0,2025-09-05T00:00:00,2025-08-07T00:00:00
68d141e5b3fce85d4c5608c4,Final Drive Oil - Maestro Edge,Maestro Edge,Hero,2024.0,,Drivetrain,2921.0,superior precision engineered for reduced maintenance,9.0,3.8,11.0,0,https://example.com/images/final_drive_oil_maestro_edge.jpg,68d134ac3952f7cf7dee90e3,68d134ac3952f7cf7dee90e5,Shiva sai Automobiles,Mahabubabad,17.594209,80.006903,mid-range,modern,good,Final Drive Oil - Maestro Edge Maestro Edge Hero  Drivetrain superior precision engineered for reduced maintenance,0,2025-08-20T00:00:00,2025-09-12T00:00:00
68d141e5b3fce85d4c5608c5,Oil Filter - CT 110X,CT 110X,Bajaj,2022.0,,Filters,652.0,superior fuel efficient for reduced maintenance,11.0,3.8,22.0,0,https://example.com/images/oil_filter_ct_110x.jpg,68d0c47d09554c358655174b,68d0c47e09554c358655174d,Tarun Automobiles,,17.423605,78.546314,budget,modern,good,Oil Filter - CT 110X CT 110X Bajaj  Filters superior fuel efficient for reduced maintenance,0,2025-08-17T00:00:00,2025-08-22T00:00:00
68d141e5b3fce85d4c5608c6,Spark Plug Wire - Dream Yuga,Dream Yuga,Honda,2015.0,,Ignition,1054.0,superior eco friendly for enhanced durability,1.0,4.5,30.0,0,https://example.com/images/spark_plug_wire_dream_yuga.jpg,68d135833952f7cf7dee9109,68d135833952f7cf7dee910b,Mounika Automobiles,Karimnagar,18.435781,79.132861,mid-range,classic,excellent,Spark Plug Wire - Dream Yuga Dream Yuga Honda  Ignition superior eco friendly for enhanced durability,0,2025-09-10T00:00:00,2025-09-21T00:00:00
68d141e5b3fce85d4c5608c7,Silencer - Mahindra Model 417,Mahindra Model 417,Mahindra,2023.0,,Exhaust,11987.0,high performance long lasting for improved comfort,12.0,4.8,12.0,0,https://example.com/images/silencer_mahindra_model_417.jpg,68d133bf3952f7cf7dee90b7,68d133bf3952f7cf7dee90b9,Jyothi Automobiles,Hyderabad,17.511409,78.350972,premium,modern,excellent,Silencer - Mahindra Model 417 Mahindra Model 417 Mahindra  Exhaust high performance long lasting for improved comfort,0,2025-08-18T00:00:00,2025-09-16T00:00:00
68d141e5b3fce85d4c5608c8,Oil Filter - Benelli Model 534,Benelli Model 534,Benelli,2016.0,,Filters,239.0,oem quality high strength for better fuel economy,20.0,3.5,13.0,0,https://example.com/images/oil_filter_benelli_model_534.jpg,68d133bf3952f7cf7dee90b7,68d133bf3952f7cf7dee90b9,Jyothi Automobiles,Hyderabad,17.511409,78.350972,budget,classic,good,Oil Filter - Benelli Model 534 Benelli Model 534 Benelli  Filters oem quality high strength for better fuel economy,0,2025-09-14T00:00:00,2025-09-05T00:00:00
68d141e5b3fce85d4c5608c9,Alloy Wheel - Triumph Model 329,Triumph Model 329,Triumph,2023.0,,Wheels & Tires,1338.0,oem quality eco friendly for smoother operation,21.0,4.2,22.0,0,https://example.com/images/alloy_wheel_triumph_model_329.jpg,689d6959045c37933826818b,689d6959045c37933826818d,sai automobiles,RAMNAGAR COLONY PEERZADIGUDA UPPAL HYDERABAD,17.390358,78.606729,mid-range,modern,good,Alloy Wheel - Triumph Model 329 Triumph Model 329 Triumph  Wheels & Tires oem quality eco friendly for smoother operation,0,2025-09-05T00:00:00,2025-08-02T00:00:00
68d141e5b3fce85d4c5608ca,CVT Kit - Mahindra Model 712,Mahindra Model 712,Mahindra,2019.0,,Drivetrain,1470.0,oem quality maintenance free for enhanced safety,22.0,4.1,24.0,0,https://example.com/images/cvt_kit_mahindra_model_712.jpg,68d133bf3952f7cf7dee90b7,68d133bf3952f7cf7dee90b9,Jyothi Automobiles,Hyderabad,17.511409,78.350972,mid-range,classic,good,CVT Kit - Mahindra Model 712 Mahindra Model 712 Mahindra  Drivetrain oem quality maintenance free for enhanced safety,0,2025-08-03T00:00:00,2025-08-06T00:00:00
68d141e5b3fce85d4c5608cb,Hub Bearing - Mahindra Model 107,Mahindra Model 107,Mahindra,2021.0,,Wheels & Tires,2085.0,durable vibration dampening for better handling,10.0,4.4,4.0,0,https://example.com/images/hub_bearing_mahindra_model_107.jpg,68d134ac3952f7cf7dee90e3,68d134ac3952f7cf7dee90e5,Shiva sai Automobiles,Mahabubabad,17.594209,80.006903,mid-range,modern,good,Hub Bearing - Mahindra Model 107 Mahindra Model 107 Mahindra  Wheels & Tires durable vibration dampening for better handling,0,2025-09-05T00:00:00,2025-09-10T00:00:00
68d141e5b3fce85d4c5608cc,Battery - Super Splendor,Super Splendor,Hero,2015.0,,Electrical,1210.0,durable vibration dampening for better handling,17.0,4.2,18.0,0,https://example.com/images/battery_super_splendor.jpg,68ac2a8e3c73e23c655de052,68ac2a8f3c73e23c655de054,Swathi Automobiles,Chappal Bazar Road - Kachiguda ,17.38953,78.491245,mid-range,classic,good,Battery - Super Splendor Super Splendor Hero  Electrical durable vibration dampening for better handling,0,2025-08-09T00:00:00,2025-08-22T00:00:00
68d141e5b3fce85d4c5608cd,Side Stand - Duke 250,Duke 250,Ktm,2023.0,,Body Parts,2603.0,lightweight corrosion resistant for improved comfort,11.0,4.1,25.0,0,https://example.com/images/side_stand_duke_250.jpg,689d6959045c37933826818b,689d6959045c37933826818d,sai automobiles,RAMNAGAR COLONY PEERZADIGUDA UPPAL HYDERABAD,17.390358,78.606729,mid-range,modern,good,Side Stand - Duke 250 Duke 250 Ktm  Body Parts lightweight corrosion resistant for improved comfort,0,2025-09-18T00:00:00,2025-08-08T00:00:00
68d141e5b3fce85d4c5608ce,Transmission Oil - BMW Model 211,BMW Model 211,Bmw,2019.0,,Transmission,4420.0,oem quality long lasting for improved comfort,23.0,3.9,30.0,0,https://example.com/images/transmission_oil_bmw_model_211.jpg,68d0c47d09554c358655174b,68d0c47e09554c358655174d,Tarun Automobiles,,17.423605,78.546314,mid-range,classic,good,Transmission Oil - BMW Model 211 BMW Model 211 Bmw  Transmission oem quality long lasting for improved comfort,0,2025-09-10T00:00:00,2025-08-13T00:00:00
68d141e5b3fce85d4c5608cf,Alternator - Apache RTR 180 V1,Apache RTR 180,Tvs,2024.0,,Electrical,1152.0,oem quality vibration dampening for better fuel economy,17.0,4.6,12.0,0,https://example.com/images/alternator_apache_rtr_180.jpg,68d133bf3952f7cf7dee90b7,68d133bf3952f7cf7dee90b9,Jyothi Automobiles,Hyderabad,17.511409,78.350972,mid-range,modern,excellent,Alternator - Apache RTR 180 V1 Apache RTR 180 Tvs  Electrical oem quality vibration dampening for better fuel economy,0,2025-09-19T00:00:00,2025-08-15T00:00:00
68d141e5b3fce85d4c5608d0,Tire Valve - FZ-X,FZ-X,Yamaha,2022.0,,Wheels & Tires,6597.0,high performance vibration dampening for improved performance,20.0,4.5,12.0,0,https://example.com/images/tire_valve_fz_x.jpg,68d134ac3952f7cf7dee90e3,68d134ac3952f7cf7dee90e5,Shiva sai Automobiles,Mahabubabad,17.594209,80.006903,premium,modern,excellent,Tire Valve - FZ-X FZ-X Yamaha  Wheels & Tires high performance vibration dampening for improved performance,0,2025-09-03T00:00:00,2025-08-20T00:00:00
68d141e5b3fce85d4c5608d1,Transmission Oil - Benelli Model 812,Benelli Model 812,Benelli,2018.0,,Transmission,5930.0,durable maintenance free for reduced maintenance,21.0,4.2,6.0,0,https://example.com/images/transmission_oil_benelli_model_812.jpg,68d0c47d09554c358655174b,68d0c47e09554c358655174d,Tarun Automobiles,,17.423605,78.546314,premium,classic,good,Transmission Oil - Benelli Model 812 Benelli Model 812 Benelli  Transmission durable maintenance free for reduced maintenance,0,2025-08-20T00:00:00,2025-09-19T00:00:00
68d141e5b3fce85d4c5608d2,Fork Oil Seal - Triumph Model 120,Triumph Model 120,Triumph,2019.0,,Suspension,7662.0,professional grade vibration dampening for improved comfort,23.0,3.7,6.0,0,https://example.com/images/fork_oil_seal_triumph_model_120.jpg,68d135d63952f7cf7dee911e,68d135d63952f7cf7dee9120,baskar Automobiles,Medak,18.048948,78.269372,premium,classic,good,Fork Oil Seal - Triumph Model 120 Triumph Model 120 Triumph  Suspension professional grade vibration dampening for improved comfort,0,2025-08-24T00:00:00,2025-08-08T00:00:00
68d141e5b3fce85d4c5608d3,Brake Hose - Triumph Model 972,Triumph Model 972,Triumph,2018.0,,Brakes,2658.0,enhanced maintenance free for smoother operation,17.0,4.3,4.0,0,https://example.com/images/brake_hose_triumph_model_972.jpg,68d133bf3952f7cf7dee90b7,68d133bf3952f7cf7dee90b9,Jyothi Automobiles,Hyderabad,17.511409,78.350972,mid-range,classic,good,Brake Hose - Triumph Model 972 Triumph Model 972 Triumph  Brakes enhanced maintenance free for smoother operation,0,2025-08-27T00:00:00,2025-09-14T00:00:00
68d141e5b3fce85d4c5608d4,Steering Head Bearing - Adventure 390,Adventure 390,Ktm,2021.0,,Suspension,4780.0,durable heat treated for better handling,11.0,4.8,30.0,0,https://example.com/images/steering_head_bearing_adventure_390.jpg,68d0c47d09554c358655174b,68d0c47e09554c358655174d,Tarun Automobiles,,17.423605,78.546314,mid-range,modern,excellent,Steering Head Bearing - Adventure 390 Adventure 390 Ktm  Suspension durable heat treated for better handling,0,2025-08-10T00:00:00,2025-08-17T00:00:00
68d141e5b3fce85d4c5608d5,Piston Kit - BMW Model 169,BMW Model 169,Bmw,2020.0,,Engine,7587.0,heavy duty long lasting for smoother operation,3.0,4.9,4.0,0,https://example.com/images/piston_kit_bmw_model_169.jpg,68d135833952f7cf7dee9109,68d135833952f7cf7dee910b,Mounika Automobiles,Karimnagar,18.435781,79.132861,premium,modern,excellent,Piston Kit - BMW Model 169 BMW Model 169 Bmw  Engine heavy duty long lasting for smoother operation,0,2025-08-04T00:00:00,2025-09-07T00:00:00
68d141e5b3fce85d4c5608d6,Intercooler - Pulsar RS200,Pulsar RS200,Bajaj,2016.0,,Cooling System,2786.0,professional grade noise reducing for smoother operation,7.0,4.1,6.0,0,https://example.com/images/intercooler_pulsar_rs200.jpg,68ac2a8e3c73e23c655de052,68ac2a8f3c73e23c655de054,Swathi Automobiles,Chappal Bazar Road - Kachiguda ,17.38953,78.491245,mid-range,classic,good,Intercooler - Pulsar RS200 Pulsar RS200 Bajaj  Cooling System professional grade noise reducing for smoother operation,0,2025-09-06T00:00:00,2025-08-12T00:00:00
68d141e5b3fce85d4c5608d7,Mirror Set - Pulsar 150,Pulsar 150,Bajaj,2021.0,,Accessories,451.0,lightweight vibration dampening for improved performance,13.0,4.6,24.0,0,https://example.com/images/mirror_set_pulsar_150.jpg,68d135d63952f7cf7dee911e,68d135d63952f7cf7dee9120,baskar Automobiles,Medak,18.048948,78.269372,budget,modern,excellent,Mirror Set - Pulsar 150 Pulsar 150 Bajaj  Accessories lightweight vibration dampening for improved performance,0,2025-08-16T00:00:00,2025-08-02T00:00:00
68d141e5b3fce85d4c5608d8,Immobilizer - Adventure 390,Adventure 390,Ktm,2022.0,,Ignition,951.0,durable long lasting for smoother operation,19.0,4.1,15.0,0,https://example.com/images/immobilizer_adventure_390.jpg,68d135833952f7cf7dee9109,68d135833952f7cf7dee910b,Mounika Automobiles,Karimnagar,18.435781,79.132861,mid-range,modern,good,Immobilizer - Adventure 390 Adventure 390 Ktm  Ignition durable long lasting for smoother operation,0,2025-08-21T00:00:00,2025-08-21T00:00:00
68d141e5b3fce85d4c5608d9,Valve Set - Mahindra Model 219,Mahindra Model 219,Mahindra,2022.0,,Engine,3885.0,oem quality fuel efficient for improved performance,14.0,4.0,9.0,0,https://example.com/images/valve_set_mahindra_model_219.jpg,68d135063952f7cf7dee90f6,68d135063952f7cf7dee90f8,Manoj Automobiles,Dilshknagar,17.367642,78.534282,mid-range,modern,good,Valve Set - Mahindra Model 219 Mahindra Model 219 Mahindra  Engine oem quality fuel efficient for improved performance,0,2025-08-21T00:00:00,2025-09-06T00:00:00
68d141e5b3fce85d4c5608da,Exhaust Clamp - Z900,Z900,Kawasaki,2020.0,,Exhaust,3054.0,oem quality precision engineered for smoother operation,3.0,4.3,18.0,0,https://example.com/images/exhaust_clamp_z900.jpg,68d135d63952f7cf7dee911e,68d135d63952f7cf7dee9120,baskar Automobiles,Medak,18.048948,78.269372,mid-range,modern,good,Exhaust Clamp - Z900 Z900 Kawasaki  Exhaust oem quality precision engineered for smoother operation,0,2025-08-07T00:00:00,2025-09-14T00:00:00
68d141e5b3fce85d4c5608db,Chain Tensioner - Activa 6G,Activa 6G,Honda,2020.0,,Drivetrain,2809.0,high performance long lasting for enhanced durability,7.0,4.9,8.0,0,https://example.com/images/chain_tensioner_activa_6g.jpg,68d135063952f7cf7dee90f6,68d135063952f7cf7dee90f8,Manoj Automobiles,Dilshknagar,17.367642,78.534282,mid-range,modern,excellent,Chain Tensioner - Activa 6G Activa 6G Honda  Drivetrain high performance long lasting for enhanced durability,0,2025-09-20T00:00:00,2025-09-05T00:00:00
68d141e5b3fce85d4c5608dc,Tube - Benelli Model 415,Benelli Model 415,Benelli,2015.0,,Wheels & Tires,6655.0,advanced heat treated for reduced maintenance,4.0,4.1,28.0,0,https://example.com/images/tube_benelli_model_415.jpg,68d135063952f7cf7dee90f6,68d135063952f7cf7dee90f8,Manoj Automobiles,Dilshknagar,17.367642,78.534282,premium,classic,good,Tube - Benelli Model 415 Benelli Model 415 Benelli  Wheels & Tires advanced heat treated for reduced maintenance,0,2025-09-13T00:00:00,2025-08-24T00:00:00
68d141e5b3fce85d4c5608dd,Silencer - Gixxer SF,Gixxer SF,Suzuki,2015.0,,Exhaust,3664.0,oem quality heat treated for improved performance,7.0,4.1,20.0,0,https://example.com/images/silencer_gixxer_sf.jpg,68d133bf3952f7cf7dee90b7,68d133bf3952f7cf7dee90b9,Jyothi Automobiles,Hyderabad,17.511409,78.350972,mid-range,classic,good,Silencer - Gixxer SF Gixxer SF Suzuki  Exhaust oem quality heat treated for improved performance,0,2025-09-15T00:00:00,2025-08-20T00:00:00
68d141e5b3fce85d4c5608de,Alternator - Pulsar NS200,Pulsar NS200,Bajaj,2024.0,,Electrical,691.0,advanced vibration dampening for better fuel economy,20.0,4.2,24.0,0,https://example.com/images/alternator_pulsar_ns200.jpg,68d0c47d09554c358655174b,68d0c47e09554c358655174d,Tarun Automobiles,,17.423605,78.546314,budget,modern,good,Alternator - Pulsar NS200 Pulsar NS200 Bajaj  Electrical advanced vibration dampening for better fuel economy,0,2025-09-08T00:00:00,2025-08-08T00:00:00
68d141e5b3fce85d4c5608df,Starter Relay - Hayabusa,Hayabusa,Suzuki,2019.0,,Ignition,933.0,lightweight noise reducing for smoother operation,14.0,3.8,30.0,0,https://example.com/images/starter_relay_hayabusa.jpg,68d135063952f7cf7dee90f6,68d135063952f7cf7dee90f8,Manoj Automobiles,Dilshknagar,17.367642,78.534282,mid-range,classic,good,Starter Relay - Hayabusa Hayabusa Suzuki  Ignition lightweight noise reducing for smoother operation,0,2025-08-15T00:00:00,2025-09-01T00:00:00
68d141e5b3fce85d4c5608e0,Immobilizer - Mahindra Model 218,Mahindra Model 218,Mahindra,2022.0,,Ignition,845.0,superior eco friendly for improved comfort,10.0,4.7,1.0,0,https://example.com/images/immobilizer_mahindra_model_218.jpg,689d6959045c37933826818b,689d6959045c37933826818d,sai automobiles,RAMNAGAR COLONY PEERZADIGUDA UPPAL HYDERABAD,17.390358,78.606729,budget,modern,excellent,Immobilizer - Mahindra Model 218 Mahindra Model 218 Mahindra  Ignition superior eco friendly for improved comfort,0,2025-08-14T00:00:00,2025-09-12T00:00:00
68d141e5b3fce85d4c5608e1,Fork Oil Seal - Apache RTR 200,Apache RTR 200,Tvs,2019.0,,Suspension,4148.0,oem quality noise reducing for reduced maintenance,9.0,4.6,17.0,0,https://example.com/images/fork_oil_seal_apache_rtr_200.jpg,68d133bf3952f7cf7dee90b7,68d133bf3952f7cf7dee90b9,Jyothi Automobiles,Hyderabad,17.511409,78.350972,mid-range,classic,excellent,Fork Oil Seal - Apache RTR 200 Apache RTR 200 Tvs  Suspension oem quality noise reducing for reduced maintenance,0,2025-08-13T00:00:00,2025-09-21T00:00:00
68d141e5b3fce85d4c5608e2,Coolant Filter - Duke 200,Duke 200,Ktm,2025.0,,Filters,142.0,high performance vibration dampening for increased power,18.0,4.6,20.0,0,https://example.com/images/coolant_filter_duke_200.jpg,68d134ac3952f7cf7dee90e3,68d134ac3952f7cf7dee90e5,Shiva sai Automobiles,Mahabubabad,17.594209,80.006903,budget,modern,excellent,Coolant Filter - Duke 200 Duke 200 Ktm  Filters high performance vibration dampening for increased power,0,2025-09-18T00:00:00,2025-09-01T00:00:00
68d141e6b3fce85d4c5608e3,Cabin Filter - Passion Pro,Passion Pro,Hero,2016.0,,Filters,753.0,enhanced noise reducing for enhanced durability,22.0,3.9,11.0,0,https://example.com/images/cabin_filter_passion_pro.jpg,68d0c47d09554c358655174b,68d0c47e09554c358655174d,Tarun Automobiles,,17.423605,78.546314,budget,classic,good,Cabin Filter - Passion Pro Passion Pro Hero  Filters enhanced noise reducing for enhanced durability,0,2025-08-13T00:00:00,2025-09-01T00:00:00
68d141e6b3fce85d4c5608e4,DB Killer - Continental GT 650,Continental GT 650,Royal Enfield,2019.0,,Exhaust,11942.0,premium quality long lasting for smoother operation,15.0,4.5,3.0,0,https://example.com/images/db_killer_continental_gt_650.jpg,68d136193952f7cf7dee9131,68d136193952f7cf7dee9133,Mahesh Automobiles,Khammam,17.249885,80.15615,premium,classic,excellent,DB Killer - Continental GT 650 Continental GT 650 Royal Enfield  Exhaust premium quality long lasting for smoother operation,0,2025-08-23T00:00:00,2025-08-16T00:00:00
68d141e6b3fce85d4c5608e5,Kick Starter - Classic 350,Classic 350,Royal Enfield,2025.0,,Transmission,6066.0,enhanced fuel efficient for reduced maintenance,2.0,4.1,24.0,0,https://example.com/images/kick_starter_classic_350.jpg,68ac2a8e3c73e23c655de052,68ac2a8f3c73e23c655de054,Swathi Automobiles,Chappal Bazar Road - Kachiguda ,17.38953,78.491245,premium,modern,good,Kick Starter - Classic 350 Classic 350 Royal Enfield  Transmission enhanced fuel efficient for reduced maintenance,0,2025-08-20T00:00:00,2025-09-17T00:00:00
68d141e6b3fce85d4c5608e6,Fuse Box - CT 110X,CT 110X,Bajaj,2021.0,,Electrical,3634.0,premium quality maintenance free for enhanced safety,24.0,3.6,16.0,0,https://example.com/images/fuse_box_ct_110x.jpg,68d135d63952f7cf7dee911e,68d135d63952f7cf7dee9120,baskar Automobiles,Medak,18.048948,78.269372,mid-range,modern,good,Fuse Box - CT 110X CT 110X Bajaj  Electrical premium quality maintenance free for enhanced safety,0,2025-09-21T00:00:00,2025-08-18T00:00:00
68d141e6b3fce85d4c5608e7,Fork Tube - Triumph Model 117,Triumph Model 117,Triumph,2015.0,,Suspension,6910.0,lightweight long lasting for enhanced durability,10.0,4.0,4.0,0,https://example.com/images/fork_tube_triumph_model_117.jpg,68d133bf3952f7cf7dee90b7,68d133bf3952f7cf7dee90b9,Jyothi Automobiles,Hyderabad,17.511409,78.350972,premium,classic,good,Fork Tube - Triumph Model 117 Triumph Model 117 Triumph  Suspension lightweight long lasting for enhanced durability,0,2025-09-04T00:00:00,2025-08-02T00:00:00
68d141e6b3fce85d4c5608e8,Ignition Switch - Shine,Shine,Honda,2021.0,,Ignition,269.0,oem quality corrosion resistant for better handling,17.0,4.6,12.0,0,https://example.com/images/ignition_switch_shine.jpg,68d0c47d09554c358655174b,68d0c47e09554c358655174d,Tarun Automobiles,,17.423605,78.546314,budget,modern,excellent,Ignition Switch - Shine Shine Honda  Ignition oem quality corrosion resistant for better handling,0,2025-08-15T00:00:00,2025-08-17T00:00:00
68d141e6b3fce85d4c5608e9,First Aid Kit - Diavel,Diavel,Ducati,2017.0,,Accessories,338.0,durable maintenance free for better fuel economy,14.0,4.0,16.0,0,https://example.com/images/first_aid_kit_diavel.jpg,68d133bf3952f7cf7dee90b7,68d133bf3952f7cf7dee90b9,Jyothi Automobiles,Hyderabad,17.511409,78.350972,budget,classic,good,First Aid Kit - Diavel Diavel Ducati  Accessories durable maintenance free for better fuel economy,0,2025-08-25T00:00:00,2025-09-20T00:00:00
68d141e6b3fce85d4c5608ea,Throttle Body - V-Strom SX,V-Strom SX,Suzuki,2018.0,,Fuel System,3078.0,lightweight heat treated for better fuel economy,4.0,4.7,21.0,0,https://example.com/images/throttle_body_v_strom_sx.jpg,689d6959045c37933826818b,689d6959045c37933826818d,sai automobiles,RAMNAGAR COLONY PEERZADIGUDA UPPAL HYDERABAD,17.390358,78.606729,mid-range,classic,excellent,Throttle Body - V-Strom SX V-Strom SX Suzuki  Fuel System lightweight heat treated for better fuel economy,0,2025-08-24T00:00:00,2025-09-08T00:00:00
68d141e6b3fce85d4c5608eb,Parking Light - BMW Model 166,BMW Model 166,Bmw,2021.0,,Lighting,5604.0,superior maintenance free for increased power,16.0,4.0,21.0,0,https://example.com/images/parking_light_bmw_model_166.jpg,68d134ac3952f7cf7dee90e3,68d134ac3952f7cf7dee90e5,Shiva sai Automobiles,Mahabubabad,17.594209,80.006903,mid-range,modern,good,Parking Light - BMW Model 166 BMW Model 166 Bmw  Lighting superior maintenance free for increased power,0,2025-08-02T00:00:00,2025-08-14T00:00:00
68d141e6b3fce85d4c5608ec,Fuel Gauge - Triumph Model 632,Triumph Model 632,Triumph,2024.0,,Fuel System,2768.0,enhanced maintenance free for reduced maintenance,5.0,4.0,4.0,0,https://example.com/images/fuel_gauge_triumph_model_632.jpg,68d1346c3952f7cf7dee90d0,68d1346c3952f7cf7dee90d2,Kalyan Automobiles,Bala Nagar,17.475679,78.447328,mid-range,modern,good,Fuel Gauge - Triumph Model 632 Triumph Model 632 Triumph  Fuel System enhanced maintenance free for reduced maintenance,0,2025-08-26T00:00:00,2025-09-02T00:00:00
68d141e6b3fce85d4c5608ed,Starter Motor - Apache RTR 180,Apache RTR 180,Tvs,2020.0,,Electrical,4116.0,lightweight fuel efficient for reduced maintenance,6.0,3.9,12.0,0,https://example.com/images/starter_motor_apache_rtr_180.jpg,689d6959045c37933826818b,689d6959045c37933826818d,sai automobiles,RAMNAGAR COLONY PEERZADIGUDA UPPAL HYDERABAD,17.390358,78.606729,mid-range,modern,good,Starter Motor - Apache RTR 180 Apache RTR 180 Tvs  Electrical lightweight fuel efficient for reduced maintenance,0,2025-08-21T00:00:00,2025-09-03T00:00:00
68d141e6b3fce85d4c5608ee,Valve Set - RC 200,RC 200,Ktm,2025.0,,Engine,9047.0,superior maintenance free for smoother operation,6.0,4.5,24.0,0,https://example.com/images/valve_set_rc_200.jpg,68d134ac3952f7cf7dee90e3,68d134ac3952f7cf7dee90e5,Shiva sai Automobiles,Mahabubabad,17.594209,80.006903,premium,modern,excellent,Valve Set - RC 200 RC 200 Ktm  Engine superior maintenance free for smoother operation,0,2025-08-22T00:00:00,2025-08-21T00:00:00
68d141e6b3fce85d4c5608ef,Engine Gasket Set - Monster,Monster,Ducati,2022.0,,Engine,13769.0,high performance corrosion resistant for better handling,12.0,4.7,16.0,0,https://example.com/images/engine_gasket_set_monster.jpg,68d0c47d09554c358655174b,68d0c47e09554c358655174d,Tarun Automobiles,,17.423605,78.546314,premium,modern,excellent,Engine Gasket Set - Monster Monster Ducati  Engine high performance corrosion resistant for better handling,0,2025-09-16T00:00:00,2025-08-27T00:00:00
68d141e6b3fce85d4c5608f0,First Aid Kit - XDiavel,XDiavel,Ducati,2023.0,,Accessories,1718.0,durable high strength for reduced maintenance,10.0,4.9,14.0,0,https://example.com/images/first_aid_kit_xdiavel.jpg,68d1346c3952f7cf7dee90d0,68d1346c3952f7cf7dee90d2,Kalyan Automobiles,Bala Nagar,17.475679,78.447328,mid-range,modern,excellent,First Aid Kit - XDiavel XDiavel Ducati  Accessories durable high strength for reduced maintenance,0,2025-09-08T00:00:00,2025-08-18T00:00:00
68d141e6b3fce85d4c5608f1,LED Strip - BMW Model 809,BMW Model 809,Bmw,2016.0,,Lighting,5037.0,oem quality maintenance free for enhanced safety,7.0,4.9,26.0,0,https://example.com/images/led_strip_bmw_model_809.jpg,68d133bf3952f7cf7dee90b7,68d133bf3952f7cf7dee90b9,Jyothi Automobiles,Hyderabad,17.511409,78.350972,mid-range,classic,excellent,LED Strip - BMW Model 809 BMW Model 809 Bmw  Lighting oem quality maintenance free for enhanced safety,0,2025-08-16T00:00:00,2025-08-20T00:00:00
68d141e6b3fce85d4c5608f2,Crash Guard - BMW Model 257,BMW Model 257,Bmw,2016.0,,Accessories,2656.0,superior corrosion resistant for longer life,9.0,4.2,26.0,0,https://example.com/images/crash_guard_bmw_model_257.jpg,68d1346c3952f7cf7dee90d0,68d1346c3952f7cf7dee90d2,Kalyan Automobiles,Bala Nagar,17.475679,78.447328,mid-range,classic,good,Crash Guard - BMW Model 257 BMW Model 257 Bmw  Accessories superior corrosion resistant for longer life,0,2025-09-18T00:00:00,2025-08-03T00:00:00
68d141e6b3fce85d4c5608f3,Wire Wheel - Pulsar NS200,Pulsar NS200,Bajaj,2019.0,,Wheels & Tires,4253.0,advanced corrosion resistant for enhanced safety,4.0,3.6,5.0,0,https://example.com/images/wire_wheel_pulsar_ns200.jpg,68d1346c3952f7cf7dee90d0,68d1346c3952f7cf7dee90d2,Kalyan Automobiles,Bala Nagar,17.475679,78.447328,mid-range,classic,good,Wire Wheel - Pulsar NS200 Pulsar NS200 Bajaj  Wheels & Tires advanced corrosion resistant for enhanced safety,0,2025-09-11T00:00:00,2025-08-25T00:00:00
68d141e6b3fce85d4c5608f4,Handlebar Grip - Himalayan,Himalayan,Royal Enfield,2023.0,,Accessories,1209.0,oem quality vibration dampening for enhanced durability,14.0,4.9,21.0,0,https://example.com/images/handlebar_grip_himalayan.jpg,68d135d63952f7cf7dee911e,68d135d63952f7cf7dee9120,baskar Automobiles,Medak,18.048948,78.269372,mid-range,modern,excellent,Handlebar Grip - Himalayan Himalayan Royal Enfield  Accessories oem quality vibration dampening for enhanced durability,0,2025-09-03T00:00:00,2025-08-06T00:00:00
68d141e6b3fce85d4c5608f5,Master Cylinder - Apache RTR 180,Apache RTR 180,Tvs,2024.0,,Brakes,1539.0,oem quality precision engineered for reduced maintenance,20.0,3.6,3.0,0,https://example.com/images/master_cylinder_apache_rtr_180.jpg,68d136193952f7cf7dee9131,68d136193952f7cf7dee9133,Mahesh Automobiles,Khammam,17.249885,80.15615,mid-range,modern,good,Master Cylinder - Apache RTR 180 Apache RTR 180 Tvs  Brakes oem quality precision engineered for reduced maintenance,0,2025-08-19T00:00:00,2025-08-29T00:00:00
68d141e6b3fce85d4c5608f6,Mirror Set - Duke 250,Duke 250,Ktm,2020.0,,Accessories,1883.0,high performance high strength for enhanced durability,21.0,4.3,15.0,0,https://example.com/images/mirror_set_duke_250.jpg,68d135d63952f7cf7dee911e,68d135d63952f7cf7dee9120,baskar Automobiles,Medak,18.048948,78.269372,mid-range,modern,good,Mirror Set - Duke 250 Duke 250 Ktm  Accessories high performance high strength for enhanced durability,0,2025-08-01T00:00:00,2025-08-18T00:00:00
68d141e6b3fce85d4c5608f7,Sprocket Cover - BMW Model 358,BMW Model 358,Bmw,2022.0,,Transmission,7917.0,oem quality eco friendly for better handling,11.0,3.9,19.0,0,https://example.com/images/sprocket_cover_bmw_model_358.jpg,68d136193952f7cf7dee9131,68d136193952f7cf7dee9133,Mahesh Automobiles,Khammam,17.249885,80.15615,premium,modern,good,Sprocket Cover - BMW Model 358 BMW Model 358 Bmw  Transmission oem quality eco friendly for better handling,0,2025-09-06T00:00:00,2025-09-20T00:00:00
68d141e6b3fce85d4c5608f8,Headlight Assembly - Splendor Plus,Splendor Plus,Hero,2017.0,,Lighting,988.0,superior maintenance free for better handling,11.0,4.0,14.0,0,https://example.com/images/headlight_assembly_splendor_plus.jpg,68d134ac3952f7cf7dee90e3,68d134ac3952f7cf7dee90e5,Shiva sai Automobiles,Mahabubabad,17.594209,80.006903,mid-range,classic,good,Headlight Assembly - Splendor Plus Splendor Plus Hero  Lighting superior maintenance free for better handling,0,2025-09-02T00:00:00,2025-08-19T00:00:00
68d141e6b3fce85d4c5608f9,Alternator - Aprilia Model 517,Aprilia Model 517,Aprilia,2025.0,,Electrical,958.0,enhanced long lasting for improved performance,16.0,5.0,4.0,0,https://example.com/images/alternator_aprilia_model_517.jpg,68d136193952f7cf7dee9131,68d136193952f7cf7dee9133,Mahesh Automobiles,Khammam,17.249885,80.15615,mid-range,modern,excellent,Alternator - Aprilia Model 517 Aprilia Model 517 Aprilia  Electrical enhanced long lasting for improved performance,0,2025-08-23T00:00:00,2025-08-11T00:00:00
68d141e6b3fce85d4c5608fa,Grab Rail - Boulevard,Boulevard,Suzuki,2021.0,,Body Parts,1355.0,enhanced precision engineered for enhanced durability,2.0,3.8,28.0,0,https://example.com/images/grab_rail_boulevard.jpg,68d133bf3952f7cf7dee90b7,68d133bf3952f7cf7dee90b9,Jyothi Automobiles,Hyderabad,17.511409,78.350972,mid-range,modern,good,Grab Rail - Boulevard Boulevard Suzuki  Body Parts enhanced precision engineered for enhanced durability,0,2025-08-05T00:00:00,2025-08-28T00:00:00
68d141e6b3fce85d4c5608fb,Throttle Body - Continental GT 650,Continental GT 650,Royal Enfield,2022.0,,Fuel System,3251.0,superior high strength for improved comfort,21.0,4.7,29.0,0,https://example.com/images/throttle_body_continental_gt_650.jpg,68d133bf3952f7cf7dee90b7,68d133bf3952f7cf7dee90b9,Jyothi Automobiles,Hyderabad,17.511409,78.350972,mid-range,modern,excellent,Throttle Body - Continental GT 650 Continental GT 650 Royal Enfield  Fuel System superior high strength for improved comfort,0,2025-08-16T00:00:00,2025-08-23T00:00:00
68d141e6b3fce85d4c5608fc,Number Plate Holder - Harley-Davidson Model 732,Harley-Davidson Model 732,Harley-Davidson,2024.0,,Body Parts,2892.0,oem quality fuel efficient for better handling,22.0,3.7,4.0,0,https://example.com/images/number_plate_holder_harley_davidson_model_732.jpg,68d135063952f7cf7dee90f6,68d135063952f7cf7dee90f8,Manoj Automobiles,Dilshknagar,17.367642,78.534282,mid-range,modern,good,Number Plate Holder - Harley-Davidson Model 732 Harley-Davidson Model 732 Harley-Davidson  Body Parts oem quality fuel efficient for better handling,0,2025-09-18T00:00:00,2025-09-04T00:00:00
68d141e6b3fce85d4c5608fd,Engine Guard - Mahindra Model 160,Mahindra Model 160,Mahindra,2021.0,,Accessories,1182.0,oem quality precision engineered for better fuel economy,12.0,4.6,2.0,0,https://example.com/images/engine_guard_mahindra_model_160.jpg,68d133bf3952f7cf7dee90b7,68d133bf3952f7cf7dee90b9,Jyothi Automobiles,Hyderabad,17.511409,78.350972,mid-range,modern,excellent,Engine Guard - Mahindra Model 160 Mahindra Model 160 Mahindra  Accessories oem quality precision engineered for better fuel economy,0,2025-09-18T00:00:00,2025-09-10T00:00:00
68d141e6b3fce85d4c5608fe,Parking Light - Ninja 300,Ninja 300,Kawasaki,2025.0,,Lighting,2348.0,oem quality maintenance free for enhanced durability,21.0,4.3,2.0,0,https://example.com/images/parking_light_ninja_300.jpg,68ac2a8e3c73e23c655de052,68ac2a8f3c73e23c655de054,Swathi Automobiles,Chappal Bazar Road - Kachiguda ,17.38953,78.491245,mid-range,modern,good,Parking Light - Ninja 300 Ninja 300 Kawasaki  Lighting oem quality maintenance free for enhanced durability,0,2025-09-05T00:00:00,2025-09-11T00:00:00
68d141e6b3fce85d4c5608ff,Fuel Filter - Fascino 125,Fascino 125,Yamaha,2017.0,,Fuel System,2030.0,professional grade vibration dampening for better handling,4.0,4.7,1.0,0,https://example.com/images/fuel_filter_fascino_125.jpg,68d135833952f7cf7dee9109,68d135833952f7cf7dee910b,Mounika Automobiles,Karimnagar,18.435781,79.132861,mid-range,classic,excellent,Fuel Filter - Fascino 125 Fascino 125 Yamaha  Fuel System professional grade vibration dampening for better handling,0,2025-08-07T00:00:00,2025-08-30T00:00:00
68d141e6b3fce85d4c560900,Brake Lever - BMW Model 952,BMW Model 952,Bmw,2017.0,,Brakes,879.0,enhanced high strength for better handling,14.0,4.5,16.0,0,https://example.com/images/brake_lever_bmw_model_952.jpg,68d0c47d09554c358655174b,68d0c47e09554c358655174d,Tarun Automobiles,,17.423605,78.546314,mid-range,classic,excellent,Brake Lever - BMW Model 952 BMW Model 952 Bmw  Brakes enhanced high strength for better handling,0,2025-09-15T00:00:00,2025-08-31T00:00:00
68d141e6b3fce85d4c560901,Header Pipe - SP 125,SP 125,Honda,2015.0,,Exhaust,5610.0,lightweight noise reducing for smoother operation,13.0,4.5,17.0,0,https://example.com/images/header_pipe_sp_125.jpg,689d6959045c37933826818b,689d6959045c37933826818d,sai automobiles,RAMNAGAR COLONY PEERZADIGUDA UPPAL HYDERABAD,17.390358,78.606729,mid-range,classic,excellent,Header Pipe - SP 125 SP 125 Honda  Exhaust lightweight noise reducing for smoother operation,0,2025-08-10T00:00:00,2025-08-21T00:00:00
68d141e6b3fce85d4c560902,Immobilizer - Saluto RX,Saluto RX,Yamaha,2018.0,,Ignition,86.0,durable precision engineered for enhanced durability,3.0,4.1,25.0,0,https://example.com/images/immobilizer_saluto_rx.jpg,68d135833952f7cf7dee9109,68d135833952f7cf7dee910b,Mounika Automobiles,Karimnagar,18.435781,79.132861,budget,classic,good,Immobilizer - Saluto RX Saluto RX Yamaha  Ignition durable precision engineered for enhanced durability,0,2025-08-29T00:00:00,2025-09-14T00:00:00
68d141e6b3fce85d4c560903,Water Hose - Scrambler,Scrambler,Ducati,2016.0,,Cooling System,3651.0,advanced high strength for better fuel economy,6.0,4.3,17.0,0,https://example.com/images/water_hose_scrambler.jpg,68d134ac3952f7cf7dee90e3,68d134ac3952f7cf7dee90e5,Shiva sai Automobiles,Mahabubabad,17.594209,80.006903,mid-range,classic,good,Water Hose - Scrambler Scrambler Ducati  Cooling System advanced high strength for better fuel economy,0,2025-08-23T00:00:00,2025-09-02T00:00:00
68d141e6b3fce85d4c560904,Throttle Body - Harley-Davidson Model 981,Harley-Davidson Model 981,Harley-Davidson,2019.0,,Fuel System,6633.0,durable long lasting for better fuel economy,1.0,4.9,14.0,0,https://example.com/images/throttle_body_harley_davidson_model_981.jpg,68d135063952f7cf7dee90f6,68d135063952f7cf7dee90f8,Manoj Automobiles,Dilshknagar,17.367642,78.534282,premium,classic,excellent,Throttle Body - Harley-Davidson Model 981 Harley-Davidson Model 981 Harley-Davidson  Fuel System durable long lasting for better fuel economy,0,2025-09-15T00:00:00,2025-08-15T00:00:00
68d141e6b3fce85d4c560905,Crash Guard - BMW Model 721,BMW Model 721,Bmw,2025.0,,Accessories,2434.0,durable maintenance free for longer life,25.0,4.9,25.0,0,https://example.com/images/crash_guard_bmw_model_721.jpg,68d136193952f7cf7dee9131,68d136193952f7cf7dee9133,Mahesh Automobiles,Khammam,17.249885,80.15615,mid-range,modern,excellent,Crash Guard - BMW Model 721 BMW Model 721 Bmw  Accessories durable maintenance free for longer life,0,2025-08-16T00:00:00,2025-08-13T00:00:00
68d141e6b3fce85d4c560906,Wheel Balancing Weight - Mahindra Model 798,Mahindra Model 798,Mahindra,2023.0,,Wheels & Tires,3778.0,advanced corrosion resistant for improved performance,20.0,4.6,16.0,0,https://example.com/images/wheel_balancing_weight_mahindra_model_798.jpg,68d136193952f7cf7dee9131,68d136193952f7cf7dee9133,Mahesh Automobiles,Khammam,17.249885,80.15615,mid-range,modern,excellent,Wheel Balancing Weight - Mahindra Model 798 Mahindra Model 798 Mahindra  Wheels & Tires advanced corrosion resistant for improved performance,0,2025-08-01T00:00:00,2025-08-19T00:00:00
68d141e6b3fce85d4c560907,Fuse Box - Avenis,Avenis,Suzuki,2015.0,,Electrical,4129.0,heavy duty corrosion resistant for better fuel economy,20.0,5.0,21.0,0,https://example.com/images/fuse_box_avenis.jpg,68d135063952f7cf7dee90f6,68d135063952f7cf7dee90f8,Manoj Automobiles,Dilshknagar,17.367642,78.534282,mid-range,classic,excellent,Fuse Box - Avenis Avenis Suzuki  Electrical heavy duty corrosion resistant for better fuel economy,0,2025-08-01T00:00:00,2025-08-16T00:00:00
68d141e6b3fce85d4c560908,Reserve Tank - Benelli Model 566,Benelli Model 566,Benelli,2020.0,,Fuel System,2858.0,oem quality high strength for reduced maintenance,16.0,4.8,11.0,0,https://example.com/images/reserve_tank_benelli_model_566.jpg,68d136193952f7cf7dee9131,68d136193952f7cf7dee9133,Mahesh Automobiles,Khammam,17.249885,80.15615,mid-range,modern,excellent,Reserve Tank - Benelli Model 566 Benelli Model 566 Benelli  Fuel System oem quality high strength for reduced maintenance,0,2025-09-13T00:00:00,2025-08-01T00:00:00
68d141e6b3fce85d4c560909,Mobile Holder - Maestro Edge,Maestro Edge,Hero,2022.0,,Accessories,335.0,enhanced heat treated for better handling,21.0,4.4,10.0,0,https://example.com/images/mobile_holder_maestro_edge.jpg,68d135063952f7cf7dee90f6,68d135063952f7cf7dee90f8,Manoj Automobiles,Dilshknagar,17.367642,78.534282,budget,modern,good,Mobile Holder - Maestro Edge Maestro Edge Hero  Accessories enhanced heat treated for better handling,0,2025-09-19T00:00:00,2025-08-28T00:00:00
68d141e6b3fce85d4c56090a,Side Panel - Harley-Davidson Model 860,Harley-Davidson Model 860,Harley-Davidson,2021.0,,Body Parts,814.0,professional grade corrosion resistant for enhanced durability,3.0,3.9,22.0,0,https://example.com/images/side_panel_harley_davidson_model_860.jpg,68d1346c3952f7cf7dee90d0,68d1346c3952f7cf7dee90d2,Kalyan Automobiles,Bala Nagar,17.475679,78.447328,budget,modern,good,Side Panel - Harley-Davidson Model 860 Harley-Davidson Model 860 Harley-Davidson  Body Parts professional grade corrosion resistant for enhanced durability,0,2025-08-14T00:00:00,2025-08-20T00:00:00
68d141e6b3fce85d4c56090b,Tail Light - Scram 411,Scram 411,Royal Enfield,2020.0,,Lighting,1353.0,professional grade long lasting for improved performance,22.0,4.9,21.0,0,https://example.com/images/tail_light_scram_411.jpg,68d134ac3952f7cf7dee90e3,68d134ac3952f7cf7dee90e5,Shiva sai Automobiles,Mahabubabad,17.594209,80.006903,mid-range,modern,excellent,Tail Light - Scram 411 Scram 411 Royal Enfield  Lighting professional grade long lasting for improved performance,0,2025-08-16T00:00:00,2025-08-17T00:00:00
68d141e6b3fce85d4c56090c,Tire Valve - Scrambler,Scrambler,Ducati,2023.0,,Wheels & Tires,6684.0,enhanced noise reducing for improved comfort,20.0,4.7,14.0,0,https://example.com/images/tire_valve_scrambler.jpg,68d135d63952f7cf7dee911e,68d135d63952f7cf7dee9120,baskar Automobiles,Medak,18.048948,78.269372,premium,modern,excellent,Tire Valve - Scrambler Scrambler Ducati  Wheels & Tires enhanced noise reducing for improved comfort,0,2025-09-07T00:00:00,2025-08-04T00:00:00
68d141e6b3fce85d4c56090d,Handlebar Grip - Mahindra Model 567,Mahindra Model 567,Mahindra,2022.0,,Accessories,1832.0,oem quality fuel efficient for improved comfort,16.0,4.1,23.0,0,https://example.com/images/handlebar_grip_mahindra_model_567.jpg,68ac2a8e3c73e23c655de052,68ac2a8f3c73e23c655de054,Swathi Automobiles,Chappal Bazar Road - Kachiguda ,17.38953,78.491245,mid-range,modern,good,Handlebar Grip - Mahindra Model 567 Mahindra Model 567 Mahindra  Accessories oem quality fuel efficient for improved comfort,0,2025-09-15T00:00:00,2025-08-24T00:00:00
68d141e6b3fce85d4c56090e,Valve Set - Harley-Davidson Model 347,Harley-Davidson Model 347,Harley-Davidson,2019.0,,Engine,7810.0,high performance high strength for reduced maintenance,3.0,4.6,23.0,0,https://example.com/images/valve_set_harley_davidson_model_347.jpg,68d136193952f7cf7dee9131,68d136193952f7cf7dee9133,Mahesh Automobiles,Khammam,17.249885,80.15615,premium,classic,excellent,Valve Set - Harley-Davidson Model 347 Harley-Davidson Model 347 Harley-Davidson  Engine high performance high strength for reduced maintenance,0,2025-09-12T00:00:00,2025-09-13T00:00:00
68d141e6b3fce85d4c56090f,CVT Kit - Avenis,Avenis,Suzuki,2020.0,,Drivetrain,3006.0,durable eco friendly for reduced maintenance,8.0,3.7,20.0,0,https://example.com/images/cvt_kit_avenis.jpg,68d133bf3952f7cf7dee90b7,68d133bf3952f7cf7dee90b9,Jyothi Automobiles,Hyderabad,17.511409,78.350972,mid-range,modern,good,CVT Kit - Avenis Avenis Suzuki  Drivetrain durable eco friendly for reduced maintenance,0,2025-08-01T00:00:00,2025-08-21T00:00:00
68d141e6b3fce85d4c560910,Side Stand - Aprilia Model 314,Aprilia Model 314,Aprilia,2018.0,,Body Parts,2086.0,oem quality corrosion resistant for improved comfort,9.0,4.2,30.0,0,https://example.com/images/side_stand_aprilia_model_314.jpg,689d6959045c37933826818b,689d6959045c37933826818d,sai automobiles,RAMNAGAR COLONY PEERZADIGUDA UPPAL HYDERABAD,17.390358,78.606729,mid-range,classic,good,Side Stand - Aprilia Model 314 Aprilia Model 314 Aprilia  Body Parts oem quality corrosion resistant for improved comfort,0,2025-08-24T00:00:00,2025-08-09T00:00:00
68d141e6b3fce85d4c560911,Valve Set - Boulevard,Boulevard,Suzuki,2016.0,,Engine,14465.0,advanced noise reducing for better fuel economy,24.0,4.3,19.0,0,https://example.com/images/valve_set_boulevard.jpg,68d133bf3952f7cf7dee90b7,68d133bf3952f7cf7dee90b9,Jyothi Automobiles,Hyderabad,17.511409,78.350972,premium,classic,good,Valve Set - Boulevard Boulevard Suzuki  Engine advanced noise reducing for better fuel economy,0,2025-08-13T00:00:00,2025-08-24T00:00:00
68d141e6b3fce85d4c560912,Air Filter - Avenger 220,Avenger 220,Bajaj,2022.0,,Filters,755.0,professional grade heat treated for enhanced safety,20.0,4.4,5.0,0,https://example.com/images/air_filter_avenger_220.jpg,68d136193952f7cf7dee9131,68d136193952f7cf7dee9133,Mahesh Automobiles,Khammam,17.249885,80.15615,budget,modern,good,Air Filter - Avenger 220 Avenger 220 Bajaj  Filters professional grade heat treated for enhanced safety,0,2025-09-01T00:00:00,2025-08-20T00:00:00
68d141e6b3fce85d4c560913,Chain - BMW Model 720,BMW Model 720,Bmw,2016.0,,Drivetrain,1285.0,lightweight corrosion resistant for enhanced safety,13.0,3.8,24.0,0,https://example.com/images/chain_bmw_model_720.jpg,68d1346c3952f7cf7dee90d0,68d1346c3952f7cf7dee90d2,Kalyan Automobiles,Bala Nagar,17.475679,78.447328,mid-range,classic,good,Chain - BMW Model 720 BMW Model 720 Bmw  Drivetrain lightweight corrosion resistant for enhanced safety,0,2025-08-31T00:00:00,2025-09-04T00:00:00
68d141e6b3fce85d4c560914,Gear Shift Lever - Benelli Model 697,Benelli Model 697,Benelli,2025.0,,Transmission,6731.0,durable fuel efficient for better fuel economy,22.0,4.1,10.0,0,https://example.com/images/gear_shift_lever_benelli_model_697.jpg,68ac2a8e3c73e23c655de052,68ac2a8f3c73e23c655de054,Swathi Automobiles,Chappal Bazar Road - Kachiguda ,17.38953,78.491245,premium,modern,good,Gear Shift Lever - Benelli Model 697 Benelli Model 697 Benelli  Transmission durable fuel efficient for better fuel economy,0,2025-08-06T00:00:00,2025-09-05T00:00:00
68d141e6b3fce85d4c560915,Fog Light - Fascino 125,Fascino 125,Yamaha,2024.0,,Lighting,1816.0,heavy duty corrosion resistant for improved performance,10.0,3.7,2.0,0,https://example.com/images/fog_light_fascino_125.jpg,68d135d63952f7cf7dee911e,68d135d63952f7cf7dee9120,baskar Automobiles,Medak,18.048948,78.269372,mid-range,modern,good,Fog Light - Fascino 125 Fascino 125 Yamaha  Lighting heavy duty corrosion resistant for improved performance,0,2025-08-31T00:00:00,2025-09-01T00:00:00
68d141e6b3fce85d4c560916,Catalytic Converter - Passion Pro,Passion Pro,Hero,2015.0,,Exhaust,11610.0,high performance corrosion resistant for enhanced durability,24.0,3.5,3.0,0,https://example.com/images/catalytic_converter_passion_pro.jpg,68d133bf3952f7cf7dee90b7,68d133bf3952f7cf7dee90b9,Jyothi Automobiles,Hyderabad,17.511409,78.350972,premium,classic,good,Catalytic Converter - Passion Pro Passion Pro Hero  Exhaust high performance corrosion resistant for enhanced durability,0,2025-08-31T00:00:00,2025-08-29T00:00:00
68d141e6b3fce85d4c560917,Gear Box - Ninja 400,Ninja 400,Kawasaki,2024.0,,Transmission,5970.0,advanced eco friendly for better handling,7.0,5.0,28.0,0,https://example.com/images/gear_box_ninja_400.jpg,68d0c47d09554c358655174b,68d0c47e09554c358655174d,Tarun Automobiles,,17.423605,78.546314,premium,modern,excellent,Gear Box - Ninja 400 Ninja 400 Kawasaki  Transmission advanced eco friendly for better handling,0,2025-08-19T00:00:00,2025-09-07T00:00:00
68d141e6b3fce85d4c560918,Starter Relay - Triumph Model 388,Triumph Model 388,Triumph,2022.0,,Ignition,164.0,enhanced vibration dampening for improved performance,10.0,4.1,29.0,0,https://example.com/images/starter_relay_triumph_model_388.jpg,68d135833952f7cf7dee9109,68d135833952f7cf7dee910b,Mounika Automobiles,Karimnagar,18.435781,79.132861,budget,modern,good,Starter Relay - Triumph Model 388 Triumph Model 388 Triumph  Ignition enhanced vibration dampening for improved performance,0,2025-08-09T00:00:00,2025-09-14T00:00:00
68d141e6b3fce85d4c560919,Radiator Cap - Mahindra Model 304,Mahindra Model 304,Mahindra,2019.0,,Cooling System,3614.0,oem quality heat treated for improved comfort,13.0,4.4,14.0,0,https://example.com/images/radiator_cap_mahindra_model_304.jpg,68d136193952f7cf7dee9131,68d136193952f7cf7dee9133,Mahesh Automobiles,Khammam,17.249885,80.15615,mid-range,classic,good,Radiator Cap - Mahindra Model 304 Mahindra Model 304 Mahindra  Cooling System oem quality heat treated for improved comfort,0,2025-08-27T00:00:00,2025-08-07T00:00:00
68d141e6b3fce85d4c56091a,Cabin Filter - Avenis,Avenis,Suzuki,2024.0,,Filters,767.0,oem quality noise reducing for better fuel economy,23.0,3.5,30.0,0,https://example.com/images/cabin_filter_avenis.jpg,68d136193952f7cf7dee9131,68d136193952f7cf7dee9133,Mahesh Automobiles,Khammam,17.249885,80.15615,budget,modern,good,Cabin Filter - Avenis Avenis Suzuki  Filters oem quality noise reducing for better fuel economy,0,2025-08-18T00:00:00,2025-08-08T00:00:00
68d141e6b3fce85d4c56091b,Rear Cowl - Benelli Model 611,Benelli Model 611,Benelli,2022.0,,Body Parts,2905.0,superior noise reducing for better handling,21.0,4.0,7.0,0,https://example.com/images/rear_cowl_benelli_model_611.jpg,68d135d63952f7cf7dee911e,68d135d63952f7cf7dee9120,baskar Automobiles,Medak,18.048948,78.269372,mid-range,modern,good,Rear Cowl - Benelli Model 611 Benelli Model 611 Benelli  Body Parts superior noise reducing for better handling,0,2025-09-19T00:00:00,2025-09-01T00:00:00
68d141e6b3fce85d4c56091c,Throttle Body - Mahindra Model 604,Mahindra Model 604,Mahindra,2023.0,,Fuel System,3345.0,premium quality eco friendly for enhanced safety,23.0,4.1,21.0,0,https://example.com/images/throttle_body_mahindra_model_604.jpg,689d6959045c37933826818b,689d6959045c37933826818d,sai automobiles,RAMNAGAR COLONY PEERZADIGUDA UPPAL HYDERABAD,17.390358,78.606729,mid-range,modern,good,Throttle Body - Mahindra Model 604 Mahindra Model 604 Mahindra  Fuel System premium quality eco friendly for enhanced safety,0,2025-08-21T00:00:00,2025-08-13T00:00:00
68d141e6b3fce85d4c56091d,Carbon Filter - YZF-R3,YZF-R3,Yamaha,2022.0,,Filters,636.0,lightweight long lasting for enhanced safety,12.0,4.3,5.0,0,https://example.com/images/carbon_filter_yzf_r3.jpg,68d1346c3952f7cf7dee90d0,68d1346c3952f7cf7dee90d2,Kalyan Automobiles,Bala Nagar,17.475679,78.447328,budget,modern,good,Carbon Filter - YZF-R3 YZF-R3 Yamaha  Filters lightweight long lasting for enhanced safety,0,2025-08-25T00:00:00,2025-08-01T00:00:00
68d141e6b3fce85d4c56091e,Brake Caliper - Shotgun 650,Shotgun 650,Royal Enfield,2017.0,,Brakes,1899.0,oem quality vibration dampening for better handling,13.0,3.7,17.0,0,https://example.com/images/brake_caliper_shotgun_650.jpg,68d133bf3952f7cf7dee90b7,68d133bf3952f7cf7dee90b9,Jyothi Automobiles,Hyderabad,17.511409,78.350972,mid-range,classic,good,Brake Caliper - Shotgun 650 Shotgun 650 Royal Enfield  Brakes oem quality vibration dampening for better handling,0,2025-09-18T00:00:00,2025-08-15T00:00:00
68d141e6b3fce85d4c56091f,Heat Shield - Avenger 220,Avenger 220,Bajaj,2016.0,,Exhaust,7245.0,advanced vibration dampening for enhanced safety,23.0,4.5,19.0,0,https://example.com/images/heat_shield_avenger_220.jpg,68d135833952f7cf7dee9109,68d135833952f7cf7dee910b,Mounika Automobiles,Karimnagar,18.435781,79.132861,premium,classic,excellent,Heat Shield - Avenger 220 Avenger 220 Bajaj  Exhaust advanced vibration dampening for enhanced safety,0,2025-09-06T00:00:00,2025-08-02T00:00:00
68d141e6b3fce85d4c560920,Hazard Light Switch - Adventure 250,Adventure 250,Ktm,2017.0,,Lighting,1669.0,lightweight precision engineered for improved comfort,19.0,3.9,7.0,0,https://example.com/images/hazard_light_switch_adventure_250.jpg,68d135d63952f7cf7dee911e,68d135d63952f7cf7dee9120,baskar Automobiles,Medak,18.048948,78.269372,mid-range,classic,good,Hazard Light Switch - Adventure 250 Adventure 250 Ktm  Lighting lightweight precision engineered for improved comfort,0,2025-08-20T00:00:00,2025-08-03T00:00:00
68d141e6b3fce85d4c560921,Drive Belt - Himalayan,Himalayan,Royal Enfield,2021.0,,Drivetrain,3333.0,superior vibration dampening for enhanced safety,12.0,3.6,14.0,0,https://example.com/images/drive_belt_himalayan.jpg,68d133bf3952f7cf7dee90b7,68d133bf3952f7cf7dee90b9,Jyothi Automobiles,Hyderabad,17.511409,78.350972,mid-range,modern,good,Drive Belt - Himalayan Himalayan Royal Enfield  Drivetrain superior vibration dampening for enhanced safety,0,2025-08-28T00:00:00,2025-08-23T00:00:00
68d141e6b3fce85d4c560922,Oil Filter - Aprilia Model 741,Aprilia Model 741,Aprilia,2018.0,,Filters,367.0,superior heat treated for increased power,3.0,4.0,25.0,0,https://example.com/images/oil_filter_aprilia_model_741.jpg,68d134ac3952f7cf7dee90e3,68d134ac3952f7cf7dee90e5,Shiva sai Automobiles,Mahabubabad,17.594209,80.006903,budget,classic,good,Oil Filter - Aprilia Model 741 Aprilia Model 741 Aprilia  Filters superior heat treated for increased power,0,2025-08-31T00:00:00,2025-09-16T00:00:00
68d141e6b3fce85d4c560923,Headlight Assembly - FZ-X,FZ-X,Yamaha,2017.0,,Lighting,1254.0,oem quality eco friendly for increased power,1.0,4.0,9.0,0,https://example.com/images/headlight_assembly_fz_x.jpg,68d133bf3952f7cf7dee90b7,68d133bf3952f7cf7dee90b9,Jyothi Automobiles,Hyderabad,17.511409,78.350972,mid-range,classic,good,Headlight Assembly - FZ-X FZ-X Yamaha  Lighting oem quality eco friendly for increased power,0,2025-08-01T00:00:00,2025-09-20T00:00:00
68d141e6b3fce85d4c560924,Carbon Filter - Z650,Z650,Kawasaki,2021.0,,Filters,620.0,heavy duty long lasting for reduced maintenance,22.0,4.6,28.0,0,https://example.com/images/carbon_filter_z650.jpg,689d6959045c37933826818b,689d6959045c37933826818d,sai automobiles,RAMNAGAR COLONY PEERZADIGUDA UPPAL HYDERABAD,17.390358,78.606729,budget,modern,excellent,Carbon Filter - Z650 Z650 Kawasaki  Filters heavy duty long lasting for reduced maintenance,0,2025-09-06T00:00:00,2025-08-15T00:00:00
68d141e6b3fce85d4c560925,Starter Motor - Adventure 250,Adventure 250,Ktm,2020.0,,Electrical,3206.0,durable noise reducing for increased power,15.0,4.6,23.0,0,https://example.com/images/starter_motor_adventure_250.jpg,68d1346c3952f7cf7dee90d0,68d1346c3952f7cf7dee90d2,Kalyan Automobiles,Bala Nagar,17.475679,78.447328,mid-range,modern,excellent,Starter Motor - Adventure 250 Adventure 250 Ktm  Electrical durable noise reducing for increased power,0,2025-09-08T00:00:00,2025-08-12T00:00:00
68d141e6b3fce85d4c560926,Wiring Harness - Mahindra Model 820,Mahindra Model 820,Mahindra,2015.0,,Electrical,4978.0,lightweight high strength for better fuel economy,24.0,4.9,21.0,0,https://example.com/images/wiring_harness_mahindra_model_820.jpg,68d136193952f7cf7dee9131,68d136193952f7cf7dee9133,Mahesh Automobiles,Khammam,17.249885,80.15615,mid-range,classic,excellent,Wiring Harness - Mahindra Model 820 Mahindra Model 820 Mahindra  Electrical lightweight high strength for better fuel economy,0,2025-08-29T00:00:00,2025-08-15T00:00:00
68d141e6b3fce85d4c560927,Pressure Plate - Benelli Model 498,Benelli Model 498,Benelli,2018.0,,Transmission,5534.0,high performance high strength for improved comfort,7.0,4.0,3.0,0,https://example.com/images/pressure_plate_benelli_model_498.jpg,68d134ac3952f7cf7dee90e3,68d134ac3952f7cf7dee90e5,Shiva sai Automobiles,Mahabubabad,17.594209,80.006903,mid-range,classic,good,Pressure Plate - Benelli Model 498 Benelli Model 498 Benelli  Transmission high performance high strength for improved comfort,0,2025-08-22T00:00:00,2025-08-31T00:00:00
68d141e6b3fce85d4c560928,Hub Bearing - CB Hornet 2.0,CB Hornet 2.0,Honda,2025.0,,Wheels & Tires,1808.0,enhanced maintenance free for longer life,21.0,4.6,20.0,0,https://example.com/images/hub_bearing_cb_hornet_2.0.jpg,68ac2a8e3c73e23c655de052,68ac2a8f3c73e23c655de054,Swathi Automobiles,Chappal Bazar Road - Kachiguda ,17.38953,78.491245,mid-range,modern,excellent,Hub Bearing - CB Hornet 2.0 CB Hornet 2.0 Honda  Wheels & Tires enhanced maintenance free for longer life,0,2025-09-09T00:00:00,2025-09-18T00:00:00
68d141e6b3fce85d4c560929,Brake Hose - CT 110X,CT 110X,Bajaj,2016.0,,Brakes,2665.0,high performance heat treated for smoother operation,11.0,4.7,25.0,0,https://example.com/images/brake_hose_ct_110x.jpg,689d6959045c37933826818b,689d6959045c37933826818d,sai automobiles,RAMNAGAR COLONY PEERZADIGUDA UPPAL HYDERABAD,17.390358,78.606729,mid-range,classic,excellent,Brake Hose - CT 110X CT 110X Bajaj  Brakes high performance heat treated for smoother operation,0,2025-08-02T00:00:00,2025-09-18T00:00:00
68d141e6b3fce85d4c56092a,Engine Guard - Triumph Model 705,Triumph Model 705,Triumph,2021.0,,Accessories,1787.0,superior eco friendly for enhanced durability,25.0,4.6,13.0,0,https://example.com/images/engine_guard_triumph_model_705.jpg,68d135063952f7cf7dee90f6,68d135063952f7cf7dee90f8,Manoj Automobiles,Dilshknagar,17.367642,78.534282,mid-range,modern,excellent,Engine Guard - Triumph Model 705 Triumph Model 705 Triumph  Accessories superior eco friendly for enhanced durability,0,2025-09-08T00:00:00,2025-08-08T00:00:00
68d141e6b3fce85d4c56092b,USB Charger - Harley-Davidson Model 296,Harley-Davidson Model 296,Harley-Davidson,2020.0,,Accessories,1215.0,oem quality maintenance free for smoother operation,24.0,4.1,19.0,0,https://example.com/images/usb_charger_harley_davidson_model_296.jpg,68ac2a8e3c73e23c655de052,68ac2a8f3c73e23c655de054,Swathi Automobiles,Chappal Bazar Road - Kachiguda ,17.38953,78.491245,mid-range,modern,good,USB Charger - Harley-Davidson Model 296 Harley-Davidson Model 296 Harley-Davidson  Accessories oem quality maintenance free for smoother operation,0,2025-09-20T00:00:00,2025-09-08T00:00:00
68d141e6b3fce85d4c56092c,Final Drive - XDiavel,XDiavel,Ducati,2021.0,,Transmission,1555.0,heavy duty vibration dampening for smoother operation,18.0,3.7,6.0,0,https://example.com/images/final_drive_xdiavel.jpg,68d133bf3952f7cf7dee90b7,68d133bf3952f7cf7dee90b9,Jyothi Automobiles,Hyderabad,17.511409,78.350972,mid-range,modern,good,Final Drive - XDiavel XDiavel Ducati  Transmission heavy duty vibration dampening for smoother operation,0,2025-08-03T00:00:00,2025-09-07T00:00:00
68d141e6b3fce85d4c56092d,Rear Spring - Jupiter,Jupiter,Tvs,2025.0,,Suspension,4941.0,advanced heat treated for improved performance,15.0,3.9,17.0,0,https://example.com/images/rear_spring_jupiter.jpg,68d133bf3952f7cf7dee90b7,68d133bf3952f7cf7dee90b9,Jyothi Automobiles,Hyderabad,17.511409,78.350972,mid-range,modern,good,Rear Spring - Jupiter Jupiter Tvs  Suspension advanced heat treated for improved performance,0,2025-09-10T00:00:00,2025-09-02T00:00:00
68d141e6b3fce85d4c56092e,Brake Cable - Karizma XMR,Karizma XMR,Hero,2021.0,,Brakes,430.0,oem quality precision engineered for longer life,22.0,3.5,11.0,0,https://example.com/images/brake_cable_karizma_xmr.jpg,68d0c47d09554c358655174b,68d0c47e09554c358655174d,Tarun Automobiles,,17.423605,78.546314,budget,modern,good,Brake Cable - Karizma XMR Karizma XMR Hero  Brakes oem quality precision engineered for longer life,0,2025-09-04T00:00:00,2025-08-02T00:00:00
68d141e6b3fce85d4c56092f,Catalytic Converter - Xpulse 200,Xpulse 200,Hero,2018.0,,Exhaust,11264.0,heavy duty high strength for longer life,6.0,5.0,9.0,0,https://example.com/images/catalytic_converter_xpulse_200.jpg,68d0c47d09554c358655174b,68d0c47e09554c358655174d,Tarun Automobiles,,17.423605,78.546314,premium,classic,excellent,Catalytic Converter - Xpulse 200 Xpulse 200 Hero  Exhaust heavy duty high strength for longer life,0,2025-08-30T00:00:00,2025-08-13T00:00:00
68d141e6b3fce85d4c560930,Air Filter - Aprilia Model 322,Aprilia Model 322,Aprilia,2019.0,,Filters,784.0,enhanced noise reducing for enhanced durability,3.0,3.6,10.0,0,https://example.com/images/air_filter_aprilia_model_322.jpg,689d6959045c37933826818b,689d6959045c37933826818d,sai automobiles,RAMNAGAR COLONY PEERZADIGUDA UPPAL HYDERABAD,17.390358,78.606729,budget,classic,good,Air Filter - Aprilia Model 322 Aprilia Model 322 Aprilia  Filters enhanced noise reducing for enhanced durability,0,2025-08-09T00:00:00,2025-09-20T00:00:00
68d141e6b3fce85d4c560931,Coolant Pump - Avenger 160,Avenger 160,Bajaj,2025.0,,Cooling System,2153.0,superior eco friendly for better handling,3.0,3.6,9.0,0,https://example.com/images/coolant_pump_avenger_160.jpg,68d0c47d09554c358655174b,68d0c47e09554c358655174d,Tarun Automobiles,,17.423605,78.546314,mid-range,modern,good,Coolant Pump - Avenger 160 Avenger 160 Bajaj  Cooling System superior eco friendly for better handling,0,2025-08-22T00:00:00,2025-09-12T00:00:00
68d141e6b3fce85d4c560932,Temperature Sensor - Pulsar 150,Pulsar 150,Bajaj,2021.0,,Cooling System,7869.0,advanced noise reducing for better handling,5.0,3.7,20.0,0,https://example.com/images/temperature_sensor_pulsar_150.jpg,68d135063952f7cf7dee90f6,68d135063952f7cf7dee90f8,Manoj Automobiles,Dilshknagar,17.367642,78.534282,premium,modern,good,Temperature Sensor - Pulsar 150 Pulsar 150 Bajaj  Cooling System advanced noise reducing for better handling,0,2025-08-31T00:00:00,2025-08-07T00:00:00
68d141e6b3fce85d4c560933,Tank Cap - Benelli Model 233,Benelli Model 233,Benelli,2015.0,,Fuel System,5290.0,oem quality vibration dampening for enhanced durability,25.0,4.5,24.0,0,https://example.com/images/tank_cap_benelli_model_233.jpg,68ac2a8e3c73e23c655de052,68ac2a8f3c73e23c655de054,Swathi Automobiles,Chappal Bazar Road - Kachiguda ,17.38953,78.491245,mid-range,classic,excellent,Tank Cap - Benelli Model 233 Benelli Model 233 Benelli  Fuel System oem quality vibration dampening for enhanced durability,0,2025-09-18T00:00:00,2025-08-18T00:00:00
68d141e6b3fce85d4c560934,Rear Shock Absorber - Aprilia Model 781,Aprilia Model 781,Aprilia,2021.0,,Suspension,3035.0,premium quality noise reducing for smoother operation,7.0,3.9,25.0,0,https://example.com/images/rear_shock_absorber_aprilia_model_781.jpg,689d6959045c37933826818b,689d6959045c37933826818d,sai automobiles,RAMNAGAR COLONY PEERZADIGUDA UPPAL HYDERABAD,17.390358,78.606729,mid-range,modern,good,Rear Shock Absorber - Aprilia Model 781 Aprilia Model 781 Aprilia  Suspension premium quality noise reducing for smoother operation,0,2025-09-14T00:00:00,2025-09-05T00:00:00
68d141e6b3fce85d4c560935,Rim - Gixxer,Gixxer,Suzuki,2024.0,,Wheels & Tires,3982.0,advanced precision engineered for smoother operation,16.0,4.1,13.0,0,https://example.com/images/rim_gixxer.jpg,68d133bf3952f7cf7dee90b7,68d133bf3952f7cf7dee90b9,Jyothi Automobiles,Hyderabad,17.511409,78.350972,mid-range,modern,good,Rim - Gixxer Gixxer Suzuki  Wheels & Tires advanced precision engineered for smoother operation,0,2025-09-15T00:00:00,2025-08-01T00:00:00
68d141e6b3fce85d4c560936,Silencer - Triumph Model 574,Triumph Model 574,Triumph,2021.0,,Exhaust,9947.0,oem quality eco friendly for increased power,14.0,4.6,6.0,0,https://example.com/images/silencer_triumph_model_574.jpg,68d1346c3952f7cf7dee90d0,68d1346c3952f7cf7dee90d2,Kalyan Automobiles,Bala Nagar,17.475679,78.447328,premium,modern,excellent,Silencer - Triumph Model 574 Triumph Model 574 Triumph  Exhaust oem quality eco friendly for increased power,0,2025-09-01T00:00:00,2025-09-15T00:00:00
68d141e6b3fce85d4c560937,Performance Exhaust - Meteor 350,Meteor 350,Royal Enfield,2022.0,,Exhaust,10652.0,premium quality eco friendly for enhanced safety,9.0,4.2,23.0,0,https://example.com/images/performance_exhaust_meteor_350.jpg,68d133bf3952f7cf7dee90b7,68d133bf3952f7cf7dee90b9,Jyothi Automobiles,Hyderabad,17.511409,78.350972,premium,modern,good,Performance Exhaust - Meteor 350 Meteor 350 Royal Enfield  Exhaust premium quality eco friendly for enhanced safety,0,2025-08-25T00:00:00,2025-09-05T00:00:00
68d141e6b3fce85d4c560938,Mobile Holder - SP 125,SP 125,Honda,2015.0,,Accessories,279.0,high performance corrosion resistant for increased power,23.0,4.0,4.0,0,https://example.com/images/mobile_holder_sp_125.jpg,68d135063952f7cf7dee90f6,68d135063952f7cf7dee90f8,Manoj Automobiles,Dilshknagar,17.367642,78.534282,budget,classic,good,Mobile Holder - SP 125 SP 125 Honda  Accessories high performance corrosion resistant for increased power,0,2025-09-05T00:00:00,2025-09-04T00:00:00
68d141e6b3fce85d4c560939,Tire Valve - Meteor 350,Meteor 350,Royal Enfield,2021.0,,Wheels & Tires,5657.0,premium quality maintenance free for enhanced safety,8.0,4.2,8.0,0,https://example.com/images/tire_valve_meteor_350.jpg,68d134ac3952f7cf7dee90e3,68d134ac3952f7cf7dee90e5,Shiva sai Automobiles,Mahabubabad,17.594209,80.006903,premium,modern,good,Tire Valve - Meteor 350 Meteor 350 Royal Enfield  Wheels & Tires premium quality maintenance free for enhanced safety,0,2025-09-05T00:00:00,2025-09-11T00:00:00
68d141e6b3fce85d4c56093a,Gear Shift Lever - Ninja 300,Ninja 300,Kawasaki,2021.0,,Transmission,4610.0,heavy duty noise reducing for better handling,12.0,4.8,8.0,0,https://example.com/images/gear_shift_lever_ninja_300.jpg,68d134ac3952f7cf7dee90e3,68d134ac3952f7cf7dee90e5,Shiva sai Automobiles,Mahabubabad,17.594209,80.006903,mid-range,modern,excellent,Gear Shift Lever - Ninja 300 Ninja 300 Kawasaki  Transmission heavy duty noise reducing for better handling,0,2025-08-23T00:00:00,2025-08-08T00:00:00
68d141e6b3fce85d4c56093b,Mobile Holder - BMW Model 855,BMW Model 855,Bmw,2025.0,,Accessories,1587.0,oem quality vibration dampening for longer life,20.0,4.5,19.0,0,https://example.com/images/mobile_holder_bmw_model_855.jpg,68d136193952f7cf7dee9131,68d136193952f7cf7dee9133,Mahesh Automobiles,Khammam,17.249885,80.15615,mid-range,modern,excellent,Mobile Holder - BMW Model 855 BMW Model 855 Bmw  Accessories oem quality vibration dampening for longer life,0,2025-08-20T00:00:00,2025-08-31T00:00:00
68d141e6b3fce85d4c56093c,Gear Shift Lever - Duke 250,Duke 250,Ktm,2021.0,,Transmission,5513.0,professional grade maintenance free for improved performance,23.0,3.6,13.0,0,https://example.com/images/gear_shift_lever_duke_250.jpg,68d135063952f7cf7dee90f6,68d135063952f7cf7dee90f8,Manoj Automobiles,Dilshknagar,17.367642,78.534282,mid-range,modern,good,Gear Shift Lever - Duke 250 Duke 250 Ktm  Transmission professional grade maintenance free for improved performance,0,2025-08-19T00:00:00,2025-08-20T00:00:00
68d141e6b3fce85d4c56093d,Clutch Spring - Mahindra Model 625,Mahindra Model 625,Mahindra,2021.0,,Transmission,6662.0,heavy duty high strength for better handling,2.0,4.0,1.0,0,https://example.com/images/clutch_spring_mahindra_model_625.jpg,68d1346c3952f7cf7dee90d0,68d1346c3952f7cf7dee90d2,Kalyan Automobiles,Bala Nagar,17.475679,78.447328,premium,modern,good,Clutch Spring - Mahindra Model 625 Mahindra Model 625 Mahindra  Transmission heavy duty high strength for better handling,0,2025-08-08T00:00:00,2025-08-20T00:00:00
68d141e6b3fce85d4c56093e,Engine Guard - BMW Model 326,BMW Model 326,Bmw,2025.0,,Accessories,2587.0,enhanced eco friendly for longer life,6.0,3.8,16.0,0,https://example.com/images/engine_guard_bmw_model_326.jpg,689d6959045c37933826818b,689d6959045c37933826818d,sai automobiles,RAMNAGAR COLONY PEERZADIGUDA UPPAL HYDERABAD,17.390358,78.606729,mid-range,modern,good,Engine Guard - BMW Model 326 BMW Model 326 Bmw  Accessories enhanced eco friendly for longer life,0,2025-08-25T00:00:00,2025-09-07T00:00:00
68d141e6b3fce85d4c56093f,Air Filter - Boulevard,Boulevard,Suzuki,2019.0,,Filters,493.0,superior heat treated for better fuel economy,5.0,3.6,28.0,0,https://example.com/images/air_filter_boulevard.jpg,68d135063952f7cf7dee90f6,68d135063952f7cf7dee90f8,Manoj Automobiles,Dilshknagar,17.367642,78.534282,budget,classic,good,Air Filter - Boulevard Boulevard Suzuki  Filters superior heat treated for better fuel economy,0,2025-09-16T00:00:00,2025-09-06T00:00:00
68d141e6b3fce85d4c560940,Rear Tire - Aprilia Model 592,Aprilia Model 592,Aprilia,2025.0,,Wheels & Tires,2046.0,heavy duty heat treated for improved comfort,10.0,4.0,28.0,0,https://example.com/images/rear_tire_aprilia_model_592.jpg,68d135063952f7cf7dee90f6,68d135063952f7cf7dee90f8,Manoj Automobiles,Dilshknagar,17.367642,78.534282,mid-range,modern,good,Rear Tire - Aprilia Model 592 Aprilia Model 592 Aprilia  Wheels & Tires heavy duty heat treated for improved comfort,0,2025-08-19T00:00:00,2025-09-08T00:00:00
68d141e6b3fce85d4c560941,Coolant Reservoir - Mahindra Model 207,Mahindra Model 207,Mahindra,2025.0,,Cooling System,4178.0,heavy duty vibration dampening for better fuel economy,8.0,3.6,28.0,0,https://example.com/images/coolant_reservoir_mahindra_model_207.jpg,68ac2a8e3c73e23c655de052,68ac2a8f3c73e23c655de054,Swathi Automobiles,Chappal Bazar Road - Kachiguda ,17.38953,78.491245,mid-range,modern,good,Coolant Reservoir - Mahindra Model 207 Mahindra Model 207 Mahindra  Cooling System heavy duty vibration dampening for better fuel economy,0,2025-09-14T00:00:00,2025-08-10T00:00:00
68d141e6b3fce85d4c560942,Gear Box - Triumph Model 719,Triumph Model 719,Triumph,2021.0,,Transmission,6183.0,oem quality maintenance free for reduced maintenance,16.0,3.8,24.0,0,https://example.com/images/gear_box_triumph_model_719.jpg,68d136193952f7cf7dee9131,68d136193952f7cf7dee9133,Mahesh Automobiles,Khammam,17.249885,80.15615,premium,modern,good,Gear Box - Triumph Model 719 Triumph Model 719 Triumph  Transmission oem quality maintenance free for reduced maintenance,0,2025-08-09T00:00:00,2025-08-25T00:00:00
68d141e6b3fce85d4c560943,Carbon Filter - Scram 411,Scram 411,Royal Enfield,2023.0,,Filters,568.0,professional grade corrosion resistant for improved comfort,16.0,4.4,1.0,0,https://example.com/images/carbon_filter_scram_411.jpg,68d133bf3952f7cf7dee90b7,68d133bf3952f7cf7dee90b9,Jyothi Automobiles,Hyderabad,17.511409,78.350972,budget,modern,good,Carbon Filter - Scram 411 Scram 411 Royal Enfield  Filters professional grade corrosion resistant for improved comfort,0,2025-08-12T00:00:00,2025-09-21T00:00:00
68d141e6b3fce85d4c560944,Fuel Tank - FZ-X,FZ-X,Yamaha,2016.0,,Fuel System,4220.0,lightweight long lasting for enhanced durability,21.0,4.7,16.0,0,https://example.com/images/fuel_tank_fz_x.jpg,68ac2a8e3c73e23c655de052,68ac2a8f3c73e23c655de054,Swathi Automobiles,Chappal Bazar Road - Kachiguda ,17.38953,78.491245,mid-range,classic,excellent,Fuel Tank - FZ-X FZ-X Yamaha  Fuel System lightweight long lasting for enhanced durability,0,2025-09-17T00:00:00,2025-08-24T00:00:00
68d141e6b3fce85d4c560945,Fuel Tank - Fascino 125,Fascino 125,Yamaha,2020.0,,Fuel System,4135.0,heavy duty vibration dampening for better fuel economy,12.0,4.5,3.0,0,https://example.com/images/fuel_tank_fascino_125.jpg,68ac2a8e3c73e23c655de052,68ac2a8f3c73e23c655de054,Swathi Automobiles,Chappal Bazar Road - Kachiguda ,17.38953,78.491245,mid-range,modern,excellent,Fuel Tank - Fascino 125 Fascino 125 Yamaha  Fuel System heavy duty vibration dampening for better fuel economy,0,2025-08-30T00:00:00,2025-08-17T00:00:00
68d141e6b3fce85d4c560946,Exhaust Pipe - Dominar 400,Dominar 400,Bajaj,2015.0,,Exhaust,2512.0,lightweight high strength for enhanced durability,21.0,4.0,21.0,0,https://example.com/images/exhaust_pipe_dominar_400.jpg,68d135063952f7cf7dee90f6,68d135063952f7cf7dee90f8,Manoj Automobiles,Dilshknagar,17.367642,78.534282,mid-range,classic,good,Exhaust Pipe - Dominar 400 Dominar 400 Bajaj  Exhaust lightweight high strength for enhanced durability,0,2025-08-30T00:00:00,2025-08-26T00:00:00
68d141e7b3fce85d4c560947,Tank Cap - Triumph Model 541,Triumph Model 541,Triumph,2019.0,,Fuel System,4214.0,high performance corrosion resistant for enhanced durability,1.0,4.7,27.0,0,https://example.com/images/tank_cap_triumph_model_541.jpg,68d135833952f7cf7dee9109,68d135833952f7cf7dee910b,Mounika Automobiles,Karimnagar,18.435781,79.132861,mid-range,classic,excellent,Tank Cap - Triumph Model 541 Triumph Model 541 Triumph  Fuel System high performance corrosion resistant for enhanced durability,0,2025-08-01T00:00:00,2025-08-30T00:00:00
68d141e7b3fce85d4c560948,Exhaust Gasket - Avenger 220,Avenger 220,Bajaj,2025.0,,Exhaust,6408.0,professional grade high strength for longer life,20.0,4.8,3.0,0,https://example.com/images/exhaust_gasket_avenger_220.jpg,68d1346c3952f7cf7dee90d0,68d1346c3952f7cf7dee90d2,Kalyan Automobiles,Bala Nagar,17.475679,78.447328,premium,modern,excellent,Exhaust Gasket - Avenger 220 Avenger 220 Bajaj  Exhaust professional grade high strength for longer life,0,2025-08-22T00:00:00,2025-08-11T00:00:00
68d141e7b3fce85d4c560949,Fuel Tank - Mahindra Model 777,Mahindra Model 777,Mahindra,2018.0,,Fuel System,5976.0,advanced corrosion resistant for better handling,8.0,3.5,29.0,0,https://example.com/images/fuel_tank_mahindra_model_777.jpg,68d135833952f7cf7dee9109,68d135833952f7cf7dee910b,Mounika Automobiles,Karimnagar,18.435781,79.132861,premium,classic,good,Fuel Tank - Mahindra Model 777 Mahindra Model 777 Mahindra  Fuel System advanced corrosion resistant for better handling,0,2025-09-02T00:00:00,2025-08-31T00:00:00
68d141e7b3fce85d4c56094a,Suspension Linkage - Star City Plus,Star City Plus,Tvs,2019.0,,Suspension,3225.0,advanced heat treated for longer life,2.0,4.0,24.0,0,https://example.com/images/suspension_linkage_star_city_plus.jpg,68d135d63952f7cf7dee911e,68d135d63952f7cf7dee9120,baskar Automobiles,Medak,18.048948,78.269372,mid-range,classic,good,Suspension Linkage - Star City Plus Star City Plus Tvs  Suspension advanced heat treated for longer life,0,2025-08-18T00:00:00,2025-08-13T00:00:00
68d141e7b3fce85d4c56094b,Radiator - RC 200,RC 200,Ktm,2025.0,,Cooling System,2007.0,superior long lasting for enhanced durability,8.0,3.8,13.0,0,https://example.com/images/radiator_rc_200.jpg,68d133bf3952f7cf7dee90b7,68d133bf3952f7cf7dee90b9,Jyothi Automobiles,Hyderabad,17.511409,78.350972,mid-range,modern,good,Radiator - RC 200 RC 200 Ktm  Cooling System superior long lasting for enhanced durability,0,2025-08-20T00:00:00,2025-09-18T00:00:00
68d141e7b3fce85d4c56094c,Hub Bearing - Harley-Davidson Model 865,Harley-Davidson Model 865,Harley-Davidson,2023.0,,Wheels & Tires,3180.0,superior noise reducing for enhanced safety,2.0,4.7,22.0,0,https://example.com/images/hub_bearing_harley_davidson_model_865.jpg,68d0c47d09554c358655174b,68d0c47e09554c358655174d,Tarun Automobiles,,17.423605,78.546314,mid-range,modern,excellent,Hub Bearing - Harley-Davidson Model 865 Harley-Davidson Model 865 Harley-Davidson  Wheels & Tires superior noise reducing for enhanced safety,0,2025-09-18T00:00:00,2025-08-27T00:00:00
68d141e7b3fce85d4c56094d,Cabin Filter - Aerox 155,Aerox 155,Yamaha,2022.0,,Filters,795.0,enhanced noise reducing for longer life,9.0,3.5,24.0,0,https://example.com/images/cabin_filter_aerox_155.jpg,68d135d63952f7cf7dee911e,68d135d63952f7cf7dee9120,baskar Automobiles,Medak,18.048948,78.269372,budget,modern,good,Cabin Filter - Aerox 155 Aerox 155 Yamaha  Filters enhanced noise reducing for longer life,0,2025-08-09T00:00:00,2025-08-06T00:00:00
68d141e7b3fce85d4c56094e,Alloy Wheel - Harley-Davidson Model 989,Harley-Davidson Model 989,Harley-Davidson,2017.0,,Wheels & Tires,10125.0,professional grade maintenance free for improved comfort,25.0,4.2,19.0,0,https://example.com/images/alloy_wheel_harley_davidson_model_989.jpg,689d6959045c37933826818b,689d6959045c37933826818d,sai automobiles,RAMNAGAR COLONY PEERZADIGUDA UPPAL HYDERABAD,17.390358,78.606729,premium,classic,good,Alloy Wheel - Harley-Davidson Model 989 Harley-Davidson Model 989 Harley-Davidson  Wheels & Tires professional grade maintenance free for improved comfort,0,2025-09-10T00:00:00,2025-09-19T00:00:00
68d141e7b3fce85d4c56094f,ABS Module - Triumph Model 175,Triumph Model 175,Triumph,2025.0,,Brakes,2498.0,advanced maintenance free for longer life,24.0,3.6,28.0,0,https://example.com/images/abs_module_triumph_model_175.jpg,689d6959045c37933826818b,689d6959045c37933826818d,sai automobiles,RAMNAGAR COLONY PEERZADIGUDA UPPAL HYDERABAD,17.390358,78.606729,mid-range,modern,good,ABS Module - Triumph Model 175 Triumph Model 175 Triumph  Brakes advanced maintenance free for longer life,0,2025-08-27T00:00:00,2025-09-13T00:00:00
68d141e7b3fce85d4c560950,Wiring Harness - Adventure 390,Adventure 390,Ktm,2017.0,,Electrical,776.0,premium quality long lasting for enhanced durability,6.0,3.8,15.0,0,https://example.com/images/wiring_harness_adventure_390.jpg,689d6959045c37933826818b,689d6959045c37933826818d,sai automobiles,RAMNAGAR COLONY PEERZADIGUDA UPPAL HYDERABAD,17.390358,78.606729,budget,classic,good,Wiring Harness - Adventure 390 Adventure 390 Ktm  Electrical premium quality long lasting for enhanced durability,0,2025-08-03T00:00:00,2025-08-17T00:00:00
68d141e7b3fce85d4c560951,Cylinder Head - Harley-Davidson Model 690,Harley-Davidson Model 690,Harley-Davidson,2021.0,,Engine,20317.0,high performance noise reducing for improved performance,13.0,4.4,11.0,0,https://example.com/images/cylinder_head_harley_davidson_model_690.jpg,68d136193952f7cf7dee9131,68d136193952f7cf7dee9133,Mahesh Automobiles,Khammam,17.249885,80.15615,premium,modern,good,Cylinder Head - Harley-Davidson Model 690 Harley-Davidson Model 690 Harley-Davidson  Engine high performance noise reducing for improved performance,0,2025-09-03T00:00:00,2025-09-11T00:00:00
68d141e7b3fce85d4c560952,License Plate Light - XDiavel,XDiavel,Ducati,2018.0,,Lighting,2212.0,premium quality precision engineered for reduced maintenance,21.0,4.4,1.0,0,https://example.com/images/license_plate_light_xdiavel.jpg,68d135063952f7cf7dee90f6,68d135063952f7cf7dee90f8,Manoj Automobiles,Dilshknagar,17.367642,78.534282,mid-range,classic,good,License Plate Light - XDiavel XDiavel Ducati  Lighting premium quality precision engineered for reduced maintenance,0,2025-08-30T00:00:00,2025-09-11T00:00:00
68d141e7b3fce85d4c560953,Starter Motor - Benelli Model 944,Benelli Model 944,Benelli,2021.0,,Electrical,1606.0,professional grade long lasting for increased power,20.0,4.8,20.0,0,https://example.com/images/starter_motor_benelli_model_944.jpg,68d1346c3952f7cf7dee90d0,68d1346c3952f7cf7dee90d2,Kalyan Automobiles,Bala Nagar,17.475679,78.447328,mid-range,modern,excellent,Starter Motor - Benelli Model 944 Benelli Model 944 Benelli  Electrical professional grade long lasting for increased power,0,2025-09-10T00:00:00,2025-08-19T00:00:00
68d141e7b3fce85d4c560954,Brake Cable - Shotgun 650,Shotgun 650,Royal Enfield,2024.0,,Brakes,2205.0,enhanced noise reducing for longer life,23.0,3.7,30.0,0,https://example.com/images/brake_cable_shotgun_650.jpg,68d135d63952f7cf7dee911e,68d135d63952f7cf7dee9120,baskar Automobiles,Medak,18.048948,78.269372,mid-range,modern,good,Brake Cable - Shotgun 650 Shotgun 650 Royal Enfield  Brakes enhanced noise reducing for longer life,0,2025-08-30T00:00:00,2025-08-15T00:00:00
68d141e7b3fce85d4c560955,Turn Signal Light - Versys-X 300,Versys-X 300,Kawasaki,2019.0,,Lighting,2838.0,oem quality long lasting for increased power,21.0,3.6,15.0,0,https://example.com/images/turn_signal_light_versys_x_300.jpg,68d133bf3952f7cf7dee90b7,68d133bf3952f7cf7dee90b9,Jyothi Automobiles,Hyderabad,17.511409,78.350972,mid-range,classic,good,Turn Signal Light - Versys-X 300 Versys-X 300 Kawasaki  Lighting oem quality long lasting for increased power,0,2025-09-02T00:00:00,2025-09-03T00:00:00
68d141e7b3fce85d4c560956,Vacuum Filter - BMW Model 681,BMW Model 681,Bmw,2021.0,,Filters,531.0,enhanced long lasting for enhanced safety,16.0,4.0,16.0,0,https://example.com/images/vacuum_filter_bmw_model_681.jpg,68d133bf3952f7cf7dee90b7,68d133bf3952f7cf7dee90b9,Jyothi Automobiles,Hyderabad,17.511409,78.350972,budget,modern,good,Vacuum Filter - BMW Model 681 BMW Model 681 Bmw  Filters enhanced long lasting for enhanced safety,0,2025-08-01T00:00:00,2025-09-15T00:00:00
68d141e7b3fce85d4c560957,Parking Light - RC 200,RC 200,Ktm,2019.0,,Lighting,1621.0,lightweight corrosion resistant for longer life,5.0,4.5,15.0,0,https://example.com/images/parking_light_rc_200.jpg,68d136193952f7cf7dee9131,68d136193952f7cf7dee9133,Mahesh Automobiles,Khammam,17.249885,80.15615,mid-range,classic,excellent,Parking Light - RC 200 RC 200 Ktm  Lighting lightweight corrosion resistant for longer life,0,2025-09-17T00:00:00,2025-08-20T00:00:00
68d141e7b3fce85d4c560958,Tool Kit - Aprilia Model 870,Aprilia Model 870,Aprilia,2017.0,,Accessories,1885.0,durable noise reducing for better handling,5.0,4.3,26.0,0,https://example.com/images/tool_kit_aprilia_model_870.jpg,68d134ac3952f7cf7dee90e3,68d134ac3952f7cf7dee90e5,Shiva sai Automobiles,Mahabubabad,17.594209,80.006903,mid-range,classic,good,Tool Kit - Aprilia Model 870 Aprilia Model 870 Aprilia  Accessories durable noise reducing for better handling,0,2025-09-06T00:00:00,2025-08-02T00:00:00
68d141e7b3fce85d4c560959,Headlight Assembly - Bullet 350,Bullet 350,Royal Enfield,2025.0,,Lighting,2546.0,heavy duty precision engineered for better fuel economy,13.0,3.6,12.0,0,https://example.com/images/headlight_assembly_bullet_350.jpg,689d6959045c37933826818b,689d6959045c37933826818d,sai automobiles,RAMNAGAR COLONY PEERZADIGUDA UPPAL HYDERABAD,17.390358,78.606729,mid-range,modern,good,Headlight Assembly - Bullet 350 Bullet 350 Royal Enfield  Lighting heavy duty precision engineered for better fuel economy,0,2025-09-05T00:00:00,2025-09-10T00:00:00
68d141e7b3fce85d4c56095a,Ignition Coil - FZ-X,FZ-X,Yamaha,2023.0,,Ignition,353.0,professional grade corrosion resistant for enhanced durability,2.0,3.5,12.0,0,https://example.com/images/ignition_coil_fz_x.jpg,68d0c47d09554c358655174b,68d0c47e09554c358655174d,Tarun Automobiles,,17.423605,78.546314,budget,modern,good,Ignition Coil - FZ-X FZ-X Yamaha  Ignition professional grade corrosion resistant for enhanced durability,0,2025-08-05T00:00:00,2025-08-24T00:00:00
68d141e7b3fce85d4c56095b,Horn - Mahindra Model 257,Mahindra Model 257,Mahindra,2019.0,,Electrical,2711.0,durable high strength for reduced maintenance,19.0,4.3,27.0,0,https://example.com/images/horn_mahindra_model_257.jpg,689d6959045c37933826818b,689d6959045c37933826818d,sai automobiles,RAMNAGAR COLONY PEERZADIGUDA UPPAL HYDERABAD,17.390358,78.606729,mid-range,classic,good,Horn - Mahindra Model 257 Mahindra Model 257 Mahindra  Electrical durable high strength for reduced maintenance,0,2025-08-18T00:00:00,2025-08-24T00:00:00
68d141e7b3fce85d4c56095c,Chain - Aprilia Model 147,Aprilia Model 147,Aprilia,2019.0,,Drivetrain,3707.0,enhanced corrosion resistant for improved comfort,20.0,4.8,14.0,0,https://example.com/images/chain_aprilia_model_147.jpg,68d135063952f7cf7dee90f6,68d135063952f7cf7dee90f8,Manoj Automobiles,Dilshknagar,17.367642,78.534282,mid-range,classic,excellent,Chain - Aprilia Model 147 Aprilia Model 147 Aprilia  Drivetrain enhanced corrosion resistant for improved comfort,0,2025-08-24T00:00:00,2025-09-11T00:00:00
68d141e7b3fce85d4c56095d,Rear Tire - Mahindra Model 310,Mahindra Model 310,Mahindra,2024.0,,Wheels & Tires,7310.0,advanced fuel efficient for enhanced durability,20.0,3.8,25.0,0,https://example.com/images/rear_tire_mahindra_model_310.jpg,68d136193952f7cf7dee9131,68d136193952f7cf7dee9133,Mahesh Automobiles,Khammam,17.249885,80.15615,premium,modern,good,Rear Tire - Mahindra Model 310 Mahindra Model 310 Mahindra  Wheels & Tires advanced fuel efficient for enhanced durability,0,2025-09-07T00:00:00,2025-08-03T00:00:00
68d141e7b3fce85d4c56095e,Grab Rail - Benelli Model 601,Benelli Model 601,Benelli,2018.0,,Body Parts,2587.0,enhanced precision engineered for better handling,21.0,4.7,8.0,0,https://example.com/images/grab_rail_benelli_model_601.jpg,689d6959045c37933826818b,689d6959045c37933826818d,sai automobiles,RAMNAGAR COLONY PEERZADIGUDA UPPAL HYDERABAD,17.390358,78.606729,mid-range,classic,excellent,Grab Rail - Benelli Model 601 Benelli Model 601 Benelli  Body Parts enhanced precision engineered for better handling,0,2025-08-06T00:00:00,2025-09-21T00:00:00
68d141e7b3fce85d4c56095f,Clutch Plate - V-Strom SX,V-Strom SX,Suzuki,2023.0,,Transmission,1582.0,superior eco friendly for better handling,11.0,4.8,20.0,0,https://example.com/images/clutch_plate_v_strom_sx.jpg,68d135833952f7cf7dee9109,68d135833952f7cf7dee910b,Mounika Automobiles,Karimnagar,18.435781,79.132861,mid-range,modern,excellent,Clutch Plate - V-Strom SX V-Strom SX Suzuki  Transmission superior eco friendly for better handling,0,2025-08-12T00:00:00,2025-08-17T00:00:00
68d141e7b3fce85d4c560960,Timing Chain - Ray ZR,Ray ZR,Yamaha,2017.0,,Engine,11971.0,heavy duty maintenance free for improved comfort,19.0,4.2,22.0,0,https://example.com/images/timing_chain_ray_zr.jpg,68d134ac3952f7cf7dee90e3,68d134ac3952f7cf7dee90e5,Shiva sai Automobiles,Mahabubabad,17.594209,80.006903,premium,classic,good,Timing Chain - Ray ZR Ray ZR Yamaha  Engine heavy duty maintenance free for improved comfort,0,2025-09-16T00:00:00,2025-08-06T00:00:00
68d141e7b3fce85d4c560961,Coil - Apache RTR 200,Apache RTR 200,Tvs,2018.0,,Electrical,2649.0,lightweight eco friendly for smoother operation,13.0,4.2,5.0,0,https://example.com/images/coil_apache_rtr_200.jpg,68ac2a8e3c73e23c655de052,68ac2a8f3c73e23c655de054,Swathi Automobiles,Chappal Bazar Road - Kachiguda ,17.38953,78.491245,mid-range,classic,good,Coil - Apache RTR 200 Apache RTR 200 Tvs  Electrical lightweight eco friendly for smoother operation,0,2025-09-14T00:00:00,2025-08-15T00:00:00
68d141e7b3fce85d4c560962,Distributor - Harley-Davidson Model 261,Harley-Davidson Model 261,Harley-Davidson,2022.0,,Ignition,1203.0,high performance maintenance free for reduced maintenance,5.0,4.3,21.0,0,https://example.com/images/distributor_harley_davidson_model_261.jpg,689d6959045c37933826818b,689d6959045c37933826818d,sai automobiles,RAMNAGAR COLONY PEERZADIGUDA UPPAL HYDERABAD,17.390358,78.606729,mid-range,modern,good,Distributor - Harley-Davidson Model 261 Harley-Davidson Model 261 Harley-Davidson  Ignition high performance maintenance free for reduced maintenance,0,2025-08-20T00:00:00,2025-09-06T00:00:00
68d141e7b3fce85d4c560963,Final Drive Oil - Fascino 125,Fascino 125,Yamaha,2023.0,,Drivetrain,1235.0,heavy duty maintenance free for better handling,3.0,4.9,26.0,0,https://example.com/images/final_drive_oil_fascino_125.jpg,68d135063952f7cf7dee90f6,68d135063952f7cf7dee90f8,Manoj Automobiles,Dilshknagar,17.367642,78.534282,mid-range,modern,excellent,Final Drive Oil - Fascino 125 Fascino 125 Yamaha  Drivetrain heavy duty maintenance free for better handling,0,2025-08-31T00:00:00,2025-08-14T00:00:00
68d141e7b3fce85d4c560964,Brake Caliper - Triumph Model 625,Triumph Model 625,Triumph,2015.0,,Brakes,1756.0,lightweight maintenance free for enhanced durability,10.0,3.5,22.0,0,https://example.com/images/brake_caliper_triumph_model_625.jpg,68d135063952f7cf7dee90f6,68d135063952f7cf7dee90f8,Manoj Automobiles,Dilshknagar,17.367642,78.534282,mid-range,classic,good,Brake Caliper - Triumph Model 625 Triumph Model 625 Triumph  Brakes lightweight maintenance free for enhanced durability,0,2025-08-29T00:00:00,2025-08-03T00:00:00
68d141e7b3fce85d4c560965,Tank Cover - Benelli Model 468,Benelli Model 468,Benelli,2015.0,,Body Parts,1015.0,heavy duty noise reducing for better handling,4.0,4.7,6.0,0,https://example.com/images/tank_cover_benelli_model_468.jpg,68d1346c3952f7cf7dee90d0,68d1346c3952f7cf7dee90d2,Kalyan Automobiles,Bala Nagar,17.475679,78.447328,mid-range,classic,excellent,Tank Cover - Benelli Model 468 Benelli Model 468 Benelli  Body Parts heavy duty noise reducing for better handling,0,2025-08-11T00:00:00,2025-09-08T00:00:00
68d141e7b3fce85d4c560966,Brake Cable - Star City Plus,Star City Plus,Tvs,2015.0,,Brakes,1022.0,advanced corrosion resistant for better handling,23.0,3.8,21.0,0,https://example.com/images/brake_cable_star_city_plus.jpg,689d6959045c37933826818b,689d6959045c37933826818d,sai automobiles,RAMNAGAR COLONY PEERZADIGUDA UPPAL HYDERABAD,17.390358,78.606729,mid-range,classic,good,Brake Cable - Star City Plus Star City Plus Tvs  Brakes advanced corrosion resistant for better handling,0,2025-09-07T00:00:00,2025-09-13T00:00:00
68d141e7b3fce85d4c560967,Rear Cowl - FZ-X V1,FZ-X,Yamaha,2019.0,,Body Parts,501.0,enhanced eco friendly for reduced maintenance,16.0,5.0,15.0,0,https://example.com/images/rear_cowl_fz_x.jpg,68d135d63952f7cf7dee911e,68d135d63952f7cf7dee9120,baskar Automobiles,Medak,18.048948,78.269372,budget,classic,excellent,Rear Cowl - FZ-X V1 FZ-X Yamaha  Body Parts enhanced eco friendly for reduced maintenance,0,2025-09-09T00:00:00,2025-08-27T00:00:00
68d141e7b3fce85d4c560968,Coolant Filter - Burgman Street,Burgman Street,Suzuki,2020.0,,Filters,343.0,superior high strength for longer life,4.0,4.6,3.0,0,https://example.com/images/coolant_filter_burgman_street.jpg,68d135d63952f7cf7dee911e,68d135d63952f7cf7dee9120,baskar Automobiles,Medak,18.048948,78.269372,budget,modern,excellent,Coolant Filter - Burgman Street Burgman Street Suzuki  Filters superior high strength for longer life,0,2025-09-06T00:00:00,2025-08-04T00:00:00
68d141e7b3fce85d4c560969,Intercooler - Triumph Model 339,Triumph Model 339,Triumph,2024.0,,Cooling System,1788.0,durable long lasting for enhanced durability,8.0,4.8,12.0,0,https://example.com/images/intercooler_triumph_model_339.jpg,68d0c47d09554c358655174b,68d0c47e09554c358655174d,Tarun Automobiles,,17.423605,78.546314,mid-range,modern,excellent,Intercooler - Triumph Model 339 Triumph Model 339 Triumph  Cooling System durable long lasting for enhanced durability,0,2025-08-23T00:00:00,2025-09-10T00:00:00
68d141e7b3fce85d4c56096a,Wheel Balancing Weight - Apache RTR 160,Apache RTR 160,Tvs,2019.0,,Wheels & Tires,2051.0,durable maintenance free for better fuel economy,21.0,4.3,20.0,0,https://example.com/images/wheel_balancing_weight_apache_rtr_160.jpg,68d135d63952f7cf7dee911e,68d135d63952f7cf7dee9120,baskar Automobiles,Medak,18.048948,78.269372,mid-range,classic,good,Wheel Balancing Weight - Apache RTR 160 Apache RTR 160 Tvs  Wheels & Tires durable maintenance free for better fuel economy,0,2025-08-12T00:00:00,2025-09-06T00:00:00
68d141e7b3fce85d4c56096b,Brake Hose - Harley-Davidson Model 735,Harley-Davidson Model 735,Harley-Davidson,2023.0,,Brakes,1207.0,oem quality vibration dampening for longer life,8.0,4.1,4.0,0,https://example.com/images/brake_hose_harley_davidson_model_735.jpg,68d135063952f7cf7dee90f6,68d135063952f7cf7dee90f8,Manoj Automobiles,Dilshknagar,17.367642,78.534282,mid-range,modern,good,Brake Hose - Harley-Davidson Model 735 Harley-Davidson Model 735 Harley-Davidson  Brakes oem quality vibration dampening for longer life,0,2025-08-15T00:00:00,2025-08-29T00:00:00
68d141e7b3fce85d4c56096c,Cabin Filter - Maestro Edge,Maestro Edge,Hero,2017.0,,Filters,181.0,professional grade high strength for enhanced safety,17.0,3.7,1.0,0,https://example.com/images/cabin_filter_maestro_edge.jpg,68d135d63952f7cf7dee911e,68d135d63952f7cf7dee9120,baskar Automobiles,Medak,18.048948,78.269372,budget,classic,good,Cabin Filter - Maestro Edge Maestro Edge Hero  Filters professional grade high strength for enhanced safety,0,2025-08-16T00:00:00,2025-09-15T00:00:00
68d141e7b3fce85d4c56096d,Suspension Linkage - RC 200,RC 200,Ktm,2015.0,,Suspension,6666.0,professional grade high strength for longer life,20.0,3.6,24.0,0,https://example.com/images/suspension_linkage_rc_200.jpg,68d1346c3952f7cf7dee90d0,68d1346c3952f7cf7dee90d2,Kalyan Automobiles,Bala Nagar,17.475679,78.447328,premium,classic,good,Suspension Linkage - RC 200 RC 200 Ktm  Suspension professional grade high strength for longer life,0,2025-09-14T00:00:00,2025-09-20T00:00:00
68d141e7b3fce85d4c56096e,Gear Box - Pulsar 180,Pulsar 180,Bajaj,2016.0,,Transmission,5666.0,lightweight heat treated for enhanced safety,2.0,4.8,11.0,0,https://example.com/images/gear_box_pulsar_180.jpg,68d135d63952f7cf7dee911e,68d135d63952f7cf7dee9120,baskar Automobiles,Medak,18.048948,78.269372,premium,classic,excellent,Gear Box - Pulsar 180 Pulsar 180 Bajaj  Transmission lightweight heat treated for enhanced safety,0,2025-09-08T00:00:00,2025-08-09T00:00:00
68d141e7b3fce85d4c56096f,Oil Pump - Star City Plus,Star City Plus,Tvs,2021.0,,Engine,12659.0,premium quality high strength for enhanced durability,13.0,3.6,4.0,0,https://example.com/images/oil_pump_star_city_plus.jpg,68d134ac3952f7cf7dee90e3,68d134ac3952f7cf7dee90e5,Shiva sai Automobiles,Mahabubabad,17.594209,80.006903,premium,modern,good,Oil Pump - Star City Plus Star City Plus Tvs  Engine premium quality high strength for enhanced durability,0,2025-08-29T00:00:00,2025-08-12T00:00:00
68d141e7b3fce85d4c560970,Rear Cowl - Triumph Model 716,Triumph Model 716,Triumph,2024.0,,Body Parts,736.0,advanced eco friendly for increased power,22.0,3.7,19.0,0,https://example.com/images/rear_cowl_triumph_model_716.jpg,68d0c47d09554c358655174b,68d0c47e09554c358655174d,Tarun Automobiles,,17.423605,78.546314,budget,modern,good,Rear Cowl - Triumph Model 716 Triumph Model 716 Triumph  Body Parts advanced eco friendly for increased power,0,2025-08-02T00:00:00,2025-08-30T00:00:00
68d141e7b3fce85d4c560971,Brake Fluid Reservoir - Diavel,Diavel,Ducati,2021.0,,Brakes,776.0,oem quality heat treated for improved comfort,17.0,3.5,29.0,0,https://example.com/images/brake_fluid_reservoir_diavel.jpg,68d133bf3952f7cf7dee90b7,68d133bf3952f7cf7dee90b9,Jyothi Automobiles,Hyderabad,17.511409,78.350972,budget,modern,good,Brake Fluid Reservoir - Diavel Diavel Ducati  Brakes oem quality heat treated for improved comfort,0,2025-08-20T00:00:00,2025-09-11T00:00:00
68d141e7b3fce85d4c560972,Tank Cap - BMW Model 745,BMW Model 745,Bmw,2025.0,,Fuel System,2829.0,enhanced heat treated for improved comfort,25.0,3.6,19.0,0,https://example.com/images/tank_cap_bmw_model_745.jpg,68ac2a8e3c73e23c655de052,68ac2a8f3c73e23c655de054,Swathi Automobiles,Chappal Bazar Road - Kachiguda ,17.38953,78.491245,mid-range,modern,good,Tank Cap - BMW Model 745 BMW Model 745 Bmw  Fuel System enhanced heat treated for improved comfort,0,2025-08-26T00:00:00,2025-09-19T00:00:00
68d141e7b3fce85d4c560973,Wiring Harness - Triumph Model 198,Triumph Model 198,Triumph,2021.0,,Electrical,1375.0,durable noise reducing for enhanced safety,19.0,5.0,30.0,0,https://example.com/images/wiring_harness_triumph_model_198.jpg,68ac2a8e3c73e23c655de052,68ac2a8f3c73e23c655de054,Swathi Automobiles,Chappal Bazar Road - Kachiguda ,17.38953,78.491245,mid-range,modern,excellent,Wiring Harness - Triumph Model 198 Triumph Model 198 Triumph  Electrical durable noise reducing for enhanced safety,0,2025-09-06T00:00:00,2025-08-19T00:00:00
68d141e7b3fce85d4c560974,Tank Bag - Duke 200,Duke 200,Ktm,2022.0,,Accessories,945.0,superior heat treated for improved comfort,19.0,3.9,29.0,0,https://example.com/images/tank_bag_duke_200.jpg,68d134ac3952f7cf7dee90e3,68d134ac3952f7cf7dee90e5,Shiva sai Automobiles,Mahabubabad,17.594209,80.006903,mid-range,modern,good,Tank Bag - Duke 200 Duke 200 Ktm  Accessories superior heat treated for improved comfort,0,2025-09-03T00:00:00,2025-08-07T00:00:00
68d141e7b3fce85d4c560975,Engine Guard - Aprilia Model 753,Aprilia Model 753,Aprilia,2025.0,,Accessories,900.0,oem quality vibration dampening for better fuel economy,16.0,4.0,28.0,0,https://example.com/images/engine_guard_aprilia_model_753.jpg,68d136193952f7cf7dee9131,68d136193952f7cf7dee9133,Mahesh Automobiles,Khammam,17.249885,80.15615,mid-range,modern,good,Engine Guard - Aprilia Model 753 Aprilia Model 753 Aprilia  Accessories oem quality vibration dampening for better fuel economy,0,2025-08-24T00:00:00,2025-08-18T00:00:00
68d141e7b3fce85d4c560976,Master Cylinder - Karizma XMR,Karizma XMR,Hero,2020.0,,Brakes,2781.0,enhanced eco friendly for improved comfort,9.0,4.1,26.0,0,https://example.com/images/master_cylinder_karizma_xmr.jpg,68d135063952f7cf7dee90f6,68d135063952f7cf7dee90f8,Manoj Automobiles,Dilshknagar,17.367642,78.534282,mid-range,modern,good,Master Cylinder - Karizma XMR Karizma XMR Hero  Brakes enhanced eco friendly for improved comfort,0,2025-08-04T00:00:00,2025-09-09T00:00:00
68d141e7b3fce85d4c560977,Pressure Plate - Ninja 400,Ninja 400,Kawasaki,2025.0,,Transmission,4265.0,durable eco friendly for improved performance,16.0,5.0,19.0,0,https://example.com/images/pressure_plate_ninja_400.jpg,68d134ac3952f7cf7dee90e3,68d134ac3952f7cf7dee90e5,Shiva sai Automobiles,Mahabubabad,17.594209,80.006903,mid-range,modern,excellent,Pressure Plate - Ninja 400 Ninja 400 Kawasaki  Transmission durable eco friendly for improved performance,0,2025-09-06T00:00:00,2025-09-06T00:00:00
68d141e7b3fce85d4c560978,Regulator Rectifier - Saluto RX,Saluto RX,Yamaha,2022.0,,Electrical,1688.0,lightweight heat treated for improved performance,4.0,4.4,6.0,0,https://example.com/images/regulator_rectifier_saluto_rx.jpg,68d135833952f7cf7dee9109,68d135833952f7cf7dee910b,Mounika Automobiles,Karimnagar,18.435781,79.132861,mid-range,modern,good,Regulator Rectifier - Saluto RX Saluto RX Yamaha  Electrical lightweight heat treated for improved performance,0,2025-08-01T00:00:00,2025-08-22T00:00:00
68d141e7b3fce85d4c560979,Reserve Tank - Panigale V4,Panigale V4,Ducati,2022.0,,Fuel System,843.0,heavy duty noise reducing for better handling,13.0,4.1,17.0,0,https://example.com/images/reserve_tank_panigale_v4.jpg,68d135063952f7cf7dee90f6,68d135063952f7cf7dee90f8,Manoj Automobiles,Dilshknagar,17.367642,78.534282,budget,modern,good,Reserve Tank - Panigale V4 Panigale V4 Ducati  Fuel System heavy duty noise reducing for better handling,0,2025-09-05T00:00:00,2025-08-30T00:00:00
68d141e7b3fce85d4c56097a,Rear Sprocket - 1290 Super Duke R,1290 Super Duke R,Ktm,2024.0,,Drivetrain,840.0,oem quality vibration dampening for better handling,7.0,4.6,26.0,0,https://example.com/images/rear_sprocket_1290_super_duke_r.jpg,68d133bf3952f7cf7dee90b7,68d133bf3952f7cf7dee90b9,Jyothi Automobiles,Hyderabad,17.511409,78.350972,budget,modern,excellent,Rear Sprocket - 1290 Super Duke R 1290 Super Duke R Ktm  Drivetrain oem quality vibration dampening for better handling,0,2025-09-14T00:00:00,2025-09-10T00:00:00
68d141e7b3fce85d4c56097b,Wiring Harness - Adventure 250,Adventure 250,Ktm,2015.0,,Electrical,4392.0,professional grade noise reducing for smoother operation,22.0,4.2,22.0,0,https://example.com/images/wiring_harness_adventure_250.jpg,68d135833952f7cf7dee9109,68d135833952f7cf7dee910b,Mounika Automobiles,Karimnagar,18.435781,79.132861,mid-range,classic,good,Wiring Harness - Adventure 250 Adventure 250 Ktm  Electrical professional grade noise reducing for smoother operation,0,2025-08-24T00:00:00,2025-08-11T00:00:00
68d141e7b3fce85d4c56097c,Spark Plug Wire - Mahindra Model 994,Mahindra Model 994,Mahindra,2021.0,,Ignition,933.0,superior vibration dampening for longer life,20.0,4.9,19.0,0,https://example.com/images/spark_plug_wire_mahindra_model_994.jpg,68d135d63952f7cf7dee911e,68d135d63952f7cf7dee9120,baskar Automobiles,Medak,18.048948,78.269372,mid-range,modern,excellent,Spark Plug Wire - Mahindra Model 994 Mahindra Model 994 Mahindra  Ignition superior vibration dampening for longer life,0,2025-08-04T00:00:00,2025-09-01T00:00:00
68d141e7b3fce85d4c56097d,Battery - Diavel,Diavel,Ducati,2022.0,,Electrical,3875.0,heavy duty long lasting for improved performance,23.0,3.5,3.0,0,https://example.com/images/battery_diavel.jpg,68ac2a8e3c73e23c655de052,68ac2a8f3c73e23c655de054,Swathi Automobiles,Chappal Bazar Road - Kachiguda ,17.38953,78.491245,mid-range,modern,good,Battery - Diavel Diavel Ducati  Electrical heavy duty long lasting for improved performance,0,2025-09-04T00:00:00,2025-09-17T00:00:00
68d141e7b3fce85d4c56097e,Radiator Cap - Hypermotard,Hypermotard,Ducati,2017.0,,Cooling System,2922.0,professional grade precision engineered for improved performance,17.0,4.8,12.0,0,https://example.com/images/radiator_cap_hypermotard.jpg,68d135d63952f7cf7dee911e,68d135d63952f7cf7dee9120,baskar Automobiles,Medak,18.048948,78.269372,mid-range,classic,excellent,Radiator Cap - Hypermotard Hypermotard Ducati  Cooling System professional grade precision engineered for improved performance,0,2025-09-04T00:00:00,2025-08-06T00:00:00
68d141e7b3fce85d4c56097f,Drive Belt - Super Splendor,Super Splendor,Hero,2015.0,,Drivetrain,2737.0,enhanced noise reducing for enhanced durability,7.0,4.9,30.0,0,https://example.com/images/drive_belt_super_splendor.jpg,68d134ac3952f7cf7dee90e3,68d134ac3952f7cf7dee90e5,Shiva sai Automobiles,Mahabubabad,17.594209,80.006903,mid-range,classic,excellent,Drive Belt - Super Splendor Super Splendor Hero  Drivetrain enhanced noise reducing for enhanced durability,0,2025-09-05T00:00:00,2025-08-22T00:00:00
68d141e7b3fce85d4c560980,Fuel Filter - Meteor 350,Meteor 350,Royal Enfield,2015.0,,Fuel System,4770.0,enhanced corrosion resistant for improved comfort,23.0,3.6,2.0,0,https://example.com/images/fuel_filter_meteor_350.jpg,68d134ac3952f7cf7dee90e3,68d134ac3952f7cf7dee90e5,Shiva sai Automobiles,Mahabubabad,17.594209,80.006903,mid-range,classic,good,Fuel Filter - Meteor 350 Meteor 350 Royal Enfield  Fuel System enhanced corrosion resistant for improved comfort,0,2025-08-05T00:00:00,2025-08-24T00:00:00
68d141e7b3fce85d4c560981,Swing Arm Bearing - FZ 25,FZ 25,Yamaha,2021.0,,Suspension,2351.0,advanced long lasting for increased power,23.0,3.8,12.0,0,https://example.com/images/swing_arm_bearing_fz_25.jpg,68d133bf3952f7cf7dee90b7,68d133bf3952f7cf7dee90b9,Jyothi Automobiles,Hyderabad,17.511409,78.350972,mid-range,modern,good,Swing Arm Bearing - FZ 25 FZ 25 Yamaha  Suspension advanced long lasting for increased power,0,2025-08-11T00:00:00,2025-08-09T00:00:00
68d141e7b3fce85d4c560982,Water Pump - GSX-R1000R,GSX-R1000R,Suzuki,2016.0,,Engine,11186.0,premium quality vibration dampening for improved performance,21.0,4.5,25.0,0,https://example.com/images/water_pump_gsx_r1000r.jpg,68d135833952f7cf7dee9109,68d135833952f7cf7dee910b,Mounika Automobiles,Karimnagar,18.435781,79.132861,premium,classic,excellent,Water Pump - GSX-R1000R GSX-R1000R Suzuki  Engine premium quality vibration dampening for improved performance,0,2025-09-11T00:00:00,2025-09-14T00:00:00
68d141e7b3fce85d4c560983,Side Stand - Benelli Model 697,Benelli Model 697,Benelli,2021.0,,Body Parts,2060.0,oem quality corrosion resistant for improved comfort,23.0,3.6,15.0,0,https://example.com/images/side_stand_benelli_model_697.jpg,68ac2a8e3c73e23c655de052,68ac2a8f3c73e23c655de054,Swathi Automobiles,Chappal Bazar Road - Kachiguda ,17.38953,78.491245,mid-range,modern,good,Side Stand - Benelli Model 697 Benelli Model 697 Benelli  Body Parts oem quality corrosion resistant for improved comfort,0,2025-09-08T00:00:00,2025-08-30T00:00:00
68d141e7b3fce85d4c560984,Front Brake Pad - Himalayan,Himalayan,Royal Enfield,2021.0,,Brakes,264.0,durable fuel efficient for better handling,25.0,4.7,22.0,0,https://example.com/images/front_brake_pad_himalayan.jpg,68d135063952f7cf7dee90f6,68d135063952f7cf7dee90f8,Manoj Automobiles,Dilshknagar,17.367642,78.534282,budget,modern,excellent,Front Brake Pad - Himalayan Himalayan Royal Enfield  Brakes durable fuel efficient for better handling,0,2025-09-14T00:00:00,2025-09-11T00:00:00
68d141e7b3fce85d4c560985,Vacuum Filter - Hayabusa,Hayabusa,Suzuki,2020.0,,Filters,515.0,superior corrosion resistant for better handling,1.0,4.1,28.0,0,https://example.com/images/vacuum_filter_hayabusa.jpg,689d6959045c37933826818b,689d6959045c37933826818d,sai automobiles,RAMNAGAR COLONY PEERZADIGUDA UPPAL HYDERABAD,17.390358,78.606729,budget,modern,good,Vacuum Filter - Hayabusa Hayabusa Suzuki  Filters superior corrosion resistant for better handling,0,2025-08-07T00:00:00,2025-08-25T00:00:00
68d141e7b3fce85d4c560986,Ignition Coil - Avenger 220 V1,Avenger 220,Bajaj,2016.0,,Ignition,686.0,lightweight fuel efficient for longer life,25.0,4.9,14.0,0,https://example.com/images/ignition_coil_avenger_220.jpg,68d134ac3952f7cf7dee90e3,68d134ac3952f7cf7dee90e5,Shiva sai Automobiles,Mahabubabad,17.594209,80.006903,budget,classic,excellent,Ignition Coil - Avenger 220 V1 Avenger 220 Bajaj  Ignition lightweight fuel efficient for longer life,0,2025-08-02T00:00:00,2025-08-16T00:00:00
68d141e7b3fce85d4c560987,Oil Cooler - Harley-Davidson Model 420,Harley-Davidson Model 420,Harley-Davidson,2018.0,,Cooling System,2680.0,heavy duty high strength for improved performance,24.0,4.3,4.0,0,https://example.com/images/oil_cooler_harley_davidson_model_420.jpg,68d135063952f7cf7dee90f6,68d135063952f7cf7dee90f8,Manoj Automobiles,Dilshknagar,17.367642,78.534282,mid-range,classic,good,Oil Cooler - Harley-Davidson Model 420 Harley-Davidson Model 420 Harley-Davidson  Cooling System heavy duty high strength for improved performance,0,2025-09-01T00:00:00,2025-09-07T00:00:00
68d141e7b3fce85d4c560988,Hazard Light Switch - Ray ZR,Ray ZR,Yamaha,2018.0,,Lighting,3105.0,high performance fuel efficient for smoother operation,2.0,4.0,22.0,0,https://example.com/images/hazard_light_switch_ray_zr.jpg,68d133bf3952f7cf7dee90b7,68d133bf3952f7cf7dee90b9,Jyothi Automobiles,Hyderabad,17.511409,78.350972,mid-range,classic,good,Hazard Light Switch - Ray ZR Ray ZR Yamaha  Lighting high performance fuel efficient for smoother operation,0,2025-09-19T00:00:00,2025-09-01T00:00:00
68d141e7b3fce85d4c560989,Swing Arm Bearing - Harley-Davidson Model 356,Harley-Davidson Model 356,Harley-Davidson,2020.0,,Suspension,11095.0,heavy duty fuel efficient for increased power,2.0,4.4,29.0,0,https://example.com/images/swing_arm_bearing_harley_davidson_model_356.jpg,68d136193952f7cf7dee9131,68d136193952f7cf7dee9133,Mahesh Automobiles,Khammam,17.249885,80.15615,premium,modern,good,Swing Arm Bearing - Harley-Davidson Model 356 Harley-Davidson Model 356 Harley-Davidson  Suspension heavy duty fuel efficient for increased power,0,2025-09-21T00:00:00,2025-08-20T00:00:00
68d141e7b3fce85d4c56098a,Coolant Pump - RC 390,RC 390,Ktm,2022.0,,Cooling System,4282.0,premium quality heat treated for improved performance,19.0,4.0,4.0,0,https://example.com/images/coolant_pump_rc_390.jpg,68d135063952f7cf7dee90f6,68d135063952f7cf7dee90f8,Manoj Automobiles,Dilshknagar,17.367642,78.534282,mid-range,modern,good,Coolant Pump - RC 390 RC 390 Ktm  Cooling System premium quality heat treated for improved performance,0,2025-08-22T00:00:00,2025-09-19T00:00:00
68d141e7b3fce85d4c56098b,Thermostat - Benelli Model 777,Benelli Model 777,Benelli,2025.0,,Cooling System,5014.0,enhanced fuel efficient for improved performance,1.0,3.5,20.0,0,https://example.com/images/thermostat_benelli_model_777.jpg,689d6959045c37933826818b,689d6959045c37933826818d,sai automobiles,RAMNAGAR COLONY PEERZADIGUDA UPPAL HYDERABAD,17.390358,78.606729,mid-range,modern,good,Thermostat - Benelli Model 777 Benelli Model 777 Benelli  Cooling System enhanced fuel efficient for improved performance,0,2025-08-30T00:00:00,2025-09-06T00:00:00
68d141e7b3fce85d4c56098c,Starter Motor - Grazia,Grazia,Honda,2018.0,,Electrical,2819.0,professional grade corrosion resistant for enhanced safety,18.0,3.9,15.0,0,https://example.com/images/starter_motor_grazia.jpg,68d135d63952f7cf7dee911e,68d135d63952f7cf7dee9120,baskar Automobiles,Medak,18.048948,78.269372,mid-range,classic,good,Starter Motor - Grazia Grazia Honda  Electrical professional grade corrosion resistant for enhanced safety,0,2025-08-07T00:00:00,2025-09-21T00:00:00
68d141e7b3fce85d4c56098d,Front Brake Pad - Harley-Davidson Model 330,Harley-Davidson Model 330,Harley-Davidson,2023.0,,Brakes,2404.0,high performance eco friendly for longer life,20.0,4.0,8.0,0,https://example.com/images/front_brake_pad_harley_davidson_model_330.jpg,68ac2a8e3c73e23c655de052,68ac2a8f3c73e23c655de054,Swathi Automobiles,Chappal Bazar Road - Kachiguda ,17.38953,78.491245,mid-range,modern,good,Front Brake Pad - Harley-Davidson Model 330 Harley-Davidson Model 330 Harley-Davidson  Brakes high performance eco friendly for longer life,0,2025-08-14T00:00:00,2025-08-24T00:00:00
68d141e7b3fce85d4c56098e,Oil Pump - Benelli Model 794,Benelli Model 794,Benelli,2025.0,,Engine,11692.0,lightweight heat treated for improved performance,25.0,5.0,24.0,0,https://example.com/images/oil_pump_benelli_model_794.jpg,68d0c47d09554c358655174b,68d0c47e09554c358655174d,Tarun Automobiles,,17.423605,78.546314,premium,modern,excellent,Oil Pump - Benelli Model 794 Benelli Model 794 Benelli  Engine lightweight heat treated for improved performance,0,2025-09-19T00:00:00,2025-09-04T00:00:00
68d141e7b3fce85d4c56098f,Parking Light - Glamour,Glamour,Hero,2018.0,,Lighting,1902.0,durable vibration dampening for improved comfort,17.0,4.8,23.0,0,https://example.com/images/parking_light_glamour.jpg,68d1346c3952f7cf7dee90d0,68d1346c3952f7cf7dee90d2,Kalyan Automobiles,Bala Nagar,17.475679,78.447328,mid-range,classic,excellent,Parking Light - Glamour Glamour Hero  Lighting durable vibration dampening for improved comfort,0,2025-08-21T00:00:00,2025-09-17T00:00:00
68d141e7b3fce85d4c560990,Header Pipe - Triumph Model 574,Triumph Model 574,Triumph,2025.0,,Exhaust,5362.0,oem quality eco friendly for better fuel economy,23.0,4.5,6.0,0,https://example.com/images/header_pipe_triumph_model_574.jpg,689d6959045c37933826818b,689d6959045c37933826818d,sai automobiles,RAMNAGAR COLONY PEERZADIGUDA UPPAL HYDERABAD,17.390358,78.606729,mid-range,modern,excellent,Header Pipe - Triumph Model 574 Triumph Model 574 Triumph  Exhaust oem quality eco friendly for better fuel economy,0,2025-08-15T00:00:00,2025-09-16T00:00:00
68d141e7b3fce85d4c560991,Transmission Oil - Bullet 350,Bullet 350,Royal Enfield,2021.0,,Transmission,3730.0,lightweight maintenance free for better handling,9.0,3.8,19.0,0,https://example.com/images/transmission_oil_bullet_350.jpg,68d134ac3952f7cf7dee90e3,68d134ac3952f7cf7dee90e5,Shiva sai Automobiles,Mahabubabad,17.594209,80.006903,mid-range,modern,good,Transmission Oil - Bullet 350 Bullet 350 Royal Enfield  Transmission lightweight maintenance free for better handling,0,2025-09-05T00:00:00,2025-08-29T00:00:00
68d141e7b3fce85d4c560992,Oil Pump - Benelli Model 428,Benelli Model 428,Benelli,2015.0,,Engine,2529.0,superior eco friendly for reduced maintenance,16.0,4.7,19.0,0,https://example.com/images/oil_pump_benelli_model_428.jpg,68d136193952f7cf7dee9131,68d136193952f7cf7dee9133,Mahesh Automobiles,Khammam,17.249885,80.15615,mid-range,classic,excellent,Oil Pump - Benelli Model 428 Benelli Model 428 Benelli  Engine superior eco friendly for reduced maintenance,0,2025-09-20T00:00:00,2025-08-23T00:00:00
68d141e7b3fce85d4c560993,Tank Bag - Avenger 220,Avenger 220,Bajaj,2023.0,,Accessories,360.0,durable precision engineered for reduced maintenance,19.0,4.8,1.0,0,https://example.com/images/tank_bag_avenger_220.jpg,68d135d63952f7cf7dee911e,68d135d63952f7cf7dee9120,baskar Automobiles,Medak,18.048948,78.269372,budget,modern,excellent,Tank Bag - Avenger 220 Avenger 220 Bajaj  Accessories durable precision engineered for reduced maintenance,0,2025-08-11T00:00:00,2025-08-25T00:00:00
68d141e7b3fce85d4c560994,Fuel Filter - BMW Model 830,BMW Model 830,Bmw,2022.0,,Filters,180.0,superior noise reducing for increased power,6.0,3.8,8.0,0,https://example.com/images/fuel_filter_bmw_model_830.jpg,68d0c47d09554c358655174b,68d0c47e09554c358655174d,Tarun Automobiles,,17.423605,78.546314,budget,modern,good,Fuel Filter - BMW Model 830 BMW Model 830 Bmw  Filters superior noise reducing for increased power,0,2025-08-01T00:00:00,2025-09-16T00:00:00
68d141e7b3fce85d4c560995,Silencer - Fascino 125,Fascino 125,Yamaha,2019.0,,Exhaust,9439.0,durable vibration dampening for improved performance,16.0,3.5,16.0,0,https://example.com/images/silencer_fascino_125.jpg,68d0c47d09554c358655174b,68d0c47e09554c358655174d,Tarun Automobiles,,17.423605,78.546314,premium,classic,good,Silencer - Fascino 125 Fascino 125 Yamaha  Exhaust durable vibration dampening for improved performance,0,2025-09-15T00:00:00,2025-09-09T00:00:00
68d141e7b3fce85d4c560996,Performance Exhaust - BMW Model 936,BMW Model 936,Bmw,2015.0,,Exhaust,14491.0,oem quality maintenance free for enhanced durability,22.0,3.5,5.0,0,https://example.com/images/performance_exhaust_bmw_model_936.jpg,68ac2a8e3c73e23c655de052,68ac2a8f3c73e23c655de054,Swathi Automobiles,Chappal Bazar Road - Kachiguda ,17.38953,78.491245,premium,classic,good,Performance Exhaust - BMW Model 936 BMW Model 936 Bmw  Exhaust oem quality maintenance free for enhanced durability,0,2025-08-09T00:00:00,2025-09-15T00:00:00
68d141e7b3fce85d4c560997,Hazard Light Switch - Duke 390,Duke 390,Ktm,2024.0,,Lighting,2370.0,advanced vibration dampening for enhanced durability,10.0,4.1,13.0,0,https://example.com/images/hazard_light_switch_duke_390.jpg,689d6959045c37933826818b,689d6959045c37933826818d,sai automobiles,RAMNAGAR COLONY PEERZADIGUDA UPPAL HYDERABAD,17.390358,78.606729,mid-range,modern,good,Hazard Light Switch - Duke 390 Duke 390 Ktm  Lighting advanced vibration dampening for enhanced durability,0,2025-09-03T00:00:00,2025-08-18T00:00:00
68d141e7b3fce85d4c560998,Silencer - Mahindra Model 413,Mahindra Model 413,Mahindra,2022.0,,Exhaust,5653.0,high performance eco friendly for better handling,4.0,3.6,12.0,0,https://example.com/images/silencer_mahindra_model_413.jpg,68d0c47d09554c358655174b,68d0c47e09554c358655174d,Tarun Automobiles,,17.423605,78.546314,premium,modern,good,Silencer - Mahindra Model 413 Mahindra Model 413 Mahindra  Exhaust high performance eco friendly for better handling,0,2025-09-18T00:00:00,2025-08-05T00:00:00
68d141e7b3fce85d4c560999,Swing Arm Bearing - Interceptor 650,Interceptor 650,Royal Enfield,2017.0,,Suspension,1918.0,enhanced heat treated for improved comfort,23.0,4.6,11.0,0,https://example.com/images/swing_arm_bearing_interceptor_650.jpg,68d133bf3952f7cf7dee90b7,68d133bf3952f7cf7dee90b9,Jyothi Automobiles,Hyderabad,17.511409,78.350972,mid-range,classic,excellent,Swing Arm Bearing - Interceptor 650 Interceptor 650 Royal Enfield  Suspension enhanced heat treated for improved comfort,0,2025-08-30T00:00:00,2025-08-26T00:00:00
68d141e7b3fce85d4c56099a,Rear Sprocket - BMW Model 303,BMW Model 303,Bmw,2021.0,,Drivetrain,6000.0,enhanced fuel efficient for reduced maintenance,8.0,3.7,2.0,0,https://example.com/images/rear_sprocket_bmw_model_303.jpg,68d135833952f7cf7dee9109,68d135833952f7cf7dee910b,Mounika Automobiles,Karimnagar,18.435781,79.132861,premium,modern,good,Rear Sprocket - BMW Model 303 BMW Model 303 Bmw  Drivetrain enhanced fuel efficient for reduced maintenance,0,2025-08-04T00:00:00,2025-09-03T00:00:00
68d141e7b3fce85d4c56099b,Tank Cap - BMW Model 590,BMW Model 590,Bmw,2024.0,,Fuel System,6778.0,enhanced fuel efficient for enhanced safety,16.0,4.2,20.0,0,https://example.com/images/tank_cap_bmw_model_590.jpg,68d136193952f7cf7dee9131,68d136193952f7cf7dee9133,Mahesh Automobiles,Khammam,17.249885,80.15615,premium,modern,good,Tank Cap - BMW Model 590 BMW Model 590 Bmw  Fuel System enhanced fuel efficient for enhanced safety,0,2025-09-12T00:00:00,2025-08-14T00:00:00
68d141e7b3fce85d4c56099c,Rear Brake Pad - Super Splendor,Super Splendor,Hero,2019.0,,Brakes,707.0,enhanced high strength for reduced maintenance,24.0,3.8,7.0,0,https://example.com/images/rear_brake_pad_super_splendor.jpg,689d6959045c37933826818b,689d6959045c37933826818d,sai automobiles,RAMNAGAR COLONY PEERZADIGUDA UPPAL HYDERABAD,17.390358,78.606729,budget,classic,good,Rear Brake Pad - Super Splendor Super Splendor Hero  Brakes enhanced high strength for reduced maintenance,0,2025-09-03T00:00:00,2025-09-08T00:00:00
68d141e7b3fce85d4c56099d,Turn Signal - Triumph Model 294,Triumph Model 294,Triumph,2017.0,,Electrical,4415.0,advanced heat treated for improved performance,1.0,4.8,17.0,0,https://example.com/images/turn_signal_triumph_model_294.jpg,68d135063952f7cf7dee90f6,68d135063952f7cf7dee90f8,Manoj Automobiles,Dilshknagar,17.367642,78.534282,mid-range,classic,excellent,Turn Signal - Triumph Model 294 Triumph Model 294 Triumph  Electrical advanced heat treated for improved performance,0,2025-08-15T00:00:00,2025-08-15T00:00:00
68d141e7b3fce85d4c56099e,Spark Plug - Triumph Model 111,Triumph Model 111,Triumph,2021.0,,Ignition,944.0,lightweight maintenance free for enhanced safety,14.0,4.8,6.0,0,https://example.com/images/spark_plug_triumph_model_111.jpg,689d6959045c37933826818b,689d6959045c37933826818d,sai automobiles,RAMNAGAR COLONY PEERZADIGUDA UPPAL HYDERABAD,17.390358,78.606729,mid-range,modern,excellent,Spark Plug - Triumph Model 111 Triumph Model 111 Triumph  Ignition lightweight maintenance free for enhanced safety,0,2025-09-16T00:00:00,2025-08-24T00:00:00
68d141e7b3fce85d4c56099f,Radiator - GSX-R1000R,GSX-R1000R,Suzuki,2015.0,,Cooling System,4343.0,high performance heat treated for improved comfort,6.0,4.7,13.0,0,https://example.com/images/radiator_gsx_r1000r.jpg,689d6959045c37933826818b,689d6959045c37933826818d,sai automobiles,RAMNAGAR COLONY PEERZADIGUDA UPPAL HYDERABAD,17.390358,78.606729,mid-range,classic,excellent,Radiator - GSX-R1000R GSX-R1000R Suzuki  Cooling System high performance heat treated for improved comfort,0,2025-08-21T00:00:00,2025-08-19T00:00:00
68d141e7b3fce85d4c5609a0,Parking Light - HF Deluxe,HF Deluxe,Hero,2024.0,,Lighting,3217.0,superior maintenance free for improved comfort,20.0,4.7,15.0,0,https://example.com/images/parking_light_hf_deluxe.jpg,68ac2a8e3c73e23c655de052,68ac2a8f3c73e23c655de054,Swathi Automobiles,Chappal Bazar Road - Kachiguda ,17.38953,78.491245,mid-range,modern,excellent,Parking Light - HF Deluxe HF Deluxe Hero  Lighting superior maintenance free for improved comfort,0,2025-08-19T00:00:00,2025-08-05T00:00:00
68d141e7b3fce85d4c5609a1,Water Pump - Dream Yuga,Dream Yuga,Honda,2021.0,,Engine,12804.0,professional grade corrosion resistant for better fuel economy,20.0,3.9,21.0,0,https://example.com/images/water_pump_dream_yuga.jpg,689d6959045c37933826818b,689d6959045c37933826818d,sai automobiles,RAMNAGAR COLONY PEERZADIGUDA UPPAL HYDERABAD,17.390358,78.606729,premium,modern,good,Water Pump - Dream Yuga Dream Yuga Honda  Engine professional grade corrosion resistant for better fuel economy,0,2025-08-20T00:00:00,2025-09-07T00:00:00
68d141e7b3fce85d4c5609a2,Clutch Cable - Dominar 400,Dominar 400,Bajaj,2023.0,,Transmission,3348.0,high performance noise reducing for longer life,4.0,4.5,25.0,0,https://example.com/images/clutch_cable_dominar_400.jpg,68d133bf3952f7cf7dee90b7,68d133bf3952f7cf7dee90b9,Jyothi Automobiles,Hyderabad,17.511409,78.350972,mid-range,modern,excellent,Clutch Cable - Dominar 400 Dominar 400 Bajaj  Transmission high performance noise reducing for longer life,0,2025-09-20T00:00:00,2025-09-18T00:00:00
68d141e7b3fce85d4c5609a3,Engine Gasket Set - Harley-Davidson Model 683,Harley-Davidson Model 683,Harley-Davidson,2019.0,,Engine,20331.0,lightweight corrosion resistant for reduced maintenance,6.0,4.4,6.0,0,https://example.com/images/engine_gasket_set_harley_davidson_model_683.jpg,68d134ac3952f7cf7dee90e3,68d134ac3952f7cf7dee90e5,Shiva sai Automobiles,Mahabubabad,17.594209,80.006903,premium,classic,good,Engine Gasket Set - Harley-Davidson Model 683 Harley-Davidson Model 683 Harley-Davidson  Engine lightweight corrosion resistant for reduced maintenance,0,2025-08-16T00:00:00,2025-08-26T00:00:00
68d141e7b3fce85d4c5609a4,Wire Wheel - Triumph Model 829,Triumph Model 829,Triumph,2015.0,,Wheels & Tires,6347.0,premium quality heat treated for smoother operation,23.0,4.2,29.0,0,https://example.com/images/wire_wheel_triumph_model_829.jpg,68d133bf3952f7cf7dee90b7,68d133bf3952f7cf7dee90b9,Jyothi Automobiles,Hyderabad,17.511409,78.350972,premium,classic,good,Wire Wheel - Triumph Model 829 Triumph Model 829 Triumph  Wheels & Tires premium quality heat treated for smoother operation,0,2025-09-09T00:00:00,2025-09-18T00:00:00
68d141e7b3fce85d4c5609a5,Wire Wheel - Interceptor 650,Interceptor 650,Royal Enfield,2021.0,,Wheels & Tires,1925.0,advanced corrosion resistant for better fuel economy,21.0,4.6,2.0,0,https://example.com/images/wire_wheel_interceptor_650.jpg,68d134ac3952f7cf7dee90e3,68d134ac3952f7cf7dee90e5,Shiva sai Automobiles,Mahabubabad,17.594209,80.006903,mid-range,modern,excellent,Wire Wheel - Interceptor 650 Interceptor 650 Royal Enfield  Wheels & Tires advanced corrosion resistant for better fuel economy,0,2025-08-01T00:00:00,2025-09-13T00:00:00
68d141e7b3fce85d4c5609a6,Distributor - Grazia,Grazia,Honda,2018.0,,Ignition,842.0,professional grade fuel efficient for increased power,24.0,4.2,4.0,0,https://example.com/images/distributor_grazia.jpg,68d136193952f7cf7dee9131,68d136193952f7cf7dee9133,Mahesh Automobiles,Khammam,17.249885,80.15615,budget,classic,good,Distributor - Grazia Grazia Honda  Ignition professional grade fuel efficient for increased power,0,2025-09-13T00:00:00,2025-08-05T00:00:00
68d141e7b3fce85d4c5609a7,CDI Unit - Mahindra Model 880,Mahindra Model 880,Mahindra,2016.0,,Electrical,620.0,heavy duty high strength for reduced maintenance,17.0,4.7,10.0,0,https://example.com/images/cdi_unit_mahindra_model_880.jpg,68ac2a8e3c73e23c655de052,68ac2a8f3c73e23c655de054,Swathi Automobiles,Chappal Bazar Road - Kachiguda ,17.38953,78.491245,budget,classic,excellent,CDI Unit - Mahindra Model 880 Mahindra Model 880 Mahindra  Electrical heavy duty high strength for reduced maintenance,0,2025-08-30T00:00:00,2025-08-13T00:00:00
68d141e7b3fce85d4c5609a8,Engine Gasket Set - FZ-S,FZ-S,Yamaha,2024.0,,Engine,11635.0,advanced fuel efficient for better fuel economy,15.0,4.4,15.0,0,https://example.com/images/engine_gasket_set_fz_s.jpg,68d135d63952f7cf7dee911e,68d135d63952f7cf7dee9120,baskar Automobiles,Medak,18.048948,78.269372,premium,modern,good,Engine Gasket Set - FZ-S FZ-S Yamaha  Engine advanced fuel efficient for better fuel economy,0,2025-08-03T00:00:00,2025-09-17T00:00:00
68d141e7b3fce85d4c5609a9,Front Sprocket - Monster,Monster,Ducati,2015.0,,Drivetrain,2525.0,durable fuel efficient for improved performance,12.0,3.7,20.0,0,https://example.com/images/front_sprocket_monster.jpg,68d133bf3952f7cf7dee90b7,68d133bf3952f7cf7dee90b9,Jyothi Automobiles,Hyderabad,17.511409,78.350972,mid-range,classic,good,Front Sprocket - Monster Monster Ducati  Drivetrain durable fuel efficient for improved performance,0,2025-08-14T00:00:00,2025-09-13T00:00:00
68d141e7b3fce85d4c5609aa,Seat Cover - Harley-Davidson Model 672,Harley-Davidson Model 672,Harley-Davidson,2016.0,,Body Parts,2988.0,superior heat treated for reduced maintenance,17.0,4.7,29.0,0,https://example.com/images/seat_cover_harley_davidson_model_672.jpg,68d133bf3952f7cf7dee90b7,68d133bf3952f7cf7dee90b9,Jyothi Automobiles,Hyderabad,17.511409,78.350972,mid-range,classic,excellent,Seat Cover - Harley-Davidson Model 672 Harley-Davidson Model 672 Harley-Davidson  Body Parts superior heat treated for reduced maintenance,0,2025-08-09T00:00:00,2025-08-01T00:00:00
68d141e8b3fce85d4c5609ab,Fog Light - Aprilia Model 307,Aprilia Model 307,Aprilia,2024.0,,Lighting,3657.0,high performance high strength for reduced maintenance,7.0,3.7,14.0,0,https://example.com/images/fog_light_aprilia_model_307.jpg,68d134ac3952f7cf7dee90e3,68d134ac3952f7cf7dee90e5,Shiva sai Automobiles,Mahabubabad,17.594209,80.006903,mid-range,modern,good,Fog Light - Aprilia Model 307 Aprilia Model 307 Aprilia  Lighting high performance high strength for reduced maintenance,0,2025-08-07T00:00:00,2025-09-09T00:00:00
68d141e8b3fce85d4c5609ac,Fuel Filter - Z400,Z400,Kawasaki,2017.0,,Filters,466.0,professional grade high strength for improved comfort,3.0,4.4,26.0,0,https://example.com/images/fuel_filter_z400.jpg,68ac2a8e3c73e23c655de052,68ac2a8f3c73e23c655de054,Swathi Automobiles,Chappal Bazar Road - Kachiguda ,17.38953,78.491245,budget,classic,good,Fuel Filter - Z400 Z400 Kawasaki  Filters professional grade high strength for improved comfort,0,2025-08-10T00:00:00,2025-09-20T00:00:00
68d141e8b3fce85d4c5609ad,Radiator - Benelli Model 975,Benelli Model 975,Benelli,2025.0,,Cooling System,7477.0,high performance fuel efficient for improved performance,22.0,3.8,16.0,0,https://example.com/images/radiator_benelli_model_975.jpg,68d135833952f7cf7dee9109,68d135833952f7cf7dee910b,Mounika Automobiles,Karimnagar,18.435781,79.132861,premium,modern,good,Radiator - Benelli Model 975 Benelli Model 975 Benelli  Cooling System high performance fuel efficient for improved performance,0,2025-09-10T00:00:00,2025-08-15T00:00:00
68d141e8b3fce85d4c5609ae,Hub Bearing - Harley-Davidson Model 358,Harley-Davidson Model 358,Harley-Davidson,2022.0,,Wheels & Tires,3072.0,premium quality corrosion resistant for better handling,20.0,4.3,27.0,0,https://example.com/images/hub_bearing_harley_davidson_model_358.jpg,689d6959045c37933826818b,689d6959045c37933826818d,sai automobiles,RAMNAGAR COLONY PEERZADIGUDA UPPAL HYDERABAD,17.390358,78.606729,mid-range,modern,good,Hub Bearing - Harley-Davidson Model 358 Harley-Davidson Model 358 Harley-Davidson  Wheels & Tires premium quality corrosion resistant for better handling,0,2025-08-10T00:00:00,2025-09-08T00:00:00
68d141e8b3fce85d4c5609af,Swing Arm Bearing - Access 125,Access 125,Suzuki,2021.0,,Suspension,2793.0,superior eco friendly for reduced maintenance,15.0,3.7,27.0,0,https://example.com/images/swing_arm_bearing_access_125.jpg,689d6959045c37933826818b,689d6959045c37933826818d,sai automobiles,RAMNAGAR COLONY PEERZADIGUDA UPPAL HYDERABAD,17.390358,78.606729,mid-range,modern,good,Swing Arm Bearing - Access 125 Access 125 Suzuki  Suspension superior eco friendly for reduced maintenance,0,2025-09-11T00:00:00,2025-08-19T00:00:00
68d141e8b3fce85d4c5609b0,Fork Tube - Burgman Street,Burgman Street,Suzuki,2016.0,,Suspension,1952.0,superior corrosion resistant for longer life,12.0,4.2,19.0,0,https://example.com/images/fork_tube_burgman_street.jpg,68ac2a8e3c73e23c655de052,68ac2a8f3c73e23c655de054,Swathi Automobiles,Chappal Bazar Road - Kachiguda ,17.38953,78.491245,mid-range,classic,good,Fork Tube - Burgman Street Burgman Street Suzuki  Suspension superior corrosion resistant for longer life,0,2025-08-14T00:00:00,2025-08-25T00:00:00
68d141e8b3fce85d4c5609b1,Seat Cover - BMW Model 529,BMW Model 529,Bmw,2016.0,,Body Parts,2437.0,heavy duty noise reducing for increased power,18.0,4.2,23.0,0,https://example.com/images/seat_cover_bmw_model_529.jpg,68d0c47d09554c358655174b,68d0c47e09554c358655174d,Tarun Automobiles,,17.423605,78.546314,mid-range,classic,good,Seat Cover - BMW Model 529 BMW Model 529 Bmw  Body Parts heavy duty noise reducing for increased power,0,2025-08-28T00:00:00,2025-08-31T00:00:00
68d141e8b3fce85d4c5609b2,Carbon Filter - Aerox 155,Aerox 155,Yamaha,2023.0,,Filters,326.0,durable noise reducing for increased power,14.0,3.8,29.0,0,https://example.com/images/carbon_filter_aerox_155.jpg,68d0c47d09554c358655174b,68d0c47e09554c358655174d,Tarun Automobiles,,17.423605,78.546314,budget,modern,good,Carbon Filter - Aerox 155 Aerox 155 Yamaha  Filters durable noise reducing for increased power,0,2025-08-13T00:00:00,2025-09-11T00:00:00
68d141e8b3fce85d4c5609b3,CDI Unit - Harley-Davidson Model 280,Harley-Davidson Model 280,Harley-Davidson,2016.0,,Electrical,1246.0,high performance long lasting for better fuel economy,16.0,3.7,30.0,0,https://example.com/images/cdi_unit_harley_davidson_model_280.jpg,68d134ac3952f7cf7dee90e3,68d134ac3952f7cf7dee90e5,Shiva sai Automobiles,Mahabubabad,17.594209,80.006903,mid-range,classic,good,CDI Unit - Harley-Davidson Model 280 Harley-Davidson Model 280 Harley-Davidson  Electrical high performance long lasting for better fuel economy,0,2025-08-09T00:00:00,2025-09-01T00:00:00
68d141e8b3fce85d4c5609b4,Cabin Filter - Access 125,Access 125,Suzuki,2024.0,,Filters,318.0,superior corrosion resistant for improved performance,14.0,4.4,23.0,0,https://example.com/images/cabin_filter_access_125.jpg,68d136193952f7cf7dee9131,68d136193952f7cf7dee9133,Mahesh Automobiles,Khammam,17.249885,80.15615,budget,modern,good,Cabin Filter - Access 125 Access 125 Suzuki  Filters superior corrosion resistant for improved performance,0,2025-09-02T00:00:00,2025-08-11T00:00:00
68d141e8b3fce85d4c5609b5,Tool Kit - Hayabusa,Hayabusa,Suzuki,2016.0,,Accessories,379.0,lightweight high strength for enhanced durability,20.0,4.1,2.0,0,https://example.com/images/tool_kit_hayabusa.jpg,68d1346c3952f7cf7dee90d0,68d1346c3952f7cf7dee90d2,Kalyan Automobiles,Bala Nagar,17.475679,78.447328,budget,classic,good,Tool Kit - Hayabusa Hayabusa Suzuki  Accessories lightweight high strength for enhanced durability,0,2025-08-16T00:00:00,2025-09-17T00:00:00
68d141e8b3fce85d4c5609b6,Clutch Plate - FZ-S,FZ-S,Yamaha,2019.0,,Transmission,1243.0,superior noise reducing for improved comfort,21.0,4.4,25.0,0,https://example.com/images/clutch_plate_fz_s.jpg,68ac2a8e3c73e23c655de052,68ac2a8f3c73e23c655de054,Swathi Automobiles,Chappal Bazar Road - Kachiguda ,17.38953,78.491245,mid-range,classic,good,Clutch Plate - FZ-S FZ-S Yamaha  Transmission superior noise reducing for improved comfort,0,2025-08-15T00:00:00,2025-08-16T00:00:00
68d141e8b3fce85d4c5609b7,Turn Signal - Destini 125,Destini 125,Hero,2020.0,,Electrical,3572.0,advanced maintenance free for improved comfort,25.0,4.2,26.0,0,https://example.com/images/turn_signal_destini_125.jpg,68d134ac3952f7cf7dee90e3,68d134ac3952f7cf7dee90e5,Shiva sai Automobiles,Mahabubabad,17.594209,80.006903,mid-range,modern,good,Turn Signal - Destini 125 Destini 125 Hero  Electrical advanced maintenance free for improved comfort,0,2025-08-10T00:00:00,2025-09-03T00:00:00
68d141e8b3fce85d4c5609b8,Wheel Balancing Weight - Triumph Model 358,Triumph Model 358,Triumph,2025.0,,Wheels & Tires,2316.0,premium quality fuel efficient for better fuel economy,15.0,4.8,1.0,0,https://example.com/images/wheel_balancing_weight_triumph_model_358.jpg,68d135063952f7cf7dee90f6,68d135063952f7cf7dee90f8,Manoj Automobiles,Dilshknagar,17.367642,78.534282,mid-range,modern,excellent,Wheel Balancing Weight - Triumph Model 358 Triumph Model 358 Triumph  Wheels & Tires premium quality fuel efficient for better fuel economy,0,2025-08-03T00:00:00,2025-08-23T00:00:00
68d141e8b3fce85d4c5609b9,Engine Guard - Dio,Dio,Honda,2023.0,,Accessories,1891.0,advanced maintenance free for enhanced durability,7.0,3.8,11.0,0,https://example.com/images/engine_guard_dio.jpg,68d0c47d09554c358655174b,68d0c47e09554c358655174d,Tarun Automobiles,,17.423605,78.546314,mid-range,modern,good,Engine Guard - Dio Dio Honda  Accessories advanced maintenance free for enhanced durability,0,2025-08-09T00:00:00,2025-08-09T00:00:00
68d141e8b3fce85d4c5609ba,Exhaust Pipe - Benelli Model 218,Benelli Model 218,Benelli,2015.0,,Exhaust,2274.0,enhanced noise reducing for better fuel economy,3.0,4.7,13.0,0,https://example.com/images/exhaust_pipe_benelli_model_218.jpg,68ac2a8e3c73e23c655de052,68ac2a8f3c73e23c655de054,Swathi Automobiles,Chappal Bazar Road - Kachiguda ,17.38953,78.491245,mid-range,classic,excellent,Exhaust Pipe - Benelli Model 218 Benelli Model 218 Benelli  Exhaust enhanced noise reducing for better fuel economy,0,2025-08-16T00:00:00,2025-09-04T00:00:00
68d141e8b3fce85d4c5609bb,Kick Starter - Harley-Davidson Model 325,Harley-Davidson Model 325,Harley-Davidson,2018.0,,Transmission,2496.0,durable long lasting for reduced maintenance,20.0,4.1,8.0,0,https://example.com/images/kick_starter_harley_davidson_model_325.jpg,68d134ac3952f7cf7dee90e3,68d134ac3952f7cf7dee90e5,Shiva sai Automobiles,Mahabubabad,17.594209,80.006903,mid-range,classic,good,Kick Starter - Harley-Davidson Model 325 Harley-Davidson Model 325 Harley-Davidson  Transmission durable long lasting for reduced maintenance,0,2025-08-18T00:00:00,2025-09-08T00:00:00
68d141e8b3fce85d4c5609bc,Fork Oil Seal - Livo,Livo,Honda,2024.0,,Suspension,6365.0,heavy duty long lasting for reduced maintenance,6.0,4.3,23.0,0,https://example.com/images/fork_oil_seal_livo.jpg,68d134ac3952f7cf7dee90e3,68d134ac3952f7cf7dee90e5,Shiva sai Automobiles,Mahabubabad,17.594209,80.006903,premium,modern,good,Fork Oil Seal - Livo Livo Honda  Suspension heavy duty long lasting for reduced maintenance,0,2025-08-18T00:00:00,2025-09-17T00:00:00
68d141e8b3fce85d4c5609bd,Gear Box - Mahindra Model 403,Mahindra Model 403,Mahindra,2022.0,,Transmission,3197.0,lightweight corrosion resistant for improved performance,14.0,4.3,9.0,0,https://example.com/images/gear_box_mahindra_model_403.jpg,68d136193952f7cf7dee9131,68d136193952f7cf7dee9133,Mahesh Automobiles,Khammam,17.249885,80.15615,mid-range,modern,good,Gear Box - Mahindra Model 403 Mahindra Model 403 Mahindra  Transmission lightweight corrosion resistant for improved performance,0,2025-09-03T00:00:00,2025-08-22T00:00:00
68d141e8b3fce85d4c5609be,Brake Caliper - Shine,Shine,Honda,2024.0,,Brakes,1619.0,superior maintenance free for smoother operation,1.0,3.7,26.0,0,https://example.com/images/brake_caliper_shine.jpg,689d6959045c37933826818b,689d6959045c37933826818d,sai automobiles,RAMNAGAR COLONY PEERZADIGUDA UPPAL HYDERABAD,17.390358,78.606729,mid-range,modern,good,Brake Caliper - Shine Shine Honda  Brakes superior maintenance free for smoother operation,0,2025-09-01T00:00:00,2025-08-15T00:00:00
68d141e8b3fce85d4c5609bf,Transmission Oil - XDiavel,XDiavel,Ducati,2020.0,,Transmission,2480.0,heavy duty maintenance free for better fuel economy,6.0,4.4,28.0,0,https://example.com/images/transmission_oil_xdiavel.jpg,68d135833952f7cf7dee9109,68d135833952f7cf7dee910b,Mounika Automobiles,Karimnagar,18.435781,79.132861,mid-range,modern,good,Transmission Oil - XDiavel XDiavel Ducati  Transmission heavy duty maintenance free for better fuel economy,0,2025-09-16T00:00:00,2025-09-17T00:00:00
68d141e8b3fce85d4c5609c0,Parking Light - Dominar 400,Dominar 400,Bajaj,2021.0,,Lighting,2451.0,heavy duty maintenance free for better handling,25.0,3.6,14.0,0,https://example.com/images/parking_light_dominar_400.jpg,68d135833952f7cf7dee9109,68d135833952f7cf7dee910b,Mounika Automobiles,Karimnagar,18.435781,79.132861,mid-range,modern,good,Parking Light - Dominar 400 Dominar 400 Bajaj  Lighting heavy duty maintenance free for better handling,0,2025-08-07T00:00:00,2025-08-04T00:00:00
68d141e8b3fce85d4c5609c1,Intercooler - Harley-Davidson Model 185,Harley-Davidson Model 185,Harley-Davidson,2024.0,,Cooling System,2568.0,durable corrosion resistant for better fuel economy,19.0,4.0,26.0,0,https://example.com/images/intercooler_harley_davidson_model_185.jpg,68d136193952f7cf7dee9131,68d136193952f7cf7dee9133,Mahesh Automobiles,Khammam,17.249885,80.15615,mid-range,modern,good,Intercooler - Harley-Davidson Model 185 Harley-Davidson Model 185 Harley-Davidson  Cooling System durable corrosion resistant for better fuel economy,0,2025-08-20T00:00:00,2025-08-07T00:00:00
68d141e8b3fce85d4c5609c2,Mobile Holder - Destini 125,Destini 125,Hero,2020.0,,Accessories,1912.0,oem quality corrosion resistant for better fuel economy,2.0,4.1,4.0,0,https://example.com/images/mobile_holder_destini_125.jpg,68d135833952f7cf7dee9109,68d135833952f7cf7dee910b,Mounika Automobiles,Karimnagar,18.435781,79.132861,mid-range,modern,good,Mobile Holder - Destini 125 Destini 125 Hero  Accessories oem quality corrosion resistant for better fuel economy,0,2025-08-09T00:00:00,2025-08-12T00:00:00
68d141e8b3fce85d4c5609c3,Clutch Spring - Hypermotard,Hypermotard,Ducati,2023.0,,Transmission,5919.0,professional grade noise reducing for longer life,14.0,4.9,8.0,0,https://example.com/images/clutch_spring_hypermotard.jpg,68d0c47d09554c358655174b,68d0c47e09554c358655174d,Tarun Automobiles,,17.423605,78.546314,premium,modern,excellent,Clutch Spring - Hypermotard Hypermotard Ducati  Transmission professional grade noise reducing for longer life,0,2025-08-04T00:00:00,2025-09-09T00:00:00
68d141e8b3fce85d4c5609c4,First Aid Kit - Hypermotard,Hypermotard,Ducati,2023.0,,Accessories,998.0,oem quality heat treated for increased power,24.0,4.7,14.0,0,https://example.com/images/first_aid_kit_hypermotard.jpg,68d136193952f7cf7dee9131,68d136193952f7cf7dee9133,Mahesh Automobiles,Khammam,17.249885,80.15615,mid-range,modern,excellent,First Aid Kit - Hypermotard Hypermotard Ducati  Accessories oem quality heat treated for increased power,0,2025-09-14T00:00:00,2025-08-14T00:00:00
68d141e8b3fce85d4c5609c5,Fuel Gauge - Harley-Davidson Model 837,Harley-Davidson Model 837,Harley-Davidson,2025.0,,Fuel System,2295.0,high performance heat treated for increased power,5.0,4.7,2.0,0,https://example.com/images/fuel_gauge_harley_davidson_model_837.jpg,68d134ac3952f7cf7dee90e3,68d134ac3952f7cf7dee90e5,Shiva sai Automobiles,Mahabubabad,17.594209,80.006903,mid-range,modern,excellent,Fuel Gauge - Harley-Davidson Model 837 Harley-Davidson Model 837 Harley-Davidson  Fuel System high performance heat treated for increased power,0,2025-08-07T00:00:00,2025-08-06T00:00:00
68d141e8b3fce85d4c5609c6,Immobilizer - BMW Model 405,BMW Model 405,Bmw,2025.0,,Ignition,409.0,lightweight high strength for improved comfort,15.0,4.9,14.0,0,https://example.com/images/immobilizer_bmw_model_405.jpg,68d135d63952f7cf7dee911e,68d135d63952f7cf7dee9120,baskar Automobiles,Medak,18.048948,78.269372,budget,modern,excellent,Immobilizer - BMW Model 405 BMW Model 405 Bmw  Ignition lightweight high strength for improved comfort,0,2025-08-29T00:00:00,2025-08-20T00:00:00
68d141e8b3fce85d4c5609c7,Coolant Filter - Ray ZR,Ray ZR,Yamaha,2024.0,,Filters,306.0,lightweight vibration dampening for smoother operation,11.0,4.6,8.0,0,https://example.com/images/coolant_filter_ray_zr.jpg,68d133bf3952f7cf7dee90b7,68d133bf3952f7cf7dee90b9,Jyothi Automobiles,Hyderabad,17.511409,78.350972,budget,modern,excellent,Coolant Filter - Ray ZR Ray ZR Yamaha  Filters lightweight vibration dampening for smoother operation,0,2025-08-07T00:00:00,2025-08-12T00:00:00
68d141e8b3fce85d4c5609c8,Side Stand - Avenis,Avenis,Suzuki,2023.0,,Body Parts,1748.0,oem quality vibration dampening for enhanced safety,17.0,4.8,30.0,0,https://example.com/images/side_stand_avenis.jpg,68d134ac3952f7cf7dee90e3,68d134ac3952f7cf7dee90e5,Shiva sai Automobiles,Mahabubabad,17.594209,80.006903,mid-range,modern,excellent,Side Stand - Avenis Avenis Suzuki  Body Parts oem quality vibration dampening for enhanced safety,0,2025-09-10T00:00:00,2025-08-11T00:00:00
68d141e8b3fce85d4c5609c9,Thermostat - Xtreme 160R,Xtreme 160R,Hero,2017.0,,Cooling System,2737.0,premium quality fuel efficient for increased power,25.0,4.5,29.0,0,https://example.com/images/thermostat_xtreme_160r.jpg,68d133bf3952f7cf7dee90b7,68d133bf3952f7cf7dee90b9,Jyothi Automobiles,Hyderabad,17.511409,78.350972,mid-range,classic,excellent,Thermostat - Xtreme 160R Xtreme 160R Hero  Cooling System premium quality fuel efficient for increased power,0,2025-08-03T00:00:00,2025-09-06T00:00:00
68d141e8b3fce85d4c5609ca,Side Panel - Versys-X 300,Versys-X 300,Kawasaki,2018.0,,Body Parts,2413.0,high performance long lasting for reduced maintenance,17.0,4.7,12.0,0,https://example.com/images/side_panel_versys_x_300.jpg,68d133bf3952f7cf7dee90b7,68d133bf3952f7cf7dee90b9,Jyothi Automobiles,Hyderabad,17.511409,78.350972,mid-range,classic,excellent,Side Panel - Versys-X 300 Versys-X 300 Kawasaki  Body Parts high performance long lasting for reduced maintenance,0,2025-09-11T00:00:00,2025-08-06T00:00:00
68d141e8b3fce85d4c5609cb,Front Fairing - Harley-Davidson Model 531,Harley-Davidson Model 531,Harley-Davidson,2017.0,,Body Parts,1843.0,advanced fuel efficient for longer life,6.0,4.4,20.0,0,https://example.com/images/front_fairing_harley_davidson_model_531.jpg,68d133bf3952f7cf7dee90b7,68d133bf3952f7cf7dee90b9,Jyothi Automobiles,Hyderabad,17.511409,78.350972,mid-range,classic,good,Front Fairing - Harley-Davidson Model 531 Harley-Davidson Model 531 Harley-Davidson  Body Parts advanced fuel efficient for longer life,0,2025-09-04T00:00:00,2025-08-31T00:00:00
68d141e8b3fce85d4c5609cc,Tail Light - Grazia,Grazia,Honda,2017.0,,Lighting,2862.0,enhanced long lasting for better fuel economy,16.0,5.0,30.0,0,https://example.com/images/tail_light_grazia.jpg,68d134ac3952f7cf7dee90e3,68d134ac3952f7cf7dee90e5,Shiva sai Automobiles,Mahabubabad,17.594209,80.006903,mid-range,classic,excellent,Tail Light - Grazia Grazia Honda  Lighting enhanced long lasting for better fuel economy,0,2025-09-20T00:00:00,2025-08-25T00:00:00
68d141e8b3fce85d4c5609cd,Rear Tire - Adventure 390,Adventure 390,Ktm,2016.0,,Wheels & Tires,5754.0,heavy duty noise reducing for improved performance,2.0,4.4,15.0,0,https://example.com/images/rear_tire_adventure_390.jpg,68d0c47d09554c358655174b,68d0c47e09554c358655174d,Tarun Automobiles,,17.423605,78.546314,premium,classic,good,Rear Tire - Adventure 390 Adventure 390 Ktm  Wheels & Tires heavy duty noise reducing for improved performance,0,2025-08-26T00:00:00,2025-08-20T00:00:00
68d141e8b3fce85d4c5609ce,Hub Bearing - Duke 250,Duke 250,Ktm,2020.0,,Wheels & Tires,4990.0,lightweight maintenance free for longer life,19.0,4.4,24.0,0,https://example.com/images/hub_bearing_duke_250.jpg,68ac2a8e3c73e23c655de052,68ac2a8f3c73e23c655de054,Swathi Automobiles,Chappal Bazar Road - Kachiguda ,17.38953,78.491245,mid-range,modern,good,Hub Bearing - Duke 250 Duke 250 Ktm  Wheels & Tires lightweight maintenance free for longer life,0,2025-08-21T00:00:00,2025-08-10T00:00:00
68d141e8b3fce85d4c5609cf,Valve Set - Hunter 350,Hunter 350,Royal Enfield,2018.0,,Engine,5064.0,professional grade long lasting for better fuel economy,23.0,4.4,11.0,0,https://example.com/images/valve_set_hunter_350.jpg,689d6959045c37933826818b,689d6959045c37933826818d,sai automobiles,RAMNAGAR COLONY PEERZADIGUDA UPPAL HYDERABAD,17.390358,78.606729,mid-range,classic,good,Valve Set - Hunter 350 Hunter 350 Royal Enfield  Engine professional grade long lasting for better fuel economy,0,2025-09-04T00:00:00,2025-08-16T00:00:00
68d141e8b3fce85d4c5609d0,Variator - Benelli Model 326,Benelli Model 326,Benelli,2023.0,,Drivetrain,2467.0,premium quality maintenance free for improved comfort,18.0,3.8,13.0,0,https://example.com/images/variator_benelli_model_326.jpg,68d135833952f7cf7dee9109,68d135833952f7cf7dee910b,Mounika Automobiles,Karimnagar,18.435781,79.132861,mid-range,modern,good,Variator - Benelli Model 326 Benelli Model 326 Benelli  Drivetrain premium quality maintenance free for improved comfort,0,2025-08-11T00:00:00,2025-09-09T00:00:00
68d141e8b3fce85d4c5609d1,Pressure Plate - Platina 110,Platina 110,Bajaj,2020.0,,Transmission,4314.0,professional grade corrosion resistant for longer life,22.0,4.8,25.0,0,https://example.com/images/pressure_plate_platina_110.jpg,68d135063952f7cf7dee90f6,68d135063952f7cf7dee90f8,Manoj Automobiles,Dilshknagar,17.367642,78.534282,mid-range,modern,excellent,Pressure Plate - Platina 110 Platina 110 Bajaj  Transmission professional grade corrosion resistant for longer life,0,2025-08-30T00:00:00,2025-09-14T00:00:00
68d141e8b3fce85d4c5609d2,Carbon Filter - Mahindra Model 245,Mahindra Model 245,Mahindra,2021.0,,Filters,466.0,professional grade vibration dampening for increased power,7.0,4.3,3.0,0,https://example.com/images/carbon_filter_mahindra_model_245.jpg,689d6959045c37933826818b,689d6959045c37933826818d,sai automobiles,RAMNAGAR COLONY PEERZADIGUDA UPPAL HYDERABAD,17.390358,78.606729,budget,modern,good,Carbon Filter - Mahindra Model 245 Mahindra Model 245 Mahindra  Filters professional grade vibration dampening for increased power,0,2025-08-06T00:00:00,2025-08-03T00:00:00
68d141e8b3fce85d4c5609d3,Front Fairing - BMW Model 908,BMW Model 908,Bmw,2019.0,,Body Parts,840.0,advanced long lasting for improved comfort,8.0,4.5,14.0,0,https://example.com/images/front_fairing_bmw_model_908.jpg,68d135833952f7cf7dee9109,68d135833952f7cf7dee910b,Mounika Automobiles,Karimnagar,18.435781,79.132861,budget,classic,excellent,Front Fairing - BMW Model 908 BMW Model 908 Bmw  Body Parts advanced long lasting for improved comfort,0,2025-09-19T00:00:00,2025-09-06T00:00:00
68d141e8b3fce85d4c5609d4,Intercooler - Shine,Shine,Honda,2018.0,,Cooling System,5821.0,lightweight long lasting for reduced maintenance,6.0,4.2,16.0,0,https://example.com/images/intercooler_shine.jpg,68d135833952f7cf7dee9109,68d135833952f7cf7dee910b,Mounika Automobiles,Karimnagar,18.435781,79.132861,premium,classic,good,Intercooler - Shine Shine Honda  Cooling System lightweight long lasting for reduced maintenance,0,2025-08-21T00:00:00,2025-09-18T00:00:00
68d141e8b3fce85d4c5609d5,Hub Bearing - Gixxer SF,Gixxer SF,Suzuki,2023.0,,Wheels & Tires,1460.0,high performance long lasting for improved comfort,4.0,4.6,9.0,0,https://example.com/images/hub_bearing_gixxer_sf.jpg,68d135063952f7cf7dee90f6,68d135063952f7cf7dee90f8,Manoj Automobiles,Dilshknagar,17.367642,78.534282,mid-range,modern,excellent,Hub Bearing - Gixxer SF Gixxer SF Suzuki  Wheels & Tires high performance long lasting for improved comfort,0,2025-08-08T00:00:00,2025-08-02T00:00:00
68d141e8b3fce85d4c5609d6,Side Stand - Super Meteor 650,Super Meteor 650,Royal Enfield,2015.0,,Body Parts,2931.0,heavy duty corrosion resistant for improved performance,14.0,3.7,9.0,0,https://example.com/images/side_stand_super_meteor_650.jpg,68d135d63952f7cf7dee911e,68d135d63952f7cf7dee9120,baskar Automobiles,Medak,18.048948,78.269372,mid-range,classic,good,Side Stand - Super Meteor 650 Super Meteor 650 Royal Enfield  Body Parts heavy duty corrosion resistant for improved performance,0,2025-09-20T00:00:00,2025-09-14T00:00:00
68d141e8b3fce85d4c5609d7,Timing Chain - BMW Model 393,BMW Model 393,Bmw,2019.0,,Engine,11530.0,oem quality fuel efficient for longer life,16.0,4.9,21.0,0,https://example.com/images/timing_chain_bmw_model_393.jpg,68d134ac3952f7cf7dee90e3,68d134ac3952f7cf7dee90e5,Shiva sai Automobiles,Mahabubabad,17.594209,80.006903,premium,classic,excellent,Timing Chain - BMW Model 393 BMW Model 393 Bmw  Engine oem quality fuel efficient for longer life,0,2025-09-05T00:00:00,2025-09-10T00:00:00
68d141e8b3fce85d4c5609d8,Hazard Light Switch - Super Meteor 650,Super Meteor 650,Royal Enfield,2016.0,,Lighting,3537.0,advanced eco friendly for increased power,2.0,4.1,28.0,0,https://example.com/images/hazard_light_switch_super_meteor_650.jpg,68d136193952f7cf7dee9131,68d136193952f7cf7dee9133,Mahesh Automobiles,Khammam,17.249885,80.15615,mid-range,classic,good,Hazard Light Switch - Super Meteor 650 Super Meteor 650 Royal Enfield  Lighting advanced eco friendly for increased power,0,2025-08-03T00:00:00,2025-08-17T00:00:00
68d141e8b3fce85d4c5609d9,Brake Caliper - 790 Duke,790 Duke,Ktm,2018.0,,Brakes,2793.0,oem quality eco friendly for improved performance,5.0,4.3,28.0,0,https://example.com/images/brake_caliper_790_duke.jpg,68ac2a8e3c73e23c655de052,68ac2a8f3c73e23c655de054,Swathi Automobiles,Chappal Bazar Road - Kachiguda ,17.38953,78.491245,mid-range,classic,good,Brake Caliper - 790 Duke 790 Duke Ktm  Brakes oem quality eco friendly for improved performance,0,2025-08-18T00:00:00,2025-08-23T00:00:00
68d141e8b3fce85d4c5609da,Alternator - Pulsar NS200 V1,Pulsar NS200,Bajaj,2022.0,,Electrical,4161.0,superior noise reducing for better fuel economy,16.0,3.7,9.0,0,https://example.com/images/alternator_pulsar_ns200.jpg,68d0c47d09554c358655174b,68d0c47e09554c358655174d,Tarun Automobiles,,17.423605,78.546314,mid-range,modern,good,Alternator - Pulsar NS200 V1 Pulsar NS200 Bajaj  Electrical superior noise reducing for better fuel economy,0,2025-09-07T00:00:00,2025-08-30T00:00:00
68d141e8b3fce85d4c5609db,Cylinder Head - Scram 411,Scram 411,Royal Enfield,2020.0,,Engine,5041.0,oem quality long lasting for better handling,20.0,4.8,24.0,0,https://example.com/images/cylinder_head_scram_411.jpg,68d136193952f7cf7dee9131,68d136193952f7cf7dee9133,Mahesh Automobiles,Khammam,17.249885,80.15615,mid-range,modern,excellent,Cylinder Head - Scram 411 Scram 411 Royal Enfield  Engine oem quality long lasting for better handling,0,2025-08-01T00:00:00,2025-08-08T00:00:00
68d141e8b3fce85d4c5609dc,Water Pump - Scram 411,Scram 411,Royal Enfield,2025.0,,Engine,7661.0,heavy duty high strength for improved performance,19.0,4.5,16.0,0,https://example.com/images/water_pump_scram_411.jpg,68d1346c3952f7cf7dee90d0,68d1346c3952f7cf7dee90d2,Kalyan Automobiles,Bala Nagar,17.475679,78.447328,premium,modern,excellent,Water Pump - Scram 411 Scram 411 Royal Enfield  Engine heavy duty high strength for improved performance,0,2025-08-11T00:00:00,2025-08-15T00:00:00
68d141e8b3fce85d4c5609dd,Valve Set - Benelli Model 835,Benelli Model 835,Benelli,2025.0,,Engine,7846.0,superior maintenance free for better handling,7.0,4.1,24.0,0,https://example.com/images/valve_set_benelli_model_835.jpg,68d136193952f7cf7dee9131,68d136193952f7cf7dee9133,Mahesh Automobiles,Khammam,17.249885,80.15615,premium,modern,good,Valve Set - Benelli Model 835 Benelli Model 835 Benelli  Engine superior maintenance free for better handling,0,2025-08-29T00:00:00,2025-08-22T00:00:00
68d141e8b3fce85d4c5609de,Brake Hose - Benelli Model 296,Benelli Model 296,Benelli,2020.0,,Brakes,1608.0,high performance vibration dampening for smoother operation,1.0,5.0,22.0,0,https://example.com/images/brake_hose_benelli_model_296.jpg,68d134ac3952f7cf7dee90e3,68d134ac3952f7cf7dee90e5,Shiva sai Automobiles,Mahabubabad,17.594209,80.006903,mid-range,modern,excellent,Brake Hose - Benelli Model 296 Benelli Model 296 Benelli  Brakes high performance vibration dampening for smoother operation,0,2025-09-06T00:00:00,2025-09-18T00:00:00
68d141e8b3fce85d4c5609df,Universal Joint - Splendor Plus,Splendor Plus,Hero,2016.0,,Drivetrain,3679.0,premium quality corrosion resistant for enhanced safety,23.0,4.8,30.0,0,https://example.com/images/universal_joint_splendor_plus.jpg,68d0c47d09554c358655174b,68d0c47e09554c358655174d,Tarun Automobiles,,17.423605,78.546314,mid-range,classic,excellent,Universal Joint - Splendor Plus Splendor Plus Hero  Drivetrain premium quality corrosion resistant for enhanced safety,0,2025-08-02T00:00:00,2025-08-20T00:00:00
68d141e8b3fce85d4c5609e0,Chain Guide - Splendor Plus,Splendor Plus,Hero,2024.0,,Drivetrain,2352.0,lightweight corrosion resistant for longer life,18.0,4.2,21.0,0,https://example.com/images/chain_guide_splendor_plus.jpg,689d6959045c37933826818b,689d6959045c37933826818d,sai automobiles,RAMNAGAR COLONY PEERZADIGUDA UPPAL HYDERABAD,17.390358,78.606729,mid-range,modern,good,Chain Guide - Splendor Plus Splendor Plus Hero  Drivetrain lightweight corrosion resistant for longer life,0,2025-08-02T00:00:00,2025-08-05T00:00:00
68d141e8b3fce85d4c5609e1,Wiring Harness - Harley-Davidson Model 600,Harley-Davidson Model 600,Harley-Davidson,2018.0,,Electrical,2628.0,enhanced noise reducing for enhanced safety,12.0,3.8,29.0,0,https://example.com/images/wiring_harness_harley_davidson_model_600.jpg,68d135d63952f7cf7dee911e,68d135d63952f7cf7dee9120,baskar Automobiles,Medak,18.048948,78.269372,mid-range,classic,good,Wiring Harness - Harley-Davidson Model 600 Harley-Davidson Model 600 Harley-Davidson  Electrical enhanced noise reducing for enhanced safety,0,2025-09-02T00:00:00,2025-08-19T00:00:00
68d141e8b3fce85d4c5609e2,Water Pump - Triumph Model 656,Triumph Model 656,Triumph,2022.0,,Engine,11084.0,advanced heat treated for smoother operation,24.0,4.4,20.0,0,https://example.com/images/water_pump_triumph_model_656.jpg,68d1346c3952f7cf7dee90d0,68d1346c3952f7cf7dee90d2,Kalyan Automobiles,Bala Nagar,17.475679,78.447328,premium,modern,good,Water Pump - Triumph Model 656 Triumph Model 656 Triumph  Engine advanced heat treated for smoother operation,0,2025-08-08T00:00:00,2025-09-12T00:00:00
68d141e8b3fce85d4c5609e3,Throttle Body - CB350RS,CB350RS,Honda,2021.0,,Fuel System,5876.0,professional grade maintenance free for improved performance,1.0,4.8,25.0,0,https://example.com/images/throttle_body_cb350rs.jpg,689d6959045c37933826818b,689d6959045c37933826818d,sai automobiles,RAMNAGAR COLONY PEERZADIGUDA UPPAL HYDERABAD,17.390358,78.606729,premium,modern,excellent,Throttle Body - CB350RS CB350RS Honda  Fuel System professional grade maintenance free for improved performance,0,2025-08-11T00:00:00,2025-09-01T00:00:00
68d141e8b3fce85d4c5609e4,License Plate Light - Harley-Davidson Model 993,Harley-Davidson Model 993,Harley-Davidson,2023.0,,Lighting,2053.0,superior precision engineered for improved performance,3.0,4.4,17.0,0,https://example.com/images/license_plate_light_harley_davidson_model_993.jpg,68d1346c3952f7cf7dee90d0,68d1346c3952f7cf7dee90d2,Kalyan Automobiles,Bala Nagar,17.475679,78.447328,mid-range,modern,good,License Plate Light - Harley-Davidson Model 993 Harley-Davidson Model 993 Harley-Davidson  Lighting superior precision engineered for improved performance,0,2025-09-01T00:00:00,2025-09-05T00:00:00
68d141e8b3fce85d4c5609e5,Regulator Rectifier - 1290 Super Duke R,1290 Super Duke R,Ktm,2016.0,,Electrical,4366.0,superior high strength for reduced maintenance,21.0,4.1,8.0,0,https://example.com/images/regulator_rectifier_1290_super_duke_r.jpg,68d136193952f7cf7dee9131,68d136193952f7cf7dee9133,Mahesh Automobiles,Khammam,17.249885,80.15615,mid-range,classic,good,Regulator Rectifier - 1290 Super Duke R 1290 Super Duke R Ktm  Electrical superior high strength for reduced maintenance,0,2025-09-21T00:00:00,2025-08-02T00:00:00
68d141e8b3fce85d4c5609e6,Master Cylinder - Mahindra Model 394,Mahindra Model 394,Mahindra,2017.0,,Brakes,1540.0,professional grade maintenance free for better handling,9.0,4.3,13.0,0,https://example.com/images/master_cylinder_mahindra_model_394.jpg,68d135833952f7cf7dee9109,68d135833952f7cf7dee910b,Mounika Automobiles,Karimnagar,18.435781,79.132861,mid-range,classic,good,Master Cylinder - Mahindra Model 394 Mahindra Model 394 Mahindra  Brakes professional grade maintenance free for better handling,0,2025-09-21T00:00:00,2025-09-14T00:00:00
68d141e8b3fce85d4c5609e7,Suspension Linkage - Glamour,Glamour,Hero,2021.0,,Suspension,2883.0,professional grade maintenance free for better handling,9.0,4.2,8.0,0,https://example.com/images/suspension_linkage_glamour.jpg,68d135063952f7cf7dee90f6,68d135063952f7cf7dee90f8,Manoj Automobiles,Dilshknagar,17.367642,78.534282,mid-range,modern,good,Suspension Linkage - Glamour Glamour Hero  Suspension professional grade maintenance free for better handling,0,2025-09-19T00:00:00,2025-09-04T00:00:00
68d141e8b3fce85d4c5609e8,Regulator Rectifier - XDiavel,XDiavel,Ducati,2021.0,,Electrical,1162.0,heavy duty high strength for longer life,25.0,4.9,29.0,0,https://example.com/images/regulator_rectifier_xdiavel.jpg,68d135833952f7cf7dee9109,68d135833952f7cf7dee910b,Mounika Automobiles,Karimnagar,18.435781,79.132861,mid-range,modern,excellent,Regulator Rectifier - XDiavel XDiavel Ducati  Electrical heavy duty high strength for longer life,0,2025-09-13T00:00:00,2025-08-02T00:00:00
68d141e8b3fce85d4c5609e9,Pressure Plate - Benelli Model 705,Benelli Model 705,Benelli,2019.0,,Transmission,6734.0,advanced heat treated for enhanced safety,8.0,3.8,10.0,0,https://example.com/images/pressure_plate_benelli_model_705.jpg,68d1346c3952f7cf7dee90d0,68d1346c3952f7cf7dee90d2,Kalyan Automobiles,Bala Nagar,17.475679,78.447328,premium,classic,good,Pressure Plate - Benelli Model 705 Benelli Model 705 Benelli  Transmission advanced heat treated for enhanced safety,0,2025-08-02T00:00:00,2025-08-13T00:00:00
68d141e8b3fce85d4c5609ea,Side Stand - Mahindra Model 528,Mahindra Model 528,Mahindra,2017.0,,Body Parts,659.0,durable fuel efficient for better fuel economy,7.0,5.0,27.0,0,https://example.com/images/side_stand_mahindra_model_528.jpg,68d133bf3952f7cf7dee90b7,68d133bf3952f7cf7dee90b9,Jyothi Automobiles,Hyderabad,17.511409,78.350972,budget,classic,excellent,Side Stand - Mahindra Model 528 Mahindra Model 528 Mahindra  Body Parts durable fuel efficient for better fuel economy,0,2025-08-03T00:00:00,2025-09-20T00:00:00
68d141e8b3fce85d4c5609eb,Throttle Body - W175,W175,Kawasaki,2025.0,,Fuel System,2803.0,high performance eco friendly for smoother operation,20.0,4.2,17.0,0,https://example.com/images/throttle_body_w175.jpg,68d136193952f7cf7dee9131,68d136193952f7cf7dee9133,Mahesh Automobiles,Khammam,17.249885,80.15615,mid-range,modern,good,Throttle Body - W175 W175 Kawasaki  Fuel System high performance eco friendly for smoother operation,0,2025-08-05T00:00:00,2025-09-20T00:00:00
68d141e8b3fce85d4c5609ec,Heat Shield - Aprilia Model 704,Aprilia Model 704,Aprilia,2019.0,,Exhaust,11257.0,professional grade vibration dampening for longer life,19.0,3.8,5.0,0,https://example.com/images/heat_shield_aprilia_model_704.jpg,68ac2a8e3c73e23c655de052,68ac2a8f3c73e23c655de054,Swathi Automobiles,Chappal Bazar Road - Kachiguda ,17.38953,78.491245,premium,classic,good,Heat Shield - Aprilia Model 704 Aprilia Model 704 Aprilia  Exhaust professional grade vibration dampening for longer life,0,2025-09-12T00:00:00,2025-08-16T00:00:00
68d141e8b3fce85d4c5609ed,Brake Hose - Triumph Model 420,Triumph Model 420,Triumph,2017.0,,Brakes,1268.0,professional grade eco friendly for improved performance,10.0,4.4,14.0,0,https://example.com/images/brake_hose_triumph_model_420.jpg,68d135833952f7cf7dee9109,68d135833952f7cf7dee910b,Mounika Automobiles,Karimnagar,18.435781,79.132861,mid-range,classic,good,Brake Hose - Triumph Model 420 Triumph Model 420 Triumph  Brakes professional grade eco friendly for improved performance,0,2025-09-04T00:00:00,2025-08-07T00:00:00
68d141e8b3fce85d4c5609ee,Vacuum Filter - DesertX,DesertX,Ducati,2024.0,,Filters,445.0,durable vibration dampening for enhanced durability,24.0,4.7,12.0,0,https://example.com/images/vacuum_filter_desertx.jpg,68d1346c3952f7cf7dee90d0,68d1346c3952f7cf7dee90d2,Kalyan Automobiles,Bala Nagar,17.475679,78.447328,budget,modern,excellent,Vacuum Filter - DesertX DesertX Ducati  Filters durable vibration dampening for enhanced durability,0,2025-08-15T00:00:00,2025-08-04T00:00:00
68d141e8b3fce85d4c5609ef,Mudguard - Xpulse 200,Xpulse 200,Hero,2016.0,,Body Parts,1678.0,advanced high strength for enhanced safety,14.0,3.9,15.0,0,https://example.com/images/mudguard_xpulse_200.jpg,68d134ac3952f7cf7dee90e3,68d134ac3952f7cf7dee90e5,Shiva sai Automobiles,Mahabubabad,17.594209,80.006903,mid-range,classic,good,Mudguard - Xpulse 200 Xpulse 200 Hero  Body Parts advanced high strength for enhanced safety,0,2025-08-09T00:00:00,2025-08-27T00:00:00
68d141e8b3fce85d4c5609f0,Chain - Panigale V2,Panigale V2,Ducati,2024.0,,Drivetrain,666.0,lightweight corrosion resistant for better fuel economy,5.0,4.7,3.0,0,https://example.com/images/chain_panigale_v2.jpg,68d133bf3952f7cf7dee90b7,68d133bf3952f7cf7dee90b9,Jyothi Automobiles,Hyderabad,17.511409,78.350972,budget,modern,excellent,Chain - Panigale V2 Panigale V2 Ducati  Drivetrain lightweight corrosion resistant for better fuel economy,0,2025-09-15T00:00:00,2025-08-18T00:00:00
68d141e8b3fce85d4c5609f1,Coil - CB350RS,CB350RS,Honda,2022.0,,Electrical,2915.0,advanced precision engineered for better fuel economy,18.0,4.8,11.0,0,https://example.com/images/coil_cb350rs.jpg,68d135063952f7cf7dee90f6,68d135063952f7cf7dee90f8,Manoj Automobiles,Dilshknagar,17.367642,78.534282,mid-range,modern,excellent,Coil - CB350RS CB350RS Honda  Electrical advanced precision engineered for better fuel economy,0,2025-09-16T00:00:00,2025-09-14T00:00:00
68d141e8b3fce85d4c5609f2,Connecting Rod - Harley-Davidson Model 219,Harley-Davidson Model 219,Harley-Davidson,2023.0,,Engine,17062.0,enhanced vibration dampening for better handling,16.0,5.0,22.0,0,https://example.com/images/connecting_rod_harley_davidson_model_219.jpg,68d135d63952f7cf7dee911e,68d135d63952f7cf7dee9120,baskar Automobiles,Medak,18.048948,78.269372,premium,modern,excellent,Connecting Rod - Harley-Davidson Model 219 Harley-Davidson Model 219 Harley-Davidson  Engine enhanced vibration dampening for better handling,0,2025-08-27T00:00:00,2025-08-29T00:00:00
68d141e8b3fce85d4c5609f3,Battery - Mahindra Model 740,Mahindra Model 740,Mahindra,2020.0,,Electrical,4699.0,high performance long lasting for reduced maintenance,6.0,3.8,25.0,0,https://example.com/images/battery_mahindra_model_740.jpg,68d133bf3952f7cf7dee90b7,68d133bf3952f7cf7dee90b9,Jyothi Automobiles,Hyderabad,17.511409,78.350972,mid-range,modern,good,Battery - Mahindra Model 740 Mahindra Model 740 Mahindra  Electrical high performance long lasting for reduced maintenance,0,2025-09-09T00:00:00,2025-09-03T00:00:00
68d141e8b3fce85d4c5609f4,Mudguard - DesertX,DesertX,Ducati,2023.0,,Body Parts,623.0,professional grade high strength for longer life,9.0,4.9,10.0,0,https://example.com/images/mudguard_desertx.jpg,68d133bf3952f7cf7dee90b7,68d133bf3952f7cf7dee90b9,Jyothi Automobiles,Hyderabad,17.511409,78.350972,budget,modern,excellent,Mudguard - DesertX DesertX Ducati  Body Parts professional grade high strength for longer life,0,2025-09-05T00:00:00,2025-09-01T00:00:00
68d141e8b3fce85d4c5609f5,Clutch Spring - BMW Model 598,BMW Model 598,Bmw,2019.0,,Transmission,4515.0,professional grade eco friendly for better fuel economy,8.0,3.6,19.0,0,https://example.com/images/clutch_spring_bmw_model_598.jpg,68ac2a8e3c73e23c655de052,68ac2a8f3c73e23c655de054,Swathi Automobiles,Chappal Bazar Road - Kachiguda ,17.38953,78.491245,mid-range,classic,good,Clutch Spring - BMW Model 598 BMW Model 598 Bmw  Transmission professional grade eco friendly for better fuel economy,0,2025-09-20T00:00:00,2025-08-18T00:00:00
68d141e8b3fce85d4c5609f6,Final Drive - Benelli Model 613,Benelli Model 613,Benelli,2020.0,,Transmission,2643.0,advanced long lasting for smoother operation,13.0,4.9,7.0,0,https://example.com/images/final_drive_benelli_model_613.jpg,68d0c47d09554c358655174b,68d0c47e09554c358655174d,Tarun Automobiles,,17.423605,78.546314,mid-range,modern,excellent,Final Drive - Benelli Model 613 Benelli Model 613 Benelli  Transmission advanced long lasting for smoother operation,0,2025-09-14T00:00:00,2025-09-20T00:00:00
68d141e8b3fce85d4c5609f7,Master Cylinder - Mahindra Model 806,Mahindra Model 806,Mahindra,2018.0,,Brakes,2185.0,high performance maintenance free for smoother operation,5.0,4.2,11.0,0,https://example.com/images/master_cylinder_mahindra_model_806.jpg,68d135063952f7cf7dee90f6,68d135063952f7cf7dee90f8,Manoj Automobiles,Dilshknagar,17.367642,78.534282,mid-range,classic,good,Master Cylinder - Mahindra Model 806 Mahindra Model 806 Mahindra  Brakes high performance maintenance free for smoother operation,0,2025-08-25T00:00:00,2025-08-11T00:00:00
68d141e8b3fce85d4c5609f8,Rear Cowl - Ray ZR,Ray ZR,Yamaha,2017.0,,Body Parts,2578.0,high performance eco friendly for smoother operation,14.0,4.5,6.0,0,https://example.com/images/rear_cowl_ray_zr.jpg,68d0c47d09554c358655174b,68d0c47e09554c358655174d,Tarun Automobiles,,17.423605,78.546314,mid-range,classic,excellent,Rear Cowl - Ray ZR Ray ZR Yamaha  Body Parts high performance eco friendly for smoother operation,0,2025-08-09T00:00:00,2025-08-27T00:00:00
68d141e8b3fce85d4c5609f9,Fuel Injector - Aprilia Model 826,Aprilia Model 826,Aprilia,2018.0,,Fuel System,1641.0,heavy duty high strength for reduced maintenance,25.0,4.8,28.0,0,https://example.com/images/fuel_injector_aprilia_model_826.jpg,689d6959045c37933826818b,689d6959045c37933826818d,sai automobiles,RAMNAGAR COLONY PEERZADIGUDA UPPAL HYDERABAD,17.390358,78.606729,mid-range,classic,excellent,Fuel Injector - Aprilia Model 826 Aprilia Model 826 Aprilia  Fuel System heavy duty high strength for reduced maintenance,0,2025-09-18T00:00:00,2025-09-08T00:00:00
68d141e8b3fce85d4c5609fa,Brake Caliper - Access 125,Access 125,Suzuki,2018.0,,Brakes,413.0,heavy duty maintenance free for better handling,20.0,4.1,14.0,0,https://example.com/images/brake_caliper_access_125.jpg,68d136193952f7cf7dee9131,68d136193952f7cf7dee9133,Mahesh Automobiles,Khammam,17.249885,80.15615,budget,classic,good,Brake Caliper - Access 125 Access 125 Suzuki  Brakes heavy duty maintenance free for better handling,0,2025-08-07T00:00:00,2025-08-06T00:00:00
68d141e8b3fce85d4c5609fb,Starter Motor - Boulevard,Boulevard,Suzuki,2017.0,,Electrical,2841.0,heavy duty vibration dampening for improved comfort,6.0,3.7,3.0,0,https://example.com/images/starter_motor_boulevard.jpg,68d135833952f7cf7dee9109,68d135833952f7cf7dee910b,Mounika Automobiles,Karimnagar,18.435781,79.132861,mid-range,classic,good,Starter Motor - Boulevard Boulevard Suzuki  Electrical heavy duty vibration dampening for improved comfort,0,2025-08-10T00:00:00,2025-08-18T00:00:00
68d141e8b3fce85d4c5609fc,Radiator Cap - Ninja ZX-10R,Ninja ZX-10R,Kawasaki,2017.0,,Cooling System,5892.0,oem quality corrosion resistant for increased power,25.0,3.5,15.0,0,https://example.com/images/radiator_cap_ninja_zx_10r.jpg,68d136193952f7cf7dee9131,68d136193952f7cf7dee9133,Mahesh Automobiles,Khammam,17.249885,80.15615,premium,classic,good,Radiator Cap - Ninja ZX-10R Ninja ZX-10R Kawasaki  Cooling System oem quality corrosion resistant for increased power,0,2025-08-29T00:00:00,2025-08-29T00:00:00
68d141e8b3fce85d4c5609fd,Rear Cowl - Pulsar NS200,Pulsar NS200,Bajaj,2018.0,,Body Parts,1477.0,professional grade corrosion resistant for improved comfort,7.0,4.1,2.0,0,https://example.com/images/rear_cowl_pulsar_ns200.jpg,68d133bf3952f7cf7dee90b7,68d133bf3952f7cf7dee90b9,Jyothi Automobiles,Hyderabad,17.511409,78.350972,mid-range,classic,good,Rear Cowl - Pulsar NS200 Pulsar NS200 Bajaj  Body Parts professional grade corrosion resistant for improved comfort,0,2025-09-09T00:00:00,2025-08-03T00:00:00
68d141e8b3fce85d4c5609fe,Engine Gasket Set - Aprilia Model 138,Aprilia Model 138,Aprilia,2015.0,,Engine,2351.0,high performance long lasting for longer life,8.0,4.1,12.0,0,https://example.com/images/engine_gasket_set_aprilia_model_138.jpg,68d133bf3952f7cf7dee90b7,68d133bf3952f7cf7dee90b9,Jyothi Automobiles,Hyderabad,17.511409,78.350972,mid-range,classic,good,Engine Gasket Set - Aprilia Model 138 Aprilia Model 138 Aprilia  Engine high performance long lasting for longer life,0,2025-08-02T00:00:00,2025-08-25T00:00:00
68d141e8b3fce85d4c5609ff,Crankshaft - Benelli Model 288,Benelli Model 288,Benelli,2017.0,,Engine,8194.0,superior eco friendly for reduced maintenance,6.0,3.6,13.0,0,https://example.com/images/crankshaft_benelli_model_288.jpg,68d133bf3952f7cf7dee90b7,68d133bf3952f7cf7dee90b9,Jyothi Automobiles,Hyderabad,17.511409,78.350972,premium,classic,good,Crankshaft - Benelli Model 288 Benelli Model 288 Benelli  Engine superior eco friendly for reduced maintenance,0,2025-08-04T00:00:00,2025-09-17T00:00:00
68d141e8b3fce85d4c560a00,Horn - BMW Model 236,BMW Model 236,Bmw,2019.0,,Electrical,2604.0,durable corrosion resistant for better fuel economy,5.0,4.5,28.0,0,https://example.com/images/horn_bmw_model_236.jpg,68d136193952f7cf7dee9131,68d136193952f7cf7dee9133,Mahesh Automobiles,Khammam,17.249885,80.15615,mid-range,classic,excellent,Horn - BMW Model 236 BMW Model 236 Bmw  Electrical durable corrosion resistant for better fuel economy,0,2025-09-18T00:00:00,2025-08-21T00:00:00
68d141e8b3fce85d4c560a01,Dashboard Light - Shine,Shine,Honda,2022.0,,Lighting,1862.0,high performance long lasting for better fuel economy,24.0,4.1,14.0,0,https://example.com/images/dashboard_light_shine.jpg,68ac2a8e3c73e23c655de052,68ac2a8f3c73e23c655de054,Swathi Automobiles,Chappal Bazar Road - Kachiguda ,17.38953,78.491245,mid-range,modern,good,Dashboard Light - Shine Shine Honda  Lighting high performance long lasting for better fuel economy,0,2025-08-10T00:00:00,2025-09-18T00:00:00
68d141e8b3fce85d4c560a02,Distributor - Z400,Z400,Kawasaki,2025.0,,Ignition,319.0,high performance fuel efficient for improved performance,8.0,4.6,30.0,0,https://example.com/images/distributor_z400.jpg,68d135833952f7cf7dee9109,68d135833952f7cf7dee910b,Mounika Automobiles,Karimnagar,18.435781,79.132861,budget,modern,excellent,Distributor - Z400 Z400 Kawasaki  Ignition high performance fuel efficient for improved performance,0,2025-08-20T00:00:00,2025-09-14T00:00:00
68d141e8b3fce85d4c560a03,Tool Kit - Panigale V2,Panigale V2,Ducati,2016.0,,Accessories,1709.0,high performance noise reducing for improved performance,20.0,4.9,13.0,0,https://example.com/images/tool_kit_panigale_v2.jpg,68d135d63952f7cf7dee911e,68d135d63952f7cf7dee9120,baskar Automobiles,Medak,18.048948,78.269372,mid-range,classic,excellent,Tool Kit - Panigale V2 Panigale V2 Ducati  Accessories high performance noise reducing for improved performance,0,2025-08-12T00:00:00,2025-08-04T00:00:00
68d141e8b3fce85d4c560a04,Fuel Gauge - Xpulse 200,Xpulse 200,Hero,2016.0,,Fuel System,5082.0,lightweight corrosion resistant for increased power,12.0,4.1,14.0,0,https://example.com/images/fuel_gauge_xpulse_200.jpg,68d135833952f7cf7dee9109,68d135833952f7cf7dee910b,Mounika Automobiles,Karimnagar,18.435781,79.132861,mid-range,classic,good,Fuel Gauge - Xpulse 200 Xpulse 200 Hero  Fuel System lightweight corrosion resistant for increased power,0,2025-08-19T00:00:00,2025-09-02T00:00:00
68d141e8b3fce85d4c560a05,Connecting Rod - XDiavel,XDiavel,Ducati,2015.0,,Engine,8791.0,heavy duty maintenance free for improved performance,9.0,4.6,15.0,0,https://example.com/images/connecting_rod_xdiavel.jpg,68d135063952f7cf7dee90f6,68d135063952f7cf7dee90f8,Manoj Automobiles,Dilshknagar,17.367642,78.534282,premium,classic,excellent,Connecting Rod - XDiavel XDiavel Ducati  Engine heavy duty maintenance free for improved performance,0,2025-08-07T00:00:00,2025-09-11T00:00:00
68d141e8b3fce85d4c560a06,Muffler - Dream Yuga,Dream Yuga,Honda,2020.0,,Exhaust,9295.0,enhanced eco friendly for smoother operation,24.0,4.7,4.0,0,https://example.com/images/muffler_dream_yuga.jpg,68d135063952f7cf7dee90f6,68d135063952f7cf7dee90f8,Manoj Automobiles,Dilshknagar,17.367642,78.534282,premium,modern,excellent,Muffler - Dream Yuga Dream Yuga Honda  Exhaust enhanced eco friendly for smoother operation,0,2025-09-16T00:00:00,2025-09-04T00:00:00
68d141e8b3fce85d4c560a07,Tail Light - Adventure 390,Adventure 390,Ktm,2017.0,,Lighting,2690.0,durable noise reducing for enhanced durability,20.0,4.2,29.0,0,https://example.com/images/tail_light_adventure_390.jpg,68d133bf3952f7cf7dee90b7,68d133bf3952f7cf7dee90b9,Jyothi Automobiles,Hyderabad,17.511409,78.350972,mid-range,classic,good,Tail Light - Adventure 390 Adventure 390 Ktm  Lighting durable noise reducing for enhanced durability,0,2025-08-19T00:00:00,2025-09-13T00:00:00
68d141e8b3fce85d4c560a08,Petcock Valve - Pulsar NS200,Pulsar NS200,Bajaj,2015.0,,Fuel System,1557.0,advanced precision engineered for smoother operation,8.0,4.4,17.0,0,https://example.com/images/petcock_valve_pulsar_ns200.jpg,68d135833952f7cf7dee9109,68d135833952f7cf7dee910b,Mounika Automobiles,Karimnagar,18.435781,79.132861,mid-range,classic,good,Petcock Valve - Pulsar NS200 Pulsar NS200 Bajaj  Fuel System advanced precision engineered for smoother operation,0,2025-08-15T00:00:00,2025-09-08T00:00:00
68d141e8b3fce85d4c560a09,Reserve Tank - Triumph Model 631,Triumph Model 631,Triumph,2019.0,,Fuel System,3889.0,lightweight fuel efficient for reduced maintenance,15.0,4.8,11.0,0,https://example.com/images/reserve_tank_triumph_model_631.jpg,68d1346c3952f7cf7dee90d0,68d1346c3952f7cf7dee90d2,Kalyan Automobiles,Bala Nagar,17.475679,78.447328,mid-range,classic,excellent,Reserve Tank - Triumph Model 631 Triumph Model 631 Triumph  Fuel System lightweight fuel efficient for reduced maintenance,0,2025-09-06T00:00:00,2025-09-07T00:00:00
68d141e8b3fce85d4c560a0a,Cylinder Head - Ninja 400,Ninja 400,Kawasaki,2016.0,,Engine,10347.0,lightweight high strength for longer life,20.0,4.3,30.0,0,https://example.com/images/cylinder_head_ninja_400.jpg,68d1346c3952f7cf7dee90d0,68d1346c3952f7cf7dee90d2,Kalyan Automobiles,Bala Nagar,17.475679,78.447328,premium,classic,good,Cylinder Head - Ninja 400 Ninja 400 Kawasaki  Engine lightweight high strength for longer life,0,2025-09-04T00:00:00,2025-08-26T00:00:00
68d141e8b3fce85d4c560a0b,Performance Exhaust - Adventure 390,Adventure 390,Ktm,2022.0,,Exhaust,5876.0,oem quality noise reducing for improved performance,19.0,4.2,5.0,0,https://example.com/images/performance_exhaust_adventure_390.jpg,68d135063952f7cf7dee90f6,68d135063952f7cf7dee90f8,Manoj Automobiles,Dilshknagar,17.367642,78.534282,premium,modern,good,Performance Exhaust - Adventure 390 Adventure 390 Ktm  Exhaust oem quality noise reducing for improved performance,0,2025-09-20T00:00:00,2025-08-07T00:00:00
68d141e8b3fce85d4c560a0c,Mobile Holder - Intruder,Intruder,Suzuki,2024.0,,Accessories,1956.0,lightweight precision engineered for smoother operation,14.0,4.8,28.0,0,https://example.com/images/mobile_holder_intruder.jpg,68d136193952f7cf7dee9131,68d136193952f7cf7dee9133,Mahesh Automobiles,Khammam,17.249885,80.15615,mid-range,modern,excellent,Mobile Holder - Intruder Intruder Suzuki  Accessories lightweight precision engineered for smoother operation,0,2025-09-17T00:00:00,2025-08-10T00:00:00
68d141e8b3fce85d4c560a0d,Distributor - CB350RS,CB350RS,Honda,2019.0,,Ignition,347.0,oem quality corrosion resistant for longer life,16.0,3.9,10.0,0,https://example.com/images/distributor_cb350rs.jpg,68ac2a8e3c73e23c655de052,68ac2a8f3c73e23c655de054,Swathi Automobiles,Chappal Bazar Road - Kachiguda ,17.38953,78.491245,budget,classic,good,Distributor - CB350RS CB350RS Honda  Ignition oem quality corrosion resistant for longer life,0,2025-09-10T00:00:00,2025-09-08T00:00:00
68d141e8b3fce85d4c560a0e,Master Cylinder - Dominar 400,Dominar 400,Bajaj,2025.0,,Brakes,596.0,superior high strength for enhanced safety,16.0,3.6,14.0,0,https://example.com/images/master_cylinder_dominar_400.jpg,68d133bf3952f7cf7dee90b7,68d133bf3952f7cf7dee90b9,Jyothi Automobiles,Hyderabad,17.511409,78.350972,budget,modern,good,Master Cylinder - Dominar 400 Dominar 400 Bajaj  Brakes superior high strength for enhanced safety,0,2025-08-29T00:00:00,2025-09-06T00:00:00
68d141e9b3fce85d4c560a0f,Tire Valve - V-Strom SX,V-Strom SX,Suzuki,2020.0,,Wheels & Tires,3357.0,advanced precision engineered for increased power,3.0,4.7,30.0,0,https://example.com/images/tire_valve_v_strom_sx.jpg,68d135833952f7cf7dee9109,68d135833952f7cf7dee910b,Mounika Automobiles,Karimnagar,18.435781,79.132861,mid-range,modern,excellent,Tire Valve - V-Strom SX V-Strom SX Suzuki  Wheels & Tires advanced precision engineered for increased power,0,2025-08-09T00:00:00,2025-09-15T00:00:00
68d141e9b3fce85d4c560a10,Cabin Filter - 790 Duke,790 Duke,Ktm,2019.0,,Filters,198.0,advanced long lasting for enhanced durability,4.0,3.6,3.0,0,https://example.com/images/cabin_filter_790_duke.jpg,68ac2a8e3c73e23c655de052,68ac2a8f3c73e23c655de054,Swathi Automobiles,Chappal Bazar Road - Kachiguda ,17.38953,78.491245,budget,classic,good,Cabin Filter - 790 Duke 790 Duke Ktm  Filters advanced long lasting for enhanced durability,0,2025-08-15T00:00:00,2025-08-14T00:00:00
68d141e9b3fce85d4c560a11,Rear Shock Absorber - Panigale V4,Panigale V4,Ducati,2023.0,,Suspension,5402.0,durable eco friendly for better handling,13.0,4.4,6.0,0,https://example.com/images/rear_shock_absorber_panigale_v4.jpg,68d136193952f7cf7dee9131,68d136193952f7cf7dee9133,Mahesh Automobiles,Khammam,17.249885,80.15615,mid-range,modern,good,Rear Shock Absorber - Panigale V4 Panigale V4 Ducati  Suspension durable eco friendly for better handling,0,2025-09-06T00:00:00,2025-09-05T00:00:00
68d141e9b3fce85d4c560a12,Alloy Wheel - Platina 110,Platina 110,Bajaj,2024.0,,Wheels & Tires,2893.0,lightweight eco friendly for improved performance,19.0,4.3,10.0,0,https://example.com/images/alloy_wheel_platina_110.jpg,68d133bf3952f7cf7dee90b7,68d133bf3952f7cf7dee90b9,Jyothi Automobiles,Hyderabad,17.511409,78.350972,mid-range,modern,good,Alloy Wheel - Platina 110 Platina 110 Bajaj  Wheels & Tires lightweight eco friendly for improved performance,0,2025-08-15T00:00:00,2025-09-21T00:00:00
68d141e9b3fce85d4c560a13,Exhaust Gasket - Triumph Model 250,Triumph Model 250,Triumph,2019.0,,Exhaust,2525.0,superior fuel efficient for improved comfort,17.0,4.6,2.0,0,https://example.com/images/exhaust_gasket_triumph_model_250.jpg,68d135063952f7cf7dee90f6,68d135063952f7cf7dee90f8,Manoj Automobiles,Dilshknagar,17.367642,78.534282,mid-range,classic,excellent,Exhaust Gasket - Triumph Model 250 Triumph Model 250 Triumph  Exhaust superior fuel efficient for improved comfort,0,2025-08-09T00:00:00,2025-08-14T00:00:00
68d141e9b3fce85d4c560a14,Water Pump - FZ-S,FZ-S,Yamaha,2020.0,,Engine,12293.0,advanced heat treated for improved performance,25.0,4.3,10.0,0,https://example.com/images/water_pump_fz_s.jpg,68d134ac3952f7cf7dee90e3,68d134ac3952f7cf7dee90e5,Shiva sai Automobiles,Mahabubabad,17.594209,80.006903,premium,modern,good,Water Pump - FZ-S FZ-S Yamaha  Engine advanced heat treated for improved performance,0,2025-08-16T00:00:00,2025-08-04T00:00:00
68d141e9b3fce85d4c560a15,Fuel Line - BMW Model 489,BMW Model 489,Bmw,2020.0,,Fuel System,8223.0,lightweight fuel efficient for better handling,16.0,4.1,28.0,0,https://example.com/images/fuel_line_bmw_model_489.jpg,68d135833952f7cf7dee9109,68d135833952f7cf7dee910b,Mounika Automobiles,Karimnagar,18.435781,79.132861,premium,modern,good,Fuel Line - BMW Model 489 BMW Model 489 Bmw  Fuel System lightweight fuel efficient for better handling,0,2025-08-04T00:00:00,2025-09-11T00:00:00
68d141e9b3fce85d4c560a16,Fuel Injector - Dream Yuga,Dream Yuga,Honda,2023.0,,Fuel System,4905.0,enhanced maintenance free for better fuel economy,7.0,4.7,2.0,0,https://example.com/images/fuel_injector_dream_yuga.jpg,68d133bf3952f7cf7dee90b7,68d133bf3952f7cf7dee90b9,Jyothi Automobiles,Hyderabad,17.511409,78.350972,mid-range,modern,excellent,Fuel Injector - Dream Yuga Dream Yuga Honda  Fuel System enhanced maintenance free for better fuel economy,0,2025-08-06T00:00:00,2025-09-21T00:00:00
68d141e9b3fce85d4c560a17,Air Filter - Duke 390,Duke 390,Ktm,2017.0,,Filters,627.0,lightweight long lasting for enhanced durability,2.0,3.6,5.0,0,https://example.com/images/air_filter_duke_390.jpg,68d135833952f7cf7dee9109,68d135833952f7cf7dee910b,Mounika Automobiles,Karimnagar,18.435781,79.132861,budget,classic,good,Air Filter - Duke 390 Duke 390 Ktm  Filters lightweight long lasting for enhanced durability,0,2025-08-18T00:00:00,2025-09-11T00:00:00
68d141e9b3fce85d4c560a18,Coil - BMW Model 682,BMW Model 682,Bmw,2025.0,,Electrical,1915.0,premium quality precision engineered for longer life,3.0,4.9,24.0,0,https://example.com/images/coil_bmw_model_682.jpg,68d135063952f7cf7dee90f6,68d135063952f7cf7dee90f8,Manoj Automobiles,Dilshknagar,17.367642,78.534282,mid-range,modern,excellent,Coil - BMW Model 682 BMW Model 682 Bmw  Electrical premium quality precision engineered for longer life,0,2025-08-27T00:00:00,2025-08-03T00:00:00
68d141e9b3fce85d4c560a19,CVT Kit - XDiavel,XDiavel,Ducati,2022.0,,Drivetrain,1911.0,premium quality eco friendly for improved comfort,7.0,4.8,22.0,0,https://example.com/images/cvt_kit_xdiavel.jpg,68d133bf3952f7cf7dee90b7,68d133bf3952f7cf7dee90b9,Jyothi Automobiles,Hyderabad,17.511409,78.350972,mid-range,modern,excellent,CVT Kit - XDiavel XDiavel Ducati  Drivetrain premium quality eco friendly for improved comfort,0,2025-08-14T00:00:00,2025-09-15T00:00:00
68d141e9b3fce85d4c560a1a,Tank Cover - Triumph Model 891,Triumph Model 891,Triumph,2017.0,,Body Parts,517.0,oem quality high strength for reduced maintenance,1.0,4.7,11.0,0,https://example.com/images/tank_cover_triumph_model_891.jpg,68d136193952f7cf7dee9131,68d136193952f7cf7dee9133,Mahesh Automobiles,Khammam,17.249885,80.15615,budget,classic,excellent,Tank Cover - Triumph Model 891 Triumph Model 891 Triumph  Body Parts oem quality high strength for reduced maintenance,0,2025-09-03T00:00:00,2025-08-25T00:00:00
68d141e9b3fce85d4c560a1b,Spark Plug Wire - Ninja ZX-10R,Ninja ZX-10R,Kawasaki,2020.0,,Ignition,561.0,durable precision engineered for enhanced safety,24.0,3.6,13.0,0,https://example.com/images/spark_plug_wire_ninja_zx_10r.jpg,68d135833952f7cf7dee9109,68d135833952f7cf7dee910b,Mounika Automobiles,Karimnagar,18.435781,79.132861,budget,modern,good,Spark Plug Wire - Ninja ZX-10R Ninja ZX-10R Kawasaki  Ignition durable precision engineered for enhanced safety,0,2025-08-29T00:00:00,2025-08-11T00:00:00
68d141e9b3fce85d4c560a1c,Hub Bearing - Bullet 350,Bullet 350,Royal Enfield,2015.0,,Wheels & Tires,3693.0,durable precision engineered for longer life,16.0,3.8,10.0,0,https://example.com/images/hub_bearing_bullet_350.jpg,68d134ac3952f7cf7dee90e3,68d134ac3952f7cf7dee90e5,Shiva sai Automobiles,Mahabubabad,17.594209,80.006903,mid-range,classic,good,Hub Bearing - Bullet 350 Bullet 350 Royal Enfield  Wheels & Tires durable precision engineered for longer life,0,2025-08-13T00:00:00,2025-09-20T00:00:00
68d141e9b3fce85d4c560a1d,Chain Tensioner - CT 110X,CT 110X,Bajaj,2017.0,,Drivetrain,3300.0,professional grade fuel efficient for longer life,5.0,4.0,16.0,0,https://example.com/images/chain_tensioner_ct_110x.jpg,68d133bf3952f7cf7dee90b7,68d133bf3952f7cf7dee90b9,Jyothi Automobiles,Hyderabad,17.511409,78.350972,mid-range,classic,good,Chain Tensioner - CT 110X CT 110X Bajaj  Drivetrain professional grade fuel efficient for longer life,0,2025-08-12T00:00:00,2025-08-16T00:00:00
68d141e9b3fce85d4c560a1e,Drive Belt - CB350RS,CB350RS,Honda,2023.0,,Drivetrain,1309.0,premium quality heat treated for better fuel economy,10.0,4.7,3.0,0,https://example.com/images/drive_belt_cb350rs.jpg,68d136193952f7cf7dee9131,68d136193952f7cf7dee9133,Mahesh Automobiles,Khammam,17.249885,80.15615,mid-range,modern,excellent,Drive Belt - CB350RS CB350RS Honda  Drivetrain premium quality heat treated for better fuel economy,0,2025-09-18T00:00:00,2025-08-03T00:00:00
68d141e9b3fce85d4c560a1f,Brake Cable - Benelli Model 318,Benelli Model 318,Benelli,2015.0,,Brakes,883.0,premium quality long lasting for reduced maintenance,23.0,4.5,13.0,0,https://example.com/images/brake_cable_benelli_model_318.jpg,68d135d63952f7cf7dee911e,68d135d63952f7cf7dee9120,baskar Automobiles,Medak,18.048948,78.269372,mid-range,classic,excellent,Brake Cable - Benelli Model 318 Benelli Model 318 Benelli  Brakes premium quality long lasting for reduced maintenance,0,2025-08-28T00:00:00,2025-09-19T00:00:00
68d141e9b3fce85d4c560a20,Chain Tensioner - Diavel,Diavel,Ducati,2017.0,,Drivetrain,3072.0,superior heat treated for better handling,7.0,3.5,30.0,0,https://example.com/images/chain_tensioner_diavel.jpg,68d135063952f7cf7dee90f6,68d135063952f7cf7dee90f8,Manoj Automobiles,Dilshknagar,17.367642,78.534282,mid-range,classic,good,Chain Tensioner - Diavel Diavel Ducati  Drivetrain superior heat treated for better handling,0,2025-08-07T00:00:00,2025-08-06T00:00:00
68d141e9b3fce85d4c560a21,Universal Joint - Gixxer SF,Gixxer SF,Suzuki,2024.0,,Drivetrain,2516.0,heavy duty heat treated for better handling,4.0,4.5,28.0,0,https://example.com/images/universal_joint_gixxer_sf.jpg,68d136193952f7cf7dee9131,68d136193952f7cf7dee9133,Mahesh Automobiles,Khammam,17.249885,80.15615,mid-range,modern,excellent,Universal Joint - Gixxer SF Gixxer SF Suzuki  Drivetrain heavy duty heat treated for better handling,0,2025-09-21T00:00:00,2025-09-16T00:00:00
68d141e9b3fce85d4c560a22,Turn Signal - BMW Model 446,BMW Model 446,Bmw,2025.0,,Electrical,5647.0,professional grade precision engineered for better fuel economy,8.0,4.8,12.0,0,https://example.com/images/turn_signal_bmw_model_446.jpg,68ac2a8e3c73e23c655de052,68ac2a8f3c73e23c655de054,Swathi Automobiles,Chappal Bazar Road - Kachiguda ,17.38953,78.491245,premium,modern,excellent,Turn Signal - BMW Model 446 BMW Model 446 Bmw  Electrical professional grade precision engineered for better fuel economy,0,2025-09-14T00:00:00,2025-08-11T00:00:00
68d141e9b3fce85d4c560a23,Timing Light - Duke 200,Duke 200,Ktm,2018.0,,Ignition,370.0,durable maintenance free for enhanced durability,23.0,3.7,15.0,0,https://example.com/images/timing_light_duke_200.jpg,68d0c47d09554c358655174b,68d0c47e09554c358655174d,Tarun Automobiles,,17.423605,78.546314,budget,classic,good,Timing Light - Duke 200 Duke 200 Ktm  Ignition durable maintenance free for enhanced durability,0,2025-08-31T00:00:00,2025-08-22T00:00:00
68d141e9b3fce85d4c560a24,Headlight Assembly - Benelli Model 665,Benelli Model 665,Benelli,2022.0,,Lighting,3857.0,professional grade heat treated for smoother operation,11.0,4.7,17.0,0,https://example.com/images/headlight_assembly_benelli_model_665.jpg,68d135833952f7cf7dee9109,68d135833952f7cf7dee910b,Mounika Automobiles,Karimnagar,18.435781,79.132861,mid-range,modern,excellent,Headlight Assembly - Benelli Model 665 Benelli Model 665 Benelli  Lighting professional grade heat treated for smoother operation,0,2025-08-10T00:00:00,2025-08-29T00:00:00
68d141e9b3fce85d4c560a25,Air Filter - Scram 411,Scram 411,Royal Enfield,2019.0,,Filters,546.0,heavy duty fuel efficient for increased power,17.0,4.1,28.0,0,https://example.com/images/air_filter_scram_411.jpg,68d135833952f7cf7dee9109,68d135833952f7cf7dee910b,Mounika Automobiles,Karimnagar,18.435781,79.132861,budget,classic,good,Air Filter - Scram 411 Scram 411 Royal Enfield  Filters heavy duty fuel efficient for increased power,0,2025-09-20T00:00:00,2025-08-27T00:00:00
68d141e9b3fce85d4c560a26,DRL Kit - Benelli Model 264,Benelli Model 264,Benelli,2017.0,,Lighting,3806.0,oem quality high strength for smoother operation,12.0,4.4,30.0,0,https://example.com/images/drl_kit_benelli_model_264.jpg,68d135d63952f7cf7dee911e,68d135d63952f7cf7dee9120,baskar Automobiles,Medak,18.048948,78.269372,mid-range,classic,good,DRL Kit - Benelli Model 264 Benelli Model 264 Benelli  Lighting oem quality high strength for smoother operation,0,2025-09-14T00:00:00,2025-09-03T00:00:00
68d141e9b3fce85d4c560a27,Fork Oil Seal - Benelli Model 230,Benelli Model 230,Benelli,2018.0,,Suspension,1871.0,enhanced noise reducing for increased power,23.0,5.0,14.0,0,https://example.com/images/fork_oil_seal_benelli_model_230.jpg,68d1346c3952f7cf7dee90d0,68d1346c3952f7cf7dee90d2,Kalyan Automobiles,Bala Nagar,17.475679,78.447328,mid-range,classic,excellent,Fork Oil Seal - Benelli Model 230 Benelli Model 230 Benelli  Suspension enhanced noise reducing for increased power,0,2025-09-12T00:00:00,2025-08-03T00:00:00
68d141e9b3fce85d4c560a28,Center Stand - Triumph Model 941,Triumph Model 941,Triumph,2020.0,,Body Parts,2572.0,lightweight precision engineered for smoother operation,11.0,4.2,1.0,0,https://example.com/images/center_stand_triumph_model_941.jpg,68d134ac3952f7cf7dee90e3,68d134ac3952f7cf7dee90e5,Shiva sai Automobiles,Mahabubabad,17.594209,80.006903,mid-range,modern,good,Center Stand - Triumph Model 941 Triumph Model 941 Triumph  Body Parts lightweight precision engineered for smoother operation,0,2025-08-31T00:00:00,2025-09-13T00:00:00
68d141e9b3fce85d4c560a29,Final Drive Oil - Triumph Model 896,Triumph Model 896,Triumph,2019.0,,Drivetrain,2756.0,durable corrosion resistant for longer life,18.0,4.8,17.0,0,https://example.com/images/final_drive_oil_triumph_model_896.jpg,68d1346c3952f7cf7dee90d0,68d1346c3952f7cf7dee90d2,Kalyan Automobiles,Bala Nagar,17.475679,78.447328,mid-range,classic,excellent,Final Drive Oil - Triumph Model 896 Triumph Model 896 Triumph  Drivetrain durable corrosion resistant for longer life,0,2025-09-20T00:00:00,2025-08-11T00:00:00
68d141e9b3fce85d4c560a2a,Gear Shift Lever - Z650,Z650,Kawasaki,2023.0,,Transmission,3943.0,advanced long lasting for better handling,2.0,3.8,7.0,0,https://example.com/images/gear_shift_lever_z650.jpg,68d133bf3952f7cf7dee90b7,68d133bf3952f7cf7dee90b9,Jyothi Automobiles,Hyderabad,17.511409,78.350972,mid-range,modern,good,Gear Shift Lever - Z650 Z650 Kawasaki  Transmission advanced long lasting for better handling,0,2025-09-15T00:00:00,2025-09-12T00:00:00
68d141e9b3fce85d4c560a2b,Transmission Oil - Mahindra Model 992,Mahindra Model 992,Mahindra,2018.0,,Transmission,3820.0,superior eco friendly for increased power,8.0,4.0,7.0,0,https://example.com/images/transmission_oil_mahindra_model_992.jpg,689d6959045c37933826818b,689d6959045c37933826818d,sai automobiles,RAMNAGAR COLONY PEERZADIGUDA UPPAL HYDERABAD,17.390358,78.606729,mid-range,classic,good,Transmission Oil - Mahindra Model 992 Mahindra Model 992 Mahindra  Transmission superior eco friendly for increased power,0,2025-08-09T00:00:00,2025-08-06T00:00:00
68d141e9b3fce85d4c560a2c,Fork Spring - CB350RS,CB350RS,Honda,2016.0,,Suspension,2252.0,professional grade precision engineered for improved performance,3.0,4.5,20.0,0,https://example.com/images/fork_spring_cb350rs.jpg,68d134ac3952f7cf7dee90e3,68d134ac3952f7cf7dee90e5,Shiva sai Automobiles,Mahabubabad,17.594209,80.006903,mid-range,classic,excellent,Fork Spring - CB350RS CB350RS Honda  Suspension professional grade precision engineered for improved performance,0,2025-09-09T00:00:00,2025-09-04T00:00:00
68d141e9b3fce85d4c560a2d,Mudguard - Panigale V2,Panigale V2,Ducati,2025.0,,Body Parts,2188.0,premium quality noise reducing for improved performance,9.0,3.7,13.0,0,https://example.com/images/mudguard_panigale_v2.jpg,68d134ac3952f7cf7dee90e3,68d134ac3952f7cf7dee90e5,Shiva sai Automobiles,Mahabubabad,17.594209,80.006903,mid-range,modern,good,Mudguard - Panigale V2 Panigale V2 Ducati  Body Parts premium quality noise reducing for improved performance,0,2025-08-22T00:00:00,2025-09-03T00:00:00
68d141e9b3fce85d4c560a2e,Final Drive Oil - Mahindra Model 755,Mahindra Model 755,Mahindra,2015.0,,Drivetrain,2960.0,superior corrosion resistant for enhanced safety,25.0,3.7,25.0,0,https://example.com/images/final_drive_oil_mahindra_model_755.jpg,68ac2a8e3c73e23c655de052,68ac2a8f3c73e23c655de054,Swathi Automobiles,Chappal Bazar Road - Kachiguda ,17.38953,78.491245,mid-range,classic,good,Final Drive Oil - Mahindra Model 755 Mahindra Model 755 Mahindra  Drivetrain superior corrosion resistant for enhanced safety,0,2025-08-30T00:00:00,2025-08-06T00:00:00
68d141e9b3fce85d4c560a2f,Final Drive Oil - Super Meteor 650,Super Meteor 650,Royal Enfield,2023.0,,Drivetrain,1739.0,superior maintenance free for better fuel economy,18.0,4.7,17.0,0,https://example.com/images/final_drive_oil_super_meteor_650.jpg,68d0c47d09554c358655174b,68d0c47e09554c358655174d,Tarun Automobiles,,17.423605,78.546314,mid-range,modern,excellent,Final Drive Oil - Super Meteor 650 Super Meteor 650 Royal Enfield  Drivetrain superior maintenance free for better fuel economy,0,2025-08-31T00:00:00,2025-08-01T00:00:00
68d141e9b3fce85d4c560a30,Spark Plug - CB350RS,CB350RS,Honda,2025.0,,Ignition,422.0,advanced vibration dampening for better handling,12.0,4.0,18.0,0,https://example.com/images/spark_plug_cb350rs.jpg,68d136193952f7cf7dee9131,68d136193952f7cf7dee9133,Mahesh Automobiles,Khammam,17.249885,80.15615,budget,modern,good,Spark Plug - CB350RS CB350RS Honda  Ignition advanced vibration dampening for better handling,0,2025-09-03T00:00:00,2025-08-03T00:00:00
68d141e9b3fce85d4c560a31,Vacuum Filter - Mahindra Model 798,Mahindra Model 798,Mahindra,2020.0,,Filters,257.0,oem quality eco friendly for enhanced safety,3.0,4.2,3.0,0,https://example.com/images/vacuum_filter_mahindra_model_798.jpg,689d6959045c37933826818b,689d6959045c37933826818d,sai automobiles,RAMNAGAR COLONY PEERZADIGUDA UPPAL HYDERABAD,17.390358,78.606729,budget,modern,good,Vacuum Filter - Mahindra Model 798 Mahindra Model 798 Mahindra  Filters oem quality eco friendly for enhanced safety,0,2025-09-11T00:00:00,2025-08-16T00:00:00
68d141e9b3fce85d4c560a32,Turn Signal - RC 390,RC 390,Ktm,2017.0,,Electrical,1009.0,high performance high strength for enhanced safety,23.0,4.7,2.0,0,https://example.com/images/turn_signal_rc_390.jpg,68d134ac3952f7cf7dee90e3,68d134ac3952f7cf7dee90e5,Shiva sai Automobiles,Mahabubabad,17.594209,80.006903,mid-range,classic,excellent,Turn Signal - RC 390 RC 390 Ktm  Electrical high performance high strength for enhanced safety,0,2025-09-02T00:00:00,2025-08-06T00:00:00
68d141e9b3fce85d4c560a33,Brake Caliper - Dio,Dio,Honda,2025.0,,Brakes,2662.0,durable high strength for reduced maintenance,11.0,4.2,8.0,0,https://example.com/images/brake_caliper_dio.jpg,68d1346c3952f7cf7dee90d0,68d1346c3952f7cf7dee90d2,Kalyan Automobiles,Bala Nagar,17.475679,78.447328,mid-range,modern,good,Brake Caliper - Dio Dio Honda  Brakes durable high strength for reduced maintenance,0,2025-08-27T00:00:00,2025-08-28T00:00:00
68d141e9b3fce85d4c560a34,Tank Cap - Platina 110,Platina 110,Bajaj,2015.0,,Fuel System,5491.0,high performance corrosion resistant for longer life,23.0,3.9,24.0,0,https://example.com/images/tank_cap_platina_110.jpg,68d134ac3952f7cf7dee90e3,68d134ac3952f7cf7dee90e5,Shiva sai Automobiles,Mahabubabad,17.594209,80.006903,mid-range,classic,good,Tank Cap - Platina 110 Platina 110 Bajaj  Fuel System high performance corrosion resistant for longer life,0,2025-08-10T00:00:00,2025-09-05T00:00:00
68d141e9b3fce85d4c560a35,Clutch Spring - Ninja 400,Ninja 400,Kawasaki,2021.0,,Transmission,2119.0,premium quality vibration dampening for increased power,8.0,4.7,5.0,0,https://example.com/images/clutch_spring_ninja_400.jpg,68d135063952f7cf7dee90f6,68d135063952f7cf7dee90f8,Manoj Automobiles,Dilshknagar,17.367642,78.534282,mid-range,modern,excellent,Clutch Spring - Ninja 400 Ninja 400 Kawasaki  Transmission premium quality vibration dampening for increased power,0,2025-09-13T00:00:00,2025-08-29T00:00:00
68d141e9b3fce85d4c560a36,Fuel Filter - Access 125,Access 125,Suzuki,2017.0,,Filters,315.0,superior corrosion resistant for enhanced safety,8.0,4.2,18.0,0,https://example.com/images/fuel_filter_access_125.jpg,68d136193952f7cf7dee9131,68d136193952f7cf7dee9133,Mahesh Automobiles,Khammam,17.249885,80.15615,budget,classic,good,Fuel Filter - Access 125 Access 125 Suzuki  Filters superior corrosion resistant for enhanced safety,0,2025-08-26T00:00:00,2025-09-05T00:00:00
68d141e9b3fce85d4c560a37,License Plate Light - Triumph Model 485,Triumph Model 485,Triumph,2016.0,,Lighting,3976.0,professional grade eco friendly for smoother operation,11.0,4.1,21.0,0,https://example.com/images/license_plate_light_triumph_model_485.jpg,68d136193952f7cf7dee9131,68d136193952f7cf7dee9133,Mahesh Automobiles,Khammam,17.249885,80.15615,mid-range,classic,good,License Plate Light - Triumph Model 485 Triumph Model 485 Triumph  Lighting professional grade eco friendly for smoother operation,0,2025-08-06T00:00:00,2025-09-04T00:00:00
68d141e9b3fce85d4c560a38,Carbon Filter - Harley-Davidson Model 166,Harley-Davidson Model 166,Harley-Davidson,2019.0,,Filters,754.0,oem quality long lasting for reduced maintenance,2.0,4.2,14.0,0,https://example.com/images/carbon_filter_harley_davidson_model_166.jpg,68d1346c3952f7cf7dee90d0,68d1346c3952f7cf7dee90d2,Kalyan Automobiles,Bala Nagar,17.475679,78.447328,budget,classic,good,Carbon Filter - Harley-Davidson Model 166 Harley-Davidson Model 166 Harley-Davidson  Filters oem quality long lasting for reduced maintenance,0,2025-08-18T00:00:00,2025-08-29T00:00:00
68d141e9b3fce85d4c560a39,Hydraulic Filter - Gixxer,Gixxer,Suzuki,2024.0,,Filters,161.0,lightweight precision engineered for better handling,8.0,5.0,25.0,0,https://example.com/images/hydraulic_filter_gixxer.jpg,689d6959045c37933826818b,689d6959045c37933826818d,sai automobiles,RAMNAGAR COLONY PEERZADIGUDA UPPAL HYDERABAD,17.390358,78.606729,budget,modern,excellent,Hydraulic Filter - Gixxer Gixxer Suzuki  Filters lightweight precision engineered for better handling,0,2025-09-15T00:00:00,2025-08-01T00:00:00
68d141e9b3fce85d4c560a3a,Wheel Balancing Weight - Triumph Model 510,Triumph Model 510,Triumph,2025.0,,Wheels & Tires,7674.0,professional grade long lasting for enhanced durability,11.0,3.6,21.0,0,https://example.com/images/wheel_balancing_weight_triumph_model_510.jpg,68d135833952f7cf7dee9109,68d135833952f7cf7dee910b,Mounika Automobiles,Karimnagar,18.435781,79.132861,premium,modern,good,Wheel Balancing Weight - Triumph Model 510 Triumph Model 510 Triumph  Wheels & Tires professional grade long lasting for enhanced durability,0,2025-08-14T00:00:00,2025-09-09T00:00:00
68d141e9b3fce85d4c560a3b,Tool Kit - Apache RTR 200,Apache RTR 200,Tvs,2018.0,,Accessories,425.0,lightweight noise reducing for improved performance,2.0,4.1,12.0,0,https://example.com/images/tool_kit_apache_rtr_200.jpg,68d136193952f7cf7dee9131,68d136193952f7cf7dee9133,Mahesh Automobiles,Khammam,17.249885,80.15615,budget,classic,good,Tool Kit - Apache RTR 200 Apache RTR 200 Tvs  Accessories lightweight noise reducing for improved performance,0,2025-09-17T00:00:00,2025-09-05T00:00:00
68d141e9b3fce85d4c560a3c,Brake Lever - Mahindra Model 717,Mahindra Model 717,Mahindra,2021.0,,Brakes,1719.0,professional grade long lasting for smoother operation,20.0,3.6,9.0,0,https://example.com/images/brake_lever_mahindra_model_717.jpg,68ac2a8e3c73e23c655de052,68ac2a8f3c73e23c655de054,Swathi Automobiles,Chappal Bazar Road - Kachiguda ,17.38953,78.491245,mid-range,modern,good,Brake Lever - Mahindra Model 717 Mahindra Model 717 Mahindra  Brakes professional grade long lasting for smoother operation,0,2025-08-25T00:00:00,2025-08-26T00:00:00
68d141e9b3fce85d4c560a3d,Water Hose - Burgman Street V1,Burgman Street,Suzuki,2021.0,,Cooling System,6145.0,advanced vibration dampening for enhanced safety,11.0,3.6,12.0,0,https://example.com/images/water_hose_burgman_street.jpg,68ac2a8e3c73e23c655de052,68ac2a8f3c73e23c655de054,Swathi Automobiles,Chappal Bazar Road - Kachiguda ,17.38953,78.491245,premium,modern,good,Water Hose - Burgman Street V1 Burgman Street Suzuki  Cooling System advanced vibration dampening for enhanced safety,0,2025-08-09T00:00:00,2025-08-05T00:00:00
68d141e9b3fce85d4c560a3e,Master Cylinder - Multistrada V4,Multistrada V4,Ducati,2019.0,,Brakes,1888.0,high performance long lasting for longer life,16.0,5.0,25.0,0,https://example.com/images/master_cylinder_multistrada_v4.jpg,68d1346c3952f7cf7dee90d0,68d1346c3952f7cf7dee90d2,Kalyan Automobiles,Bala Nagar,17.475679,78.447328,mid-range,classic,excellent,Master Cylinder - Multistrada V4 Multistrada V4 Ducati  Brakes high performance long lasting for longer life,0,2025-08-04T00:00:00,2025-08-29T00:00:00
68d141e9b3fce85d4c560a3f,Master Cylinder - Livo,Livo,Honda,2025.0,,Brakes,1465.0,advanced maintenance free for smoother operation,25.0,4.4,6.0,0,https://example.com/images/master_cylinder_livo.jpg,68d133bf3952f7cf7dee90b7,68d133bf3952f7cf7dee90b9,Jyothi Automobiles,Hyderabad,17.511409,78.350972,mid-range,modern,good,Master Cylinder - Livo Livo Honda  Brakes advanced maintenance free for smoother operation,0,2025-08-23T00:00:00,2025-09-10T00:00:00
68d141e9b3fce85d4c560a40,Ignition Module - Triumph Model 920,Triumph Model 920,Triumph,2018.0,,Ignition,588.0,professional grade eco friendly for improved comfort,16.0,5.0,25.0,0,https://example.com/images/ignition_module_triumph_model_920.jpg,68d134ac3952f7cf7dee90e3,68d134ac3952f7cf7dee90e5,Shiva sai Automobiles,Mahabubabad,17.594209,80.006903,budget,classic,excellent,Ignition Module - Triumph Model 920 Triumph Model 920 Triumph  Ignition professional grade eco friendly for improved comfort,0,2025-08-13T00:00:00,2025-08-10T00:00:00
68d141e9b3fce85d4c560a41,Kick Starter - Unicorn,Unicorn,Honda,2018.0,,Transmission,4266.0,high performance noise reducing for increased power,14.0,3.5,23.0,0,https://example.com/images/kick_starter_unicorn.jpg,68ac2a8e3c73e23c655de052,68ac2a8f3c73e23c655de054,Swathi Automobiles,Chappal Bazar Road - Kachiguda ,17.38953,78.491245,mid-range,classic,good,Kick Starter - Unicorn Unicorn Honda  Transmission high performance noise reducing for increased power,0,2025-08-24T00:00:00,2025-08-20T00:00:00
68d141e9b3fce85d4c560a42,Radiator - Apache RTR 180,Apache RTR 180,Tvs,2023.0,,Cooling System,1885.0,oem quality vibration dampening for improved comfort,21.0,4.8,16.0,0,https://example.com/images/radiator_apache_rtr_180.jpg,68d135833952f7cf7dee9109,68d135833952f7cf7dee910b,Mounika Automobiles,Karimnagar,18.435781,79.132861,mid-range,modern,excellent,Radiator - Apache RTR 180 Apache RTR 180 Tvs  Cooling System oem quality vibration dampening for improved comfort,0,2025-08-09T00:00:00,2025-09-06T00:00:00
68d141e9b3fce85d4c560a43,Hub Bearing - Diavel,Diavel,Ducati,2020.0,,Wheels & Tires,5656.0,superior heat treated for increased power,2.0,3.7,13.0,0,https://example.com/images/hub_bearing_diavel.jpg,68d0c47d09554c358655174b,68d0c47e09554c358655174d,Tarun Automobiles,,17.423605,78.546314,premium,modern,good,Hub Bearing - Diavel Diavel Ducati  Wheels & Tires superior heat treated for increased power,0,2025-08-15T00:00:00,2025-08-20T00:00:00
68d141e9b3fce85d4c560a44,Coolant Filter - Harley-Davidson Model 853,Harley-Davidson Model 853,Harley-Davidson,2019.0,,Filters,1044.0,heavy duty high strength for improved performance,23.0,4.2,2.0,0,https://example.com/images/coolant_filter_harley_davidson_model_853.jpg,68ac2a8e3c73e23c655de052,68ac2a8f3c73e23c655de054,Swathi Automobiles,Chappal Bazar Road - Kachiguda ,17.38953,78.491245,mid-range,classic,good,Coolant Filter - Harley-Davidson Model 853 Harley-Davidson Model 853 Harley-Davidson  Filters heavy duty high strength for improved performance,0,2025-08-02T00:00:00,2025-08-31T00:00:00
68d141e9b3fce85d4c560a45,Alternator - Benelli Model 612,Benelli Model 612,Benelli,2017.0,,Electrical,3219.0,professional grade corrosion resistant for longer life,10.0,3.9,30.0,0,https://example.com/images/alternator_benelli_model_612.jpg,68d136193952f7cf7dee9131,68d136193952f7cf7dee9133,Mahesh Automobiles,Khammam,17.249885,80.15615,mid-range,classic,good,Alternator - Benelli Model 612 Benelli Model 612 Benelli  Electrical professional grade corrosion resistant for longer life,0,2025-08-18T00:00:00,2025-09-05T00:00:00
68d141e9b3fce85d4c560a46,Valve Set - Star City Plus,Star City Plus,Tvs,2019.0,,Engine,14761.0,heavy duty eco friendly for improved performance,22.0,4.3,22.0,0,https://example.com/images/valve_set_star_city_plus.jpg,68d135833952f7cf7dee9109,68d135833952f7cf7dee910b,Mounika Automobiles,Karimnagar,18.435781,79.132861,premium,classic,good,Valve Set - Star City Plus Star City Plus Tvs  Engine heavy duty eco friendly for improved performance,0,2025-09-13T00:00:00,2025-08-21T00:00:00
68d141e9b3fce85d4c560a47,Tail Light - Apache RR 310,Apache RR 310,Tvs,2023.0,,Lighting,3436.0,high performance noise reducing for better handling,18.0,4.5,24.0,0,https://example.com/images/tail_light_apache_rr_310.jpg,68d1346c3952f7cf7dee90d0,68d1346c3952f7cf7dee90d2,Kalyan Automobiles,Bala Nagar,17.475679,78.447328,mid-range,modern,excellent,Tail Light - Apache RR 310 Apache RR 310 Tvs  Lighting high performance noise reducing for better handling,0,2025-09-12T00:00:00,2025-09-06T00:00:00
68d141e9b3fce85d4c560a48,License Plate Light - Bullet 350,Bullet 350,Royal Enfield,2023.0,,Lighting,808.0,enhanced long lasting for enhanced safety,3.0,3.6,20.0,0,https://example.com/images/license_plate_light_bullet_350.jpg,68d1346c3952f7cf7dee90d0,68d1346c3952f7cf7dee90d2,Kalyan Automobiles,Bala Nagar,17.475679,78.447328,budget,modern,good,License Plate Light - Bullet 350 Bullet 350 Royal Enfield  Lighting enhanced long lasting for enhanced safety,0,2025-09-07T00:00:00,2025-08-29T00:00:00
68d141e9b3fce85d4c560a49,Pressure Plate - Pulsar 180,Pulsar 180,Bajaj,2017.0,,Transmission,6156.0,heavy duty vibration dampening for enhanced durability,2.0,3.9,16.0,0,https://example.com/images/pressure_plate_pulsar_180.jpg,68d133bf3952f7cf7dee90b7,68d133bf3952f7cf7dee90b9,Jyothi Automobiles,Hyderabad,17.511409,78.350972,premium,classic,good,Pressure Plate - Pulsar 180 Pulsar 180 Bajaj  Transmission heavy duty vibration dampening for enhanced durability,0,2025-09-20T00:00:00,2025-08-10T00:00:00
68d141e9b3fce85d4c560a4a,CDI Unit - Vulcan S,Vulcan S,Kawasaki,2022.0,,Electrical,3139.0,advanced vibration dampening for better handling,8.0,4.8,20.0,0,https://example.com/images/cdi_unit_vulcan_s.jpg,68ac2a8e3c73e23c655de052,68ac2a8f3c73e23c655de054,Swathi Automobiles,Chappal Bazar Road - Kachiguda ,17.38953,78.491245,mid-range,modern,excellent,CDI Unit - Vulcan S Vulcan S Kawasaki  Electrical advanced vibration dampening for better handling,0,2025-09-14T00:00:00,2025-08-25T00:00:00
68d141e9b3fce85d4c560a4b,Clutch Spring - Triumph Model 682,Triumph Model 682,Triumph,2021.0,,Transmission,2972.0,lightweight vibration dampening for longer life,1.0,3.8,6.0,0,https://example.com/images/clutch_spring_triumph_model_682.jpg,68d135063952f7cf7dee90f6,68d135063952f7cf7dee90f8,Manoj Automobiles,Dilshknagar,17.367642,78.534282,mid-range,modern,good,Clutch Spring - Triumph Model 682 Triumph Model 682 Triumph  Transmission lightweight vibration dampening for longer life,0,2025-08-10T00:00:00,2025-09-21T00:00:00
68d141e9b3fce85d4c560a4c,Performance Exhaust - Triumph Model 646,Triumph Model 646,Triumph,2020.0,,Exhaust,8524.0,high performance heat treated for smoother operation,8.0,3.9,12.0,0,https://example.com/images/performance_exhaust_triumph_model_646.jpg,68d135063952f7cf7dee90f6,68d135063952f7cf7dee90f8,Manoj Automobiles,Dilshknagar,17.367642,78.534282,premium,modern,good,Performance Exhaust - Triumph Model 646 Triumph Model 646 Triumph  Exhaust high performance heat treated for smoother operation,0,2025-09-20T00:00:00,2025-09-13T00:00:00
68d141e9b3fce85d4c560a4d,Transmission Oil - Grazia,Grazia,Honda,2023.0,,Transmission,2936.0,superior eco friendly for reduced maintenance,8.0,5.0,26.0,0,https://example.com/images/transmission_oil_grazia.jpg,68d133bf3952f7cf7dee90b7,68d133bf3952f7cf7dee90b9,Jyothi Automobiles,Hyderabad,17.511409,78.350972,mid-range,modern,excellent,Transmission Oil - Grazia Grazia Honda  Transmission superior eco friendly for reduced maintenance,0,2025-09-07T00:00:00,2025-08-30T00:00:00
68d141e9b3fce85d4c560a4e,Tool Kit - Aprilia Model 796,Aprilia Model 796,Aprilia,2020.0,,Accessories,692.0,heavy duty precision engineered for improved performance,9.0,4.6,9.0,0,https://example.com/images/tool_kit_aprilia_model_796.jpg,689d6959045c37933826818b,689d6959045c37933826818d,sai automobiles,RAMNAGAR COLONY PEERZADIGUDA UPPAL HYDERABAD,17.390358,78.606729,budget,modern,excellent,Tool Kit - Aprilia Model 796 Aprilia Model 796 Aprilia  Accessories heavy duty precision engineered for improved performance,0,2025-09-07T00:00:00,2025-08-07T00:00:00
68d141e9b3fce85d4c560a4f,Variator - Mahindra Model 464,Mahindra Model 464,Mahindra,2023.0,,Drivetrain,2850.0,high performance vibration dampening for enhanced safety,2.0,4.4,5.0,0,https://example.com/images/variator_mahindra_model_464.jpg,689d6959045c37933826818b,689d6959045c37933826818d,sai automobiles,RAMNAGAR COLONY PEERZADIGUDA UPPAL HYDERABAD,17.390358,78.606729,mid-range,modern,good,Variator - Mahindra Model 464 Mahindra Model 464 Mahindra  Drivetrain high performance vibration dampening for enhanced safety,0,2025-08-18T00:00:00,2025-08-04T00:00:00
68d141e9b3fce85d4c560a50,Coolant Pump - BMW Model 950,BMW Model 950,Bmw,2022.0,,Cooling System,3447.0,high performance high strength for better handling,25.0,4.3,29.0,0,https://example.com/images/coolant_pump_bmw_model_950.jpg,68d0c47d09554c358655174b,68d0c47e09554c358655174d,Tarun Automobiles,,17.423605,78.546314,mid-range,modern,good,Coolant Pump - BMW Model 950 BMW Model 950 Bmw  Cooling System high performance high strength for better handling,0,2025-08-31T00:00:00,2025-08-12T00:00:00
68d141e9b3fce85d4c560a51,Gear Shift Lever - Benelli Model 650,Benelli Model 650,Benelli,2015.0,,Transmission,6360.0,enhanced noise reducing for better handling,4.0,4.3,17.0,0,https://example.com/images/gear_shift_lever_benelli_model_650.jpg,68d135063952f7cf7dee90f6,68d135063952f7cf7dee90f8,Manoj Automobiles,Dilshknagar,17.367642,78.534282,premium,classic,good,Gear Shift Lever - Benelli Model 650 Benelli Model 650 Benelli  Transmission enhanced noise reducing for better handling,0,2025-09-11T00:00:00,2025-08-30T00:00:00
68d141e9b3fce85d4c560a52,Front Tire - 790 Duke,790 Duke,Ktm,2017.0,,Wheels & Tires,5414.0,durable corrosion resistant for improved performance,18.0,4.3,22.0,0,https://example.com/images/front_tire_790_duke.jpg,68d135063952f7cf7dee90f6,68d135063952f7cf7dee90f8,Manoj Automobiles,Dilshknagar,17.367642,78.534282,mid-range,classic,good,Front Tire - 790 Duke 790 Duke Ktm  Wheels & Tires durable corrosion resistant for improved performance,0,2025-08-24T00:00:00,2025-08-27T00:00:00
68d141e9b3fce85d4c560a53,Front Shock Absorber - Aprilia Model 541,Aprilia Model 541,Aprilia,2025.0,,Suspension,4746.0,advanced eco friendly for smoother operation,7.0,3.6,6.0,0,https://example.com/images/front_shock_absorber_aprilia_model_541.jpg,68d135063952f7cf7dee90f6,68d135063952f7cf7dee90f8,Manoj Automobiles,Dilshknagar,17.367642,78.534282,mid-range,modern,good,Front Shock Absorber - Aprilia Model 541 Aprilia Model 541 Aprilia  Suspension advanced eco friendly for smoother operation,0,2025-08-05T00:00:00,2025-09-18T00:00:00
68d141e9b3fce85d4c560a54,Mudguard - CB Hornet 2.0,CB Hornet 2.0,Honda,2022.0,,Body Parts,2666.0,enhanced precision engineered for increased power,14.0,4.6,24.0,0,https://example.com/images/mudguard_cb_hornet_2.0.jpg,68d0c47d09554c358655174b,68d0c47e09554c358655174d,Tarun Automobiles,,17.423605,78.546314,mid-range,modern,excellent,Mudguard - CB Hornet 2.0 CB Hornet 2.0 Honda  Body Parts enhanced precision engineered for increased power,0,2025-08-24T00:00:00,2025-08-29T00:00:00
68d141e9b3fce85d4c560a55,Wire Wheel - BMW Model 351,BMW Model 351,Bmw,2015.0,,Wheels & Tires,9336.0,advanced corrosion resistant for longer life,23.0,4.6,2.0,0,https://example.com/images/wire_wheel_bmw_model_351.jpg,68d135063952f7cf7dee90f6,68d135063952f7cf7dee90f8,Manoj Automobiles,Dilshknagar,17.367642,78.534282,premium,classic,excellent,Wire Wheel - BMW Model 351 BMW Model 351 Bmw  Wheels & Tires advanced corrosion resistant for longer life,0,2025-08-29T00:00:00,2025-09-06T00:00:00
68d141e9b3fce85d4c560a56,Performance Exhaust - BMW Model 225,BMW Model 225,Bmw,2015.0,,Exhaust,12786.0,lightweight precision engineered for enhanced safety,25.0,3.6,15.0,0,https://example.com/images/performance_exhaust_bmw_model_225.jpg,68d133bf3952f7cf7dee90b7,68d133bf3952f7cf7dee90b9,Jyothi Automobiles,Hyderabad,17.511409,78.350972,premium,classic,good,Performance Exhaust - BMW Model 225 BMW Model 225 Bmw  Exhaust lightweight precision engineered for enhanced safety,0,2025-08-13T00:00:00,2025-09-01T00:00:00
68d141e9b3fce85d4c560a57,CDI Unit - Hypermotard,Hypermotard,Ducati,2015.0,,Electrical,1442.0,durable noise reducing for smoother operation,4.0,3.7,25.0,0,https://example.com/images/cdi_unit_hypermotard.jpg,68d133bf3952f7cf7dee90b7,68d133bf3952f7cf7dee90b9,Jyothi Automobiles,Hyderabad,17.511409,78.350972,mid-range,classic,good,CDI Unit - Hypermotard Hypermotard Ducati  Electrical durable noise reducing for smoother operation,0,2025-08-04T00:00:00,2025-08-26T00:00:00
68d141e9b3fce85d4c560a58,Engine Guard - 790 Duke V1,790 Duke,Ktm,2018.0,,Accessories,1553.0,premium quality heat treated for enhanced durability,4.0,4.3,11.0,0,https://example.com/images/engine_guard_790_duke.jpg,68d133bf3952f7cf7dee90b7,68d133bf3952f7cf7dee90b9,Jyothi Automobiles,Hyderabad,17.511409,78.350972,mid-range,classic,good,Engine Guard - 790 Duke V1 790 Duke Ktm  Accessories premium quality heat treated for enhanced durability,0,2025-08-16T00:00:00,2025-08-14T00:00:00
68d141e9b3fce85d4c560a59,Breather Filter - Harley-Davidson Model 682,Harley-Davidson Model 682,Harley-Davidson,2015.0,,Filters,639.0,advanced corrosion resistant for better fuel economy,19.0,4.1,11.0,0,https://example.com/images/breather_filter_harley_davidson_model_682.jpg,68d135833952f7cf7dee9109,68d135833952f7cf7dee910b,Mounika Automobiles,Karimnagar,18.435781,79.132861,budget,classic,good,Breather Filter - Harley-Davidson Model 682 Harley-Davidson Model 682 Harley-Davidson  Filters advanced corrosion resistant for better fuel economy,0,2025-09-17T00:00:00,2025-09-16T00:00:00
68d141e9b3fce85d4c560a5a,Rim - Glamour,Glamour,Hero,2022.0,,Wheels & Tires,7262.0,high performance vibration dampening for improved comfort,20.0,4.3,15.0,0,https://example.com/images/rim_glamour.jpg,68d134ac3952f7cf7dee90e3,68d134ac3952f7cf7dee90e5,Shiva sai Automobiles,Mahabubabad,17.594209,80.006903,premium,modern,good,Rim - Glamour Glamour Hero  Wheels & Tires high performance vibration dampening for improved comfort,0,2025-08-29T00:00:00,2025-08-16T00:00:00
68d141e9b3fce85d4c560a5b,Sprocket Cover - Triumph Model 855,Triumph Model 855,Triumph,2016.0,,Transmission,1623.0,durable long lasting for enhanced durability,11.0,3.7,1.0,0,https://example.com/images/sprocket_cover_triumph_model_855.jpg,689d6959045c37933826818b,689d6959045c37933826818d,sai automobiles,RAMNAGAR COLONY PEERZADIGUDA UPPAL HYDERABAD,17.390358,78.606729,mid-range,classic,good,Sprocket Cover - Triumph Model 855 Triumph Model 855 Triumph  Transmission durable long lasting for enhanced durability,0,2025-09-19T00:00:00,2025-09-17T00:00:00
68d141e9b3fce85d4c560a5c,Steering Head Bearing - Triumph Model 688,Triumph Model 688,Triumph,2025.0,,Suspension,4552.0,heavy duty noise reducing for improved comfort,12.0,3.8,11.0,0,https://example.com/images/steering_head_bearing_triumph_model_688.jpg,68d133bf3952f7cf7dee90b7,68d133bf3952f7cf7dee90b9,Jyothi Automobiles,Hyderabad,17.511409,78.350972,mid-range,modern,good,Steering Head Bearing - Triumph Model 688 Triumph Model 688 Triumph  Suspension heavy duty noise reducing for improved comfort,0,2025-08-25T00:00:00,2025-09-14T00:00:00
68d141e9b3fce85d4c560a5d,Fork Tube - BMW Model 609,BMW Model 609,Bmw,2021.0,,Suspension,2644.0,professional grade precision engineered for smoother operation,10.0,4.2,21.0,0,https://example.com/images/fork_tube_bmw_model_609.jpg,68d135d63952f7cf7dee911e,68d135d63952f7cf7dee9120,baskar Automobiles,Medak,18.048948,78.269372,mid-range,modern,good,Fork Tube - BMW Model 609 BMW Model 609 Bmw  Suspension professional grade precision engineered for smoother operation,0,2025-09-05T00:00:00,2025-08-22T00:00:00
68d141e9b3fce85d4c560a5e,Dashboard Light - V-Strom SX,V-Strom SX,Suzuki,2022.0,,Lighting,2412.0,high performance corrosion resistant for enhanced durability,9.0,3.9,21.0,0,https://example.com/images/dashboard_light_v_strom_sx.jpg,68d135063952f7cf7dee90f6,68d135063952f7cf7dee90f8,Manoj Automobiles,Dilshknagar,17.367642,78.534282,mid-range,modern,good,Dashboard Light - V-Strom SX V-Strom SX Suzuki  Lighting high performance corrosion resistant for enhanced durability,0,2025-08-08T00:00:00,2025-08-24T00:00:00
68d141e9b3fce85d4c560a5f,Fuel Gauge - MT-15,MT-15,Yamaha,2017.0,,Fuel System,1281.0,oem quality long lasting for better fuel economy,20.0,3.8,8.0,0,https://example.com/images/fuel_gauge_mt_15.jpg,68d133bf3952f7cf7dee90b7,68d133bf3952f7cf7dee90b9,Jyothi Automobiles,Hyderabad,17.511409,78.350972,mid-range,classic,good,Fuel Gauge - MT-15 MT-15 Yamaha  Fuel System oem quality long lasting for better fuel economy,0,2025-08-02T00:00:00,2025-09-09T00:00:00
68d141e9b3fce85d4c560a60,Rear Sprocket - Pulsar RS200,Pulsar RS200,Bajaj,2019.0,,Drivetrain,1677.0,enhanced maintenance free for enhanced safety,19.0,4.5,9.0,0,https://example.com/images/rear_sprocket_pulsar_rs200.jpg,689d6959045c37933826818b,689d6959045c37933826818d,sai automobiles,RAMNAGAR COLONY PEERZADIGUDA UPPAL HYDERABAD,17.390358,78.606729,mid-range,classic,excellent,Rear Sprocket - Pulsar RS200 Pulsar RS200 Bajaj  Drivetrain enhanced maintenance free for enhanced safety,0,2025-09-10T00:00:00,2025-08-30T00:00:00
68d141e9b3fce85d4c560a61,Spoke Set - Harley-Davidson Model 636,Harley-Davidson Model 636,Harley-Davidson,2019.0,,Wheels & Tires,8322.0,lightweight high strength for increased power,1.0,3.8,11.0,0,https://example.com/images/spoke_set_harley_davidson_model_636.jpg,68d1346c3952f7cf7dee90d0,68d1346c3952f7cf7dee90d2,Kalyan Automobiles,Bala Nagar,17.475679,78.447328,premium,classic,good,Spoke Set - Harley-Davidson Model 636 Harley-Davidson Model 636 Harley-Davidson  Wheels & Tires lightweight high strength for increased power,0,2025-08-18T00:00:00,2025-09-16T00:00:00
68d141e9b3fce85d4c560a62,Brake Fluid Reservoir - Dominar 400,Dominar 400,Bajaj,2025.0,,Brakes,1119.0,enhanced heat treated for enhanced durability,5.0,4.4,10.0,0,https://example.com/images/brake_fluid_reservoir_dominar_400.jpg,68d135833952f7cf7dee9109,68d135833952f7cf7dee910b,Mounika Automobiles,Karimnagar,18.435781,79.132861,mid-range,modern,good,Brake Fluid Reservoir - Dominar 400 Dominar 400 Bajaj  Brakes enhanced heat treated for enhanced durability,0,2025-08-09T00:00:00,2025-09-17T00:00:00
68d141e9b3fce85d4c560a63,LED Strip - Super Splendor,Super Splendor,Hero,2024.0,,Lighting,1117.0,oem quality fuel efficient for improved performance,5.0,4.7,4.0,0,https://example.com/images/led_strip_super_splendor.jpg,68d135833952f7cf7dee9109,68d135833952f7cf7dee910b,Mounika Automobiles,Karimnagar,18.435781,79.132861,mid-range,modern,excellent,LED Strip - Super Splendor Super Splendor Hero  Lighting oem quality fuel efficient for improved performance,0,2025-08-26T00:00:00,2025-08-09T00:00:00
68d141e9b3fce85d4c560a64,Kick Starter - Activa 6G,Activa 6G,Honda,2015.0,,Transmission,4774.0,lightweight precision engineered for reduced maintenance,2.0,4.6,11.0,0,https://example.com/images/kick_starter_activa_6g.jpg,68d1346c3952f7cf7dee90d0,68d1346c3952f7cf7dee90d2,Kalyan Automobiles,Bala Nagar,17.475679,78.447328,mid-range,classic,excellent,Kick Starter - Activa 6G Activa 6G Honda  Transmission lightweight precision engineered for reduced maintenance,0,2025-08-18T00:00:00,2025-08-04T00:00:00
68d141e9b3fce85d4c560a65,Hub Bearing - Maestro Edge,Maestro Edge,Hero,2019.0,,Wheels & Tires,4196.0,oem quality fuel efficient for improved comfort,2.0,4.5,22.0,0,https://example.com/images/hub_bearing_maestro_edge.jpg,68d134ac3952f7cf7dee90e3,68d134ac3952f7cf7dee90e5,Shiva sai Automobiles,Mahabubabad,17.594209,80.006903,mid-range,classic,excellent,Hub Bearing - Maestro Edge Maestro Edge Hero  Wheels & Tires oem quality fuel efficient for improved comfort,0,2025-09-21T00:00:00,2025-09-03T00:00:00
68d141e9b3fce85d4c560a66,Drive Belt - Triumph Model 521,Triumph Model 521,Triumph,2025.0,,Drivetrain,2448.0,premium quality long lasting for better handling,2.0,4.5,11.0,0,https://example.com/images/drive_belt_triumph_model_521.jpg,68d1346c3952f7cf7dee90d0,68d1346c3952f7cf7dee90d2,Kalyan Automobiles,Bala Nagar,17.475679,78.447328,mid-range,modern,excellent,Drive Belt - Triumph Model 521 Triumph Model 521 Triumph  Drivetrain premium quality long lasting for better handling,0,2025-09-04T00:00:00,2025-08-18T00:00:00
68d141e9b3fce85d4c560a67,Variator - Super Meteor 650,Super Meteor 650,Royal Enfield,2016.0,,Drivetrain,1357.0,enhanced high strength for better fuel economy,19.0,3.6,11.0,0,https://example.com/images/variator_super_meteor_650.jpg,68d136193952f7cf7dee9131,68d136193952f7cf7dee9133,Mahesh Automobiles,Khammam,17.249885,80.15615,mid-range,classic,good,Variator - Super Meteor 650 Super Meteor 650 Royal Enfield  Drivetrain enhanced high strength for better fuel economy,0,2025-09-17T00:00:00,2025-08-03T00:00:00
68d141e9b3fce85d4c560a68,Thermostat - Harley-Davidson Model 768,Harley-Davidson Model 768,Harley-Davidson,2021.0,,Cooling System,10732.0,durable precision engineered for better handling,22.0,4.1,30.0,0,https://example.com/images/thermostat_harley_davidson_model_768.jpg,68d136193952f7cf7dee9131,68d136193952f7cf7dee9133,Mahesh Automobiles,Khammam,17.249885,80.15615,premium,modern,good,Thermostat - Harley-Davidson Model 768 Harley-Davidson Model 768 Harley-Davidson  Cooling System durable precision engineered for better handling,0,2025-08-28T00:00:00,2025-08-18T00:00:00
68d141e9b3fce85d4c560a69,Spark Plug Wire - Aprilia Model 838,Aprilia Model 838,Aprilia,2018.0,,Ignition,588.0,advanced fuel efficient for improved performance,11.0,4.8,18.0,0,https://example.com/images/spark_plug_wire_aprilia_model_838.jpg,68d135063952f7cf7dee90f6,68d135063952f7cf7dee90f8,Manoj Automobiles,Dilshknagar,17.367642,78.534282,budget,classic,excellent,Spark Plug Wire - Aprilia Model 838 Aprilia Model 838 Aprilia  Ignition advanced fuel efficient for improved performance,0,2025-08-21T00:00:00,2025-08-10T00:00:00
68d141e9b3fce85d4c560a6a,Heat Shield - Pulsar NS200,Pulsar NS200,Bajaj,2015.0,,Exhaust,8946.0,professional grade long lasting for longer life,4.0,4.0,8.0,0,https://example.com/images/heat_shield_pulsar_ns200.jpg,68d136193952f7cf7dee9131,68d136193952f7cf7dee9133,Mahesh Automobiles,Khammam,17.249885,80.15615,premium,classic,good,Heat Shield - Pulsar NS200 Pulsar NS200 Bajaj  Exhaust professional grade long lasting for longer life,0,2025-09-18T00:00:00,2025-08-25T00:00:00
68d141e9b3fce85d4c560a6b,Universal Joint - Aerox 155,Aerox 155,Yamaha,2021.0,,Drivetrain,2364.0,durable precision engineered for reduced maintenance,12.0,3.5,28.0,0,https://example.com/images/universal_joint_aerox_155.jpg,68d135833952f7cf7dee9109,68d135833952f7cf7dee910b,Mounika Automobiles,Karimnagar,18.435781,79.132861,mid-range,modern,good,Universal Joint - Aerox 155 Aerox 155 Yamaha  Drivetrain durable precision engineered for reduced maintenance,0,2025-09-10T00:00:00,2025-09-05T00:00:00
68d141e9b3fce85d4c560a6c,Vacuum Filter - Ninja 400,Ninja 400,Kawasaki,2024.0,,Filters,494.0,high performance fuel efficient for reduced maintenance,25.0,3.9,1.0,0,https://example.com/images/vacuum_filter_ninja_400.jpg,68d135833952f7cf7dee9109,68d135833952f7cf7dee910b,Mounika Automobiles,Karimnagar,18.435781,79.132861,budget,modern,good,Vacuum Filter - Ninja 400 Ninja 400 Kawasaki  Filters high performance fuel efficient for reduced maintenance,0,2025-08-27T00:00:00,2025-09-17T00:00:00
68d141e9b3fce85d4c560a6d,Center Stand - Hunter 350,Hunter 350,Royal Enfield,2024.0,,Body Parts,1688.0,enhanced corrosion resistant for better fuel economy,20.0,4.6,14.0,0,https://example.com/images/center_stand_hunter_350.jpg,68d135833952f7cf7dee9109,68d135833952f7cf7dee910b,Mounika Automobiles,Karimnagar,18.435781,79.132861,mid-range,modern,excellent,Center Stand - Hunter 350 Hunter 350 Royal Enfield  Body Parts enhanced corrosion resistant for better fuel economy,0,2025-08-01T00:00:00,2025-08-20T00:00:00
68d141e9b3fce85d4c560a6e,Transmission Oil - FZ-S,FZ-S,Yamaha,2015.0,,Transmission,6530.0,enhanced noise reducing for improved performance,5.0,4.8,23.0,0,https://example.com/images/transmission_oil_fz_s.jpg,68d136193952f7cf7dee9131,68d136193952f7cf7dee9133,Mahesh Automobiles,Khammam,17.249885,80.15615,premium,classic,excellent,Transmission Oil - FZ-S FZ-S Yamaha  Transmission enhanced noise reducing for improved performance,0,2025-09-01T00:00:00,2025-08-16T00:00:00
68d141e9b3fce85d4c560a6f,Front Shock Absorber - Duke 390,Duke 390,Ktm,2016.0,,Suspension,4606.0,durable precision engineered for increased power,3.0,4.8,5.0,0,https://example.com/images/front_shock_absorber_duke_390.jpg,68ac2a8e3c73e23c655de052,68ac2a8f3c73e23c655de054,Swathi Automobiles,Chappal Bazar Road - Kachiguda ,17.38953,78.491245,mid-range,classic,excellent,Front Shock Absorber - Duke 390 Duke 390 Ktm  Suspension durable precision engineered for increased power,0,2025-09-13T00:00:00,2025-08-25T00:00:00
68d141e9b3fce85d4c560a70,Starter Relay - Benelli Model 750,Benelli Model 750,Benelli,2017.0,,Ignition,875.0,superior vibration dampening for reduced maintenance,2.0,4.8,18.0,0,https://example.com/images/starter_relay_benelli_model_750.jpg,68d133bf3952f7cf7dee90b7,68d133bf3952f7cf7dee90b9,Jyothi Automobiles,Hyderabad,17.511409,78.350972,mid-range,classic,excellent,Starter Relay - Benelli Model 750 Benelli Model 750 Benelli  Ignition superior vibration dampening for reduced maintenance,0,2025-08-23T00:00:00,2025-09-06T00:00:00
68d141e9b3fce85d4c560a71,Tool Kit - Aerox 155,Aerox 155,Yamaha,2017.0,,Accessories,949.0,lightweight noise reducing for longer life,3.0,3.9,17.0,0,https://example.com/images/tool_kit_aerox_155.jpg,68d136193952f7cf7dee9131,68d136193952f7cf7dee9133,Mahesh Automobiles,Khammam,17.249885,80.15615,mid-range,classic,good,Tool Kit - Aerox 155 Aerox 155 Yamaha  Accessories lightweight noise reducing for longer life,0,2025-09-06T00:00:00,2025-08-14T00:00:00
68d141e9b3fce85d4c560a72,Cylinder Head - CT 110X,CT 110X,Bajaj,2020.0,,Engine,9449.0,premium quality corrosion resistant for longer life,21.0,3.8,12.0,0,https://example.com/images/cylinder_head_ct_110x.jpg,68d0c47d09554c358655174b,68d0c47e09554c358655174d,Tarun Automobiles,,17.423605,78.546314,premium,modern,good,Cylinder Head - CT 110X CT 110X Bajaj  Engine premium quality corrosion resistant for longer life,0,2025-08-30T00:00:00,2025-08-14T00:00:00
68d141eab3fce85d4c560a73,Side Stand - Burgman Street,Burgman Street,Suzuki,2016.0,,Body Parts,1857.0,premium quality high strength for longer life,21.0,5.0,27.0,0,https://example.com/images/side_stand_burgman_street.jpg,68d135833952f7cf7dee9109,68d135833952f7cf7dee910b,Mounika Automobiles,Karimnagar,18.435781,79.132861,mid-range,classic,excellent,Side Stand - Burgman Street Burgman Street Suzuki  Body Parts premium quality high strength for longer life,0,2025-08-22T00:00:00,2025-09-08T00:00:00
68d141eab3fce85d4c560a74,Tube - Triumph Model 450,Triumph Model 450,Triumph,2015.0,,Wheels & Tires,1844.0,premium quality maintenance free for reduced maintenance,17.0,4.0,16.0,0,https://example.com/images/tube_triumph_model_450.jpg,68d134ac3952f7cf7dee90e3,68d134ac3952f7cf7dee90e5,Shiva sai Automobiles,Mahabubabad,17.594209,80.006903,mid-range,classic,good,Tube - Triumph Model 450 Triumph Model 450 Triumph  Wheels & Tires premium quality maintenance free for reduced maintenance,0,2025-09-01T00:00:00,2025-08-04T00:00:00
68d141eab3fce85d4c560a75,Spoke Set - Shotgun 650,Shotgun 650,Royal Enfield,2025.0,,Wheels & Tires,3134.0,lightweight vibration dampening for improved comfort,17.0,3.9,23.0,0,https://example.com/images/spoke_set_shotgun_650.jpg,68d136193952f7cf7dee9131,68d136193952f7cf7dee9133,Mahesh Automobiles,Khammam,17.249885,80.15615,mid-range,modern,good,Spoke Set - Shotgun 650 Shotgun 650 Royal Enfield  Wheels & Tires lightweight vibration dampening for improved comfort,0,2025-09-11T00:00:00,2025-08-21T00:00:00
68d141eab3fce85d4c560a76,Clutch Plate - MT-15,MT-15,Yamaha,2015.0,,Transmission,2914.0,lightweight high strength for improved performance,19.0,4.9,5.0,0,https://example.com/images/clutch_plate_mt_15.jpg,689d6959045c37933826818b,689d6959045c37933826818d,sai automobiles,RAMNAGAR COLONY PEERZADIGUDA UPPAL HYDERABAD,17.390358,78.606729,mid-range,classic,excellent,Clutch Plate - MT-15 MT-15 Yamaha  Transmission lightweight high strength for improved performance,0,2025-08-21T00:00:00,2025-08-26T00:00:00
68d141eab3fce85d4c560a77,Crash Guard - Harley-Davidson Model 683,Harley-Davidson Model 683,Harley-Davidson,2020.0,,Accessories,793.0,heavy duty eco friendly for better handling,25.0,4.9,1.0,0,https://example.com/images/crash_guard_harley_davidson_model_683.jpg,68d135833952f7cf7dee9109,68d135833952f7cf7dee910b,Mounika Automobiles,Karimnagar,18.435781,79.132861,budget,modern,excellent,Crash Guard - Harley-Davidson Model 683 Harley-Davidson Model 683 Harley-Davidson  Accessories heavy duty eco friendly for better handling,0,2025-08-21T00:00:00,2025-09-17T00:00:00
68d141eab3fce85d4c560a78,Universal Joint - Triumph Model 759,Triumph Model 759,Triumph,2024.0,,Drivetrain,1416.0,durable heat treated for increased power,24.0,3.7,5.0,0,https://example.com/images/universal_joint_triumph_model_759.jpg,68d135063952f7cf7dee90f6,68d135063952f7cf7dee90f8,Manoj Automobiles,Dilshknagar,17.367642,78.534282,mid-range,modern,good,Universal Joint - Triumph Model 759 Triumph Model 759 Triumph  Drivetrain durable heat treated for increased power,0,2025-08-30T00:00:00,2025-09-03T00:00:00
68d141eab3fce85d4c560a79,Spark Plug - Multistrada V4 V1,Multistrada V4,Ducati,2015.0,,Ignition,677.0,oem quality noise reducing for smoother operation,3.0,4.7,29.0,0,https://example.com/images/spark_plug_multistrada_v4.jpg,68d1346c3952f7cf7dee90d0,68d1346c3952f7cf7dee90d2,Kalyan Automobiles,Bala Nagar,17.475679,78.447328,budget,classic,excellent,Spark Plug - Multistrada V4 V1 Multistrada V4 Ducati  Ignition oem quality noise reducing for smoother operation,0,2025-09-09T00:00:00,2025-08-24T00:00:00
68d141eab3fce85d4c560a7a,Gear Shift Lever - Star City Plus,Star City Plus,Tvs,2025.0,,Transmission,6391.0,high performance vibration dampening for better fuel economy,24.0,4.2,19.0,0,https://example.com/images/gear_shift_lever_star_city_plus.jpg,68d134ac3952f7cf7dee90e3,68d134ac3952f7cf7dee90e5,Shiva sai Automobiles,Mahabubabad,17.594209,80.006903,premium,modern,good,Gear Shift Lever - Star City Plus Star City Plus Tvs  Transmission high performance vibration dampening for better fuel economy,0,2025-09-03T00:00:00,2025-08-06T00:00:00
68d141eab3fce85d4c560a7b,License Plate Light - Hayabusa,Hayabusa,Suzuki,2020.0,,Lighting,2239.0,heavy duty heat treated for reduced maintenance,22.0,4.0,14.0,0,https://example.com/images/license_plate_light_hayabusa.jpg,68d135d63952f7cf7dee911e,68d135d63952f7cf7dee9120,baskar Automobiles,Medak,18.048948,78.269372,mid-range,modern,good,License Plate Light - Hayabusa Hayabusa Suzuki  Lighting heavy duty heat treated for reduced maintenance,0,2025-08-02T00:00:00,2025-09-03T00:00:00
68d141eab3fce85d4c560a7c,Crankshaft - FZ-X,FZ-X,Yamaha,2024.0,,Engine,11001.0,heavy duty fuel efficient for improved performance,10.0,4.9,10.0,0,https://example.com/images/crankshaft_fz_x.jpg,68d135833952f7cf7dee9109,68d135833952f7cf7dee910b,Mounika Automobiles,Karimnagar,18.435781,79.132861,premium,modern,excellent,Crankshaft - FZ-X FZ-X Yamaha  Engine heavy duty fuel efficient for improved performance,0,2025-08-13T00:00:00,2025-08-02T00:00:00
68d141eab3fce85d4c560a7d,Variator - Harley-Davidson Model 420,Harley-Davidson Model 420,Harley-Davidson,2017.0,,Drivetrain,2115.0,oem quality high strength for better fuel economy,13.0,4.1,12.0,0,https://example.com/images/variator_harley_davidson_model_420.jpg,68d135833952f7cf7dee9109,68d135833952f7cf7dee910b,Mounika Automobiles,Karimnagar,18.435781,79.132861,mid-range,classic,good,Variator - Harley-Davidson Model 420 Harley-Davidson Model 420 Harley-Davidson  Drivetrain oem quality high strength for better fuel economy,0,2025-09-07T00:00:00,2025-09-06T00:00:00
68d141eab3fce85d4c560a7e,Fuel Gauge - Hypermotard,Hypermotard,Ducati,2017.0,,Fuel System,3492.0,durable maintenance free for longer life,4.0,4.8,17.0,0,https://example.com/images/fuel_gauge_hypermotard.jpg,68d135833952f7cf7dee9109,68d135833952f7cf7dee910b,Mounika Automobiles,Karimnagar,18.435781,79.132861,mid-range,classic,excellent,Fuel Gauge - Hypermotard Hypermotard Ducati  Fuel System durable maintenance free for longer life,0,2025-08-05T00:00:00,2025-08-20T00:00:00
68d141eab3fce85d4c560a7f,Cylinder Head - Platina 110,Platina 110,Bajaj,2018.0,,Engine,4332.0,advanced high strength for smoother operation,17.0,3.7,15.0,0,https://example.com/images/cylinder_head_platina_110.jpg,68d135833952f7cf7dee9109,68d135833952f7cf7dee910b,Mounika Automobiles,Karimnagar,18.435781,79.132861,mid-range,classic,good,Cylinder Head - Platina 110 Platina 110 Bajaj  Engine advanced high strength for smoother operation,0,2025-08-20T00:00:00,2025-08-31T00:00:00
68d141eab3fce85d4c560a80,Spoke Set - Bullet 350,Bullet 350,Royal Enfield,2018.0,,Wheels & Tires,6823.0,advanced fuel efficient for increased power,3.0,4.8,8.0,0,https://example.com/images/spoke_set_bullet_350.jpg,68d136193952f7cf7dee9131,68d136193952f7cf7dee9133,Mahesh Automobiles,Khammam,17.249885,80.15615,premium,classic,excellent,Spoke Set - Bullet 350 Bullet 350 Royal Enfield  Wheels & Tires advanced fuel efficient for increased power,0,2025-08-28T00:00:00,2025-08-06T00:00:00
68d141eab3fce85d4c560a81,Seat Cover - Benelli Model 298,Benelli Model 298,Benelli,2018.0,,Body Parts,699.0,oem quality maintenance free for smoother operation,5.0,4.0,28.0,0,https://example.com/images/seat_cover_benelli_model_298.jpg,68d136193952f7cf7dee9131,68d136193952f7cf7dee9133,Mahesh Automobiles,Khammam,17.249885,80.15615,budget,classic,good,Seat Cover - Benelli Model 298 Benelli Model 298 Benelli  Body Parts oem quality maintenance free for smoother operation,0,2025-09-02T00:00:00,2025-08-22T00:00:00
68d141eab3fce85d4c560a82,Fuel Filter - Aerox 155,Aerox 155,Yamaha,2018.0,,Filters,654.0,advanced eco friendly for smoother operation,19.0,5.0,11.0,0,https://example.com/images/fuel_filter_aerox_155.jpg,68d134ac3952f7cf7dee90e3,68d134ac3952f7cf7dee90e5,Shiva sai Automobiles,Mahabubabad,17.594209,80.006903,budget,classic,excellent,Fuel Filter - Aerox 155 Aerox 155 Yamaha  Filters advanced eco friendly for smoother operation,0,2025-09-18T00:00:00,2025-09-20T00:00:00
68d141eab3fce85d4c560a83,Air Filter - Continental GT 650,Continental GT 650,Royal Enfield,2018.0,,Filters,493.0,premium quality corrosion resistant for better handling,1.0,4.3,29.0,0,https://example.com/images/air_filter_continental_gt_650.jpg,68d0c47d09554c358655174b,68d0c47e09554c358655174d,Tarun Automobiles,,17.423605,78.546314,budget,classic,good,Air Filter - Continental GT 650 Continental GT 650 Royal Enfield  Filters premium quality corrosion resistant for better handling,0,2025-09-02T00:00:00,2025-09-01T00:00:00
68d141eab3fce85d4c560a84,Intercooler - Benelli Model 931,Benelli Model 931,Benelli,2024.0,,Cooling System,4690.0,oem quality fuel efficient for enhanced durability,18.0,4.7,30.0,0,https://example.com/images/intercooler_benelli_model_931.jpg,68ac2a8e3c73e23c655de052,68ac2a8f3c73e23c655de054,Swathi Automobiles,Chappal Bazar Road - Kachiguda ,17.38953,78.491245,mid-range,modern,excellent,Intercooler - Benelli Model 931 Benelli Model 931 Benelli  Cooling System oem quality fuel efficient for enhanced durability,0,2025-08-19T00:00:00,2025-08-30T00:00:00
68d141eab3fce85d4c560a85,Fork Tube - Triumph Model 467,Triumph Model 467,Triumph,2016.0,,Suspension,2837.0,enhanced fuel efficient for smoother operation,13.0,4.0,10.0,0,https://example.com/images/fork_tube_triumph_model_467.jpg,68d0c47d09554c358655174b,68d0c47e09554c358655174d,Tarun Automobiles,,17.423605,78.546314,mid-range,classic,good,Fork Tube - Triumph Model 467 Triumph Model 467 Triumph  Suspension enhanced fuel efficient for smoother operation,0,2025-09-20T00:00:00,2025-09-09T00:00:00
68d141eab3fce85d4c560a86,Fuel Tank - Gixxer,Gixxer,Suzuki,2019.0,,Fuel System,5818.0,enhanced fuel efficient for better handling,12.0,4.2,24.0,0,https://example.com/images/fuel_tank_gixxer.jpg,68d1346c3952f7cf7dee90d0,68d1346c3952f7cf7dee90d2,Kalyan Automobiles,Bala Nagar,17.475679,78.447328,premium,classic,good,Fuel Tank - Gixxer Gixxer Suzuki  Fuel System enhanced fuel efficient for better handling,0,2025-09-14T00:00:00,2025-08-24T00:00:00
68d141eab3fce85d4c560a87,LED Strip - Passion Pro,Passion Pro,Hero,2023.0,,Lighting,1555.0,advanced maintenance free for improved performance,3.0,4.0,7.0,0,https://example.com/images/led_strip_passion_pro.jpg,68d136193952f7cf7dee9131,68d136193952f7cf7dee9133,Mahesh Automobiles,Khammam,17.249885,80.15615,mid-range,modern,good,LED Strip - Passion Pro Passion Pro Hero  Lighting advanced maintenance free for improved performance,0,2025-09-07T00:00:00,2025-08-14T00:00:00
68d141eab3fce85d4c560a88,Pressure Plate - Mahindra Model 852,Mahindra Model 852,Mahindra,2016.0,,Transmission,3205.0,heavy duty high strength for increased power,21.0,4.7,21.0,0,https://example.com/images/pressure_plate_mahindra_model_852.jpg,68d136193952f7cf7dee9131,68d136193952f7cf7dee9133,Mahesh Automobiles,Khammam,17.249885,80.15615,mid-range,classic,excellent,Pressure Plate - Mahindra Model 852 Mahindra Model 852 Mahindra  Transmission heavy duty high strength for increased power,0,2025-08-05T00:00:00,2025-09-13T00:00:00
68d141eab3fce85d4c560a89,Piston Kit - Continental GT 650,Continental GT 650,Royal Enfield,2023.0,,Engine,9195.0,high performance maintenance free for better fuel economy,12.0,4.9,2.0,0,https://example.com/images/piston_kit_continental_gt_650.jpg,689d6959045c37933826818b,689d6959045c37933826818d,sai automobiles,RAMNAGAR COLONY PEERZADIGUDA UPPAL HYDERABAD,17.390358,78.606729,premium,modern,excellent,Piston Kit - Continental GT 650 Continental GT 650 Royal Enfield  Engine high performance maintenance free for better fuel economy,0,2025-09-20T00:00:00,2025-09-05T00:00:00
68d141eab3fce85d4c560a8a,Number Plate Holder - Gixxer,Gixxer,Suzuki,2015.0,,Body Parts,1998.0,oem quality noise reducing for better fuel economy,3.0,4.3,24.0,0,https://example.com/images/number_plate_holder_gixxer.jpg,68d133bf3952f7cf7dee90b7,68d133bf3952f7cf7dee90b9,Jyothi Automobiles,Hyderabad,17.511409,78.350972,mid-range,classic,good,Number Plate Holder - Gixxer Gixxer Suzuki  Body Parts oem quality noise reducing for better fuel economy,0,2025-08-12T00:00:00,2025-09-13T00:00:00
68d141eab3fce85d4c560a8b,Air Filter - Benelli Model 196,Benelli Model 196,Benelli,2020.0,,Filters,317.0,professional grade eco friendly for enhanced durability,19.0,4.3,10.0,0,https://example.com/images/air_filter_benelli_model_196.jpg,68d135063952f7cf7dee90f6,68d135063952f7cf7dee90f8,Manoj Automobiles,Dilshknagar,17.367642,78.534282,budget,modern,good,Air Filter - Benelli Model 196 Benelli Model 196 Benelli  Filters professional grade eco friendly for enhanced durability,0,2025-08-07T00:00:00,2025-08-17T00:00:00
68d141eab3fce85d4c560a8c,Fog Light - Benelli Model 922,Benelli Model 922,Benelli,2019.0,,Lighting,3836.0,advanced maintenance free for increased power,14.0,4.1,21.0,0,https://example.com/images/fog_light_benelli_model_922.jpg,689d6959045c37933826818b,689d6959045c37933826818d,sai automobiles,RAMNAGAR COLONY PEERZADIGUDA UPPAL HYDERABAD,17.390358,78.606729,mid-range,classic,good,Fog Light - Benelli Model 922 Benelli Model 922 Benelli  Lighting advanced maintenance free for increased power,0,2025-09-18T00:00:00,2025-08-16T00:00:00
68d141eab3fce85d4c560a8d,Brake Hose - Star City Plus,Star City Plus,Tvs,2024.0,,Brakes,422.0,premium quality maintenance free for better handling,15.0,3.9,10.0,0,https://example.com/images/brake_hose_star_city_plus.jpg,68d135063952f7cf7dee90f6,68d135063952f7cf7dee90f8,Manoj Automobiles,Dilshknagar,17.367642,78.534282,budget,modern,good,Brake Hose - Star City Plus Star City Plus Tvs  Brakes premium quality maintenance free for better handling,0,2025-08-22T00:00:00,2025-08-30T00:00:00
68d141eab3fce85d4c560a8e,Vacuum Filter - Triumph Model 648,Triumph Model 648,Triumph,2020.0,,Filters,492.0,heavy duty precision engineered for smoother operation,24.0,4.9,12.0,0,https://example.com/images/vacuum_filter_triumph_model_648.jpg,689d6959045c37933826818b,689d6959045c37933826818d,sai automobiles,RAMNAGAR COLONY PEERZADIGUDA UPPAL HYDERABAD,17.390358,78.606729,budget,modern,excellent,Vacuum Filter - Triumph Model 648 Triumph Model 648 Triumph  Filters heavy duty precision engineered for smoother operation,0,2025-09-13T00:00:00,2025-09-12T00:00:00
68d141eab3fce85d4c560a8f,Spark Plug Wire - Mahindra Model 483,Mahindra Model 483,Mahindra,2021.0,,Ignition,371.0,high performance vibration dampening for increased power,23.0,4.9,16.0,0,https://example.com/images/spark_plug_wire_mahindra_model_483.jpg,68d134ac3952f7cf7dee90e3,68d134ac3952f7cf7dee90e5,Shiva sai Automobiles,Mahabubabad,17.594209,80.006903,budget,modern,excellent,Spark Plug Wire - Mahindra Model 483 Mahindra Model 483 Mahindra  Ignition high performance vibration dampening for increased power,0,2025-09-19T00:00:00,2025-08-14T00:00:00
68d141eab3fce85d4c560a90,Wheel Balancing Weight - BMW Model 834,BMW Model 834,Bmw,2018.0,,Wheels & Tires,9571.0,high performance precision engineered for increased power,5.0,4.5,6.0,0,https://example.com/images/wheel_balancing_weight_bmw_model_834.jpg,68d133bf3952f7cf7dee90b7,68d133bf3952f7cf7dee90b9,Jyothi Automobiles,Hyderabad,17.511409,78.350972,premium,classic,excellent,Wheel Balancing Weight - BMW Model 834 BMW Model 834 Bmw  Wheels & Tires high performance precision engineered for increased power,0,2025-08-25T00:00:00,2025-08-14T00:00:00
68d141eab3fce85d4c560a91,Suspension Linkage - Classic 350,Classic 350,Royal Enfield,2021.0,,Suspension,1954.0,heavy duty vibration dampening for enhanced durability,10.0,3.7,22.0,0,https://example.com/images/suspension_linkage_classic_350.jpg,68d136193952f7cf7dee9131,68d136193952f7cf7dee9133,Mahesh Automobiles,Khammam,17.249885,80.15615,mid-range,modern,good,Suspension Linkage - Classic 350 Classic 350 Royal Enfield  Suspension heavy duty vibration dampening for enhanced durability,0,2025-09-21T00:00:00,2025-08-30T00:00:00
68d141eab3fce85d4c560a92,Water Pump - Mahindra Model 726,Mahindra Model 726,Mahindra,2024.0,,Engine,7701.0,heavy duty eco friendly for increased power,16.0,3.7,26.0,0,https://example.com/images/water_pump_mahindra_model_726.jpg,68d135063952f7cf7dee90f6,68d135063952f7cf7dee90f8,Manoj Automobiles,Dilshknagar,17.367642,78.534282,premium,modern,good,Water Pump - Mahindra Model 726 Mahindra Model 726 Mahindra  Engine heavy duty eco friendly for increased power,0,2025-09-14T00:00:00,2025-09-18T00:00:00
68d141eab3fce85d4c560a93,Performance Exhaust - YZF-R3,YZF-R3,Yamaha,2021.0,,Exhaust,3754.0,superior corrosion resistant for better handling,5.0,4.7,17.0,0,https://example.com/images/performance_exhaust_yzf_r3.jpg,689d6959045c37933826818b,689d6959045c37933826818d,sai automobiles,RAMNAGAR COLONY PEERZADIGUDA UPPAL HYDERABAD,17.390358,78.606729,mid-range,modern,excellent,Performance Exhaust - YZF-R3 YZF-R3 Yamaha  Exhaust superior corrosion resistant for better handling,0,2025-08-14T00:00:00,2025-08-31T00:00:00
68d141eab3fce85d4c560a94,Exhaust Gasket - Livo,Livo,Honda,2023.0,,Exhaust,3514.0,premium quality maintenance free for improved comfort,24.0,4.6,30.0,0,https://example.com/images/exhaust_gasket_livo.jpg,68d135d63952f7cf7dee911e,68d135d63952f7cf7dee9120,baskar Automobiles,Medak,18.048948,78.269372,mid-range,modern,excellent,Exhaust Gasket - Livo Livo Honda  Exhaust premium quality maintenance free for improved comfort,0,2025-08-29T00:00:00,2025-08-11T00:00:00
68d141eab3fce85d4c560a95,Fuel Pump - Triumph Model 135,Triumph Model 135,Triumph,2015.0,,Fuel System,5742.0,professional grade vibration dampening for reduced maintenance,6.0,4.2,25.0,0,https://example.com/images/fuel_pump_triumph_model_135.jpg,68d0c47d09554c358655174b,68d0c47e09554c358655174d,Tarun Automobiles,,17.423605,78.546314,premium,classic,good,Fuel Pump - Triumph Model 135 Triumph Model 135 Triumph  Fuel System professional grade vibration dampening for reduced maintenance,0,2025-09-19T00:00:00,2025-09-16T00:00:00
68d141eab3fce85d4c560a96,Ignition Module - BMW Model 806,BMW Model 806,Bmw,2015.0,,Ignition,1557.0,lightweight long lasting for enhanced durability,5.0,4.4,8.0,0,https://example.com/images/ignition_module_bmw_model_806.jpg,68d135d63952f7cf7dee911e,68d135d63952f7cf7dee9120,baskar Automobiles,Medak,18.048948,78.269372,mid-range,classic,good,Ignition Module - BMW Model 806 BMW Model 806 Bmw  Ignition lightweight long lasting for enhanced durability,0,2025-09-19T00:00:00,2025-09-20T00:00:00
68d141eab3fce85d4c560a97,Battery - Duke 200,Duke 200,Ktm,2016.0,,Electrical,1146.0,professional grade long lasting for improved performance,16.0,4.3,15.0,0,https://example.com/images/battery_duke_200.jpg,68d135d63952f7cf7dee911e,68d135d63952f7cf7dee9120,baskar Automobiles,Medak,18.048948,78.269372,mid-range,classic,good,Battery - Duke 200 Duke 200 Ktm  Electrical professional grade long lasting for improved performance,0,2025-08-05T00:00:00,2025-08-31T00:00:00
68d141eab3fce85d4c560a98,Carbon Filter - Panigale V4,Panigale V4,Ducati,2016.0,,Filters,271.0,durable noise reducing for reduced maintenance,23.0,3.5,6.0,0,https://example.com/images/carbon_filter_panigale_v4.jpg,68d136193952f7cf7dee9131,68d136193952f7cf7dee9133,Mahesh Automobiles,Khammam,17.249885,80.15615,budget,classic,good,Carbon Filter - Panigale V4 Panigale V4 Ducati  Filters durable noise reducing for reduced maintenance,0,2025-08-15T00:00:00,2025-08-24T00:00:00
68d141eab3fce85d4c560a99,Hazard Light Switch - FZ-S,FZ-S,Yamaha,2017.0,,Lighting,933.0,advanced heat treated for longer life,24.0,3.9,4.0,0,https://example.com/images/hazard_light_switch_fz_s.jpg,68d133bf3952f7cf7dee90b7,68d133bf3952f7cf7dee90b9,Jyothi Automobiles,Hyderabad,17.511409,78.350972,mid-range,classic,good,Hazard Light Switch - FZ-S FZ-S Yamaha  Lighting advanced heat treated for longer life,0,2025-08-22T00:00:00,2025-09-10T00:00:00
68d141eab3fce85d4c560a9a,Starter Relay - Mahindra Model 755,Mahindra Model 755,Mahindra,2024.0,,Ignition,1195.0,premium quality vibration dampening for enhanced durability,13.0,4.5,9.0,0,https://example.com/images/starter_relay_mahindra_model_755.jpg,68d134ac3952f7cf7dee90e3,68d134ac3952f7cf7dee90e5,Shiva sai Automobiles,Mahabubabad,17.594209,80.006903,mid-range,modern,excellent,Starter Relay - Mahindra Model 755 Mahindra Model 755 Mahindra  Ignition premium quality vibration dampening for enhanced durability,0,2025-09-13T00:00:00,2025-09-19T00:00:00
68d141eab3fce85d4c560a9b,Brake Caliper - 1290 Super Duke R,1290 Super Duke R,Ktm,2019.0,,Brakes,1779.0,advanced precision engineered for longer life,17.0,4.0,10.0,0,https://example.com/images/brake_caliper_1290_super_duke_r.jpg,68d136193952f7cf7dee9131,68d136193952f7cf7dee9133,Mahesh Automobiles,Khammam,17.249885,80.15615,mid-range,classic,good,Brake Caliper - 1290 Super Duke R 1290 Super Duke R Ktm  Brakes advanced precision engineered for longer life,0,2025-08-24T00:00:00,2025-09-07T00:00:00
68d141eab3fce85d4c560a9c,First Aid Kit - FZ-S,FZ-S,Yamaha,2017.0,,Accessories,864.0,advanced long lasting for enhanced durability,6.0,5.0,18.0,0,https://example.com/images/first_aid_kit_fz_s.jpg,68d135833952f7cf7dee9109,68d135833952f7cf7dee910b,Mounika Automobiles,Karimnagar,18.435781,79.132861,mid-range,classic,excellent,First Aid Kit - FZ-S FZ-S Yamaha  Accessories advanced long lasting for enhanced durability,0,2025-08-20T00:00:00,2025-08-18T00:00:00
68d141eab3fce85d4c560a9d,Ignition Module - Aprilia Model 431,Aprilia Model 431,Aprilia,2020.0,,Ignition,925.0,durable fuel efficient for better fuel economy,14.0,4.8,23.0,0,https://example.com/images/ignition_module_aprilia_model_431.jpg,68d136193952f7cf7dee9131,68d136193952f7cf7dee9133,Mahesh Automobiles,Khammam,17.249885,80.15615,mid-range,modern,excellent,Ignition Module - Aprilia Model 431 Aprilia Model 431 Aprilia  Ignition durable fuel efficient for better fuel economy,0,2025-08-02T00:00:00,2025-08-25T00:00:00
68d141eab3fce85d4c560a9e,Muffler - Boulevard,Boulevard,Suzuki,2024.0,,Exhaust,4305.0,premium quality high strength for enhanced safety,5.0,4.1,28.0,0,https://example.com/images/muffler_boulevard.jpg,689d6959045c37933826818b,689d6959045c37933826818d,sai automobiles,RAMNAGAR COLONY PEERZADIGUDA UPPAL HYDERABAD,17.390358,78.606729,mid-range,modern,good,Muffler - Boulevard Boulevard Suzuki  Exhaust premium quality high strength for enhanced safety,0,2025-09-04T00:00:00,2025-08-11T00:00:00
68d141eab3fce85d4c560a9f,ABS Module - Aprilia Model 547,Aprilia Model 547,Aprilia,2018.0,,Brakes,1127.0,lightweight precision engineered for enhanced safety,22.0,4.0,20.0,0,https://example.com/images/abs_module_aprilia_model_547.jpg,68d0c47d09554c358655174b,68d0c47e09554c358655174d,Tarun Automobiles,,17.423605,78.546314,mid-range,classic,good,ABS Module - Aprilia Model 547 Aprilia Model 547 Aprilia  Brakes lightweight precision engineered for enhanced safety,0,2025-08-03T00:00:00,2025-08-07T00:00:00
68d141eab3fce85d4c560aa0,Silencer - GSX-R1000R,GSX-R1000R,Suzuki,2024.0,,Exhaust,2868.0,oem quality precision engineered for better handling,14.0,4.1,13.0,0,https://example.com/images/silencer_gsx_r1000r.jpg,68d134ac3952f7cf7dee90e3,68d134ac3952f7cf7dee90e5,Shiva sai Automobiles,Mahabubabad,17.594209,80.006903,mid-range,modern,good,Silencer - GSX-R1000R GSX-R1000R Suzuki  Exhaust oem quality precision engineered for better handling,0,2025-08-21T00:00:00,2025-09-18T00:00:00
68d141eab3fce85d4c560aa1,First Aid Kit - BMW Model 784,BMW Model 784,Bmw,2025.0,,Accessories,759.0,durable eco friendly for enhanced durability,10.0,4.3,6.0,0,https://example.com/images/first_aid_kit_bmw_model_784.jpg,68d136193952f7cf7dee9131,68d136193952f7cf7dee9133,Mahesh Automobiles,Khammam,17.249885,80.15615,budget,modern,good,First Aid Kit - BMW Model 784 BMW Model 784 Bmw  Accessories durable eco friendly for enhanced durability,0,2025-09-15T00:00:00,2025-08-20T00:00:00
68d141eab3fce85d4c560aa2,Headlight Assembly - Avenger 160,Avenger 160,Bajaj,2017.0,,Lighting,3965.0,professional grade eco friendly for enhanced safety,21.0,3.6,3.0,0,https://example.com/images/headlight_assembly_avenger_160.jpg,68d0c47d09554c358655174b,68d0c47e09554c358655174d,Tarun Automobiles,,17.423605,78.546314,mid-range,classic,good,Headlight Assembly - Avenger 160 Avenger 160 Bajaj  Lighting professional grade eco friendly for enhanced safety,0,2025-09-12T00:00:00,2025-08-29T00:00:00
68d141eab3fce85d4c560aa3,Seat Cover - Mahindra Model 728,Mahindra Model 728,Mahindra,2017.0,,Body Parts,1384.0,advanced vibration dampening for enhanced safety,19.0,3.9,3.0,0,https://example.com/images/seat_cover_mahindra_model_728.jpg,68d0c47d09554c358655174b,68d0c47e09554c358655174d,Tarun Automobiles,,17.423605,78.546314,mid-range,classic,good,Seat Cover - Mahindra Model 728 Mahindra Model 728 Mahindra  Body Parts advanced vibration dampening for enhanced safety,0,2025-08-10T00:00:00,2025-08-05T00:00:00
68d141eab3fce85d4c560aa4,Air Filter - Mahindra Model 805,Mahindra Model 805,Mahindra,2024.0,,Filters,533.0,durable vibration dampening for enhanced durability,21.0,4.4,4.0,0,https://example.com/images/air_filter_mahindra_model_805.jpg,68d135833952f7cf7dee9109,68d135833952f7cf7dee910b,Mounika Automobiles,Karimnagar,18.435781,79.132861,budget,modern,good,Air Filter - Mahindra Model 805 Mahindra Model 805 Mahindra  Filters durable vibration dampening for enhanced durability,0,2025-09-13T00:00:00,2025-09-07T00:00:00
68d141eab3fce85d4c560aa5,Turn Signal - Mahindra Model 428,Mahindra Model 428,Mahindra,2016.0,,Electrical,1176.0,premium quality precision engineered for better handling,1.0,3.9,23.0,0,https://example.com/images/turn_signal_mahindra_model_428.jpg,68d134ac3952f7cf7dee90e3,68d134ac3952f7cf7dee90e5,Shiva sai Automobiles,Mahabubabad,17.594209,80.006903,mid-range,classic,good,Turn Signal - Mahindra Model 428 Mahindra Model 428 Mahindra  Electrical premium quality precision engineered for better handling,0,2025-08-15T00:00:00,2025-08-29T00:00:00
68d141eab3fce85d4c560aa6,Horn - Scrambler,Scrambler,Ducati,2024.0,,Electrical,4117.0,high performance heat treated for better fuel economy,8.0,4.0,27.0,0,https://example.com/images/horn_scrambler.jpg,689d6959045c37933826818b,689d6959045c37933826818d,sai automobiles,RAMNAGAR COLONY PEERZADIGUDA UPPAL HYDERABAD,17.390358,78.606729,mid-range,modern,good,Horn - Scrambler Scrambler Ducati  Electrical high performance heat treated for better fuel economy,0,2025-08-15T00:00:00,2025-09-09T00:00:00
68d141eab3fce85d4c560aa7,Rear Sprocket - Duke 200,Duke 200,Ktm,2018.0,,Drivetrain,1671.0,enhanced vibration dampening for better handling,16.0,4.6,25.0,0,https://example.com/images/rear_sprocket_duke_200.jpg,68d0c47d09554c358655174b,68d0c47e09554c358655174d,Tarun Automobiles,,17.423605,78.546314,mid-range,classic,excellent,Rear Sprocket - Duke 200 Duke 200 Ktm  Drivetrain enhanced vibration dampening for better handling,0,2025-09-17T00:00:00,2025-08-27T00:00:00
68d141eab3fce85d4c560aa8,Timing Light - Z900,Z900,Kawasaki,2025.0,,Ignition,514.0,enhanced heat treated for improved comfort,15.0,3.9,8.0,0,https://example.com/images/timing_light_z900.jpg,68d133bf3952f7cf7dee90b7,68d133bf3952f7cf7dee90b9,Jyothi Automobiles,Hyderabad,17.511409,78.350972,budget,modern,good,Timing Light - Z900 Z900 Kawasaki  Ignition enhanced heat treated for improved comfort,0,2025-09-15T00:00:00,2025-09-14T00:00:00
68d141eab3fce85d4c560aa9,Clutch Spring - Harley-Davidson Model 984,Harley-Davidson Model 984,Harley-Davidson,2022.0,,Transmission,2166.0,professional grade fuel efficient for improved comfort,22.0,4.6,12.0,0,https://example.com/images/clutch_spring_harley_davidson_model_984.jpg,68d135d63952f7cf7dee911e,68d135d63952f7cf7dee9120,baskar Automobiles,Medak,18.048948,78.269372,mid-range,modern,excellent,Clutch Spring - Harley-Davidson Model 984 Harley-Davidson Model 984 Harley-Davidson  Transmission professional grade fuel efficient for improved comfort,0,2025-09-01T00:00:00,2025-09-18T00:00:00
68d141eab3fce85d4c560aaa,Final Drive - Triumph Model 160,Triumph Model 160,Triumph,2016.0,,Transmission,4750.0,high performance high strength for reduced maintenance,10.0,3.9,23.0,0,https://example.com/images/final_drive_triumph_model_160.jpg,68d135d63952f7cf7dee911e,68d135d63952f7cf7dee9120,baskar Automobiles,Medak,18.048948,78.269372,mid-range,classic,good,Final Drive - Triumph Model 160 Triumph Model 160 Triumph  Transmission high performance high strength for reduced maintenance,0,2025-09-18T00:00:00,2025-08-01T00:00:00
68d141eab3fce85d4c560aab,Final Drive Oil - Vulcan S,Vulcan S,Kawasaki,2018.0,,Drivetrain,1072.0,premium quality long lasting for improved comfort,5.0,4.9,29.0,0,https://example.com/images/final_drive_oil_vulcan_s.jpg,68d135833952f7cf7dee9109,68d135833952f7cf7dee910b,Mounika Automobiles,Karimnagar,18.435781,79.132861,mid-range,classic,excellent,Final Drive Oil - Vulcan S Vulcan S Kawasaki  Drivetrain premium quality long lasting for improved comfort,0,2025-08-30T00:00:00,2025-08-01T00:00:00
68d141eab3fce85d4c560aac,Gear Box - Star City Plus V1,Star City Plus,Tvs,2023.0,,Transmission,2684.0,professional grade corrosion resistant for longer life,15.0,3.8,18.0,0,https://example.com/images/gear_box_star_city_plus.jpg,68d136193952f7cf7dee9131,68d136193952f7cf7dee9133,Mahesh Automobiles,Khammam,17.249885,80.15615,mid-range,modern,good,Gear Box - Star City Plus V1 Star City Plus Tvs  Transmission professional grade corrosion resistant for longer life,0,2025-09-18T00:00:00,2025-08-30T00:00:00
68d141eab3fce85d4c560aad,Coil - Dominar 400,Dominar 400,Bajaj,2017.0,,Electrical,4413.0,oem quality high strength for smoother operation,6.0,4.9,28.0,0,https://example.com/images/coil_dominar_400.jpg,68d136193952f7cf7dee9131,68d136193952f7cf7dee9133,Mahesh Automobiles,Khammam,17.249885,80.15615,mid-range,classic,excellent,Coil - Dominar 400 Dominar 400 Bajaj  Electrical oem quality high strength for smoother operation,0,2025-08-09T00:00:00,2025-09-14T00:00:00
68d141eab3fce85d4c560aae,Tank Bag - Radeon,Radeon,Tvs,2017.0,,Accessories,1965.0,lightweight corrosion resistant for enhanced durability,14.0,4.7,22.0,0,https://example.com/images/tank_bag_radeon.jpg,68d135d63952f7cf7dee911e,68d135d63952f7cf7dee9120,baskar Automobiles,Medak,18.048948,78.269372,mid-range,classic,excellent,Tank Bag - Radeon Radeon Tvs  Accessories lightweight corrosion resistant for enhanced durability,0,2025-08-08T00:00:00,2025-09-09T00:00:00
68d141eab3fce85d4c560aaf,Rear Spring - Aprilia Model 663,Aprilia Model 663,Aprilia,2025.0,,Suspension,2013.0,oem quality precision engineered for better handling,17.0,3.5,30.0,0,https://example.com/images/rear_spring_aprilia_model_663.jpg,68d135d63952f7cf7dee911e,68d135d63952f7cf7dee9120,baskar Automobiles,Medak,18.048948,78.269372,mid-range,modern,good,Rear Spring - Aprilia Model 663 Aprilia Model 663 Aprilia  Suspension oem quality precision engineered for better handling,0,2025-08-12T00:00:00,2025-08-13T00:00:00
68d141eab3fce85d4c560ab0,Universal Joint - CB Hornet 2.0,CB Hornet 2.0,Honda,2025.0,,Drivetrain,1843.0,premium quality long lasting for better fuel economy,25.0,4.6,20.0,0,https://example.com/images/universal_joint_cb_hornet_2.0.jpg,68ac2a8e3c73e23c655de052,68ac2a8f3c73e23c655de054,Swathi Automobiles,Chappal Bazar Road - Kachiguda ,17.38953,78.491245,mid-range,modern,excellent,Universal Joint - CB Hornet 2.0 CB Hornet 2.0 Honda  Drivetrain premium quality long lasting for better fuel economy,0,2025-09-10T00:00:00,2025-09-20T00:00:00
68d141eab3fce85d4c560ab1,Thermostat - Z900,Z900,Kawasaki,2022.0,,Cooling System,5931.0,high performance maintenance free for improved performance,8.0,4.3,11.0,0,https://example.com/images/thermostat_z900.jpg,68d1346c3952f7cf7dee90d0,68d1346c3952f7cf7dee90d2,Kalyan Automobiles,Bala Nagar,17.475679,78.447328,premium,modern,good,Thermostat - Z900 Z900 Kawasaki  Cooling System high performance maintenance free for improved performance,0,2025-09-15T00:00:00,2025-08-11T00:00:00
68d141eab3fce85d4c560ab2,Coolant Pump - Apache RTR 180,Apache RTR 180,Tvs,2021.0,,Cooling System,4496.0,lightweight eco friendly for enhanced safety,6.0,4.2,23.0,0,https://example.com/images/coolant_pump_apache_rtr_180.jpg,68d136193952f7cf7dee9131,68d136193952f7cf7dee9133,Mahesh Automobiles,Khammam,17.249885,80.15615,mid-range,modern,good,Coolant Pump - Apache RTR 180 Apache RTR 180 Tvs  Cooling System lightweight eco friendly for enhanced safety,0,2025-08-06T00:00:00,2025-08-06T00:00:00
68d141eab3fce85d4c560ab3,Tire Valve - Benelli Model 852,Benelli Model 852,Benelli,2022.0,,Wheels & Tires,4471.0,heavy duty noise reducing for better fuel economy,16.0,3.8,26.0,0,https://example.com/images/tire_valve_benelli_model_852.jpg,68d135d63952f7cf7dee911e,68d135d63952f7cf7dee9120,baskar Automobiles,Medak,18.048948,78.269372,mid-range,modern,good,Tire Valve - Benelli Model 852 Benelli Model 852 Benelli  Wheels & Tires heavy duty noise reducing for better fuel economy,0,2025-08-07T00:00:00,2025-09-10T00:00:00
68d141eab3fce85d4c560ab4,Racing Tire Iron - Vida V1 Electric,Vida V1 Electric,Hero,2025.0,,Wheels & Tires,13363.0,enhanced chemical resistant for superior reliability,18.0,4.4,39.0,0,https://example.com/images/tire_iron_vida_v1_electric.jpg,689d6959045c37933826818b,689d6959045c37933826818d,sai automobiles,RAMNAGAR COLONY PEERZADIGUDA UPPAL HYDERABAD,17.390358,78.606729,premium,modern,good,Racing Tire Iron - Vida V1 Electric Vida V1 Electric Hero  Wheels & Tires enhanced chemical resistant for superior reliability,0,2025-08-17T00:00:00,2025-08-09T00:00:00
68d141eab3fce85d4c560ab5,Heavy Duty Number Plate Holder - SV650,SV650,Suzuki,2015.0,,Body Parts,547.0,long lasting chemical resistant for enhanced stability,14.0,4.1,33.0,0,https://example.com/images/number_plate_holder_sv650.jpg,68ac2a8e3c73e23c655de052,68ac2a8f3c73e23c655de054,Swathi Automobiles,Chappal Bazar Road - Kachiguda ,17.38953,78.491245,budget,classic,good,Heavy Duty Number Plate Holder - SV650 SV650 Suzuki  Body Parts long lasting chemical resistant for enhanced stability,0,2025-07-16T00:00:00,2025-08-20T00:00:00
68d141eab3fce85d4c560ab6,OEM Fuel Filter - CL 300,CL 300,Jawa,2023.0,,Filters,858.0,premium quality precision engineered for enhanced safety,10.0,4.2,26.0,0,https://example.com/images/fuel_filter_cl_300.jpg,68d0c47d09554c358655174b,68d0c47e09554c358655174d,Tarun Automobiles,,17.423605,78.546314,mid-range,modern,good,OEM Fuel Filter - CL 300 CL 300 Jawa  Filters premium quality precision engineered for enhanced safety,0,2025-08-01T00:00:00,2025-09-19T00:00:00
68d141eab3fce85d4c560ab7,OEM Brake Shoe - Shiver 900,Shiver 900,Aprilia,2020.0,,Brakes,3380.0,heavy duty corrosion resistant for better handling,9.0,3.6,32.0,0,https://example.com/images/brake_shoe_shiver_900.jpg,68d133bf3952f7cf7dee90b7,68d133bf3952f7cf7dee90b9,Jyothi Automobiles,Hyderabad,17.511409,78.350972,mid-range,modern,good,OEM Brake Shoe - Shiver 900 Shiver 900 Aprilia  Brakes heavy duty corrosion resistant for better handling,0,2025-09-09T00:00:00,2025-07-03T00:00:00
68d141eab3fce85d4c560ab8,Racing Header Pipe - Road King,Road King,Harley-Davidson,2020.0,,Exhaust,18334.0,high performance wear resistant for longer life,1.0,5.0,23.0,0,https://example.com/images/header_pipe_road_king.jpg,68d1346c3952f7cf7dee90d0,68d1346c3952f7cf7dee90d2,Kalyan Automobiles,Bala Nagar,17.475679,78.447328,premium,modern,excellent,Racing Header Pipe - Road King Road King Harley-Davidson  Exhaust high performance wear resistant for longer life,0,2025-09-14T00:00:00,2025-08-26T00:00:00
68d141eab3fce85d4c560ab9,Genuine Trigger Coil - Dragster 800,Dragster 800,Mv Agusta,2013.0,,Ignition,1138.0,heavy duty chemical resistant for better handling,19.0,4.3,36.0,0,https://example.com/images/trigger_coil_dragster_800.jpg,68d134ac3952f7cf7dee90e3,68d134ac3952f7cf7dee90e5,Shiva sai Automobiles,Mahabubabad,17.594209,80.006903,mid-range,vintage,good,Genuine Trigger Coil - Dragster 800 Dragster 800 Mv Agusta  Ignition heavy duty chemical resistant for better handling,0,2025-07-25T00:00:00,2025-07-21T00:00:00
68d141eab3fce85d4c560aba,Racing Cylinder Block - Scout Bobber,Scout Bobber,Indian,2011.0,,Engine,21010.0,oem quality precision engineered for enhanced safety,4.0,3.3,31.0,0,https://example.com/images/cylinder_block_scout_bobber.jpg,68d135063952f7cf7dee90f6,68d135063952f7cf7dee90f8,Manoj Automobiles,Dilshknagar,17.367642,78.534282,premium,vintage,good,Racing Cylinder Block - Scout Bobber Scout Bobber Indian  Engine oem quality precision engineered for enhanced safety,0,2025-09-15T00:00:00,2025-09-20T00:00:00
68d141eab3fce85d4c560abb,Premium Master Cylinder for Caponord 1200,Caponord 1200,Aprilia,2023.0,,Brakes,3778.0,durable long lasting for optimal efficiency,2.0,4.6,47.0,0,https://example.com/images/master_cylinder_caponord_1200.jpg,68d135833952f7cf7dee9109,68d135833952f7cf7dee910b,Mounika Automobiles,Karimnagar,18.435781,79.132861,mid-range,modern,excellent,Premium Master Cylinder for Caponord 1200 Caponord 1200 Aprilia  Brakes durable long lasting for optimal efficiency,0,2025-07-20T00:00:00,2025-09-20T00:00:00
68d141eab3fce85d4c560abc,Duke 200 Belly Pan,Duke 200,Ktm,2013.0,,Body Parts,3426.0,durable noise reducing for enhanced durability,11.0,3.4,7.0,0,https://example.com/images/belly_pan_duke_200.jpg,68d135d63952f7cf7dee911e,68d135d63952f7cf7dee9120,baskar Automobiles,Medak,18.048948,78.269372,mid-range,vintage,good,Duke 200 Belly Pan Duke 200 Ktm  Body Parts durable noise reducing for enhanced durability,0,2025-08-06T00:00:00,2025-07-22T00:00:00
68d141eab3fce85d4c560abd,Street 750 Clutch Plate,Street 750,Harley-Davidson,2018.0,,Transmission,11230.0,advanced fuel efficient for enhanced safety,15.0,3.5,0.0,0,https://example.com/images/clutch_plate_street_750.jpg,68d136193952f7cf7dee9131,68d136193952f7cf7dee9133,Mahesh Automobiles,Khammam,17.249885,80.15615,premium,classic,good,Street 750 Clutch Plate Street 750 Harley-Davidson  Transmission advanced fuel efficient for enhanced safety,0,2025-08-19T00:00:00,2025-07-23T00:00:00
68d141eab3fce85d4c560abe,Indicator Bulb Assembly - ZX-6R,ZX-6R,Kawasaki,2024.0,,Lighting,1381.0,racing quality heat treated for reduced maintenance,8.0,4.6,32.0,0,https://example.com/images/indicator_bulb_zx_6r.jpg,689d6959045c37933826818b,689d6959045c37933826818d,sai automobiles,RAMNAGAR COLONY PEERZADIGUDA UPPAL HYDERABAD,17.390358,78.606729,mid-range,modern,excellent,Indicator Bulb Assembly - ZX-6R ZX-6R Kawasaki  Lighting racing quality heat treated for reduced maintenance,0,2025-09-01T00:00:00,2025-07-01T00:00:00
68d141eab3fce85d4c560abf,Exhaust Clamp Assembly - Scrambler 1200,Scrambler 1200,Triumph,2012.0,,Exhaust,15688.0,industrial grade wear resistant for superior reliability,7.0,3.2,11.0,0,https://example.com/images/exhaust_clamp_scrambler_1200.jpg,68ac2a8e3c73e23c655de052,68ac2a8f3c73e23c655de054,Swathi Automobiles,Chappal Bazar Road - Kachiguda ,17.38953,78.491245,premium,vintage,good,Exhaust Clamp Assembly - Scrambler 1200 Scrambler 1200 Triumph  Exhaust industrial grade wear resistant for superior reliability,0,2025-09-17T00:00:00,2025-07-16T00:00:00
68d141eab3fce85d4c560ac0,Hero Safety Triangle for Maestro Edge,Maestro Edge,Hero,2016.0,,Safety,3258.0,precision made wear resistant for enhanced stability,8.0,3.3,41.0,0,https://example.com/images/safety_triangle_maestro_edge.jpg,68d0c47d09554c358655174b,68d0c47e09554c358655174d,Tarun Automobiles,,17.423605,78.546314,mid-range,classic,good,Hero Safety Triangle for Maestro Edge Maestro Edge Hero  Safety precision made wear resistant for enhanced stability,0,2025-08-20T00:00:00,2025-08-25T00:00:00
68d141eab3fce85d4c560ac1,Performance Rear Shock Absorber - R15 V4,R15 V4,Yamaha,2011.0,,Suspension,11769.0,premium quality weather resistant for smoother operation,6.0,4.8,14.0,0,https://example.com/images/rear_shock_absorber_r15_v4.jpg,68d133bf3952f7cf7dee90b7,68d133bf3952f7cf7dee90b9,Jyothi Automobiles,Hyderabad,17.511409,78.350972,premium,vintage,excellent,Performance Rear Shock Absorber - R15 V4 R15 V4 Yamaha  Suspension premium quality weather resistant for smoother operation,0,2025-08-10T00:00:00,2025-07-19T00:00:00
68d141eab3fce85d4c560ac2,Heavy Duty Protective Pants - Roadking,Roadking,Yezdi,2014.0,,Safety,6765.0,high performance fuel efficient for superior reliability,30.0,4.9,46.0,0,https://example.com/images/protective_pants_roadking.jpg,68d1346c3952f7cf7dee90d0,68d1346c3952f7cf7dee90d2,Kalyan Automobiles,Bala Nagar,17.475679,78.447328,premium,vintage,excellent,Heavy Duty Protective Pants - Roadking Roadking Yezdi  Safety high performance fuel efficient for superior reliability,0,2025-09-10T00:00:00,2025-09-08T00:00:00
68d141eab3fce85d4c560ac3,Brake Light Bulb Assembly - Avenger 220,Avenger 220,Bajaj,2013.0,,Lighting,2220.0,industrial grade fuel efficient for better handling,1.0,4.2,8.0,0,https://example.com/images/brake_light_bulb_avenger_220.jpg,68d134ac3952f7cf7dee90e3,68d134ac3952f7cf7dee90e5,Shiva sai Automobiles,Mahabubabad,17.594209,80.006903,mid-range,vintage,good,Brake Light Bulb Assembly - Avenger 220 Avenger 220 Bajaj  Lighting industrial grade fuel efficient for better handling,0,2025-08-28T00:00:00,2025-07-24T00:00:00
68d141eab3fce85d4c560ac4,Genuine Ignition Coil - FTR 1200,FTR 1200,Indian,2022.0,,Ignition,620.0,street performance high strength for optimal efficiency,29.0,3.9,34.0,0,https://example.com/images/ignition_coil_ftr_1200.jpg,68d135063952f7cf7dee90f6,68d135063952f7cf7dee90f8,Manoj Automobiles,Dilshknagar,17.367642,78.534282,budget,modern,good,Genuine Ignition Coil - FTR 1200 FTR 1200 Indian  Ignition street performance high strength for optimal efficiency,0,2025-08-03T00:00:00,2025-07-27T00:00:00
68d141eab3fce85d4c560ac5,OEM Engine Mount - Thruxton RS,Thruxton RS,Triumph,2019.0,,Engine,2327.0,professional grade temperature stable for reduced maintenance,8.0,4.1,12.0,0,https://example.com/images/engine_mount_thruxton_rs.jpg,68d135833952f7cf7dee9109,68d135833952f7cf7dee910b,Mounika Automobiles,Karimnagar,18.435781,79.132861,mid-range,classic,good,OEM Engine Mount - Thruxton RS Thruxton RS Triumph  Engine professional grade temperature stable for reduced maintenance,0,2025-07-05T00:00:00,2025-07-04T00:00:00
68d141eab3fce85d4c560ac6,Performance Dashboard Light - XL100,XL100,Tvs,2020.0,,Lighting,2247.0,advanced corrosion resistant for better handling,23.0,4.4,20.0,0,https://example.com/images/dashboard_light_xl100.jpg,68d135d63952f7cf7dee911e,68d135d63952f7cf7dee9120,baskar Automobiles,Medak,18.048948,78.269372,mid-range,modern,good,Performance Dashboard Light - XL100 XL100 Tvs  Lighting advanced corrosion resistant for better handling,0,2025-09-14T00:00:00,2025-09-21T00:00:00
68d141eab3fce85d4c560ac7,Turn Signal Light - Chief Vintage,Chief Vintage,Indian,2012.0,,Lighting,629.0,professional grade wear resistant for better control,13.0,4.0,25.0,0,https://example.com/images/turn_signal_light_chief_vintage.jpg,68d136193952f7cf7dee9131,68d136193952f7cf7dee9133,Mahesh Automobiles,Khammam,17.249885,80.15615,budget,vintage,good,Turn Signal Light - Chief Vintage Chief Vintage Indian  Lighting professional grade wear resistant for better control,0,2025-09-02T00:00:00,2025-07-22T00:00:00
68d141eab3fce85d4c560ac8,OEM Paper Filter - Thunderbird 500,Thunderbird 500,Royal Enfield,2012.0,,Filters,761.0,advanced precision engineered for better control,18.0,3.7,43.0,0,https://example.com/images/paper_filter_thunderbird_500.jpg,689d6959045c37933826818b,689d6959045c37933826818d,sai automobiles,RAMNAGAR COLONY PEERZADIGUDA UPPAL HYDERABAD,17.390358,78.606729,budget,vintage,good,OEM Paper Filter - Thunderbird 500 Thunderbird 500 Royal Enfield  Filters advanced precision engineered for better control,0,2025-07-12T00:00:00,2025-07-09T00:00:00
68d141eab3fce85d4c560ac9,Luggage Rack - Panigale V4,Panigale V4,Ducati,2012.0,,Accessories,4813.0,high performance precision engineered for optimal efficiency,12.0,3.8,18.0,0,https://example.com/images/luggage_rack_panigale_v4.jpg,68ac2a8e3c73e23c655de052,68ac2a8f3c73e23c655de054,Swathi Automobiles,Chappal Bazar Road - Kachiguda ,17.38953,78.491245,mid-range,vintage,good,Luggage Rack - Panigale V4 Panigale V4 Ducati  Accessories high performance precision engineered for optimal efficiency,0,2025-09-08T00:00:00,2025-07-13T00:00:00
68d141eab3fce85d4c560aca,Honda Helmet for Dream Yuga,Dream Yuga,Honda,2017.0,,Safety,4913.0,high performance impact resistant for improved performance,18.0,4.2,38.0,0,https://example.com/images/helmet_dream_yuga.jpg,68d0c47d09554c358655174b,68d0c47e09554c358655174d,Tarun Automobiles,,17.423605,78.546314,mid-range,classic,good,Honda Helmet for Dream Yuga Dream Yuga Honda  Safety high performance impact resistant for improved performance,0,2025-07-27T00:00:00,2025-07-08T00:00:00
68d141eab3fce85d4c560acb,Genuine Engine Gasket Set - Brutale 1000,Brutale 1000,Mv Agusta,2021.0,,Engine,9269.0,precision made weather resistant for better control,8.0,3.5,1.0,0,https://example.com/images/engine_gasket_set_brutale_1000.jpg,68d133bf3952f7cf7dee90b7,68d133bf3952f7cf7dee90b9,Jyothi Automobiles,Hyderabad,17.511409,78.350972,premium,modern,good,Genuine Engine Gasket Set - Brutale 1000 Brutale 1000 Mv Agusta  Engine precision made weather resistant for better control,0,2025-09-07T00:00:00,2025-07-17T00:00:00
68d141eab3fce85d4c560acc,Premium Ground Wire for Tiger 900,Tiger 900,Triumph,2024.0,,Electrical,6357.0,durable long lasting for maximum protection,13.0,3.9,6.0,0,https://example.com/images/ground_wire_tiger_900.jpg,68d1346c3952f7cf7dee90d0,68d1346c3952f7cf7dee90d2,Kalyan Automobiles,Bala Nagar,17.475679,78.447328,premium,modern,good,Premium Ground Wire for Tiger 900 Tiger 900 Triumph  Electrical durable long lasting for maximum protection,0,2025-08-31T00:00:00,2025-09-13T00:00:00
68d141eab3fce85d4c560acd,Benelli Torque Converter for TNT 1130R,TNT 1130R,Benelli,2024.0,,Drivetrain,6839.0,precision made fuel efficient for enhanced durability,9.0,3.9,3.0,0,https://example.com/images/torque_converter_tnt_1130r.jpg,68d134ac3952f7cf7dee90e3,68d134ac3952f7cf7dee90e5,Shiva sai Automobiles,Mahabubabad,17.594209,80.006903,premium,modern,good,Benelli Torque Converter for TNT 1130R TNT 1130R Benelli  Drivetrain precision made fuel efficient for enhanced durability,0,2025-09-18T00:00:00,2025-09-08T00:00:00
68d141eab3fce85d4c560ace,OEM Tube - Dragster 800,Dragster 800,Mv Agusta,2024.0,,Wheels & Tires,14603.0,lightweight heat treated for reduced maintenance,26.0,4.0,25.0,0,https://example.com/images/tube_dragster_800.jpg,68d135063952f7cf7dee90f6,68d135063952f7cf7dee90f8,Manoj Automobiles,Dilshknagar,17.367642,78.534282,premium,modern,good,OEM Tube - Dragster 800 Dragster 800 Mv Agusta  Wheels & Tires lightweight heat treated for reduced maintenance,0,2025-07-30T00:00:00,2025-09-17T00:00:00
68d141eab3fce85d4c560acf,OEM Elbow Guard - Rush 1000,Rush 1000,Mv Agusta,2011.0,,Safety,619.0,advanced corrosion resistant for better fuel economy,25.0,4.5,29.0,0,https://example.com/images/elbow_guard_rush_1000.jpg,68d135833952f7cf7dee9109,68d135833952f7cf7dee910b,Mounika Automobiles,Karimnagar,18.435781,79.132861,budget,vintage,excellent,OEM Elbow Guard - Rush 1000 Rush 1000 Mv Agusta  Safety advanced corrosion resistant for better fuel economy,0,2025-09-10T00:00:00,2025-07-04T00:00:00
68d141eab3fce85d4c560ad0,OEM Ground Wire - iQube Electric,iQube Electric,Tvs,2024.0,,Electrical,7724.0,durable fuel efficient for improved comfort,12.0,3.9,17.0,0,https://example.com/images/ground_wire_iqube_electric.jpg,68d135d63952f7cf7dee911e,68d135d63952f7cf7dee9120,baskar Automobiles,Medak,18.048948,78.269372,premium,modern,good,OEM Ground Wire - iQube Electric iQube Electric Tvs  Electrical durable fuel efficient for improved comfort,0,2025-07-04T00:00:00,2025-08-03T00:00:00
68d141eab3fce85d4c560ad1,Performance Starter Relay - Ninja H2,Ninja H2,Kawasaki,2021.0,,Electrical,3761.0,enhanced maintenance free for optimal efficiency,3.0,4.4,37.0,0,https://example.com/images/starter_relay_ninja_h2.jpg,68d136193952f7cf7dee9131,68d136193952f7cf7dee9133,Mahesh Automobiles,Khammam,17.249885,80.15615,mid-range,modern,good,Performance Starter Relay - Ninja H2 Ninja H2 Kawasaki  Electrical enhanced maintenance free for optimal efficiency,0,2025-09-12T00:00:00,2025-07-24T00:00:00
68d141eab3fce85d4c560ad2,Racing Coolant Pump - Duke 200,Duke 200,Ktm,2012.0,,Cooling System,9790.0,durable fuel efficient for improved comfort,6.0,4.3,9.0,0,https://example.com/images/coolant_pump_duke_200.jpg,689d6959045c37933826818b,689d6959045c37933826818d,sai automobiles,RAMNAGAR COLONY PEERZADIGUDA UPPAL HYDERABAD,17.390358,78.606729,premium,vintage,good,Racing Coolant Pump - Duke 200 Duke 200 Ktm  Cooling System durable fuel efficient for improved comfort,0,2025-08-14T00:00:00,2025-08-20T00:00:00
68d141eab3fce85d4c560ad3,MV Agusta Tool Box for Brutale 1000,Brutale 1000,Mv Agusta,2021.0,,Body Parts,2440.0,heavy duty high strength for improved comfort,27.0,3.7,40.0,0,https://example.com/images/tool_box_brutale_1000.jpg,68ac2a8e3c73e23c655de052,68ac2a8f3c73e23c655de054,Swathi Automobiles,Chappal Bazar Road - Kachiguda ,17.38953,78.491245,mid-range,modern,good,MV Agusta Tool Box for Brutale 1000 Brutale 1000 Mv Agusta  Body Parts heavy duty high strength for improved comfort,0,2025-08-15T00:00:00,2025-07-09T00:00:00
68d141eab3fce85d4c560ad4,OEM Safety Triangle - Oilking,Oilking,Yezdi,2011.0,,Safety,493.0,lightweight maintenance free for smoother operation,11.0,4.4,40.0,0,https://example.com/images/safety_triangle_oilking.jpg,68d0c47d09554c358655174b,68d0c47e09554c358655174d,Tarun Automobiles,,17.423605,78.546314,budget,vintage,good,OEM Safety Triangle - Oilking Oilking Yezdi  Safety lightweight maintenance free for smoother operation,0,2025-09-10T00:00:00,2025-09-02T00:00:00
68d141eab3fce85d4c560ad5,Emergency Kit Assembly - CL 300,CL 300,Jawa,2015.0,,Safety,5108.0,long lasting chemical resistant for longer life,14.0,3.7,3.0,0,https://example.com/images/emergency_kit_cl_300.jpg,68d133bf3952f7cf7dee90b7,68d133bf3952f7cf7dee90b9,Jyothi Automobiles,Hyderabad,17.511409,78.350972,mid-range,classic,good,Emergency Kit Assembly - CL 300 CL 300 Jawa  Safety long lasting chemical resistant for longer life,0,2025-09-13T00:00:00,2025-09-20T00:00:00
68d141eab3fce85d4c560ad6,Heavy Duty Coil - Rush 1000,Rush 1000,Mv Agusta,2018.0,,Electrical,7138.0,superior impact resistant for increased power,12.0,3.6,12.0,0,https://example.com/images/coil_rush_1000.jpg,68d1346c3952f7cf7dee90d0,68d1346c3952f7cf7dee90d2,Kalyan Automobiles,Bala Nagar,17.475679,78.447328,premium,classic,good,Heavy Duty Coil - Rush 1000 Rush 1000 Mv Agusta  Electrical superior impact resistant for increased power,0,2025-08-15T00:00:00,2025-08-16T00:00:00
68d141ebb3fce85d4c560ad7,Yezdi Hazard Light Switch for Deluxe,Deluxe,Yezdi,2013.0,,Lighting,3904.0,lightweight heat treated for longer life,12.0,4.0,39.0,0,https://example.com/images/hazard_light_switch_deluxe.jpg,68d134ac3952f7cf7dee90e3,68d134ac3952f7cf7dee90e5,Shiva sai Automobiles,Mahabubabad,17.594209,80.006903,mid-range,vintage,good,Yezdi Hazard Light Switch for Deluxe Deluxe Yezdi  Lighting lightweight heat treated for longer life,0,2025-07-07T00:00:00,2025-09-06T00:00:00
68d141ebb3fce85d4c560ad8,Heavy Duty Tank Cover - RC 8C,RC 8C,Ktm,2019.0,,Body Parts,3169.0,high performance maintenance free for superior reliability,1.0,3.5,13.0,0,https://example.com/images/tank_cover_rc_8c.jpg,68d135063952f7cf7dee90f6,68d135063952f7cf7dee90f8,Manoj Automobiles,Dilshknagar,17.367642,78.534282,mid-range,classic,good,Heavy Duty Tank Cover - RC 8C RC 8C Ktm  Body Parts high performance maintenance free for superior reliability,0,2025-07-13T00:00:00,2025-07-08T00:00:00
68d141ebb3fce85d4c560ad9,Premium Mesh Filter for iQube Electric,iQube Electric,Tvs,2011.0,,Filters,494.0,high performance noise reducing for smoother operation,26.0,3.3,35.0,0,https://example.com/images/mesh_filter_iqube_electric.jpg,68d135833952f7cf7dee9109,68d135833952f7cf7dee910b,Mounika Automobiles,Karimnagar,18.435781,79.132861,budget,vintage,good,Premium Mesh Filter for iQube Electric iQube Electric Tvs  Filters high performance noise reducing for smoother operation,0,2025-08-17T00:00:00,2025-09-20T00:00:00
68d141ebb3fce85d4c560ada,Radiator - Roadking,Roadking,Yezdi,2014.0,,Cooling System,1708.0,oem quality wear resistant for reduced maintenance,25.0,3.4,21.0,0,https://example.com/images/radiator_roadking.jpg,68d135d63952f7cf7dee911e,68d135d63952f7cf7dee9120,baskar Automobiles,Medak,18.048948,78.269372,mid-range,vintage,good,Radiator - Roadking Roadking Yezdi  Cooling System oem quality wear resistant for reduced maintenance,0,2025-07-12T00:00:00,2025-08-20T00:00:00
68d141ebb3fce85d4c560adb,Racing Mid Pipe - SXR 160,SXR 160,Aprilia,2017.0,,Exhaust,13542.0,durable chemical resistant for maximum protection,6.0,4.7,22.0,0,https://example.com/images/mid_pipe_sxr_160.jpg,68d136193952f7cf7dee9131,68d136193952f7cf7dee9133,Mahesh Automobiles,Khammam,17.249885,80.15615,premium,classic,excellent,Racing Mid Pipe - SXR 160 SXR 160 Aprilia  Exhaust durable chemical resistant for maximum protection,0,2025-07-24T00:00:00,2025-07-12T00:00:00
68d141ebb3fce85d4c560adc,Royal Enfield Riding Jacket for Machismo,Machismo,Royal Enfield,2013.0,,Safety,8229.0,durable long lasting for reduced maintenance,2.0,3.5,38.0,0,https://example.com/images/riding_jacket_machismo.jpg,689d6959045c37933826818b,689d6959045c37933826818d,sai automobiles,RAMNAGAR COLONY PEERZADIGUDA UPPAL HYDERABAD,17.390358,78.606729,premium,vintage,good,Royal Enfield Riding Jacket for Machismo Machismo Royal Enfield  Safety durable long lasting for reduced maintenance,0,2025-07-03T00:00:00,2025-08-23T00:00:00
68d141ebb3fce85d4c560add,Heavy Duty Windshield - Roadster,Roadster,Yezdi,2017.0,,Accessories,3319.0,durable long lasting for enhanced durability,16.0,3.8,38.0,0,https://example.com/images/windshield_roadster.jpg,68ac2a8e3c73e23c655de052,68ac2a8f3c73e23c655de054,Swathi Automobiles,Chappal Bazar Road - Kachiguda ,17.38953,78.491245,mid-range,classic,good,Heavy Duty Windshield - Roadster Roadster Yezdi  Accessories durable long lasting for enhanced durability,0,2025-07-29T00:00:00,2025-09-18T00:00:00
68d141ebb3fce85d4c560ade,Leoncino 500 Belt Guard,Leoncino 500,Benelli,2014.0,,Drivetrain,6078.0,advanced impact resistant for improved performance,7.0,4.7,33.0,0,https://example.com/images/belt_guard_leoncino_500.jpg,68d0c47d09554c358655174b,68d0c47e09554c358655174d,Tarun Automobiles,,17.423605,78.546314,premium,vintage,excellent,Leoncino 500 Belt Guard Leoncino 500 Benelli  Drivetrain advanced impact resistant for improved performance,0,2025-09-01T00:00:00,2025-07-12T00:00:00
68d141ebb3fce85d4c560adf,Aprilia Turn Signal Light for Tuono 660,Tuono 660,Aprilia,2025.0,,Lighting,1417.0,high performance vibration dampening for enhanced safety,12.0,4.4,24.0,0,https://example.com/images/turn_signal_light_tuono_660.jpg,68d133bf3952f7cf7dee90b7,68d133bf3952f7cf7dee90b9,Jyothi Automobiles,Hyderabad,17.511409,78.350972,mid-range,modern,good,Aprilia Turn Signal Light for Tuono 660 Tuono 660 Aprilia  Lighting high performance vibration dampening for enhanced safety,0,2025-08-17T00:00:00,2025-08-16T00:00:00
68d141ebb3fce85d4c560ae0,Racing Brake Drum - TNT 135,TNT 135,Benelli,2014.0,,Brakes,3796.0,heavy duty wear resistant for enhanced safety,8.0,4.8,26.0,0,https://example.com/images/brake_drum_tnt_135.jpg,68d1346c3952f7cf7dee90d0,68d1346c3952f7cf7dee90d2,Kalyan Automobiles,Bala Nagar,17.475679,78.447328,mid-range,vintage,excellent,Racing Brake Drum - TNT 135 TNT 135 Benelli  Brakes heavy duty wear resistant for enhanced safety,0,2025-07-19T00:00:00,2025-08-13T00:00:00
68d141ebb3fce85d4c560ae1,Compression Adjuster - RSV4,RSV4,Aprilia,2021.0,,Suspension,6856.0,premium quality wear resistant for improved performance,24.0,3.6,7.0,0,https://example.com/images/compression_adjuster_rsv4.jpg,68d134ac3952f7cf7dee90e3,68d134ac3952f7cf7dee90e5,Shiva sai Automobiles,Mahabubabad,17.594209,80.006903,premium,modern,good,Compression Adjuster - RSV4 RSV4 Aprilia  Suspension premium quality wear resistant for improved performance,0,2025-07-28T00:00:00,2025-07-16T00:00:00
68d141ebb3fce85d4c560ae2,OEM Engine Guard - Xtreme 160R,Xtreme 160R,Hero,2014.0,,Accessories,488.0,professional grade precision engineered for optimal efficiency,19.0,3.3,9.0,0,https://example.com/images/engine_guard_xtreme_160r.jpg,68d135063952f7cf7dee90f6,68d135063952f7cf7dee90f8,Manoj Automobiles,Dilshknagar,17.367642,78.534282,budget,vintage,good,OEM Engine Guard - Xtreme 160R Xtreme 160R Hero  Accessories professional grade precision engineered for optimal efficiency,0,2025-08-18T00:00:00,2025-07-12T00:00:00
68d141ebb3fce85d4c560ae3,Heavy Duty Tubeless Valve - PCX 150,PCX 150,Honda,2015.0,,Wheels & Tires,12036.0,high performance maintenance free for smoother operation,28.0,3.8,7.0,0,https://example.com/images/tubeless_valve_pcx_150.jpg,68d135833952f7cf7dee9109,68d135833952f7cf7dee910b,Mounika Automobiles,Karimnagar,18.435781,79.132861,premium,classic,good,Heavy Duty Tubeless Valve - PCX 150 PCX 150 Honda  Wheels & Tires high performance maintenance free for smoother operation,0,2025-08-31T00:00:00,2025-07-30T00:00:00
68d141ebb3fce85d4c560ae4,Racing Gasket Maker - Scrambler,Scrambler,Ducati,2023.0,,Maintenance,846.0,heavy duty chemical resistant for better control,11.0,4.2,46.0,0,https://example.com/images/gasket_maker_scrambler.jpg,68d135d63952f7cf7dee911e,68d135d63952f7cf7dee9120,baskar Automobiles,Medak,18.048948,78.269372,budget,modern,good,Racing Gasket Maker - Scrambler Scrambler Ducati  Maintenance heavy duty chemical resistant for better control,0,2025-09-05T00:00:00,2025-07-17T00:00:00
68d141ebb3fce85d4c560ae5,Performance Mobile Holder - 450 Rally,450 Rally,Ktm,2013.0,,Accessories,3305.0,oem quality maintenance free for enhanced durability,18.0,5.0,2.0,0,https://example.com/images/mobile_holder_450_rally.jpg,68d136193952f7cf7dee9131,68d136193952f7cf7dee9133,Mahesh Automobiles,Khammam,17.249885,80.15615,mid-range,vintage,excellent,Performance Mobile Holder - 450 Rally 450 Rally Ktm  Accessories oem quality maintenance free for enhanced durability,0,2025-07-28T00:00:00,2025-09-01T00:00:00
68d141ebb3fce85d4c560ae6,Performance Magnetic Filter - Scrambler,Scrambler,Yezdi,2012.0,,Filters,580.0,advanced maintenance free for maximum protection,23.0,4.0,12.0,0,https://example.com/images/magnetic_filter_scrambler.jpg,689d6959045c37933826818b,689d6959045c37933826818d,sai automobiles,RAMNAGAR COLONY PEERZADIGUDA UPPAL HYDERABAD,17.390358,78.606729,budget,vintage,good,Performance Magnetic Filter - Scrambler Scrambler Yezdi  Filters advanced maintenance free for maximum protection,0,2025-08-16T00:00:00,2025-09-14T00:00:00
68d141ebb3fce85d4c560ae7,Tire Iron - Sportster S,Sportster S,Harley-Davidson,2012.0,,Wheels & Tires,10372.0,precision made fuel efficient for enhanced safety,3.0,3.9,2.0,0,https://example.com/images/tire_iron_sportster_s.jpg,68ac2a8e3c73e23c655de052,68ac2a8f3c73e23c655de054,Swathi Automobiles,Chappal Bazar Road - Kachiguda ,17.38953,78.491245,premium,vintage,good,Tire Iron - Sportster S Sportster S Harley-Davidson  Wheels & Tires precision made fuel efficient for enhanced safety,0,2025-09-10T00:00:00,2025-08-11T00:00:00
68d141ebb3fce85d4c560ae8,OEM Distributor - Road King,Road King,Harley-Davidson,2012.0,,Ignition,1326.0,advanced chemical resistant for longer life,8.0,4.6,15.0,0,https://example.com/images/distributor_road_king.jpg,68d0c47d09554c358655174b,68d0c47e09554c358655174d,Tarun Automobiles,,17.423605,78.546314,mid-range,vintage,excellent,OEM Distributor - Road King Road King Harley-Davidson  Ignition advanced chemical resistant for longer life,0,2025-09-07T00:00:00,2025-07-01T00:00:00
68d141ebb3fce85d4c560ae9,Air Filter Assembly - TNT 300,TNT 300,Benelli,2013.0,,Filters,1265.0,long lasting eco friendly for increased power,23.0,3.9,14.0,0,https://example.com/images/air_filter_tnt_300.jpg,68d133bf3952f7cf7dee90b7,68d133bf3952f7cf7dee90b9,Jyothi Automobiles,Hyderabad,17.511409,78.350972,mid-range,vintage,good,Air Filter Assembly - TNT 300 TNT 300 Benelli  Filters long lasting eco friendly for increased power,0,2025-09-13T00:00:00,2025-08-04T00:00:00
68d141ebb3fce85d4c560aea,Racing Wheel Hub - Tiger 1200,Tiger 1200,Triumph,2012.0,,Wheels & Tires,7113.0,premium quality eco friendly for smoother operation,17.0,4.4,45.0,0,https://example.com/images/wheel_hub_tiger_1200.jpg,68d1346c3952f7cf7dee90d0,68d1346c3952f7cf7dee90d2,Kalyan Automobiles,Bala Nagar,17.475679,78.447328,premium,vintage,good,Racing Wheel Hub - Tiger 1200 Tiger 1200 Triumph  Wheels & Tires premium quality eco friendly for smoother operation,0,2025-08-24T00:00:00,2025-09-09T00:00:00
68d141ebb3fce85d4c560aeb,Racing Timing Chain - Mojo,Mojo,Mahindra,2013.0,,Engine,17649.0,superior heat treated for smoother operation,10.0,4.5,20.0,0,https://example.com/images/timing_chain_mojo.jpg,68d134ac3952f7cf7dee90e3,68d134ac3952f7cf7dee90e5,Shiva sai Automobiles,Mahabubabad,17.594209,80.006903,premium,vintage,excellent,Racing Timing Chain - Mojo Mojo Mahindra  Engine superior heat treated for smoother operation,0,2025-08-12T00:00:00,2025-07-14T00:00:00
68d141ebb3fce85d4c560aec,Genuine Sprocket Bolt - Fat Bob,Fat Bob,Harley-Davidson,2018.0,,Drivetrain,6251.0,racing quality high strength for enhanced stability,21.0,4.2,8.0,0,https://example.com/images/sprocket_bolt_fat_bob.jpg,68d135063952f7cf7dee90f6,68d135063952f7cf7dee90f8,Manoj Automobiles,Dilshknagar,17.367642,78.534282,premium,classic,good,Genuine Sprocket Bolt - Fat Bob Fat Bob Harley-Davidson  Drivetrain racing quality high strength for enhanced stability,0,2025-07-02T00:00:00,2025-07-16T00:00:00
68d141ebb3fce85d4c560aed,Emergency Blanket - Roadking,Roadking,Yezdi,2024.0,,Safety,1451.0,industrial grade eco friendly for improved comfort,22.0,4.7,17.0,0,https://example.com/images/emergency_blanket_roadking.jpg,68d135833952f7cf7dee9109,68d135833952f7cf7dee910b,Mounika Automobiles,Karimnagar,18.435781,79.132861,mid-range,modern,excellent,Emergency Blanket - Roadking Roadking Yezdi  Safety industrial grade eco friendly for improved comfort,0,2025-08-24T00:00:00,2025-07-20T00:00:00
68d141ebb3fce85d4c560aee,Premium Cylinder Head for C 400 X,C 400 X,Bmw,2012.0,,Engine,8415.0,long lasting eco friendly for better control,26.0,4.4,25.0,0,https://example.com/images/cylinder_head_c_400_x.jpg,68d135d63952f7cf7dee911e,68d135d63952f7cf7dee9120,baskar Automobiles,Medak,18.048948,78.269372,premium,vintage,good,Premium Cylinder Head for C 400 X C 400 X Bmw  Engine long lasting eco friendly for better control,0,2025-08-09T00:00:00,2025-08-24T00:00:00
68d141ebb3fce85d4c560aef,Chain Lube Assembly - Versys-X 300,Versys-X 300,Kawasaki,2014.0,,Maintenance,588.0,long lasting vibration dampening for increased power,2.0,4.2,20.0,0,https://example.com/images/chain_lube_versys_x_300.jpg,68d136193952f7cf7dee9131,68d136193952f7cf7dee9133,Mahesh Automobiles,Khammam,17.249885,80.15615,budget,vintage,good,Chain Lube Assembly - Versys-X 300 Versys-X 300 Kawasaki  Maintenance long lasting vibration dampening for increased power,0,2025-08-17T00:00:00,2025-09-06T00:00:00
68d141ebb3fce85d4c560af0,Performance Piston Kit - R nineT,R nineT,Bmw,2019.0,,Engine,24471.0,premium quality chemical resistant for enhanced stability,1.0,4.9,33.0,0,https://example.com/images/piston_kit_r_ninet.jpg,689d6959045c37933826818b,689d6959045c37933826818d,sai automobiles,RAMNAGAR COLONY PEERZADIGUDA UPPAL HYDERABAD,17.390358,78.606729,premium,classic,excellent,Performance Piston Kit - R nineT R nineT Bmw  Engine premium quality chemical resistant for enhanced stability,0,2025-07-12T00:00:00,2025-08-04T00:00:00
68d141ebb3fce85d4c560af1,Racing Chest Protector - V-Strom SX,V-Strom SX,Suzuki,2012.0,,Safety,5783.0,high performance noise reducing for reduced maintenance,18.0,4.3,3.0,0,https://example.com/images/chest_protector_v_strom_sx.jpg,68ac2a8e3c73e23c655de052,68ac2a8f3c73e23c655de054,Swathi Automobiles,Chappal Bazar Road - Kachiguda ,17.38953,78.491245,premium,vintage,good,Racing Chest Protector - V-Strom SX V-Strom SX Suzuki  Safety high performance noise reducing for reduced maintenance,0,2025-08-25T00:00:00,2025-08-26T00:00:00
68d141ebb3fce85d4c560af2,Performance Spark Plug Cap - TRK 502,TRK 502,Benelli,2013.0,,Ignition,943.0,lightweight vibration dampening for better control,10.0,3.4,23.0,0,https://example.com/images/spark_plug_cap_trk_502.jpg,68d0c47d09554c358655174b,68d0c47e09554c358655174d,Tarun Automobiles,,17.423605,78.546314,mid-range,vintage,good,Performance Spark Plug Cap - TRK 502 TRK 502 Benelli  Ignition lightweight vibration dampening for better control,0,2025-08-05T00:00:00,2025-07-21T00:00:00
68d141ebb3fce85d4c560af3,Genuine Side Stand - Gusto,Gusto,Mahindra,2013.0,,Body Parts,4166.0,racing quality chemical resistant for superior reliability,13.0,3.6,28.0,0,https://example.com/images/side_stand_gusto.jpg,68d133bf3952f7cf7dee90b7,68d133bf3952f7cf7dee90b9,Jyothi Automobiles,Hyderabad,17.511409,78.350972,mid-range,vintage,good,Genuine Side Stand - Gusto Gusto Mahindra  Body Parts racing quality chemical resistant for superior reliability,0,2025-09-18T00:00:00,2025-08-02T00:00:00
68d141ebb3fce85d4c560af4,Performance Air Box - Versys-X 300,Versys-X 300,Kawasaki,2023.0,,Fuel System,4066.0,durable precision engineered for improved comfort,16.0,4.0,19.0,0,https://example.com/images/air_box_versys_x_300.jpg,68d1346c3952f7cf7dee90d0,68d1346c3952f7cf7dee90d2,Kalyan Automobiles,Bala Nagar,17.475679,78.447328,mid-range,modern,good,Performance Air Box - Versys-X 300 Versys-X 300 Kawasaki  Fuel System durable precision engineered for improved comfort,0,2025-07-15T00:00:00,2025-08-16T00:00:00
68d141ebb3fce85d4c560af5,Capacitor Assembly - Gixxer,Gixxer,Suzuki,2015.0,,Electrical,5041.0,premium quality fuel efficient for superior reliability,14.0,4.7,4.0,0,https://example.com/images/capacitor_gixxer.jpg,68d134ac3952f7cf7dee90e3,68d134ac3952f7cf7dee90e5,Shiva sai Automobiles,Mahabubabad,17.594209,80.006903,mid-range,classic,excellent,Capacitor Assembly - Gixxer Gixxer Suzuki  Electrical premium quality fuel efficient for superior reliability,0,2025-09-09T00:00:00,2025-08-15T00:00:00
68d141ebb3fce85d4c560af6,Premium Horn for Dorsoduro 900,Dorsoduro 900,Aprilia,2015.0,,Electrical,1845.0,superior fuel efficient for longer life,27.0,4.5,26.0,0,https://example.com/images/horn_dorsoduro_900.jpg,68d135063952f7cf7dee90f6,68d135063952f7cf7dee90f8,Manoj Automobiles,Dilshknagar,17.367642,78.534282,mid-range,classic,excellent,Premium Horn for Dorsoduro 900 Dorsoduro 900 Aprilia  Electrical superior fuel efficient for longer life,0,2025-08-06T00:00:00,2025-08-03T00:00:00
68d141ebb3fce85d4c560af7,Penetrating Oil Assembly - Road King,Road King,Harley-Davidson,2012.0,,Maintenance,498.0,street performance maintenance free for superior reliability,3.0,4.4,22.0,0,https://example.com/images/penetrating_oil_road_king.jpg,68d135833952f7cf7dee9109,68d135833952f7cf7dee910b,Mounika Automobiles,Karimnagar,18.435781,79.132861,budget,vintage,good,Penetrating Oil Assembly - Road King Road King Harley-Davidson  Maintenance street performance maintenance free for superior reliability,0,2025-07-21T00:00:00,2025-07-29T00:00:00
68d141ebb3fce85d4c560af8,Genuine Emergency Blanket - F3 Rosso,F3 Rosso,Mv Agusta,2017.0,,Safety,1594.0,racing quality vibration dampening for reduced maintenance,22.0,4.6,19.0,0,https://example.com/images/emergency_blanket_f3_rosso.jpg,68d135d63952f7cf7dee911e,68d135d63952f7cf7dee9120,baskar Automobiles,Medak,18.048948,78.269372,mid-range,classic,excellent,Genuine Emergency Blanket - F3 Rosso F3 Rosso Mv Agusta  Safety racing quality vibration dampening for reduced maintenance,0,2025-08-26T00:00:00,2025-07-26T00:00:00
68d141ebb3fce85d4c560af9,Heavy Duty Coil - Roadmaster,Roadmaster,Indian,2011.0,,Electrical,5797.0,enhanced high strength for optimal efficiency,9.0,3.9,49.0,0,https://example.com/images/coil_roadmaster.jpg,68d136193952f7cf7dee9131,68d136193952f7cf7dee9133,Mahesh Automobiles,Khammam,17.249885,80.15615,premium,vintage,good,Heavy Duty Coil - Roadmaster Roadmaster Indian  Electrical enhanced high strength for optimal efficiency,0,2025-09-15T00:00:00,2025-07-09T00:00:00
68d141ebb3fce85d4c560afa,Genuine Tail Box - Super Meteor 650,Super Meteor 650,Royal Enfield,2017.0,,Accessories,4905.0,durable impact resistant for optimal efficiency,1.0,4.3,20.0,0,https://example.com/images/tail_box_super_meteor_650.jpg,689d6959045c37933826818b,689d6959045c37933826818d,sai automobiles,RAMNAGAR COLONY PEERZADIGUDA UPPAL HYDERABAD,17.390358,78.606729,mid-range,classic,good,Genuine Tail Box - Super Meteor 650 Super Meteor 650 Royal Enfield  Accessories durable impact resistant for optimal efficiency,0,2025-08-19T00:00:00,2025-09-08T00:00:00
68d141ebb3fce85d4c560afb,Genuine Road Flare - Oilking,Oilking,Yezdi,2018.0,,Safety,7621.0,superior long lasting for enhanced stability,7.0,4.0,19.0,0,https://example.com/images/road_flare_oilking.jpg,68ac2a8e3c73e23c655de052,68ac2a8f3c73e23c655de054,Swathi Automobiles,Chappal Bazar Road - Kachiguda ,17.38953,78.491245,premium,classic,good,Genuine Road Flare - Oilking Oilking Yezdi  Safety superior long lasting for enhanced stability,0,2025-07-05T00:00:00,2025-09-01T00:00:00
68d141ebb3fce85d4c560afc,Premium Distributor Cap for Pulsar F250,Pulsar F250,Bajaj,2018.0,,Ignition,210.0,enhanced vibration dampening for reduced maintenance,9.0,4.2,43.0,0,https://example.com/images/distributor_cap_pulsar_f250.jpg,68d0c47d09554c358655174b,68d0c47e09554c358655174d,Tarun Automobiles,,17.423605,78.546314,budget,classic,good,Premium Distributor Cap for Pulsar F250 Pulsar F250 Bajaj  Ignition enhanced vibration dampening for reduced maintenance,0,2025-07-16T00:00:00,2025-08-03T00:00:00
68d141ebb3fce85d4c560afd,Genuine Engine Oil - Access 125,Access 125,Suzuki,2019.0,,Maintenance,816.0,enhanced maintenance free for maximum protection,13.0,3.2,32.0,0,https://example.com/images/engine_oil_access_125.jpg,68d133bf3952f7cf7dee90b7,68d133bf3952f7cf7dee90b9,Jyothi Automobiles,Hyderabad,17.511409,78.350972,budget,classic,good,Genuine Engine Oil - Access 125 Access 125 Suzuki  Maintenance enhanced maintenance free for maximum protection,0,2025-08-16T00:00:00,2025-08-09T00:00:00
68d141ebb3fce85d4c560afe,Performance Temperature Gauge - Bonneville T120,Bonneville T120,Triumph,2010.0,,Cooling System,4248.0,precision made weather resistant for better fuel economy,28.0,3.3,25.0,0,https://example.com/images/temperature_gauge_bonneville_t120.jpg,68d1346c3952f7cf7dee90d0,68d1346c3952f7cf7dee90d2,Kalyan Automobiles,Bala Nagar,17.475679,78.447328,mid-range,vintage,good,Performance Temperature Gauge - Bonneville T120 Bonneville T120 Triumph  Cooling System precision made weather resistant for better fuel economy,0,2025-08-14T00:00:00,2025-08-25T00:00:00
68d141ebb3fce85d4c560aff,Performance Turn Signal - 1290 Super Duke R,1290 Super Duke R,Ktm,2010.0,,Electrical,6943.0,long lasting weather resistant for reduced maintenance,10.0,3.4,6.0,0,https://example.com/images/turn_signal_1290_super_duke_r.jpg,68d134ac3952f7cf7dee90e3,68d134ac3952f7cf7dee90e5,Shiva sai Automobiles,Mahabubabad,17.594209,80.006903,premium,vintage,good,Performance Turn Signal - 1290 Super Duke R 1290 Super Duke R Ktm  Electrical long lasting weather resistant for reduced maintenance,0,2025-09-10T00:00:00,2025-09-03T00:00:00
68d141ebb3fce85d4c560b00,Premium Battery for GSX-S750,GSX-S750,Suzuki,2024.0,,Electrical,5801.0,lightweight high strength for smoother operation,24.0,4.8,5.0,0,https://example.com/images/battery_gsx_s750.jpg,68d135063952f7cf7dee90f6,68d135063952f7cf7dee90f8,Manoj Automobiles,Dilshknagar,17.367642,78.534282,premium,modern,excellent,Premium Battery for GSX-S750 GSX-S750 Suzuki  Electrical lightweight high strength for smoother operation,0,2025-07-11T00:00:00,2025-09-06T00:00:00
68d141ebb3fce85d4c560b01,Fuel Pump Assembly - Pulsar NS160,Pulsar NS160,Bajaj,2022.0,,Fuel System,9277.0,lightweight weather resistant for superior reliability,4.0,3.8,17.0,0,https://example.com/images/fuel_pump_pulsar_ns160.jpg,68d135833952f7cf7dee9109,68d135833952f7cf7dee910b,Mounika Automobiles,Karimnagar,18.435781,79.132861,premium,modern,good,Fuel Pump Assembly - Pulsar NS160 Pulsar NS160 Bajaj  Fuel System lightweight weather resistant for superior reliability,0,2025-08-24T00:00:00,2025-09-02T00:00:00
68d141ebb3fce85d4c560b02,Performance Compression Ring - Kine,Kine,Mahindra,2013.0,,Engine,19358.0,professional grade chemical resistant for improved performance,7.0,3.6,5.0,0,https://example.com/images/compression_ring_kine.jpg,68d135d63952f7cf7dee911e,68d135d63952f7cf7dee9120,baskar Automobiles,Medak,18.048948,78.269372,premium,vintage,good,Performance Compression Ring - Kine Kine Mahindra  Engine professional grade chemical resistant for improved performance,0,2025-07-05T00:00:00,2025-07-30T00:00:00
68d141ebb3fce85d4c560b03,Racing Handlebar Grip - Karizma XMR,Karizma XMR,Hero,2013.0,,Accessories,3959.0,racing quality temperature stable for enhanced durability,21.0,4.3,28.0,0,https://example.com/images/handlebar_grip_karizma_xmr.jpg,68d136193952f7cf7dee9131,68d136193952f7cf7dee9133,Mahesh Automobiles,Khammam,17.249885,80.15615,mid-range,vintage,good,Racing Handlebar Grip - Karizma XMR Karizma XMR Hero  Accessories racing quality temperature stable for enhanced durability,0,2025-09-10T00:00:00,2025-08-15T00:00:00
68d141ebb3fce85d4c560b04,Honda Ignition Coil for CBR250R,CBR250R,Honda,2017.0,,Ignition,774.0,precision made precision engineered for maximum protection,26.0,3.5,0.0,0,https://example.com/images/ignition_coil_cbr250r.jpg,689d6959045c37933826818b,689d6959045c37933826818d,sai automobiles,RAMNAGAR COLONY PEERZADIGUDA UPPAL HYDERABAD,17.390358,78.606729,budget,classic,good,Honda Ignition Coil for CBR250R CBR250R Honda  Ignition precision made precision engineered for maximum protection,0,2025-08-11T00:00:00,2025-08-23T00:00:00
68d141ebb3fce85d4c560b05,Heavy Duty Riding Boots - Interceptor 650,Interceptor 650,Royal Enfield,2019.0,,Safety,7431.0,industrial grade weather resistant for increased power,29.0,4.8,10.0,0,https://example.com/images/riding_boots_interceptor_650.jpg,68ac2a8e3c73e23c655de052,68ac2a8f3c73e23c655de054,Swathi Automobiles,Chappal Bazar Road - Kachiguda ,17.38953,78.491245,premium,classic,excellent,Heavy Duty Riding Boots - Interceptor 650 Interceptor 650 Royal Enfield  Safety industrial grade weather resistant for increased power,0,2025-08-28T00:00:00,2025-07-04T00:00:00
68d141ebb3fce85d4c560b06,Carbon Filter - Scrambler,Scrambler,Yezdi,2012.0,,Filters,1008.0,precision made noise reducing for enhanced durability,24.0,4.4,29.0,0,https://example.com/images/carbon_filter_scrambler.jpg,68d0c47d09554c358655174b,68d0c47e09554c358655174d,Tarun Automobiles,,17.423605,78.546314,mid-range,vintage,good,Carbon Filter - Scrambler Scrambler Yezdi  Filters precision made noise reducing for enhanced durability,0,2025-08-21T00:00:00,2025-09-17T00:00:00
68d141ebb3fce85d4c560b07,Performance Riding Gloves - Turismo Veloce,Turismo Veloce,Mv Agusta,2025.0,,Safety,1780.0,durable temperature stable for smoother operation,26.0,3.6,40.0,0,https://example.com/images/riding_gloves_turismo_veloce.jpg,68d133bf3952f7cf7dee90b7,68d133bf3952f7cf7dee90b9,Jyothi Automobiles,Hyderabad,17.511409,78.350972,mid-range,modern,good,Performance Riding Gloves - Turismo Veloce Turismo Veloce Mv Agusta  Safety durable temperature stable for smoother operation,0,2025-07-24T00:00:00,2025-08-23T00:00:00
68d141ebb3fce85d4c560b08,Hydraulic Filter - GSX-S750,GSX-S750,Suzuki,2012.0,,Filters,146.0,premium quality temperature stable for longer life,30.0,4.8,5.0,0,https://example.com/images/hydraulic_filter_gsx_s750.jpg,68d1346c3952f7cf7dee90d0,68d1346c3952f7cf7dee90d2,Kalyan Automobiles,Bala Nagar,17.475679,78.447328,budget,vintage,excellent,Hydraulic Filter - GSX-S750 GSX-S750 Suzuki  Filters premium quality temperature stable for longer life,0,2025-08-02T00:00:00,2025-07-21T00:00:00
68d141ebb3fce85d4c560b09,OEM Rear Cowl - Panigale V2,Panigale V2,Ducati,2024.0,,Body Parts,1791.0,high performance precision engineered for better handling,17.0,4.9,33.0,0,https://example.com/images/rear_cowl_panigale_v2.jpg,68d134ac3952f7cf7dee90e3,68d134ac3952f7cf7dee90e5,Shiva sai Automobiles,Mahabubabad,17.594209,80.006903,mid-range,modern,excellent,OEM Rear Cowl - Panigale V2 Panigale V2 Ducati  Body Parts high performance precision engineered for better handling,0,2025-08-19T00:00:00,2025-07-12T00:00:00
68d141ebb3fce85d4c560b0a,TNT 300 Seat Cover,TNT 300,Benelli,2014.0,,Body Parts,4575.0,lightweight noise reducing for superior reliability,8.0,3.3,27.0,0,https://example.com/images/seat_cover_tnt_300.jpg,68d135063952f7cf7dee90f6,68d135063952f7cf7dee90f8,Manoj Automobiles,Dilshknagar,17.367642,78.534282,mid-range,vintage,good,TNT 300 Seat Cover TNT 300 Benelli  Body Parts lightweight noise reducing for superior reliability,0,2025-08-10T00:00:00,2025-08-27T00:00:00
68d141ebb3fce85d4c560b0b,Heavy Duty Air Box Cover - Fat Bob,Fat Bob,Harley-Davidson,2025.0,,Body Parts,4875.0,advanced chemical resistant for reduced maintenance,6.0,3.2,43.0,0,https://example.com/images/air_box_cover_fat_bob.jpg,68d135833952f7cf7dee9109,68d135833952f7cf7dee910b,Mounika Automobiles,Karimnagar,18.435781,79.132861,mid-range,modern,good,Heavy Duty Air Box Cover - Fat Bob Fat Bob Harley-Davidson  Body Parts advanced chemical resistant for reduced maintenance,0,2025-09-03T00:00:00,2025-08-20T00:00:00
68d141ebb3fce85d4c560b0c,Suspension Bolt Assembly - TRK 502,TRK 502,Benelli,2010.0,,Suspension,11910.0,superior precision engineered for improved performance,24.0,4.3,47.0,0,https://example.com/images/suspension_bolt_trk_502.jpg,68d135d63952f7cf7dee911e,68d135d63952f7cf7dee9120,baskar Automobiles,Medak,18.048948,78.269372,premium,vintage,good,Suspension Bolt Assembly - TRK 502 TRK 502 Benelli  Suspension superior precision engineered for improved performance,0,2025-09-16T00:00:00,2025-08-27T00:00:00
68d141ebb3fce85d4c560b0d,Number Plate Holder Assembly - Avenger 220,Avenger 220,Bajaj,2015.0,,Body Parts,1984.0,high performance eco friendly for enhanced durability,28.0,4.5,28.0,0,https://example.com/images/number_plate_holder_avenger_220.jpg,68d136193952f7cf7dee9131,68d136193952f7cf7dee9133,Mahesh Automobiles,Khammam,17.249885,80.15615,mid-range,classic,excellent,Number Plate Holder Assembly - Avenger 220 Avenger 220 Bajaj  Body Parts high performance eco friendly for enhanced durability,0,2025-07-13T00:00:00,2025-08-12T00:00:00
68d141ebb3fce85d4c560b0e,OEM Headlight Assembly - Xtreme 160R,Xtreme 160R,Hero,2019.0,,Lighting,5840.0,precision made corrosion resistant for improved performance,3.0,3.6,50.0,0,https://example.com/images/headlight_assembly_xtreme_160r.jpg,689d6959045c37933826818b,689d6959045c37933826818d,sai automobiles,RAMNAGAR COLONY PEERZADIGUDA UPPAL HYDERABAD,17.390358,78.606729,premium,classic,good,OEM Headlight Assembly - Xtreme 160R Xtreme 160R Hero  Lighting precision made corrosion resistant for improved performance,0,2025-07-09T00:00:00,2025-08-18T00:00:00
68d141ebb3fce85d4c560b0f,Genuine Battery - K 1600 GTL,K 1600 GTL,Bmw,2017.0,,Electrical,7740.0,heavy duty fuel efficient for enhanced durability,21.0,3.5,18.0,0,https://example.com/images/battery_k_1600_gtl.jpg,68ac2a8e3c73e23c655de052,68ac2a8f3c73e23c655de054,Swathi Automobiles,Chappal Bazar Road - Kachiguda ,17.38953,78.491245,premium,classic,good,Genuine Battery - K 1600 GTL K 1600 GTL Bmw  Electrical heavy duty fuel efficient for enhanced durability,0,2025-09-10T00:00:00,2025-09-02T00:00:00
68d141ebb3fce85d4c560b10,OEM Polish - Yezdi Roadster,Yezdi Roadster,Jawa,2021.0,,Maintenance,890.0,enhanced precision engineered for smoother operation,25.0,4.2,32.0,0,https://example.com/images/polish_yezdi_roadster.jpg,68d0c47d09554c358655174b,68d0c47e09554c358655174d,Tarun Automobiles,,17.423605,78.546314,mid-range,modern,good,OEM Polish - Yezdi Roadster Yezdi Roadster Jawa  Maintenance enhanced precision engineered for smoother operation,0,2025-07-30T00:00:00,2025-07-22T00:00:00
68d141ebb3fce85d4c560b11,Performance Starter Relay - TNT 899,TNT 899,Benelli,2016.0,,Electrical,5161.0,advanced temperature stable for maximum protection,11.0,4.8,25.0,0,https://example.com/images/starter_relay_tnt_899.jpg,68d133bf3952f7cf7dee90b7,68d133bf3952f7cf7dee90b9,Jyothi Automobiles,Hyderabad,17.511409,78.350972,mid-range,classic,excellent,Performance Starter Relay - TNT 899 TNT 899 Benelli  Electrical advanced temperature stable for maximum protection,0,2025-09-17T00:00:00,2025-09-21T00:00:00
68d141ebb3fce85d4c560b12,Heavy Duty Radiator Cap - V12,V12,Bajaj,2021.0,,Cooling System,5135.0,professional grade chemical resistant for enhanced safety,6.0,3.5,47.0,0,https://example.com/images/radiator_cap_v12.jpg,68d1346c3952f7cf7dee90d0,68d1346c3952f7cf7dee90d2,Kalyan Automobiles,Bala Nagar,17.475679,78.447328,mid-range,modern,good,Heavy Duty Radiator Cap - V12 V12 Bajaj  Cooling System professional grade chemical resistant for enhanced safety,0,2025-08-10T00:00:00,2025-09-12T00:00:00
68d141ebb3fce85d4c560b13,Genuine Tubeless Valve - 890 Adventure,890 Adventure,Ktm,2017.0,,Wheels & Tires,7220.0,superior weather resistant for better fuel economy,9.0,4.2,10.0,0,https://example.com/images/tubeless_valve_890_adventure.jpg,68d134ac3952f7cf7dee90e3,68d134ac3952f7cf7dee90e5,Shiva sai Automobiles,Mahabubabad,17.594209,80.006903,premium,classic,good,Genuine Tubeless Valve - 890 Adventure 890 Adventure Ktm  Wheels & Tires superior weather resistant for better fuel economy,0,2025-09-08T00:00:00,2025-08-17T00:00:00
68d141ebb3fce85d4c560b14,Premium Gear Oil for Café Racer,Café Racer,Jawa,2010.0,,Maintenance,675.0,oem quality heat treated for longer life,23.0,4.1,4.0,0,https://example.com/images/gear_oil_café_racer.jpg,68d135063952f7cf7dee90f6,68d135063952f7cf7dee90f8,Manoj Automobiles,Dilshknagar,17.367642,78.534282,budget,vintage,good,Premium Gear Oil for Café Racer Café Racer Jawa  Maintenance oem quality heat treated for longer life,0,2025-08-25T00:00:00,2025-07-28T00:00:00
68d141ebb3fce85d4c560b15,Mahindra Temperature Gauge for Duro DZ,Duro DZ,Mahindra,2017.0,,Cooling System,2703.0,precision made impact resistant for better control,12.0,4.8,28.0,0,https://example.com/images/temperature_gauge_duro_dz.jpg,68d135833952f7cf7dee9109,68d135833952f7cf7dee910b,Mounika Automobiles,Karimnagar,18.435781,79.132861,mid-range,classic,excellent,Mahindra Temperature Gauge for Duro DZ Duro DZ Mahindra  Cooling System precision made impact resistant for better control,0,2025-07-23T00:00:00,2025-09-01T00:00:00
68d141ebb3fce85d4c560b16,Performance Chain Guard - Alpha,Alpha,Yamaha,2025.0,,Body Parts,6428.0,street performance impact resistant for superior reliability,9.0,3.8,8.0,0,https://example.com/images/chain_guard_alpha.jpg,68d135d63952f7cf7dee911e,68d135d63952f7cf7dee9120,baskar Automobiles,Medak,18.048948,78.269372,premium,modern,good,Performance Chain Guard - Alpha Alpha Yamaha  Body Parts street performance impact resistant for superior reliability,0,2025-08-06T00:00:00,2025-07-13T00:00:00
68d141ebb3fce85d4c560b17,Racing Variator - Mojo,Mojo,Mahindra,2019.0,,Drivetrain,5586.0,street performance impact resistant for longer life,7.0,3.7,26.0,0,https://example.com/images/variator_mojo.jpg,68d136193952f7cf7dee9131,68d136193952f7cf7dee9133,Mahesh Automobiles,Khammam,17.249885,80.15615,mid-range,classic,good,Racing Variator - Mojo Mojo Mahindra  Drivetrain street performance impact resistant for longer life,0,2025-09-02T00:00:00,2025-09-04T00:00:00
68d141ebb3fce85d4c560b18,Heavy Duty Cylinder Block - Z900,Z900,Kawasaki,2019.0,,Engine,22675.0,street performance maintenance free for enhanced durability,25.0,4.4,14.0,0,https://example.com/images/cylinder_block_z900.jpg,689d6959045c37933826818b,689d6959045c37933826818d,sai automobiles,RAMNAGAR COLONY PEERZADIGUDA UPPAL HYDERABAD,17.390358,78.606729,premium,classic,good,Heavy Duty Cylinder Block - Z900 Z900 Kawasaki  Engine street performance maintenance free for enhanced durability,0,2025-07-28T00:00:00,2025-07-25T00:00:00
68d141ebb3fce85d4c560b19,Racing Tool Box - Mojo,Mojo,Mahindra,2017.0,,Body Parts,7766.0,heavy duty vibration dampening for enhanced stability,23.0,4.7,38.0,0,https://example.com/images/tool_box_mojo.jpg,68ac2a8e3c73e23c655de052,68ac2a8f3c73e23c655de054,Swathi Automobiles,Chappal Bazar Road - Kachiguda ,17.38953,78.491245,premium,classic,excellent,Racing Tool Box - Mojo Mojo Mahindra  Body Parts heavy duty vibration dampening for enhanced stability,0,2025-07-16T00:00:00,2025-07-31T00:00:00
68d141ebb3fce85d4c560b1a,Heavy Duty Rear Sprocket - S 1000 XR,S 1000 XR,Bmw,2016.0,,Drivetrain,7116.0,premium quality weather resistant for enhanced safety,11.0,4.4,41.0,0,https://example.com/images/rear_sprocket_s_1000_xr.jpg,68d0c47d09554c358655174b,68d0c47e09554c358655174d,Tarun Automobiles,,17.423605,78.546314,premium,classic,good,Heavy Duty Rear Sprocket - S 1000 XR S 1000 XR Bmw  Drivetrain premium quality weather resistant for enhanced safety,0,2025-09-02T00:00:00,2025-08-14T00:00:00
68d141ebb3fce85d4c560b1b,Suzuki Front Shock Absorber for Hayabusa,Hayabusa,Suzuki,2021.0,,Suspension,14219.0,high performance impact resistant for increased power,9.0,4.0,3.0,0,https://example.com/images/front_shock_absorber_hayabusa.jpg,68d133bf3952f7cf7dee90b7,68d133bf3952f7cf7dee90b9,Jyothi Automobiles,Hyderabad,17.511409,78.350972,premium,modern,good,Suzuki Front Shock Absorber for Hayabusa Hayabusa Suzuki  Suspension high performance impact resistant for increased power,0,2025-07-28T00:00:00,2025-07-09T00:00:00
68d141ebb3fce85d4c560b1c,Kawasaki Baffle for Ninja 650,Ninja 650,Kawasaki,2014.0,,Exhaust,15993.0,oem quality weather resistant for better control,26.0,4.3,38.0,0,https://example.com/images/baffle_ninja_650.jpg,68d1346c3952f7cf7dee90d0,68d1346c3952f7cf7dee90d2,Kalyan Automobiles,Bala Nagar,17.475679,78.447328,premium,vintage,good,Kawasaki Baffle for Ninja 650 Ninja 650 Kawasaki  Exhaust oem quality weather resistant for better control,0,2025-07-02T00:00:00,2025-08-07T00:00:00
68d141ebb3fce85d4c560b1d,Variator - iQube Electric,iQube Electric,Tvs,2015.0,,Drivetrain,4905.0,long lasting weather resistant for enhanced durability,26.0,4.5,5.0,0,https://example.com/images/variator_iqube_electric.jpg,68d134ac3952f7cf7dee90e3,68d134ac3952f7cf7dee90e5,Shiva sai Automobiles,Mahabubabad,17.594209,80.006903,mid-range,classic,excellent,Variator - iQube Electric iQube Electric Tvs  Drivetrain long lasting weather resistant for enhanced durability,0,2025-09-08T00:00:00,2025-09-10T00:00:00
68d141ebb3fce85d4c560b1e,Racing Battery Cable - Flyte,Flyte,Mahindra,2025.0,,Electrical,1082.0,industrial grade impact resistant for longer life,5.0,4.1,22.0,0,https://example.com/images/battery_cable_flyte.jpg,68d135063952f7cf7dee90f6,68d135063952f7cf7dee90f8,Manoj Automobiles,Dilshknagar,17.367642,78.534282,mid-range,modern,good,Racing Battery Cable - Flyte Flyte Mahindra  Electrical industrial grade impact resistant for longer life,0,2025-09-11T00:00:00,2025-09-12T00:00:00
68d141ebb3fce85d4c560b1f,Mesh Filter Assembly - Saluto RX,Saluto RX,Yamaha,2019.0,,Filters,463.0,premium quality precision engineered for enhanced safety,29.0,4.4,24.0,0,https://example.com/images/mesh_filter_saluto_rx.jpg,68d135833952f7cf7dee9109,68d135833952f7cf7dee910b,Mounika Automobiles,Karimnagar,18.435781,79.132861,budget,classic,good,Mesh Filter Assembly - Saluto RX Saluto RX Yamaha  Filters premium quality precision engineered for enhanced safety,0,2025-08-18T00:00:00,2025-09-03T00:00:00
68d141ebb3fce85d4c560b20,Performance Petcock Valve - CL 300,CL 300,Jawa,2011.0,,Fuel System,9672.0,heavy duty impact resistant for better control,11.0,3.6,45.0,0,https://example.com/images/petcock_valve_cl_300.jpg,68d135d63952f7cf7dee911e,68d135d63952f7cf7dee9120,baskar Automobiles,Medak,18.048948,78.269372,premium,vintage,good,Performance Petcock Valve - CL 300 CL 300 Jawa  Fuel System heavy duty impact resistant for better control,0,2025-07-01T00:00:00,2025-08-14T00:00:00
68d141ebb3fce85d4c560b21,Racing Rotor - Platina 110,Platina 110,Bajaj,2025.0,,Ignition,475.0,oem quality weather resistant for better control,2.0,4.4,28.0,0,https://example.com/images/rotor_platina_110.jpg,68d136193952f7cf7dee9131,68d136193952f7cf7dee9133,Mahesh Automobiles,Khammam,17.249885,80.15615,budget,modern,good,Racing Rotor - Platina 110 Platina 110 Bajaj  Ignition oem quality weather resistant for better control,0,2025-09-11T00:00:00,2025-07-22T00:00:00
68d141ebb3fce85d4c560b22,Heavy Duty Spacer - X-Blade,X-Blade,Honda,2023.0,,Wheels & Tires,7462.0,lightweight vibration dampening for enhanced stability,13.0,3.7,34.0,0,https://example.com/images/spacer_x_blade.jpg,689d6959045c37933826818b,689d6959045c37933826818d,sai automobiles,RAMNAGAR COLONY PEERZADIGUDA UPPAL HYDERABAD,17.390358,78.606729,premium,modern,good,Heavy Duty Spacer - X-Blade X-Blade Honda  Wheels & Tires lightweight vibration dampening for enhanced stability,0,2025-07-11T00:00:00,2025-08-18T00:00:00
68d141ebb3fce85d4c560b23,Speed Twin Rebound Adjuster,Speed Twin,Triumph,2022.0,,Suspension,8032.0,superior noise reducing for smoother operation,7.0,4.9,34.0,0,https://example.com/images/rebound_adjuster_speed_twin.jpg,68ac2a8e3c73e23c655de052,68ac2a8f3c73e23c655de054,Swathi Automobiles,Chappal Bazar Road - Kachiguda ,17.38953,78.491245,premium,modern,excellent,Speed Twin Rebound Adjuster Speed Twin Triumph  Suspension superior noise reducing for smoother operation,0,2025-08-06T00:00:00,2025-08-05T00:00:00
68d141ebb3fce85d4c560b24,Clutch Hub - R 1250 GS,R 1250 GS,Bmw,2022.0,,Transmission,3137.0,superior high strength for better control,28.0,3.8,32.0,0,https://example.com/images/clutch_hub_r_1250_gs.jpg,68d0c47d09554c358655174b,68d0c47e09554c358655174d,Tarun Automobiles,,17.423605,78.546314,mid-range,modern,good,Clutch Hub - R 1250 GS R 1250 GS Bmw  Transmission superior high strength for better control,0,2025-09-04T00:00:00,2025-07-18T00:00:00
68d141ebb3fce85d4c560b25,Exhaust Spring - Dragster 800,Dragster 800,Mv Agusta,2023.0,,Exhaust,13626.0,superior impact resistant for longer life,16.0,4.8,27.0,0,https://example.com/images/exhaust_spring_dragster_800.jpg,68d133bf3952f7cf7dee90b7,68d133bf3952f7cf7dee90b9,Jyothi Automobiles,Hyderabad,17.511409,78.350972,premium,modern,excellent,Exhaust Spring - Dragster 800 Dragster 800 Mv Agusta  Exhaust superior impact resistant for longer life,0,2025-07-09T00:00:00,2025-09-09T00:00:00
68d141ebb3fce85d4c560b26,Premium Push Rod for Z650,Z650,Kawasaki,2017.0,,Engine,24196.0,long lasting heat treated for superior reliability,6.0,4.9,1.0,0,https://example.com/images/push_rod_z650.jpg,68d1346c3952f7cf7dee90d0,68d1346c3952f7cf7dee90d2,Kalyan Automobiles,Bala Nagar,17.475679,78.447328,premium,classic,excellent,Premium Push Rod for Z650 Z650 Kawasaki  Engine long lasting heat treated for superior reliability,0,2025-08-28T00:00:00,2025-07-19T00:00:00
68d141ebb3fce85d4c560b27,Racing Rear Brake Pad - Roadster,Roadster,Yezdi,2015.0,,Brakes,2877.0,professional grade chemical resistant for enhanced durability,22.0,3.6,20.0,0,https://example.com/images/rear_brake_pad_roadster.jpg,68d134ac3952f7cf7dee90e3,68d134ac3952f7cf7dee90e5,Shiva sai Automobiles,Mahabubabad,17.594209,80.006903,mid-range,classic,good,Racing Rear Brake Pad - Roadster Roadster Yezdi  Brakes professional grade chemical resistant for enhanced durability,0,2025-09-14T00:00:00,2025-07-09T00:00:00
68d141ebb3fce85d4c560b28,Genuine Starter Motor - Forty-Eight,Forty-Eight,Harley-Davidson,2014.0,,Electrical,1528.0,heavy duty precision engineered for reduced maintenance,17.0,4.7,11.0,0,https://example.com/images/starter_motor_forty_eight.jpg,68d135063952f7cf7dee90f6,68d135063952f7cf7dee90f8,Manoj Automobiles,Dilshknagar,17.367642,78.534282,mid-range,vintage,excellent,Genuine Starter Motor - Forty-Eight Forty-Eight Harley-Davidson  Electrical heavy duty precision engineered for reduced maintenance,0,2025-08-20T00:00:00,2025-09-07T00:00:00
68d141ebb3fce85d4c560b29,OEM Brake Fluid - Meteor 350,Meteor 350,Royal Enfield,2011.0,,Maintenance,138.0,industrial grade fuel efficient for better control,7.0,3.4,4.0,0,https://example.com/images/brake_fluid_meteor_350.jpg,68d135833952f7cf7dee9109,68d135833952f7cf7dee910b,Mounika Automobiles,Karimnagar,18.435781,79.132861,budget,vintage,good,OEM Brake Fluid - Meteor 350 Meteor 350 Royal Enfield  Maintenance industrial grade fuel efficient for better control,0,2025-08-18T00:00:00,2025-07-30T00:00:00
68d141ebb3fce85d4c560b2a,Performance Radiator Mount - Forty-Eight,Forty-Eight,Harley-Davidson,2023.0,,Cooling System,11028.0,precision made heat treated for superior reliability,20.0,3.9,45.0,0,https://example.com/images/radiator_mount_forty_eight.jpg,68d135d63952f7cf7dee911e,68d135d63952f7cf7dee9120,baskar Automobiles,Medak,18.048948,78.269372,premium,modern,good,Performance Radiator Mount - Forty-Eight Forty-Eight Harley-Davidson  Cooling System precision made heat treated for superior reliability,0,2025-08-07T00:00:00,2025-09-11T00:00:00
68d141ebb3fce85d4c560b2b,Racing Crank Position Sensor - Forty Two,Forty Two,Jawa,2012.0,,Ignition,155.0,enhanced corrosion resistant for optimal efficiency,29.0,4.7,13.0,0,https://example.com/images/crank_position_sensor_forty_two.jpg,68d136193952f7cf7dee9131,68d136193952f7cf7dee9133,Mahesh Automobiles,Khammam,17.249885,80.15615,budget,vintage,excellent,Racing Crank Position Sensor - Forty Two Forty Two Jawa  Ignition enhanced corrosion resistant for optimal efficiency,0,2025-07-02T00:00:00,2025-07-31T00:00:00
68d141ebb3fce85d4c560b2c,Genuine Cooling Fan - Deluxe,Deluxe,Yezdi,2017.0,,Cooling System,1937.0,long lasting long lasting for improved performance,10.0,5.0,9.0,0,https://example.com/images/cooling_fan_deluxe.jpg,689d6959045c37933826818b,689d6959045c37933826818d,sai automobiles,RAMNAGAR COLONY PEERZADIGUDA UPPAL HYDERABAD,17.390358,78.606729,mid-range,classic,excellent,Genuine Cooling Fan - Deluxe Deluxe Yezdi  Cooling System long lasting long lasting for improved performance,0,2025-07-15T00:00:00,2025-09-21T00:00:00
68d141ebb3fce85d4c560b2d,Performance Tire Pressure Sensor - YBR 125,YBR 125,Yamaha,2016.0,,Wheels & Tires,11878.0,premium quality wear resistant for enhanced safety,7.0,3.9,8.0,0,https://example.com/images/tire_pressure_sensor_ybr_125.jpg,68ac2a8e3c73e23c655de052,68ac2a8f3c73e23c655de054,Swathi Automobiles,Chappal Bazar Road - Kachiguda ,17.38953,78.491245,premium,classic,good,Performance Tire Pressure Sensor - YBR 125 YBR 125 Yamaha  Wheels & Tires premium quality wear resistant for enhanced safety,0,2025-07-19T00:00:00,2025-08-23T00:00:00
68d141ebb3fce85d4c560b2e,Premium Tire Valve for Bonneville T120,Bonneville T120,Triumph,2017.0,,Wheels & Tires,5845.0,street performance high strength for reduced maintenance,7.0,3.4,50.0,0,https://example.com/images/tire_valve_bonneville_t120.jpg,68d0c47d09554c358655174b,68d0c47e09554c358655174d,Tarun Automobiles,,17.423605,78.546314,premium,classic,good,Premium Tire Valve for Bonneville T120 Bonneville T120 Triumph  Wheels & Tires street performance high strength for reduced maintenance,0,2025-07-14T00:00:00,2025-09-09T00:00:00
68d141ebb3fce85d4c560b2f,OEM Upper Triple Tree - Iron 883,Iron 883,Harley-Davidson,2016.0,,Suspension,1777.0,high performance wear resistant for maximum protection,25.0,3.9,48.0,0,https://example.com/images/upper_triple_tree_iron_883.jpg,68d133bf3952f7cf7dee90b7,68d133bf3952f7cf7dee90b9,Jyothi Automobiles,Hyderabad,17.511409,78.350972,mid-range,classic,good,OEM Upper Triple Tree - Iron 883 Iron 883 Harley-Davidson  Suspension high performance wear resistant for maximum protection,0,2025-07-31T00:00:00,2025-08-30T00:00:00
68d141ebb3fce85d4c560b30,Coolant Hose Assembly - CL2,CL2,Yezdi,2010.0,,Cooling System,9553.0,street performance noise reducing for maximum protection,7.0,3.6,41.0,0,https://example.com/images/coolant_hose_cl2.jpg,68d1346c3952f7cf7dee90d0,68d1346c3952f7cf7dee90d2,Kalyan Automobiles,Bala Nagar,17.475679,78.447328,premium,vintage,good,Coolant Hose Assembly - CL2 CL2 Yezdi  Cooling System street performance noise reducing for maximum protection,0,2025-09-14T00:00:00,2025-07-11T00:00:00
68d141ebb3fce85d4c560b31,Genuine First Aid Kit - Machismo,Machismo,Royal Enfield,2019.0,,Accessories,3545.0,premium quality long lasting for better control,17.0,5.0,47.0,0,https://example.com/images/first_aid_kit_machismo.jpg,68d134ac3952f7cf7dee90e3,68d134ac3952f7cf7dee90e5,Shiva sai Automobiles,Mahabubabad,17.594209,80.006903,mid-range,classic,excellent,Genuine First Aid Kit - Machismo Machismo Royal Enfield  Accessories premium quality long lasting for better control,0,2025-07-19T00:00:00,2025-07-19T00:00:00
68d141ebb3fce85d4c560b32,OEM Baffle - Chief,Chief,Indian,2025.0,,Exhaust,4507.0,street performance noise reducing for smoother operation,5.0,3.8,25.0,0,https://example.com/images/baffle_chief.jpg,68d135063952f7cf7dee90f6,68d135063952f7cf7dee90f8,Manoj Automobiles,Dilshknagar,17.367642,78.534282,mid-range,modern,good,OEM Baffle - Chief Chief Indian  Exhaust street performance noise reducing for smoother operation,0,2025-08-27T00:00:00,2025-09-11T00:00:00
68d141ebb3fce85d4c560b33,Tool Box - CL 300,CL 300,Jawa,2021.0,,Body Parts,5722.0,high performance high strength for enhanced stability,15.0,4.6,6.0,0,https://example.com/images/tool_box_cl_300.jpg,68d135833952f7cf7dee9109,68d135833952f7cf7dee910b,Mounika Automobiles,Karimnagar,18.435781,79.132861,premium,modern,excellent,Tool Box - CL 300 CL 300 Jawa  Body Parts high performance high strength for enhanced stability,0,2025-08-06T00:00:00,2025-07-07T00:00:00
68d141ebb3fce85d4c560b34,Fuse Box - 890 Adventure,890 Adventure,Ktm,2016.0,,Electrical,5656.0,racing quality eco friendly for improved performance,8.0,3.9,4.0,0,https://example.com/images/fuse_box_890_adventure.jpg,68d135d63952f7cf7dee911e,68d135d63952f7cf7dee9120,baskar Automobiles,Medak,18.048948,78.269372,premium,classic,good,Fuse Box - 890 Adventure 890 Adventure Ktm  Electrical racing quality eco friendly for improved performance,0,2025-08-11T00:00:00,2025-09-09T00:00:00
68d141ebb3fce85d4c560b35,Genuine Fork Oil Seal - Scrambler Icon,Scrambler Icon,Ducati,2015.0,,Suspension,8378.0,racing quality fuel efficient for improved performance,13.0,4.1,36.0,0,https://example.com/images/fork_oil_seal_scrambler_icon.jpg,68d136193952f7cf7dee9131,68d136193952f7cf7dee9133,Mahesh Automobiles,Khammam,17.249885,80.15615,premium,classic,good,Genuine Fork Oil Seal - Scrambler Icon Scrambler Icon Ducati  Suspension racing quality fuel efficient for improved performance,0,2025-08-28T00:00:00,2025-08-03T00:00:00
68d141ebb3fce85d4c560b36,Performance Input Shaft - Bobber,Bobber,Jawa,2018.0,,Transmission,5755.0,enhanced weather resistant for better fuel economy,28.0,3.4,22.0,0,https://example.com/images/input_shaft_bobber.jpg,689d6959045c37933826818b,689d6959045c37933826818d,sai automobiles,RAMNAGAR COLONY PEERZADIGUDA UPPAL HYDERABAD,17.390358,78.606729,premium,classic,good,Performance Input Shaft - Bobber Bobber Jawa  Transmission enhanced weather resistant for better fuel economy,0,2025-07-06T00:00:00,2025-07-23T00:00:00
68d141ebb3fce85d4c560b37,Rivale 800 Oil Ring,Rivale 800,Mv Agusta,2018.0,,Engine,6725.0,professional grade wear resistant for longer life,7.0,4.4,5.0,0,https://example.com/images/oil_ring_rivale_800.jpg,68ac2a8e3c73e23c655de052,68ac2a8f3c73e23c655de054,Swathi Automobiles,Chappal Bazar Road - Kachiguda ,17.38953,78.491245,premium,classic,good,Rivale 800 Oil Ring Rivale 800 Mv Agusta  Engine professional grade wear resistant for longer life,0,2025-08-07T00:00:00,2025-07-07T00:00:00
68d141ebb3fce85d4c560b38,Premium Exhaust Clamp for Caponord 1200,Caponord 1200,Aprilia,2011.0,,Exhaust,9987.0,long lasting fuel efficient for increased power,19.0,3.3,32.0,0,https://example.com/images/exhaust_clamp_caponord_1200.jpg,68d0c47d09554c358655174b,68d0c47e09554c358655174d,Tarun Automobiles,,17.423605,78.546314,premium,vintage,good,Premium Exhaust Clamp for Caponord 1200 Caponord 1200 Aprilia  Exhaust long lasting fuel efficient for increased power,0,2025-08-15T00:00:00,2025-08-01T00:00:00
68d141ebb3fce85d4c560b39,Performance Radiator Guard - FZ-X,FZ-X,Yamaha,2013.0,,Cooling System,2985.0,oem quality impact resistant for optimal efficiency,7.0,4.0,32.0,0,https://example.com/images/radiator_guard_fz_x.jpg,68d133bf3952f7cf7dee90b7,68d133bf3952f7cf7dee90b9,Jyothi Automobiles,Hyderabad,17.511409,78.350972,mid-range,vintage,good,Performance Radiator Guard - FZ-X FZ-X Yamaha  Cooling System oem quality impact resistant for optimal efficiency,0,2025-07-21T00:00:00,2025-09-08T00:00:00
68d141ebb3fce85d4c560b3a,Mahindra Output Shaft for Zesto,Zesto,Mahindra,2010.0,,Transmission,7547.0,industrial grade wear resistant for better fuel economy,18.0,3.9,41.0,0,https://example.com/images/output_shaft_zesto.jpg,68d1346c3952f7cf7dee90d0,68d1346c3952f7cf7dee90d2,Kalyan Automobiles,Bala Nagar,17.475679,78.447328,premium,vintage,good,Mahindra Output Shaft for Zesto Zesto Mahindra  Transmission industrial grade wear resistant for better fuel economy,0,2025-09-11T00:00:00,2025-07-07T00:00:00
68d141ecb3fce85d4c560b3b,Heavy Duty Clutch Cable - Brutale 800,Brutale 800,Mv Agusta,2019.0,,Transmission,11456.0,heavy duty fuel efficient for better handling,21.0,3.5,47.0,0,https://example.com/images/clutch_cable_brutale_800.jpg,68d134ac3952f7cf7dee90e3,68d134ac3952f7cf7dee90e5,Shiva sai Automobiles,Mahabubabad,17.594209,80.006903,premium,classic,good,Heavy Duty Clutch Cable - Brutale 800 Brutale 800 Mv Agusta  Transmission heavy duty fuel efficient for better handling,0,2025-07-20T00:00:00,2025-07-27T00:00:00
68d141ecb3fce85d4c560b3c,Key Set - Z900,Z900,Kawasaki,2018.0,,Ignition,247.0,racing quality eco friendly for improved comfort,29.0,3.9,13.0,0,https://example.com/images/key_set_z900.jpg,68d135063952f7cf7dee90f6,68d135063952f7cf7dee90f8,Manoj Automobiles,Dilshknagar,17.367642,78.534282,budget,classic,good,Key Set - Z900 Z900 Kawasaki  Ignition racing quality eco friendly for improved comfort,0,2025-09-08T00:00:00,2025-08-31T00:00:00
68d141ecb3fce85d4c560b3d,OEM Headlight Lens - Springfield,Springfield,Indian,2013.0,,Lighting,4016.0,professional grade long lasting for better handling,3.0,4.5,42.0,0,https://example.com/images/headlight_lens_springfield.jpg,68d135833952f7cf7dee9109,68d135833952f7cf7dee910b,Mounika Automobiles,Karimnagar,18.435781,79.132861,mid-range,vintage,excellent,OEM Headlight Lens - Springfield Springfield Indian  Lighting professional grade long lasting for better handling,0,2025-08-14T00:00:00,2025-08-29T00:00:00
68d141ecb3fce85d4c560b3e,Heavy Duty Master Cylinder - Scout Rogue,Scout Rogue,Indian,2024.0,,Brakes,3411.0,premium quality fuel efficient for better control,5.0,3.8,45.0,0,https://example.com/images/master_cylinder_scout_rogue.jpg,68d135d63952f7cf7dee911e,68d135d63952f7cf7dee9120,baskar Automobiles,Medak,18.048948,78.269372,mid-range,modern,good,Heavy Duty Master Cylinder - Scout Rogue Scout Rogue Indian  Brakes premium quality fuel efficient for better control,0,2025-07-18T00:00:00,2025-07-18T00:00:00
68d141ecb3fce85d4c560b3f,Premium Clutch Plate for Brutale 1000,Brutale 1000,Mv Agusta,2020.0,,Transmission,9598.0,precision made chemical resistant for improved comfort,27.0,4.8,4.0,0,https://example.com/images/clutch_plate_brutale_1000.jpg,68d136193952f7cf7dee9131,68d136193952f7cf7dee9133,Mahesh Automobiles,Khammam,17.249885,80.15615,premium,modern,excellent,Premium Clutch Plate for Brutale 1000 Brutale 1000 Mv Agusta  Transmission precision made chemical resistant for improved comfort,0,2025-07-10T00:00:00,2025-08-07T00:00:00
68d141ecb3fce85d4c560b40,Spark Plug Assembly - Duro DZ,Duro DZ,Mahindra,2010.0,,Ignition,783.0,precision made high strength for enhanced durability,22.0,3.8,5.0,0,https://example.com/images/spark_plug_duro_dz.jpg,689d6959045c37933826818b,689d6959045c37933826818d,sai automobiles,RAMNAGAR COLONY PEERZADIGUDA UPPAL HYDERABAD,17.390358,78.606729,budget,vintage,good,Spark Plug Assembly - Duro DZ Duro DZ Mahindra  Ignition precision made high strength for enhanced durability,0,2025-08-01T00:00:00,2025-09-10T00:00:00
68d141ecb3fce85d4c560b41,Turn Signal Light Assembly - Continental GT 650,Continental GT 650,Royal Enfield,2016.0,,Lighting,5725.0,high performance impact resistant for better control,21.0,3.3,50.0,0,https://example.com/images/turn_signal_light_continental_gt_650.jpg,68ac2a8e3c73e23c655de052,68ac2a8f3c73e23c655de054,Swathi Automobiles,Chappal Bazar Road - Kachiguda ,17.38953,78.491245,premium,classic,good,Turn Signal Light Assembly - Continental GT 650 Continental GT 650 Royal Enfield  Lighting high performance impact resistant for better control,0,2025-08-16T00:00:00,2025-08-04T00:00:00
68d141ecb3fce85d4c560b42,OEM Flywheel - G 310 R,G 310 R,Bmw,2010.0,,Engine,4709.0,lightweight fuel efficient for smoother operation,19.0,3.8,27.0,0,https://example.com/images/flywheel_g_310_r.jpg,68d0c47d09554c358655174b,68d0c47e09554c358655174d,Tarun Automobiles,,17.423605,78.546314,mid-range,vintage,good,OEM Flywheel - G 310 R G 310 R Bmw  Engine lightweight fuel efficient for smoother operation,0,2025-08-12T00:00:00,2025-07-11T00:00:00
68d141ecb3fce85d4c560b43,OEM Low Beam Bulb - FTR 1200,FTR 1200,Indian,2021.0,,Lighting,3036.0,precision made corrosion resistant for optimal efficiency,2.0,4.0,23.0,0,https://example.com/images/low_beam_bulb_ftr_1200.jpg,68d133bf3952f7cf7dee90b7,68d133bf3952f7cf7dee90b9,Jyothi Automobiles,Hyderabad,17.511409,78.350972,mid-range,modern,good,OEM Low Beam Bulb - FTR 1200 FTR 1200 Indian  Lighting precision made corrosion resistant for optimal efficiency,0,2025-08-06T00:00:00,2025-08-05T00:00:00
68d141ecb3fce85d4c560b44,Genuine Capacitor - X-Blade,X-Blade,Honda,2023.0,,Electrical,4254.0,industrial grade maintenance free for enhanced durability,23.0,4.3,22.0,0,https://example.com/images/capacitor_x_blade.jpg,68d1346c3952f7cf7dee90d0,68d1346c3952f7cf7dee90d2,Kalyan Automobiles,Bala Nagar,17.475679,78.447328,mid-range,modern,good,Genuine Capacitor - X-Blade X-Blade Honda  Electrical industrial grade maintenance free for enhanced durability,0,2025-07-28T00:00:00,2025-07-03T00:00:00
68d141ecb3fce85d4c560b45,Carburetor - Vulcan S,Vulcan S,Kawasaki,2016.0,,Fuel System,9979.0,oem quality corrosion resistant for enhanced safety,1.0,3.9,36.0,0,https://example.com/images/carburetor_vulcan_s.jpg,68d134ac3952f7cf7dee90e3,68d134ac3952f7cf7dee90e5,Shiva sai Automobiles,Mahabubabad,17.594209,80.006903,premium,classic,good,Carburetor - Vulcan S Vulcan S Kawasaki  Fuel System oem quality corrosion resistant for enhanced safety,0,2025-07-04T00:00:00,2025-07-23T00:00:00
68d141ecb3fce85d4c560b46,Ducati Shift Drum for Panigale V4,Panigale V4,Ducati,2015.0,,Transmission,15668.0,durable weather resistant for enhanced stability,19.0,4.1,19.0,0,https://example.com/images/shift_drum_panigale_v4.jpg,68d135063952f7cf7dee90f6,68d135063952f7cf7dee90f8,Manoj Automobiles,Dilshknagar,17.367642,78.534282,premium,classic,good,Ducati Shift Drum for Panigale V4 Panigale V4 Ducati  Transmission durable weather resistant for enhanced stability,0,2025-07-04T00:00:00,2025-08-09T00:00:00
68d141ecb3fce85d4c560b47,K&N Filter Assembly - K 1600 GTL,K 1600 GTL,Bmw,2017.0,,Filters,758.0,street performance precision engineered for better fuel economy,4.0,3.3,23.0,0,https://example.com/images/k&n_filter_k_1600_gtl.jpg,68d135833952f7cf7dee9109,68d135833952f7cf7dee910b,Mounika Automobiles,Karimnagar,18.435781,79.132861,budget,classic,good,K&N Filter Assembly - K 1600 GTL K 1600 GTL Bmw  Filters street performance precision engineered for better fuel economy,0,2025-08-28T00:00:00,2025-08-17T00:00:00
68d141ecb3fce85d4c560b48,OEM Phone Mount - CL 300,CL 300,Jawa,2016.0,,Accessories,4092.0,racing quality eco friendly for increased power,1.0,5.0,28.0,0,https://example.com/images/phone_mount_cl_300.jpg,68d135d63952f7cf7dee911e,68d135d63952f7cf7dee9120,baskar Automobiles,Medak,18.048948,78.269372,mid-range,classic,excellent,OEM Phone Mount - CL 300 CL 300 Jawa  Accessories racing quality eco friendly for increased power,0,2025-08-07T00:00:00,2025-07-19T00:00:00
68d141ecb3fce85d4c560b49,Brake Cable Assembly - 1290 Super Duke R,1290 Super Duke R,Ktm,2020.0,,Brakes,866.0,long lasting impact resistant for improved performance,3.0,3.4,23.0,0,https://example.com/images/brake_cable_1290_super_duke_r.jpg,68d136193952f7cf7dee9131,68d136193952f7cf7dee9133,Mahesh Automobiles,Khammam,17.249885,80.15615,mid-range,modern,good,Brake Cable Assembly - 1290 Super Duke R 1290 Super Duke R Ktm  Brakes long lasting impact resistant for improved performance,0,2025-08-21T00:00:00,2025-07-08T00:00:00
68d141ecb3fce85d4c560b4a,Heavy Duty Timing Light - Alpha,Alpha,Yamaha,2020.0,,Ignition,743.0,heavy duty heat treated for improved comfort,1.0,3.7,14.0,0,https://example.com/images/timing_light_alpha.jpg,689d6959045c37933826818b,689d6959045c37933826818d,sai automobiles,RAMNAGAR COLONY PEERZADIGUDA UPPAL HYDERABAD,17.390358,78.606729,budget,modern,good,Heavy Duty Timing Light - Alpha Alpha Yamaha  Ignition heavy duty heat treated for improved comfort,0,2025-07-01T00:00:00,2025-07-24T00:00:00
68d141ecb3fce85d4c560b4b,OEM Exhaust Flange - Turismo Veloce,Turismo Veloce,Mv Agusta,2014.0,,Exhaust,8858.0,advanced fuel efficient for maximum protection,9.0,3.9,15.0,0,https://example.com/images/exhaust_flange_turismo_veloce.jpg,68ac2a8e3c73e23c655de052,68ac2a8f3c73e23c655de054,Swathi Automobiles,Chappal Bazar Road - Kachiguda ,17.38953,78.491245,premium,vintage,good,OEM Exhaust Flange - Turismo Veloce Turismo Veloce Mv Agusta  Exhaust advanced fuel efficient for maximum protection,0,2025-08-06T00:00:00,2025-09-02T00:00:00
68d141ecb3fce85d4c560b4c,Electra Wiring Harness,Electra,Royal Enfield,2018.0,,Electrical,2054.0,high performance weather resistant for optimal efficiency,28.0,4.1,12.0,0,https://example.com/images/wiring_harness_electra.jpg,68d0c47d09554c358655174b,68d0c47e09554c358655174d,Tarun Automobiles,,17.423605,78.546314,mid-range,classic,good,Electra Wiring Harness Electra Royal Enfield  Electrical high performance weather resistant for optimal efficiency,0,2025-08-01T00:00:00,2025-08-24T00:00:00
68d141ecb3fce85d4c560b4d,HT Lead Assembly - Super Meteor 650,Super Meteor 650,Royal Enfield,2012.0,,Ignition,508.0,premium quality temperature stable for maximum protection,7.0,3.7,12.0,0,https://example.com/images/ht_lead_super_meteor_650.jpg,68d133bf3952f7cf7dee90b7,68d133bf3952f7cf7dee90b9,Jyothi Automobiles,Hyderabad,17.511409,78.350972,budget,vintage,good,HT Lead Assembly - Super Meteor 650 Super Meteor 650 Royal Enfield  Ignition premium quality temperature stable for maximum protection,0,2025-09-21T00:00:00,2025-08-01T00:00:00
68d141ecb3fce85d4c560b4e,Genuine Penetrating Oil - Chief,Chief,Indian,2024.0,,Maintenance,847.0,precision made temperature stable for better control,1.0,4.9,37.0,0,https://example.com/images/penetrating_oil_chief.jpg,68d1346c3952f7cf7dee90d0,68d1346c3952f7cf7dee90d2,Kalyan Automobiles,Bala Nagar,17.475679,78.447328,budget,modern,excellent,Genuine Penetrating Oil - Chief Chief Indian  Maintenance precision made temperature stable for better control,0,2025-08-07T00:00:00,2025-07-24T00:00:00
68d141ecb3fce85d4c560b4f,Premium Diode for Glamour,Glamour,Hero,2014.0,,Electrical,3135.0,oem quality precision engineered for better control,24.0,4.1,33.0,0,https://example.com/images/diode_glamour.jpg,68d134ac3952f7cf7dee90e3,68d134ac3952f7cf7dee90e5,Shiva sai Automobiles,Mahabubabad,17.594209,80.006903,mid-range,vintage,good,Premium Diode for Glamour Glamour Hero  Electrical oem quality precision engineered for better control,0,2025-08-15T00:00:00,2025-07-04T00:00:00
68d141ecb3fce85d4c560b50,OEM Side Stand - Intruder,Intruder,Suzuki,2011.0,,Body Parts,4719.0,precision made maintenance free for improved performance,24.0,3.7,28.0,0,https://example.com/images/side_stand_intruder.jpg,68d135063952f7cf7dee90f6,68d135063952f7cf7dee90f8,Manoj Automobiles,Dilshknagar,17.367642,78.534282,mid-range,vintage,good,OEM Side Stand - Intruder Intruder Suzuki  Body Parts precision made maintenance free for improved performance,0,2025-07-07T00:00:00,2025-08-18T00:00:00
68d141ecb3fce85d4c560b51,Perak Fuel Filter,Perak,Jawa,2023.0,,Filters,728.0,durable weather resistant for increased power,28.0,4.6,14.0,0,https://example.com/images/fuel_filter_perak.jpg,68d135833952f7cf7dee9109,68d135833952f7cf7dee910b,Mounika Automobiles,Karimnagar,18.435781,79.132861,budget,modern,excellent,Perak Fuel Filter Perak Jawa  Filters durable weather resistant for increased power,0,2025-09-02T00:00:00,2025-09-04T00:00:00
68d141ecb3fce85d4c560b52,Front Sprocket Assembly - Avenger Street 160,Avenger Street 160,Bajaj,2014.0,,Drivetrain,5444.0,oem quality high strength for enhanced durability,9.0,4.1,50.0,0,https://example.com/images/front_sprocket_avenger_street_160.jpg,68d135d63952f7cf7dee911e,68d135d63952f7cf7dee9120,baskar Automobiles,Medak,18.048948,78.269372,mid-range,vintage,good,Front Sprocket Assembly - Avenger Street 160 Avenger Street 160 Bajaj  Drivetrain oem quality high strength for enhanced durability,0,2025-08-24T00:00:00,2025-09-12T00:00:00
68d141ecb3fce85d4c560b53,Harley-Davidson Hub Bearing for Fat Bob,Fat Bob,Harley-Davidson,2012.0,,Wheels & Tires,12971.0,lightweight eco friendly for enhanced safety,17.0,3.6,37.0,0,https://example.com/images/hub_bearing_fat_bob.jpg,68d136193952f7cf7dee9131,68d136193952f7cf7dee9133,Mahesh Automobiles,Khammam,17.249885,80.15615,premium,vintage,good,Harley-Davidson Hub Bearing for Fat Bob Fat Bob Harley-Davidson  Wheels & Tires lightweight eco friendly for enhanced safety,0,2025-09-02T00:00:00,2025-08-08T00:00:00
68d141ecb3fce85d4c560b54,Heavy Duty Foam Filter - V15,V15,Bajaj,2012.0,,Filters,1414.0,street performance long lasting for optimal efficiency,20.0,3.8,45.0,0,https://example.com/images/foam_filter_v15.jpg,689d6959045c37933826818b,689d6959045c37933826818d,sai automobiles,RAMNAGAR COLONY PEERZADIGUDA UPPAL HYDERABAD,17.390358,78.606729,mid-range,vintage,good,Heavy Duty Foam Filter - V15 V15 Bajaj  Filters street performance long lasting for optimal efficiency,0,2025-08-07T00:00:00,2025-09-20T00:00:00
68d141ecb3fce85d4c560b55,Tail Box - Rodeo RZ,Rodeo RZ,Mahindra,2022.0,,Accessories,4539.0,superior impact resistant for superior reliability,27.0,3.9,31.0,0,https://example.com/images/tail_box_rodeo_rz.jpg,68ac2a8e3c73e23c655de052,68ac2a8f3c73e23c655de054,Swathi Automobiles,Chappal Bazar Road - Kachiguda ,17.38953,78.491245,mid-range,modern,good,Tail Box - Rodeo RZ Rodeo RZ Mahindra  Accessories superior impact resistant for superior reliability,0,2025-07-03T00:00:00,2025-08-26T00:00:00
68d141ecb3fce85d4c560b56,Shock Absorber Oil - Café Racer,Café Racer,Jawa,2025.0,,Suspension,7631.0,racing quality heat treated for smoother operation,5.0,4.5,22.0,0,https://example.com/images/shock_absorber_oil_café_racer.jpg,68d0c47d09554c358655174b,68d0c47e09554c358655174d,Tarun Automobiles,,17.423605,78.546314,premium,modern,excellent,Shock Absorber Oil - Café Racer Café Racer Jawa  Suspension racing quality heat treated for smoother operation,0,2025-08-20T00:00:00,2025-08-09T00:00:00
68d141ecb3fce85d4c560b57,Bypass Filter - Ninja 650,Ninja 650,Kawasaki,2015.0,,Filters,1387.0,enhanced wear resistant for better fuel economy,17.0,4.5,16.0,0,https://example.com/images/bypass_filter_ninja_650.jpg,68d133bf3952f7cf7dee90b7,68d133bf3952f7cf7dee90b9,Jyothi Automobiles,Hyderabad,17.511409,78.350972,mid-range,classic,excellent,Bypass Filter - Ninja 650 Ninja 650 Kawasaki  Filters enhanced wear resistant for better fuel economy,0,2025-09-08T00:00:00,2025-07-26T00:00:00
68d141ecb3fce85d4c560b58,Riding Jacket - F3 800,F3 800,Mv Agusta,2024.0,,Safety,5871.0,long lasting wear resistant for superior reliability,6.0,3.9,4.0,0,https://example.com/images/riding_jacket_f3_800.jpg,68d1346c3952f7cf7dee90d0,68d1346c3952f7cf7dee90d2,Kalyan Automobiles,Bala Nagar,17.475679,78.447328,premium,modern,good,Riding Jacket - F3 800 F3 800 Mv Agusta  Safety long lasting wear resistant for superior reliability,0,2025-08-03T00:00:00,2025-08-11T00:00:00
68d141ecb3fce85d4c560b59,Genuine Pressure Plate - Pleasure Plus,Pleasure Plus,Hero,2012.0,,Transmission,3961.0,durable heat treated for increased power,19.0,3.6,44.0,0,https://example.com/images/pressure_plate_pleasure_plus.jpg,68d134ac3952f7cf7dee90e3,68d134ac3952f7cf7dee90e5,Shiva sai Automobiles,Mahabubabad,17.594209,80.006903,mid-range,vintage,good,Genuine Pressure Plate - Pleasure Plus Pleasure Plus Hero  Transmission durable heat treated for increased power,0,2025-09-18T00:00:00,2025-07-24T00:00:00
68d141ecb3fce85d4c560b5a,Premium Front Brake Pad for F3 800,F3 800,Mv Agusta,2011.0,,Brakes,3681.0,long lasting high strength for enhanced stability,7.0,4.4,35.0,0,https://example.com/images/front_brake_pad_f3_800.jpg,68d135063952f7cf7dee90f6,68d135063952f7cf7dee90f8,Manoj Automobiles,Dilshknagar,17.367642,78.534282,mid-range,vintage,good,Premium Front Brake Pad for F3 800 F3 800 Mv Agusta  Brakes long lasting high strength for enhanced stability,0,2025-08-20T00:00:00,2025-08-26T00:00:00
68d141ecb3fce85d4c560b5b,Genuine Safety Triangle - Apache RTR 200 4V,Apache RTR 200 4V,Tvs,2014.0,,Safety,5984.0,racing quality chemical resistant for better handling,4.0,4.3,40.0,0,https://example.com/images/safety_triangle_apache_rtr_200_4v.jpg,68d135833952f7cf7dee9109,68d135833952f7cf7dee910b,Mounika Automobiles,Karimnagar,18.435781,79.132861,premium,vintage,good,Genuine Safety Triangle - Apache RTR 200 4V Apache RTR 200 4V Tvs  Safety racing quality chemical resistant for better handling,0,2025-07-22T00:00:00,2025-07-29T00:00:00
68d141ecb3fce85d4c560b5c,Roadmaster Handlebar,Roadmaster,Indian,2014.0,,Body Parts,1094.0,durable noise reducing for enhanced stability,4.0,4.5,3.0,0,https://example.com/images/handlebar_roadmaster.jpg,68d135d63952f7cf7dee911e,68d135d63952f7cf7dee9120,baskar Automobiles,Medak,18.048948,78.269372,mid-range,vintage,excellent,Roadmaster Handlebar Roadmaster Indian  Body Parts durable noise reducing for enhanced stability,0,2025-08-02T00:00:00,2025-07-30T00:00:00
68d141ecb3fce85d4c560b5d,Belly Pan - Himalayan,Himalayan,Royal Enfield,2014.0,,Body Parts,6878.0,street performance weather resistant for superior reliability,26.0,4.7,29.0,0,https://example.com/images/belly_pan_himalayan.jpg,68d136193952f7cf7dee9131,68d136193952f7cf7dee9133,Mahesh Automobiles,Khammam,17.249885,80.15615,premium,vintage,excellent,Belly Pan - Himalayan Himalayan Royal Enfield  Body Parts street performance weather resistant for superior reliability,0,2025-08-06T00:00:00,2025-07-31T00:00:00
68d141ecb3fce85d4c560b5e,Baffle - Duke 250,Duke 250,Ktm,2023.0,,Exhaust,11501.0,industrial grade wear resistant for reduced maintenance,17.0,4.2,43.0,0,https://example.com/images/baffle_duke_250.jpg,689d6959045c37933826818b,689d6959045c37933826818d,sai automobiles,RAMNAGAR COLONY PEERZADIGUDA UPPAL HYDERABAD,17.390358,78.606729,premium,modern,good,Baffle - Duke 250 Duke 250 Ktm  Exhaust industrial grade wear resistant for reduced maintenance,0,2025-08-08T00:00:00,2025-07-04T00:00:00
68d141ecb3fce85d4c560b5f,Clutch Basket Assembly - Caponord 1200,Caponord 1200,Aprilia,2016.0,,Transmission,7673.0,high performance fuel efficient for improved comfort,23.0,3.6,41.0,0,https://example.com/images/clutch_basket_caponord_1200.jpg,68ac2a8e3c73e23c655de052,68ac2a8f3c73e23c655de054,Swathi Automobiles,Chappal Bazar Road - Kachiguda ,17.38953,78.491245,premium,classic,good,Clutch Basket Assembly - Caponord 1200 Caponord 1200 Aprilia  Transmission high performance fuel efficient for improved comfort,0,2025-07-09T00:00:00,2025-08-24T00:00:00
68d141ecb3fce85d4c560b60,Heavy Duty Engine Guard - Scout Bobber,Scout Bobber,Indian,2022.0,,Accessories,1698.0,premium quality chemical resistant for reduced maintenance,21.0,3.7,49.0,0,https://example.com/images/engine_guard_scout_bobber.jpg,68d0c47d09554c358655174b,68d0c47e09554c358655174d,Tarun Automobiles,,17.423605,78.546314,mid-range,modern,good,Heavy Duty Engine Guard - Scout Bobber Scout Bobber Indian  Accessories premium quality chemical resistant for reduced maintenance,0,2025-09-08T00:00:00,2025-08-31T00:00:00
68d141ecb3fce85d4c560b61,Performance Safety Cone - F 850 GS,F 850 GS,Bmw,2025.0,,Safety,4434.0,premium quality impact resistant for maximum protection,2.0,4.0,3.0,0,https://example.com/images/safety_cone_f_850_gs.jpg,68d133bf3952f7cf7dee90b7,68d133bf3952f7cf7dee90b9,Jyothi Automobiles,Hyderabad,17.511409,78.350972,mid-range,modern,good,Performance Safety Cone - F 850 GS F 850 GS Bmw  Safety premium quality impact resistant for maximum protection,0,2025-07-16T00:00:00,2025-07-30T00:00:00
68d141ecb3fce85d4c560b62,Racing Reflective Vest - Imperiale 400,Imperiale 400,Benelli,2021.0,,Safety,2008.0,heavy duty eco friendly for improved performance,12.0,3.9,5.0,0,https://example.com/images/reflective_vest_imperiale_400.jpg,68d1346c3952f7cf7dee90d0,68d1346c3952f7cf7dee90d2,Kalyan Automobiles,Bala Nagar,17.475679,78.447328,mid-range,modern,good,Racing Reflective Vest - Imperiale 400 Imperiale 400 Benelli  Safety heavy duty eco friendly for improved performance,0,2025-08-03T00:00:00,2025-09-14T00:00:00
68d141ecb3fce85d4c560b63,Premium Front Tire for Rivale 800,Rivale 800,Mv Agusta,2017.0,,Wheels & Tires,1017.0,advanced vibration dampening for optimal efficiency,18.0,3.4,29.0,0,https://example.com/images/front_tire_rivale_800.jpg,68d134ac3952f7cf7dee90e3,68d134ac3952f7cf7dee90e5,Shiva sai Automobiles,Mahabubabad,17.594209,80.006903,mid-range,classic,good,Premium Front Tire for Rivale 800 Rivale 800 Mv Agusta  Wheels & Tires advanced vibration dampening for optimal efficiency,0,2025-09-09T00:00:00,2025-07-28T00:00:00
68d141ecb3fce85d4c560b64,FTR 1200 Swing Arm Bearing,FTR 1200,Indian,2018.0,,Suspension,13683.0,superior heat treated for maximum protection,27.0,3.7,45.0,0,https://example.com/images/swing_arm_bearing_ftr_1200.jpg,68d135063952f7cf7dee90f6,68d135063952f7cf7dee90f8,Manoj Automobiles,Dilshknagar,17.367642,78.534282,premium,classic,good,FTR 1200 Swing Arm Bearing FTR 1200 Indian  Suspension superior heat treated for maximum protection,0,2025-08-20T00:00:00,2025-07-18T00:00:00
68d141ecb3fce85d4c560b65,Performance USB Charger - CBZ Xtreme,CBZ Xtreme,Hero,2020.0,,Accessories,2259.0,long lasting vibration dampening for better fuel economy,13.0,5.0,40.0,0,https://example.com/images/usb_charger_cbz_xtreme.jpg,68d135833952f7cf7dee9109,68d135833952f7cf7dee910b,Mounika Automobiles,Karimnagar,18.435781,79.132861,mid-range,modern,excellent,Performance USB Charger - CBZ Xtreme CBZ Xtreme Hero  Accessories long lasting vibration dampening for better fuel economy,0,2025-09-18T00:00:00,2025-09-04T00:00:00
68d141ecb3fce85d4c560b66,Racing Tool Kit - Shotgun 650,Shotgun 650,Royal Enfield,2012.0,,Accessories,2716.0,industrial grade vibration dampening for optimal efficiency,3.0,4.4,36.0,0,https://example.com/images/tool_kit_shotgun_650.jpg,68d135d63952f7cf7dee911e,68d135d63952f7cf7dee9120,baskar Automobiles,Medak,18.048948,78.269372,mid-range,vintage,good,Racing Tool Kit - Shotgun 650 Shotgun 650 Royal Enfield  Accessories industrial grade vibration dampening for optimal efficiency,0,2025-09-20T00:00:00,2025-09-10T00:00:00
68d141ecb3fce85d4c560b67,Side Panel - Scrambler Icon,Scrambler Icon,Ducati,2010.0,,Body Parts,2408.0,premium quality impact resistant for improved comfort,10.0,4.1,7.0,0,https://example.com/images/side_panel_scrambler_icon.jpg,68d136193952f7cf7dee9131,68d136193952f7cf7dee9133,Mahesh Automobiles,Khammam,17.249885,80.15615,mid-range,vintage,good,Side Panel - Scrambler Icon Scrambler Icon Ducati  Body Parts premium quality impact resistant for improved comfort,0,2025-08-04T00:00:00,2025-08-23T00:00:00
68d141ecb3fce85d4c560b68,Premium Engine Guard for C 400 X,C 400 X,Bmw,2012.0,,Accessories,2235.0,premium quality temperature stable for reduced maintenance,1.0,3.9,1.0,0,https://example.com/images/engine_guard_c_400_x.jpg,689d6959045c37933826818b,689d6959045c37933826818d,sai automobiles,RAMNAGAR COLONY PEERZADIGUDA UPPAL HYDERABAD,17.390358,78.606729,mid-range,vintage,good,Premium Engine Guard for C 400 X C 400 X Bmw  Accessories premium quality temperature stable for reduced maintenance,0,2025-08-17T00:00:00,2025-08-03T00:00:00
68d141ecb3fce85d4c560b69,Performance Axle - Mojo,Mojo,Mahindra,2022.0,,Wheels & Tires,6754.0,enhanced long lasting for optimal efficiency,29.0,3.7,5.0,0,https://example.com/images/axle_mojo.jpg,68ac2a8e3c73e23c655de052,68ac2a8f3c73e23c655de054,Swathi Automobiles,Chappal Bazar Road - Kachiguda ,17.38953,78.491245,premium,modern,good,Performance Axle - Mojo Mojo Mahindra  Wheels & Tires enhanced long lasting for optimal efficiency,0,2025-08-11T00:00:00,2025-07-12T00:00:00
68d141ecb3fce85d4c560b6a,Heavy Duty Fuel Tank - Scout,Scout,Indian,2011.0,,Fuel System,8643.0,durable maintenance free for smoother operation,22.0,4.3,16.0,0,https://example.com/images/fuel_tank_scout.jpg,68d0c47d09554c358655174b,68d0c47e09554c358655174d,Tarun Automobiles,,17.423605,78.546314,premium,vintage,good,Heavy Duty Fuel Tank - Scout Scout Indian  Fuel System durable maintenance free for smoother operation,0,2025-09-18T00:00:00,2025-09-14T00:00:00
68d141ecb3fce85d4c560b6b,OEM Racing Filter - K 1600 GTL,K 1600 GTL,Bmw,2024.0,,Filters,901.0,enhanced heat treated for improved comfort,14.0,3.7,10.0,0,https://example.com/images/racing_filter_k_1600_gtl.jpg,68d133bf3952f7cf7dee90b7,68d133bf3952f7cf7dee90b9,Jyothi Automobiles,Hyderabad,17.511409,78.350972,mid-range,modern,good,OEM Racing Filter - K 1600 GTL K 1600 GTL Bmw  Filters enhanced heat treated for improved comfort,0,2025-07-04T00:00:00,2025-09-21T00:00:00
68d141ecb3fce85d4c560b6c,Fuel Gauge - R nineT,R nineT,Bmw,2017.0,,Fuel System,1977.0,enhanced corrosion resistant for enhanced stability,27.0,4.9,27.0,0,https://example.com/images/fuel_gauge_r_ninet.jpg,68d1346c3952f7cf7dee90d0,68d1346c3952f7cf7dee90d2,Kalyan Automobiles,Bala Nagar,17.475679,78.447328,mid-range,classic,excellent,Fuel Gauge - R nineT R nineT Bmw  Fuel System enhanced corrosion resistant for enhanced stability,0,2025-07-28T00:00:00,2025-08-31T00:00:00
68d141ecb3fce85d4c560b6d,Performance Fork Oil Seal - Aerox 155,Aerox 155,Yamaha,2013.0,,Suspension,13481.0,advanced eco friendly for better handling,22.0,3.2,43.0,0,https://example.com/images/fork_oil_seal_aerox_155.jpg,68d134ac3952f7cf7dee90e3,68d134ac3952f7cf7dee90e5,Shiva sai Automobiles,Mahabubabad,17.594209,80.006903,premium,vintage,good,Performance Fork Oil Seal - Aerox 155 Aerox 155 Yamaha  Suspension advanced eco friendly for better handling,0,2025-07-24T00:00:00,2025-09-04T00:00:00
68d141ecb3fce85d4c560b6e,OEM Output Shaft - SP 125,SP 125,Honda,2010.0,,Transmission,11596.0,oem quality noise reducing for increased power,27.0,3.4,37.0,0,https://example.com/images/output_shaft_sp_125.jpg,68d135063952f7cf7dee90f6,68d135063952f7cf7dee90f8,Manoj Automobiles,Dilshknagar,17.367642,78.534282,premium,vintage,good,OEM Output Shaft - SP 125 SP 125 Honda  Transmission oem quality noise reducing for increased power,0,2025-07-05T00:00:00,2025-07-10T00:00:00
68d141ecb3fce85d4c560b6f,Genuine Rear Cowl - Scrambler,Scrambler,Yezdi,2012.0,,Body Parts,6543.0,oem quality heat treated for improved performance,3.0,4.2,5.0,0,https://example.com/images/rear_cowl_scrambler.jpg,68d135833952f7cf7dee9109,68d135833952f7cf7dee910b,Mounika Automobiles,Karimnagar,18.435781,79.132861,premium,vintage,good,Genuine Rear Cowl - Scrambler Scrambler Yezdi  Body Parts oem quality heat treated for improved performance,0,2025-07-25T00:00:00,2025-09-17T00:00:00
68d141ecb3fce85d4c560b70,Axle Assembly - GSX-S750,GSX-S750,Suzuki,2019.0,,Wheels & Tires,5178.0,long lasting heat treated for superior reliability,8.0,4.8,40.0,0,https://example.com/images/axle_gsx_s750.jpg,68d135d63952f7cf7dee911e,68d135d63952f7cf7dee9120,baskar Automobiles,Medak,18.048948,78.269372,mid-range,classic,excellent,Axle Assembly - GSX-S750 GSX-S750 Suzuki  Wheels & Tires long lasting heat treated for superior reliability,0,2025-09-16T00:00:00,2025-08-27T00:00:00
68d141ecb3fce85d4c560b71,Vacuum Filter - Standard,Standard,Jawa,2024.0,,Filters,196.0,advanced eco friendly for improved performance,15.0,3.8,48.0,0,https://example.com/images/vacuum_filter_standard.jpg,68d136193952f7cf7dee9131,68d136193952f7cf7dee9133,Mahesh Automobiles,Khammam,17.249885,80.15615,budget,modern,good,Vacuum Filter - Standard Standard Jawa  Filters advanced eco friendly for improved performance,0,2025-09-03T00:00:00,2025-07-14T00:00:00
68d141ecb3fce85d4c560b72,Assembly Paste Assembly - Scout,Scout,Indian,2022.0,,Maintenance,373.0,superior corrosion resistant for enhanced durability,22.0,4.1,28.0,0,https://example.com/images/assembly_paste_scout.jpg,689d6959045c37933826818b,689d6959045c37933826818d,sai automobiles,RAMNAGAR COLONY PEERZADIGUDA UPPAL HYDERABAD,17.390358,78.606729,budget,modern,good,Assembly Paste Assembly - Scout Scout Indian  Maintenance superior corrosion resistant for enhanced durability,0,2025-09-17T00:00:00,2025-08-07T00:00:00
68d141ecb3fce85d4c560b73,Racing Tank Cap - Dorsoduro 900,Dorsoduro 900,Aprilia,2012.0,,Fuel System,9288.0,oem quality eco friendly for increased power,4.0,3.6,15.0,0,https://example.com/images/tank_cap_dorsoduro_900.jpg,68ac2a8e3c73e23c655de052,68ac2a8f3c73e23c655de054,Swathi Automobiles,Chappal Bazar Road - Kachiguda ,17.38953,78.491245,premium,vintage,good,Racing Tank Cap - Dorsoduro 900 Dorsoduro 900 Aprilia  Fuel System oem quality eco friendly for increased power,0,2025-08-14T00:00:00,2025-07-10T00:00:00
68d141ecb3fce85d4c560b74,Forty Two Safety Cone,Forty Two,Jawa,2018.0,,Safety,1574.0,high performance vibration dampening for reduced maintenance,5.0,4.3,6.0,0,https://example.com/images/safety_cone_forty_two.jpg,68d0c47d09554c358655174b,68d0c47e09554c358655174d,Tarun Automobiles,,17.423605,78.546314,mid-range,classic,good,Forty Two Safety Cone Forty Two Jawa  Safety high performance vibration dampening for reduced maintenance,0,2025-08-04T00:00:00,2025-07-05T00:00:00
68d141ecb3fce85d4c560b75,Trigger Coil Assembly - FTR 1200,FTR 1200,Indian,2023.0,,Ignition,1952.0,durable impact resistant for better handling,16.0,4.7,19.0,0,https://example.com/images/trigger_coil_ftr_1200.jpg,68d133bf3952f7cf7dee90b7,68d133bf3952f7cf7dee90b9,Jyothi Automobiles,Hyderabad,17.511409,78.350972,mid-range,modern,excellent,Trigger Coil Assembly - FTR 1200 FTR 1200 Indian  Ignition durable impact resistant for better handling,0,2025-09-13T00:00:00,2025-08-01T00:00:00
68d141ecb3fce85d4c560b76,Racing Gear Shift Lever - KLX 230,KLX 230,Kawasaki,2024.0,,Transmission,8516.0,industrial grade wear resistant for better handling,4.0,4.6,38.0,0,https://example.com/images/gear_shift_lever_klx_230.jpg,68d1346c3952f7cf7dee90d0,68d1346c3952f7cf7dee90d2,Kalyan Automobiles,Bala Nagar,17.475679,78.447328,premium,modern,excellent,Racing Gear Shift Lever - KLX 230 KLX 230 Kawasaki  Transmission industrial grade wear resistant for better handling,0,2025-08-15T00:00:00,2025-08-11T00:00:00
68d141ecb3fce85d4c560b77,Emergency Blanket - Street Glide,Street Glide,Harley-Davidson,2025.0,,Safety,7635.0,enhanced heat treated for enhanced safety,6.0,4.8,27.0,0,https://example.com/images/emergency_blanket_street_glide.jpg,68d134ac3952f7cf7dee90e3,68d134ac3952f7cf7dee90e5,Shiva sai Automobiles,Mahabubabad,17.594209,80.006903,premium,modern,excellent,Emergency Blanket - Street Glide Street Glide Harley-Davidson  Safety enhanced heat treated for enhanced safety,0,2025-09-03T00:00:00,2025-07-20T00:00:00
68d141ecb3fce85d4c560b78,Racing Footpeg Set - K 1600 GTL,K 1600 GTL,Bmw,2016.0,,Accessories,4274.0,oem quality maintenance free for better control,30.0,3.7,39.0,0,https://example.com/images/footpeg_set_k_1600_gtl.jpg,68d135063952f7cf7dee90f6,68d135063952f7cf7dee90f8,Manoj Automobiles,Dilshknagar,17.367642,78.534282,mid-range,classic,good,Racing Footpeg Set - K 1600 GTL K 1600 GTL Bmw  Accessories oem quality maintenance free for better control,0,2025-07-16T00:00:00,2025-09-08T00:00:00
68d141ecb3fce85d4c560b79,Performance Grab Rail - Classic 350,Classic 350,Royal Enfield,2023.0,,Body Parts,7306.0,superior impact resistant for enhanced durability,15.0,3.7,10.0,0,https://example.com/images/grab_rail_classic_350.jpg,68d135833952f7cf7dee9109,68d135833952f7cf7dee910b,Mounika Automobiles,Karimnagar,18.435781,79.132861,premium,modern,good,Performance Grab Rail - Classic 350 Classic 350 Royal Enfield  Body Parts superior impact resistant for enhanced durability,0,2025-08-25T00:00:00,2025-07-26T00:00:00
68d141ecb3fce85d4c560b7a,Heavy Duty Brake Light Bulb - Dragster 800,Dragster 800,Mv Agusta,2022.0,,Lighting,1770.0,precision made fuel efficient for better fuel economy,17.0,4.2,50.0,0,https://example.com/images/brake_light_bulb_dragster_800.jpg,68d135d63952f7cf7dee911e,68d135d63952f7cf7dee9120,baskar Automobiles,Medak,18.048948,78.269372,mid-range,modern,good,Heavy Duty Brake Light Bulb - Dragster 800 Dragster 800 Mv Agusta  Lighting precision made fuel efficient for better fuel economy,0,2025-09-14T00:00:00,2025-07-21T00:00:00
68d141ecb3fce85d4c560b7b,Genuine Wind Screen - Super Splendor,Super Splendor,Hero,2016.0,,Body Parts,3046.0,heavy duty high strength for enhanced stability,14.0,3.4,18.0,0,https://example.com/images/wind_screen_super_splendor.jpg,68d136193952f7cf7dee9131,68d136193952f7cf7dee9133,Mahesh Automobiles,Khammam,17.249885,80.15615,mid-range,classic,good,Genuine Wind Screen - Super Splendor Super Splendor Hero  Body Parts heavy duty high strength for enhanced stability,0,2025-09-10T00:00:00,2025-08-09T00:00:00
68d141ecb3fce85d4c560b7c,Heavy Duty Exhaust Clamp - Classic,Classic,Jawa,2023.0,,Exhaust,16343.0,durable wear resistant for improved comfort,30.0,3.6,41.0,0,https://example.com/images/exhaust_clamp_classic.jpg,689d6959045c37933826818b,689d6959045c37933826818d,sai automobiles,RAMNAGAR COLONY PEERZADIGUDA UPPAL HYDERABAD,17.390358,78.606729,premium,modern,good,Heavy Duty Exhaust Clamp - Classic Classic Jawa  Exhaust durable wear resistant for improved comfort,0,2025-08-07T00:00:00,2025-07-25T00:00:00
68d141ecb3fce85d4c560b7d,OEM Riding Jacket - Speed Triple,Speed Triple,Triumph,2014.0,,Safety,548.0,premium quality high strength for longer life,4.0,4.8,19.0,0,https://example.com/images/riding_jacket_speed_triple.jpg,68ac2a8e3c73e23c655de052,68ac2a8f3c73e23c655de054,Swathi Automobiles,Chappal Bazar Road - Kachiguda ,17.38953,78.491245,budget,vintage,excellent,OEM Riding Jacket - Speed Triple Speed Triple Triumph  Safety premium quality high strength for longer life,0,2025-07-10T00:00:00,2025-08-30T00:00:00
68d141ecb3fce85d4c560b7e,Racing Swing Arm Bearing - Adventure 390,Adventure 390,Ktm,2016.0,,Suspension,8073.0,long lasting maintenance free for smoother operation,6.0,4.4,2.0,0,https://example.com/images/swing_arm_bearing_adventure_390.jpg,68d0c47d09554c358655174b,68d0c47e09554c358655174d,Tarun Automobiles,,17.423605,78.546314,premium,classic,good,Racing Swing Arm Bearing - Adventure 390 Adventure 390 Ktm  Suspension long lasting maintenance free for smoother operation,0,2025-07-04T00:00:00,2025-07-10T00:00:00
68d141ecb3fce85d4c560b7f,Premium Chest Protector for Radeon,Radeon,Tvs,2011.0,,Safety,6606.0,industrial grade heat treated for increased power,12.0,4.2,37.0,0,https://example.com/images/chest_protector_radeon.jpg,68d133bf3952f7cf7dee90b7,68d133bf3952f7cf7dee90b9,Jyothi Automobiles,Hyderabad,17.511409,78.350972,premium,vintage,good,Premium Chest Protector for Radeon Radeon Tvs  Safety industrial grade heat treated for increased power,0,2025-08-06T00:00:00,2025-09-21T00:00:00
68d141ecb3fce85d4c560b80,Drive Shaft - Monster 821,Monster 821,Ducati,2024.0,,Drivetrain,1896.0,street performance long lasting for improved comfort,23.0,3.3,17.0,0,https://example.com/images/drive_shaft_monster_821.jpg,68d1346c3952f7cf7dee90d0,68d1346c3952f7cf7dee90d2,Kalyan Automobiles,Bala Nagar,17.475679,78.447328,mid-range,modern,good,Drive Shaft - Monster 821 Monster 821 Ducati  Drivetrain street performance long lasting for improved comfort,0,2025-07-12T00:00:00,2025-07-13T00:00:00
68d141ecb3fce85d4c560b81,Racing Tank Cap - Avenger 220,Avenger 220,Bajaj,2014.0,,Fuel System,8737.0,precision made wear resistant for smoother operation,28.0,4.7,8.0,0,https://example.com/images/tank_cap_avenger_220.jpg,68d134ac3952f7cf7dee90e3,68d134ac3952f7cf7dee90e5,Shiva sai Automobiles,Mahabubabad,17.594209,80.006903,premium,vintage,excellent,Racing Tank Cap - Avenger 220 Avenger 220 Bajaj  Fuel System precision made wear resistant for smoother operation,0,2025-07-25T00:00:00,2025-09-06T00:00:00
68d141ecb3fce85d4c560b82,Premium Wiring Harness for Dream Yuga,Dream Yuga,Honda,2020.0,,Electrical,4899.0,heavy duty temperature stable for reduced maintenance,4.0,3.5,19.0,0,https://example.com/images/wiring_harness_dream_yuga.jpg,68d135063952f7cf7dee90f6,68d135063952f7cf7dee90f8,Manoj Automobiles,Dilshknagar,17.367642,78.534282,mid-range,modern,good,Premium Wiring Harness for Dream Yuga Dream Yuga Honda  Electrical heavy duty temperature stable for reduced maintenance,0,2025-09-12T00:00:00,2025-08-02T00:00:00
68d141ecb3fce85d4c560b83,Valve Set Assembly - Tuono 660,Tuono 660,Aprilia,2018.0,,Engine,5307.0,racing quality wear resistant for better control,9.0,3.6,9.0,0,https://example.com/images/valve_set_tuono_660.jpg,68d135833952f7cf7dee9109,68d135833952f7cf7dee910b,Mounika Automobiles,Karimnagar,18.435781,79.132861,mid-range,classic,good,Valve Set Assembly - Tuono 660 Tuono 660 Aprilia  Engine racing quality wear resistant for better control,0,2025-08-11T00:00:00,2025-08-07T00:00:00
68d141ecb3fce85d4c560b84,Performance Shock Absorber Oil - SuperSport,SuperSport,Ducati,2017.0,,Suspension,3493.0,enhanced maintenance free for better fuel economy,20.0,4.6,10.0,0,https://example.com/images/shock_absorber_oil_supersport.jpg,68d135d63952f7cf7dee911e,68d135d63952f7cf7dee9120,baskar Automobiles,Medak,18.048948,78.269372,mid-range,classic,excellent,Performance Shock Absorber Oil - SuperSport SuperSport Ducati  Suspension enhanced maintenance free for better fuel economy,0,2025-08-09T00:00:00,2025-07-08T00:00:00
68d141ecb3fce85d4c560b85,OEM Ignition Coil - Classic 500,Classic 500,Royal Enfield,2017.0,,Ignition,1972.0,professional grade noise reducing for smoother operation,23.0,3.4,50.0,0,https://example.com/images/ignition_coil_classic_500.jpg,68d136193952f7cf7dee9131,68d136193952f7cf7dee9133,Mahesh Automobiles,Khammam,17.249885,80.15615,mid-range,classic,good,OEM Ignition Coil - Classic 500 Classic 500 Royal Enfield  Ignition professional grade noise reducing for smoother operation,0,2025-07-01T00:00:00,2025-09-18T00:00:00
68d141ecb3fce85d4c560b86,OEM Gear Shift Lever - XL100,XL100,Tvs,2011.0,,Transmission,10812.0,lightweight temperature stable for reduced maintenance,12.0,4.7,33.0,0,https://example.com/images/gear_shift_lever_xl100.jpg,689d6959045c37933826818b,689d6959045c37933826818d,sai automobiles,RAMNAGAR COLONY PEERZADIGUDA UPPAL HYDERABAD,17.390358,78.606729,premium,vintage,excellent,OEM Gear Shift Lever - XL100 XL100 Tvs  Transmission lightweight temperature stable for reduced maintenance,0,2025-07-23T00:00:00,2025-08-19T00:00:00
68d141ecb3fce85d4c560b87,Premium Throttle Cable for Monster,Monster,Ducati,2021.0,,Fuel System,8936.0,premium quality weather resistant for enhanced safety,28.0,3.3,23.0,0,https://example.com/images/throttle_cable_monster.jpg,68ac2a8e3c73e23c655de052,68ac2a8f3c73e23c655de054,Swathi Automobiles,Chappal Bazar Road - Kachiguda ,17.38953,78.491245,premium,modern,good,Premium Throttle Cable for Monster Monster Ducati  Fuel System premium quality weather resistant for enhanced safety,0,2025-08-14T00:00:00,2025-08-23T00:00:00
68d141ecb3fce85d4c560b88,MV Agusta Gear Selector for Brutale 1000,Brutale 1000,Mv Agusta,2014.0,,Transmission,8457.0,enhanced precision engineered for improved comfort,18.0,4.0,0.0,0,https://example.com/images/gear_selector_brutale_1000.jpg,68d0c47d09554c358655174b,68d0c47e09554c358655174d,Tarun Automobiles,,17.423605,78.546314,premium,vintage,good,MV Agusta Gear Selector for Brutale 1000 Brutale 1000 Mv Agusta  Transmission enhanced precision engineered for improved comfort,0,2025-08-21T00:00:00,2025-09-10T00:00:00
68d141ecb3fce85d4c560b89,OEM Knee Guard - YBR 125,YBR 125,Yamaha,2020.0,,Safety,3474.0,precision made maintenance free for reduced maintenance,11.0,4.6,26.0,0,https://example.com/images/knee_guard_ybr_125.jpg,68d133bf3952f7cf7dee90b7,68d133bf3952f7cf7dee90b9,Jyothi Automobiles,Hyderabad,17.511409,78.350972,mid-range,modern,excellent,OEM Knee Guard - YBR 125 YBR 125 Yamaha  Safety precision made maintenance free for reduced maintenance,0,2025-07-06T00:00:00,2025-08-22T00:00:00
68d141ecb3fce85d4c560b8a,Premium Clutch Hub for Streetfighter V4,Streetfighter V4,Ducati,2023.0,,Transmission,1548.0,industrial grade impact resistant for increased power,10.0,3.6,26.0,0,https://example.com/images/clutch_hub_streetfighter_v4.jpg,68d1346c3952f7cf7dee90d0,68d1346c3952f7cf7dee90d2,Kalyan Automobiles,Bala Nagar,17.475679,78.447328,mid-range,modern,good,Premium Clutch Hub for Streetfighter V4 Streetfighter V4 Ducati  Transmission industrial grade impact resistant for increased power,0,2025-07-25T00:00:00,2025-09-19T00:00:00
68d141ecb3fce85d4c560b8b,Racing Tail Light - SP 125,SP 125,Honda,2023.0,,Lighting,1278.0,superior fuel efficient for increased power,30.0,4.3,25.0,0,https://example.com/images/tail_light_sp_125.jpg,68d134ac3952f7cf7dee90e3,68d134ac3952f7cf7dee90e5,Shiva sai Automobiles,Mahabubabad,17.594209,80.006903,mid-range,modern,good,Racing Tail Light - SP 125 SP 125 Honda  Lighting superior fuel efficient for increased power,0,2025-08-30T00:00:00,2025-07-13T00:00:00
68d141ecb3fce85d4c560b8c,Premium Fan Shroud for RSV4,RSV4,Aprilia,2016.0,,Cooling System,2886.0,industrial grade long lasting for better handling,4.0,4.1,20.0,0,https://example.com/images/fan_shroud_rsv4.jpg,68d135063952f7cf7dee90f6,68d135063952f7cf7dee90f8,Manoj Automobiles,Dilshknagar,17.367642,78.534282,mid-range,classic,good,Premium Fan Shroud for RSV4 RSV4 Aprilia  Cooling System industrial grade long lasting for better handling,0,2025-09-16T00:00:00,2025-08-19T00:00:00
68d141ecb3fce85d4c560b8d,OEM Brake Lever - Multistrada V4,Multistrada V4,Ducati,2025.0,,Brakes,4998.0,street performance long lasting for enhanced stability,10.0,4.7,48.0,0,https://example.com/images/brake_lever_multistrada_v4.jpg,68d135833952f7cf7dee9109,68d135833952f7cf7dee910b,Mounika Automobiles,Karimnagar,18.435781,79.132861,mid-range,modern,excellent,OEM Brake Lever - Multistrada V4 Multistrada V4 Ducati  Brakes street performance long lasting for enhanced stability,0,2025-07-10T00:00:00,2025-09-19T00:00:00
68d141ecb3fce85d4c560b8e,Mahindra Main Relay for Pantero,Pantero,Mahindra,2023.0,,Electrical,2668.0,precision made corrosion resistant for superior reliability,14.0,4.4,32.0,0,https://example.com/images/main_relay_pantero.jpg,68d135d63952f7cf7dee911e,68d135d63952f7cf7dee9120,baskar Automobiles,Medak,18.048948,78.269372,mid-range,modern,good,Mahindra Main Relay for Pantero Pantero Mahindra  Electrical precision made corrosion resistant for superior reliability,0,2025-08-13T00:00:00,2025-08-18T00:00:00
68d141ecb3fce85d4c560b8f,Yezdi Transmission Oil for Classic,Classic,Yezdi,2019.0,,Transmission,8949.0,premium quality eco friendly for longer life,12.0,3.4,19.0,0,https://example.com/images/transmission_oil_classic.jpg,68d136193952f7cf7dee9131,68d136193952f7cf7dee9133,Mahesh Automobiles,Khammam,17.249885,80.15615,premium,classic,good,Yezdi Transmission Oil for Classic Classic Yezdi  Transmission premium quality eco friendly for longer life,0,2025-09-09T00:00:00,2025-09-03T00:00:00
68d141ecb3fce85d4c560b90,R 1250 GS Ignition Switch,R 1250 GS,Bmw,2014.0,,Ignition,84.0,superior heat treated for enhanced stability,27.0,4.6,45.0,0,https://example.com/images/ignition_switch_r_1250_gs.jpg,689d6959045c37933826818b,689d6959045c37933826818d,sai automobiles,RAMNAGAR COLONY PEERZADIGUDA UPPAL HYDERABAD,17.390358,78.606729,budget,vintage,excellent,R 1250 GS Ignition Switch R 1250 GS Bmw  Ignition superior heat treated for enhanced stability,0,2025-07-10T00:00:00,2025-07-31T00:00:00
68d141ecb3fce85d4c560b91,Royal Enfield Crank Position Sensor for Meteor 350,Meteor 350,Royal Enfield,2020.0,,Ignition,2049.0,superior precision engineered for increased power,13.0,4.2,16.0,0,https://example.com/images/crank_position_sensor_meteor_350.jpg,68ac2a8e3c73e23c655de052,68ac2a8f3c73e23c655de054,Swathi Automobiles,Chappal Bazar Road - Kachiguda ,17.38953,78.491245,mid-range,modern,good,Royal Enfield Crank Position Sensor for Meteor 350 Meteor 350 Royal Enfield  Ignition superior precision engineered for increased power,0,2025-08-31T00:00:00,2025-07-21T00:00:00
68d141ecb3fce85d4c560b92,Heavy Duty Voltage Regulator - Dream Yuga,Dream Yuga,Honda,2014.0,,Electrical,6664.0,heavy duty long lasting for maximum protection,18.0,3.9,45.0,0,https://example.com/images/voltage_regulator_dream_yuga.jpg,68d0c47d09554c358655174b,68d0c47e09554c358655174d,Tarun Automobiles,,17.423605,78.546314,premium,vintage,good,Heavy Duty Voltage Regulator - Dream Yuga Dream Yuga Honda  Electrical heavy duty long lasting for maximum protection,0,2025-07-28T00:00:00,2025-08-16T00:00:00
68d141ecb3fce85d4c560b93,Fog Light - Splendor Plus,Splendor Plus,Hero,2016.0,,Lighting,1796.0,racing quality corrosion resistant for better fuel economy,27.0,4.5,38.0,0,https://example.com/images/fog_light_splendor_plus.jpg,68d133bf3952f7cf7dee90b7,68d133bf3952f7cf7dee90b9,Jyothi Automobiles,Hyderabad,17.511409,78.350972,mid-range,classic,excellent,Fog Light - Splendor Plus Splendor Plus Hero  Lighting racing quality corrosion resistant for better fuel economy,0,2025-08-23T00:00:00,2025-09-03T00:00:00
68d141ecb3fce85d4c560b94,Shift Drum - Fazer 25,Fazer 25,Yamaha,2025.0,,Transmission,6939.0,advanced eco friendly for optimal efficiency,2.0,4.4,49.0,0,https://example.com/images/shift_drum_fazer_25.jpg,68d1346c3952f7cf7dee90d0,68d1346c3952f7cf7dee90d2,Kalyan Automobiles,Bala Nagar,17.475679,78.447328,premium,modern,good,Shift Drum - Fazer 25 Fazer 25 Yamaha  Transmission advanced eco friendly for optimal efficiency,0,2025-07-29T00:00:00,2025-07-13T00:00:00
68d141ecb3fce85d4c560b95,Performance Brake Hose - R 1250 GS,R 1250 GS,Bmw,2012.0,,Brakes,4809.0,professional grade high strength for better fuel economy,28.0,4.2,1.0,0,https://example.com/images/brake_hose_r_1250_gs.jpg,68d134ac3952f7cf7dee90e3,68d134ac3952f7cf7dee90e5,Shiva sai Automobiles,Mahabubabad,17.594209,80.006903,mid-range,vintage,good,Performance Brake Hose - R 1250 GS R 1250 GS Bmw  Brakes professional grade high strength for better fuel economy,0,2025-08-23T00:00:00,2025-07-28T00:00:00
68d141ecb3fce85d4c560b96,Heavy Duty Dimmer Switch - Leoncino 500,Leoncino 500,Benelli,2021.0,,Lighting,3121.0,enhanced maintenance free for improved performance,12.0,4.1,6.0,0,https://example.com/images/dimmer_switch_leoncino_500.jpg,68d135063952f7cf7dee90f6,68d135063952f7cf7dee90f8,Manoj Automobiles,Dilshknagar,17.367642,78.534282,mid-range,modern,good,Heavy Duty Dimmer Switch - Leoncino 500 Leoncino 500 Benelli  Lighting enhanced maintenance free for improved performance,0,2025-07-27T00:00:00,2025-07-23T00:00:00
68d141ecb3fce85d4c560b97,S 1000 RR Full System Exhaust,S 1000 RR,Bmw,2019.0,,Exhaust,13785.0,advanced impact resistant for reduced maintenance,20.0,4.3,45.0,0,https://example.com/images/full_system_exhaust_s_1000_rr.jpg,68d135833952f7cf7dee9109,68d135833952f7cf7dee910b,Mounika Automobiles,Karimnagar,18.435781,79.132861,premium,classic,good,S 1000 RR Full System Exhaust S 1000 RR Bmw  Exhaust advanced impact resistant for reduced maintenance,0,2025-09-06T00:00:00,2025-09-18T00:00:00
68d141ecb3fce85d4c560b98,Timing Light - Platina 110,Platina 110,Bajaj,2016.0,,Ignition,1742.0,durable temperature stable for better handling,12.0,4.0,31.0,0,https://example.com/images/timing_light_platina_110.jpg,68d135d63952f7cf7dee911e,68d135d63952f7cf7dee9120,baskar Automobiles,Medak,18.048948,78.269372,mid-range,classic,good,Timing Light - Platina 110 Platina 110 Bajaj  Ignition durable temperature stable for better handling,0,2025-09-18T00:00:00,2025-08-29T00:00:00
68d141ecb3fce85d4c560b99,Heavy Duty Crash Guard - Forty-Eight,Forty-Eight,Harley-Davidson,2013.0,,Accessories,2268.0,lightweight temperature stable for improved comfort,19.0,5.0,5.0,0,https://example.com/images/crash_guard_forty_eight.jpg,68d136193952f7cf7dee9131,68d136193952f7cf7dee9133,Mahesh Automobiles,Khammam,17.249885,80.15615,mid-range,vintage,excellent,Heavy Duty Crash Guard - Forty-Eight Forty-Eight Harley-Davidson  Accessories lightweight temperature stable for improved comfort,0,2025-09-04T00:00:00,2025-08-28T00:00:00
68d141ecb3fce85d4c560b9a,Genuine Wheel Bolt - S 1000 RR,S 1000 RR,Bmw,2022.0,,Wheels & Tires,1599.0,durable eco friendly for optimal efficiency,17.0,4.8,17.0,0,https://example.com/images/wheel_bolt_s_1000_rr.jpg,689d6959045c37933826818b,689d6959045c37933826818d,sai automobiles,RAMNAGAR COLONY PEERZADIGUDA UPPAL HYDERABAD,17.390358,78.606729,mid-range,modern,excellent,Genuine Wheel Bolt - S 1000 RR S 1000 RR Bmw  Wheels & Tires durable eco friendly for optimal efficiency,0,2025-09-17T00:00:00,2025-08-11T00:00:00
68d141ecb3fce85d4c560b9b,Genuine Cylinder Head - FTR 1200,FTR 1200,Indian,2016.0,,Engine,21181.0,superior high strength for enhanced stability,11.0,4.0,0.0,0,https://example.com/images/cylinder_head_ftr_1200.jpg,68ac2a8e3c73e23c655de052,68ac2a8f3c73e23c655de054,Swathi Automobiles,Chappal Bazar Road - Kachiguda ,17.38953,78.491245,premium,classic,good,Genuine Cylinder Head - FTR 1200 FTR 1200 Indian  Engine superior high strength for enhanced stability,0,2025-07-07T00:00:00,2025-08-24T00:00:00
68d141ecb3fce85d4c560b9c,DesertX Spoke Set,DesertX,Ducati,2017.0,,Wheels & Tires,12823.0,oem quality wear resistant for reduced maintenance,5.0,4.7,29.0,0,https://example.com/images/spoke_set_desertx.jpg,68d0c47d09554c358655174b,68d0c47e09554c358655174d,Tarun Automobiles,,17.423605,78.546314,premium,classic,excellent,DesertX Spoke Set DesertX Ducati  Wheels & Tires oem quality wear resistant for reduced maintenance,0,2025-08-01T00:00:00,2025-09-13T00:00:00
68d141ecb3fce85d4c560b9d,Genuine Choke Cable - S 1000 RR,S 1000 RR,Bmw,2015.0,,Fuel System,9728.0,oem quality impact resistant for better handling,17.0,4.8,39.0,0,https://example.com/images/choke_cable_s_1000_rr.jpg,68d133bf3952f7cf7dee90b7,68d133bf3952f7cf7dee90b9,Jyothi Automobiles,Hyderabad,17.511409,78.350972,premium,classic,excellent,Genuine Choke Cable - S 1000 RR S 1000 RR Bmw  Fuel System oem quality impact resistant for better handling,0,2025-07-30T00:00:00,2025-08-05T00:00:00
68d141ecb3fce85d4c560b9e,Premium Riding Gloves for RC 390,RC 390,Ktm,2022.0,,Safety,5074.0,high performance heat treated for superior reliability,27.0,4.7,50.0,0,https://example.com/images/riding_gloves_rc_390.jpg,68d1346c3952f7cf7dee90d0,68d1346c3952f7cf7dee90d2,Kalyan Automobiles,Bala Nagar,17.475679,78.447328,mid-range,modern,excellent,Premium Riding Gloves for RC 390 RC 390 Ktm  Safety high performance heat treated for superior reliability,0,2025-08-14T00:00:00,2025-08-20T00:00:00
68d141edb3fce85d4c560b9f,Genuine Head Gasket - Thruxton RS,Thruxton RS,Triumph,2018.0,,Engine,3740.0,precision made corrosion resistant for smoother operation,20.0,4.9,28.0,0,https://example.com/images/head_gasket_thruxton_rs.jpg,68d134ac3952f7cf7dee90e3,68d134ac3952f7cf7dee90e5,Shiva sai Automobiles,Mahabubabad,17.594209,80.006903,mid-range,classic,excellent,Genuine Head Gasket - Thruxton RS Thruxton RS Triumph  Engine precision made corrosion resistant for smoother operation,0,2025-07-11T00:00:00,2025-08-16T00:00:00
68d141edb3fce85d4c560ba0,Tail Light - Vida V1 Electric,Vida V1 Electric,Hero,2022.0,,Lighting,2463.0,professional grade wear resistant for enhanced stability,20.0,3.4,45.0,0,https://example.com/images/tail_light_vida_v1_electric.jpg,68d135063952f7cf7dee90f6,68d135063952f7cf7dee90f8,Manoj Automobiles,Dilshknagar,17.367642,78.534282,mid-range,modern,good,Tail Light - Vida V1 Electric Vida V1 Electric Hero  Lighting professional grade wear resistant for enhanced stability,0,2025-08-16T00:00:00,2025-09-20T00:00:00
68d141edb3fce85d4c560ba1,Pulley Assembly - Deluxe,Deluxe,Yezdi,2023.0,,Drivetrain,4921.0,premium quality temperature stable for improved comfort,4.0,4.5,4.0,0,https://example.com/images/pulley_deluxe.jpg,68d135833952f7cf7dee9109,68d135833952f7cf7dee910b,Mounika Automobiles,Karimnagar,18.435781,79.132861,mid-range,modern,excellent,Pulley Assembly - Deluxe Deluxe Yezdi  Drivetrain premium quality temperature stable for improved comfort,0,2025-07-11T00:00:00,2025-08-19T00:00:00
68d141edb3fce85d4c560ba2,Polish - S 1000 XR,S 1000 XR,Bmw,2017.0,,Maintenance,206.0,precision made maintenance free for optimal efficiency,30.0,4.4,39.0,0,https://example.com/images/polish_s_1000_xr.jpg,68d135d63952f7cf7dee911e,68d135d63952f7cf7dee9120,baskar Automobiles,Medak,18.048948,78.269372,budget,classic,good,Polish - S 1000 XR S 1000 XR Bmw  Maintenance precision made maintenance free for optimal efficiency,0,2025-07-03T00:00:00,2025-09-08T00:00:00
68d141edb3fce85d4c560ba3,Fuel Rail - KLX 230,KLX 230,Kawasaki,2024.0,,Fuel System,8974.0,long lasting noise reducing for enhanced safety,27.0,3.7,19.0,0,https://example.com/images/fuel_rail_klx_230.jpg,68d136193952f7cf7dee9131,68d136193952f7cf7dee9133,Mahesh Automobiles,Khammam,17.249885,80.15615,premium,modern,good,Fuel Rail - KLX 230 KLX 230 Kawasaki  Fuel System long lasting noise reducing for enhanced safety,0,2025-07-20T00:00:00,2025-08-09T00:00:00
68d141edb3fce85d4c560ba4,OEM Key Set - Duke 390,Duke 390,Ktm,2025.0,,Ignition,1914.0,high performance eco friendly for increased power,12.0,4.2,28.0,0,https://example.com/images/key_set_duke_390.jpg,689d6959045c37933826818b,689d6959045c37933826818d,sai automobiles,RAMNAGAR COLONY PEERZADIGUDA UPPAL HYDERABAD,17.390358,78.606729,mid-range,modern,good,OEM Key Set - Duke 390 Duke 390 Ktm  Ignition high performance eco friendly for increased power,0,2025-09-21T00:00:00,2025-08-25T00:00:00
68d141edb3fce85d4c560ba5,OEM Horn - Dorsoduro 900,Dorsoduro 900,Aprilia,2011.0,,Electrical,5635.0,long lasting eco friendly for reduced maintenance,25.0,3.7,36.0,0,https://example.com/images/horn_dorsoduro_900.jpg,68ac2a8e3c73e23c655de052,68ac2a8f3c73e23c655de054,Swathi Automobiles,Chappal Bazar Road - Kachiguda ,17.38953,78.491245,mid-range,vintage,good,OEM Horn - Dorsoduro 900 Dorsoduro 900 Aprilia  Electrical long lasting eco friendly for reduced maintenance,0,2025-09-07T00:00:00,2025-07-29T00:00:00
68d141edb3fce85d4c560ba6,Suzuki Thread Locker for GSX-R1000R,GSX-R1000R,Suzuki,2021.0,,Maintenance,786.0,oem quality precision engineered for superior reliability,22.0,4.4,24.0,0,https://example.com/images/thread_locker_gsx_r1000r.jpg,68d0c47d09554c358655174b,68d0c47e09554c358655174d,Tarun Automobiles,,17.423605,78.546314,budget,modern,good,Suzuki Thread Locker for GSX-R1000R GSX-R1000R Suzuki  Maintenance oem quality precision engineered for superior reliability,0,2025-07-25T00:00:00,2025-07-03T00:00:00
68d141edb3fce85d4c560ba7,Performance Fire Extinguisher - Street Glide,Street Glide,Harley-Davidson,2021.0,,Safety,2094.0,lightweight fuel efficient for longer life,21.0,3.5,26.0,0,https://example.com/images/fire_extinguisher_street_glide.jpg,68d133bf3952f7cf7dee90b7,68d133bf3952f7cf7dee90b9,Jyothi Automobiles,Hyderabad,17.511409,78.350972,mid-range,modern,good,Performance Fire Extinguisher - Street Glide Street Glide Harley-Davidson  Safety lightweight fuel efficient for longer life,0,2025-09-03T00:00:00,2025-07-13T00:00:00
68d141edb3fce85d4c560ba8,Kawasaki Degreaser for ZX-6R,ZX-6R,Kawasaki,2024.0,,Maintenance,433.0,enhanced long lasting for better handling,2.0,4.0,0.0,0,https://example.com/images/degreaser_zx_6r.jpg,68d1346c3952f7cf7dee90d0,68d1346c3952f7cf7dee90d2,Kalyan Automobiles,Bala Nagar,17.475679,78.447328,budget,modern,good,Kawasaki Degreaser for ZX-6R ZX-6R Kawasaki  Maintenance enhanced long lasting for better handling,0,2025-07-25T00:00:00,2025-08-03T00:00:00
68d141edb3fce85d4c560ba9,Performance Fuel Rail - K 1600 GTL,K 1600 GTL,Bmw,2011.0,,Fuel System,5779.0,durable weather resistant for improved comfort,26.0,3.3,5.0,0,https://example.com/images/fuel_rail_k_1600_gtl.jpg,68d134ac3952f7cf7dee90e3,68d134ac3952f7cf7dee90e5,Shiva sai Automobiles,Mahabubabad,17.594209,80.006903,premium,vintage,good,Performance Fuel Rail - K 1600 GTL K 1600 GTL Bmw  Fuel System durable weather resistant for improved comfort,0,2025-09-10T00:00:00,2025-07-10T00:00:00
68d141edb3fce85d4c560baa,Heavy Duty Radiator Cap - R 1250 GS,R 1250 GS,Bmw,2020.0,,Cooling System,5405.0,industrial grade heat treated for increased power,11.0,4.0,4.0,0,https://example.com/images/radiator_cap_r_1250_gs.jpg,68d135063952f7cf7dee90f6,68d135063952f7cf7dee90f8,Manoj Automobiles,Dilshknagar,17.367642,78.534282,mid-range,modern,good,Heavy Duty Radiator Cap - R 1250 GS R 1250 GS Bmw  Cooling System industrial grade heat treated for increased power,0,2025-08-17T00:00:00,2025-08-28T00:00:00
68d141edb3fce85d4c560bab,Scout Rogue Reserve Tank,Scout Rogue,Indian,2010.0,,Fuel System,5064.0,precision made maintenance free for better fuel economy,7.0,3.2,5.0,0,https://example.com/images/reserve_tank_scout_rogue.jpg,68d135833952f7cf7dee9109,68d135833952f7cf7dee910b,Mounika Automobiles,Karimnagar,18.435781,79.132861,mid-range,vintage,good,Scout Rogue Reserve Tank Scout Rogue Indian  Fuel System precision made maintenance free for better fuel economy,0,2025-08-21T00:00:00,2025-07-22T00:00:00
68d141edb3fce85d4c560bac,Duke 200 Front Sprocket,Duke 200,Ktm,2020.0,,Drivetrain,3936.0,industrial grade heat treated for superior reliability,1.0,4.5,42.0,0,https://example.com/images/front_sprocket_duke_200.jpg,68d135d63952f7cf7dee911e,68d135d63952f7cf7dee9120,baskar Automobiles,Medak,18.048948,78.269372,mid-range,modern,excellent,Duke 200 Front Sprocket Duke 200 Ktm  Drivetrain industrial grade heat treated for superior reliability,0,2025-09-05T00:00:00,2025-07-06T00:00:00
68d141edb3fce85d4c560bad,Premium Rear Spring for X-Blade,X-Blade,Honda,2010.0,,Suspension,2433.0,lightweight chemical resistant for reduced maintenance,3.0,4.7,48.0,0,https://example.com/images/rear_spring_x_blade.jpg,68d136193952f7cf7dee9131,68d136193952f7cf7dee9133,Mahesh Automobiles,Khammam,17.249885,80.15615,mid-range,vintage,excellent,Premium Rear Spring for X-Blade X-Blade Honda  Suspension lightweight chemical resistant for reduced maintenance,0,2025-09-10T00:00:00,2025-07-17T00:00:00
68d141edb3fce85d4c560bae,Front Shock Absorber - Super Splendor,Super Splendor,Hero,2021.0,,Suspension,5108.0,advanced precision engineered for improved performance,11.0,3.9,6.0,0,https://example.com/images/front_shock_absorber_super_splendor.jpg,689d6959045c37933826818b,689d6959045c37933826818d,sai automobiles,RAMNAGAR COLONY PEERZADIGUDA UPPAL HYDERABAD,17.390358,78.606729,mid-range,modern,good,Front Shock Absorber - Super Splendor Super Splendor Hero  Suspension advanced precision engineered for improved performance,0,2025-07-30T00:00:00,2025-08-27T00:00:00
68d141edb3fce85d4c560baf,Premium Fan Shroud for Brutale 800,Brutale 800,Mv Agusta,2010.0,,Cooling System,9849.0,racing quality fuel efficient for superior reliability,11.0,4.2,19.0,0,https://example.com/images/fan_shroud_brutale_800.jpg,68ac2a8e3c73e23c655de052,68ac2a8f3c73e23c655de054,Swathi Automobiles,Chappal Bazar Road - Kachiguda ,17.38953,78.491245,premium,vintage,good,Premium Fan Shroud for Brutale 800 Brutale 800 Mv Agusta  Cooling System racing quality fuel efficient for superior reliability,0,2025-09-19T00:00:00,2025-08-10T00:00:00
68d141edb3fce85d4c560bb0,Racing Flasher Relay - Challenger,Challenger,Indian,2021.0,,Electrical,3132.0,lightweight chemical resistant for enhanced safety,28.0,4.4,8.0,0,https://example.com/images/flasher_relay_challenger.jpg,68d0c47d09554c358655174b,68d0c47e09554c358655174d,Tarun Automobiles,,17.423605,78.546314,mid-range,modern,good,Racing Flasher Relay - Challenger Challenger Indian  Electrical lightweight chemical resistant for enhanced safety,0,2025-07-14T00:00:00,2025-09-05T00:00:00
68d141edb3fce85d4c560bb1,Speed Twin Fork Oil Seal,Speed Twin,Triumph,2010.0,,Suspension,5456.0,superior maintenance free for smoother operation,11.0,3.7,42.0,0,https://example.com/images/fork_oil_seal_speed_twin.jpg,68d133bf3952f7cf7dee90b7,68d133bf3952f7cf7dee90b9,Jyothi Automobiles,Hyderabad,17.511409,78.350972,mid-range,vintage,good,Speed Twin Fork Oil Seal Speed Twin Triumph  Suspension superior maintenance free for smoother operation,0,2025-07-11T00:00:00,2025-08-07T00:00:00
68d141edb3fce85d4c560bb2,TVS Bypass Filter for Wego,Wego,Tvs,2020.0,,Filters,1420.0,superior noise reducing for better control,20.0,4.4,25.0,0,https://example.com/images/bypass_filter_wego.jpg,68d1346c3952f7cf7dee90d0,68d1346c3952f7cf7dee90d2,Kalyan Automobiles,Bala Nagar,17.475679,78.447328,mid-range,modern,good,TVS Bypass Filter for Wego Wego Tvs  Filters superior noise reducing for better control,0,2025-08-08T00:00:00,2025-08-22T00:00:00
68d141edb3fce85d4c560bb3,Bajaj Rotor for Pulsar F250,Pulsar F250,Bajaj,2021.0,,Ignition,451.0,long lasting chemical resistant for improved performance,13.0,3.9,16.0,0,https://example.com/images/rotor_pulsar_f250.jpg,68d134ac3952f7cf7dee90e3,68d134ac3952f7cf7dee90e5,Shiva sai Automobiles,Mahabubabad,17.594209,80.006903,budget,modern,good,Bajaj Rotor for Pulsar F250 Pulsar F250 Bajaj  Ignition long lasting chemical resistant for improved performance,0,2025-09-05T00:00:00,2025-07-11T00:00:00
68d141edb3fce85d4c560bb4,Performance Fuel Pump - Street Twin,Street Twin,Triumph,2021.0,,Fuel System,4020.0,durable fuel efficient for better fuel economy,9.0,4.0,38.0,0,https://example.com/images/fuel_pump_street_twin.jpg,68d135063952f7cf7dee90f6,68d135063952f7cf7dee90f8,Manoj Automobiles,Dilshknagar,17.367642,78.534282,mid-range,modern,good,Performance Fuel Pump - Street Twin Street Twin Triumph  Fuel System durable fuel efficient for better fuel economy,0,2025-07-06T00:00:00,2025-07-18T00:00:00
68d141edb3fce85d4c560bb5,MV Agusta Heat Shield for Rush 1000,Rush 1000,Mv Agusta,2013.0,,Exhaust,2019.0,oem quality high strength for better handling,19.0,4.3,26.0,0,https://example.com/images/heat_shield_rush_1000.jpg,68d135833952f7cf7dee9109,68d135833952f7cf7dee910b,Mounika Automobiles,Karimnagar,18.435781,79.132861,mid-range,vintage,good,MV Agusta Heat Shield for Rush 1000 Rush 1000 Mv Agusta  Exhaust oem quality high strength for better handling,0,2025-09-05T00:00:00,2025-07-23T00:00:00
68d141edb3fce85d4c560bb6,Mahindra Belt Guard for Kine,Kine,Mahindra,2019.0,,Drivetrain,6060.0,enhanced eco friendly for longer life,9.0,3.8,18.0,0,https://example.com/images/belt_guard_kine.jpg,68d135d63952f7cf7dee911e,68d135d63952f7cf7dee9120,baskar Automobiles,Medak,18.048948,78.269372,premium,classic,good,Mahindra Belt Guard for Kine Kine Mahindra  Drivetrain enhanced eco friendly for longer life,0,2025-07-19T00:00:00,2025-08-31T00:00:00
68d141edb3fce85d4c560bb7,Bajaj Axle for CT 110X,CT 110X,Bajaj,2024.0,,Wheels & Tires,11581.0,professional grade wear resistant for optimal efficiency,4.0,4.4,1.0,0,https://example.com/images/axle_ct_110x.jpg,68d136193952f7cf7dee9131,68d136193952f7cf7dee9133,Mahesh Automobiles,Khammam,17.249885,80.15615,premium,modern,good,Bajaj Axle for CT 110X CT 110X Bajaj  Wheels & Tires professional grade wear resistant for optimal efficiency,0,2025-08-30T00:00:00,2025-07-24T00:00:00
68d141edb3fce85d4c560bb8,OEM Fuel Cock - Forty Two,Forty Two,Jawa,2021.0,,Fuel System,6544.0,racing quality precision engineered for improved performance,2.0,3.4,36.0,0,https://example.com/images/fuel_cock_forty_two.jpg,689d6959045c37933826818b,689d6959045c37933826818d,sai automobiles,RAMNAGAR COLONY PEERZADIGUDA UPPAL HYDERABAD,17.390358,78.606729,premium,modern,good,OEM Fuel Cock - Forty Two Forty Two Jawa  Fuel System racing quality precision engineered for improved performance,0,2025-07-18T00:00:00,2025-07-17T00:00:00
68d141edb3fce85d4c560bb9,Phone Mount Assembly - Leoncino 500,Leoncino 500,Benelli,2016.0,,Accessories,2722.0,advanced impact resistant for enhanced stability,25.0,4.2,16.0,0,https://example.com/images/phone_mount_leoncino_500.jpg,68ac2a8e3c73e23c655de052,68ac2a8f3c73e23c655de054,Swathi Automobiles,Chappal Bazar Road - Kachiguda ,17.38953,78.491245,mid-range,classic,good,Phone Mount Assembly - Leoncino 500 Leoncino 500 Benelli  Accessories advanced impact resistant for enhanced stability,0,2025-08-29T00:00:00,2025-09-04T00:00:00
68d141edb3fce85d4c560bba,OEM Helmet Lock - Versys-X 300,Versys-X 300,Kawasaki,2017.0,,Accessories,2479.0,professional grade weather resistant for improved comfort,25.0,4.7,33.0,0,https://example.com/images/helmet_lock_versys_x_300.jpg,68d0c47d09554c358655174b,68d0c47e09554c358655174d,Tarun Automobiles,,17.423605,78.546314,mid-range,classic,excellent,OEM Helmet Lock - Versys-X 300 Versys-X 300 Kawasaki  Accessories professional grade weather resistant for improved comfort,0,2025-07-15T00:00:00,2025-08-29T00:00:00
68d141edb3fce85d4c560bbb,Heavy Duty Cylinder Block - Hunter 350,Hunter 350,Royal Enfield,2025.0,,Engine,19309.0,enhanced fuel efficient for reduced maintenance,1.0,4.9,45.0,0,https://example.com/images/cylinder_block_hunter_350.jpg,68d133bf3952f7cf7dee90b7,68d133bf3952f7cf7dee90b9,Jyothi Automobiles,Hyderabad,17.511409,78.350972,premium,modern,excellent,Heavy Duty Cylinder Block - Hunter 350 Hunter 350 Royal Enfield  Engine enhanced fuel efficient for reduced maintenance,0,2025-08-30T00:00:00,2025-09-16T00:00:00
68d141edb3fce85d4c560bbc,Leoncino 500 Side Light,Leoncino 500,Benelli,2015.0,,Lighting,848.0,heavy duty corrosion resistant for superior reliability,28.0,4.6,36.0,0,https://example.com/images/side_light_leoncino_500.jpg,68d1346c3952f7cf7dee90d0,68d1346c3952f7cf7dee90d2,Kalyan Automobiles,Bala Nagar,17.475679,78.447328,budget,classic,excellent,Leoncino 500 Side Light Leoncino 500 Benelli  Lighting heavy duty corrosion resistant for superior reliability,0,2025-07-13T00:00:00,2025-09-13T00:00:00
68d141edb3fce85d4c560bbd,Racing Shift Drum - FTR 1200,FTR 1200,Indian,2024.0,,Transmission,7727.0,professional grade corrosion resistant for improved comfort,10.0,4.8,13.0,0,https://example.com/images/shift_drum_ftr_1200.jpg,68d134ac3952f7cf7dee90e3,68d134ac3952f7cf7dee90e5,Shiva sai Automobiles,Mahabubabad,17.594209,80.006903,premium,modern,excellent,Racing Shift Drum - FTR 1200 FTR 1200 Indian  Transmission professional grade corrosion resistant for improved comfort,0,2025-07-20T00:00:00,2025-08-06T00:00:00
68d141edb3fce85d4c560bbe,Racing Cabin Filter - Duke 125,Duke 125,Ktm,2022.0,,Filters,349.0,racing quality weather resistant for enhanced durability,7.0,4.1,31.0,0,https://example.com/images/cabin_filter_duke_125.jpg,68d135063952f7cf7dee90f6,68d135063952f7cf7dee90f8,Manoj Automobiles,Dilshknagar,17.367642,78.534282,budget,modern,good,Racing Cabin Filter - Duke 125 Duke 125 Ktm  Filters racing quality weather resistant for enhanced durability,0,2025-07-06T00:00:00,2025-07-21T00:00:00
68d141edb3fce85d4c560bbf,Suzuki Wheel Hub for Avenis,Avenis,Suzuki,2015.0,,Wheels & Tires,5002.0,superior noise reducing for reduced maintenance,10.0,4.4,47.0,0,https://example.com/images/wheel_hub_avenis.jpg,68d135833952f7cf7dee9109,68d135833952f7cf7dee910b,Mounika Automobiles,Karimnagar,18.435781,79.132861,mid-range,classic,good,Suzuki Wheel Hub for Avenis Avenis Suzuki  Wheels & Tires superior noise reducing for reduced maintenance,0,2025-07-13T00:00:00,2025-07-27T00:00:00
68d141edb3fce85d4c560bc0,Premium Kick Starter for TRK 502,TRK 502,Benelli,2025.0,,Transmission,4924.0,advanced high strength for enhanced safety,26.0,3.7,48.0,0,https://example.com/images/kick_starter_trk_502.jpg,68d135d63952f7cf7dee911e,68d135d63952f7cf7dee9120,baskar Automobiles,Medak,18.048948,78.269372,mid-range,modern,good,Premium Kick Starter for TRK 502 TRK 502 Benelli  Transmission advanced high strength for enhanced safety,0,2025-07-23T00:00:00,2025-07-30T00:00:00
68d141edb3fce85d4c560bc1,Heavy Duty Starter Relay - Scooty Pep Plus,Scooty Pep Plus,Tvs,2011.0,,Electrical,6385.0,high performance precision engineered for improved performance,2.0,4.9,43.0,0,https://example.com/images/starter_relay_scooty_pep_plus.jpg,68d136193952f7cf7dee9131,68d136193952f7cf7dee9133,Mahesh Automobiles,Khammam,17.249885,80.15615,premium,vintage,excellent,Heavy Duty Starter Relay - Scooty Pep Plus Scooty Pep Plus Tvs  Electrical high performance precision engineered for improved performance,0,2025-09-10T00:00:00,2025-07-13T00:00:00
68d141edb3fce85d4c560bc2,Genuine Coolant Drain Plug - Thunderbird 350,Thunderbird 350,Royal Enfield,2014.0,,Cooling System,1936.0,industrial grade vibration dampening for improved performance,12.0,4.1,29.0,0,https://example.com/images/coolant_drain_plug_thunderbird_350.jpg,689d6959045c37933826818b,689d6959045c37933826818d,sai automobiles,RAMNAGAR COLONY PEERZADIGUDA UPPAL HYDERABAD,17.390358,78.606729,mid-range,vintage,good,Genuine Coolant Drain Plug - Thunderbird 350 Thunderbird 350 Royal Enfield  Cooling System industrial grade vibration dampening for improved performance,0,2025-09-03T00:00:00,2025-07-05T00:00:00
68d141edb3fce85d4c560bc3,Harley-Davidson High Vis Jacket for Sportster S,Sportster S,Harley-Davidson,2021.0,,Safety,7312.0,superior chemical resistant for enhanced durability,9.0,4.4,46.0,0,https://example.com/images/high_vis_jacket_sportster_s.jpg,68ac2a8e3c73e23c655de052,68ac2a8f3c73e23c655de054,Swathi Automobiles,Chappal Bazar Road - Kachiguda ,17.38953,78.491245,premium,modern,good,Harley-Davidson High Vis Jacket for Sportster S Sportster S Harley-Davidson  Safety superior chemical resistant for enhanced durability,0,2025-07-08T00:00:00,2025-07-21T00:00:00
68d141edb3fce85d4c560bc4,Heavy Duty Exhaust Flange - K 1600 GTL,K 1600 GTL,Bmw,2015.0,,Exhaust,2426.0,racing quality wear resistant for reduced maintenance,11.0,3.7,47.0,0,https://example.com/images/exhaust_flange_k_1600_gtl.jpg,68d0c47d09554c358655174b,68d0c47e09554c358655174d,Tarun Automobiles,,17.423605,78.546314,mid-range,classic,good,Heavy Duty Exhaust Flange - K 1600 GTL K 1600 GTL Bmw  Exhaust racing quality wear resistant for reduced maintenance,0,2025-07-24T00:00:00,2025-08-28T00:00:00
68d141edb3fce85d4c560bc5,Ducati Front Fairing for Panigale V4,Panigale V4,Ducati,2024.0,,Body Parts,1801.0,enhanced precision engineered for better fuel economy,22.0,3.6,29.0,0,https://example.com/images/front_fairing_panigale_v4.jpg,68d133bf3952f7cf7dee90b7,68d133bf3952f7cf7dee90b9,Jyothi Automobiles,Hyderabad,17.511409,78.350972,mid-range,modern,good,Ducati Front Fairing for Panigale V4 Panigale V4 Ducati  Body Parts enhanced precision engineered for better fuel economy,0,2025-08-16T00:00:00,2025-09-10T00:00:00
68d141edb3fce85d4c560bc6,Heavy Duty Steering Head Bearing - Meteor 350,Meteor 350,Royal Enfield,2013.0,,Suspension,2302.0,premium quality noise reducing for better handling,17.0,4.5,47.0,0,https://example.com/images/steering_head_bearing_meteor_350.jpg,68d1346c3952f7cf7dee90d0,68d1346c3952f7cf7dee90d2,Kalyan Automobiles,Bala Nagar,17.475679,78.447328,mid-range,vintage,excellent,Heavy Duty Steering Head Bearing - Meteor 350 Meteor 350 Royal Enfield  Suspension premium quality noise reducing for better handling,0,2025-07-10T00:00:00,2025-07-23T00:00:00
68d141edb3fce85d4c560bc7,Heavy Duty Bypass Filter - Interceptor 650,Interceptor 650,Royal Enfield,2020.0,,Filters,551.0,enhanced fuel efficient for better fuel economy,19.0,4.8,23.0,0,https://example.com/images/bypass_filter_interceptor_650.jpg,68d134ac3952f7cf7dee90e3,68d134ac3952f7cf7dee90e5,Shiva sai Automobiles,Mahabubabad,17.594209,80.006903,budget,modern,excellent,Heavy Duty Bypass Filter - Interceptor 650 Interceptor 650 Royal Enfield  Filters enhanced fuel efficient for better fuel economy,0,2025-09-06T00:00:00,2025-09-12T00:00:00
68d141edb3fce85d4c560bc8,Premium Knee Guard for Glamour,Glamour,Hero,2010.0,,Safety,3513.0,lightweight chemical resistant for enhanced safety,6.0,3.3,29.0,0,https://example.com/images/knee_guard_glamour.jpg,68d135063952f7cf7dee90f6,68d135063952f7cf7dee90f8,Manoj Automobiles,Dilshknagar,17.367642,78.534282,mid-range,vintage,good,Premium Knee Guard for Glamour Glamour Hero  Safety lightweight chemical resistant for enhanced safety,0,2025-09-12T00:00:00,2025-09-07T00:00:00
68d141edb3fce85d4c560bc9,Performance Steering Head Bearing - SR 160,SR 160,Aprilia,2020.0,,Suspension,10490.0,advanced high strength for longer life,1.0,3.7,49.0,0,https://example.com/images/steering_head_bearing_sr_160.jpg,68d135833952f7cf7dee9109,68d135833952f7cf7dee910b,Mounika Automobiles,Karimnagar,18.435781,79.132861,premium,modern,good,Performance Steering Head Bearing - SR 160 SR 160 Aprilia  Suspension advanced high strength for longer life,0,2025-07-06T00:00:00,2025-07-07T00:00:00
68d141edb3fce85d4c560bca,Benelli Battery Box for TNT 600i,TNT 600i,Benelli,2013.0,,Body Parts,4254.0,street performance temperature stable for better control,9.0,3.3,40.0,0,https://example.com/images/battery_box_tnt_600i.jpg,68d135d63952f7cf7dee911e,68d135d63952f7cf7dee9120,baskar Automobiles,Medak,18.048948,78.269372,mid-range,vintage,good,Benelli Battery Box for TNT 600i TNT 600i Benelli  Body Parts street performance temperature stable for better control,0,2025-09-07T00:00:00,2025-08-20T00:00:00
68d141edb3fce85d4c560bcb,Heavy Duty Spark Plug - Speed Triple,Speed Triple,Triumph,2014.0,,Ignition,468.0,superior eco friendly for better control,30.0,3.6,2.0,0,https://example.com/images/spark_plug_speed_triple.jpg,68d136193952f7cf7dee9131,68d136193952f7cf7dee9133,Mahesh Automobiles,Khammam,17.249885,80.15615,budget,vintage,good,Heavy Duty Spark Plug - Speed Triple Speed Triple Triumph  Ignition superior eco friendly for better control,0,2025-07-25T00:00:00,2025-08-16T00:00:00
68d141edb3fce85d4c560bcc,Racing Exhaust Clamp - Grazia,Grazia,Honda,2017.0,,Exhaust,18320.0,enhanced temperature stable for better control,28.0,3.4,0.0,0,https://example.com/images/exhaust_clamp_grazia.jpg,689d6959045c37933826818b,689d6959045c37933826818d,sai automobiles,RAMNAGAR COLONY PEERZADIGUDA UPPAL HYDERABAD,17.390358,78.606729,premium,classic,good,Racing Exhaust Clamp - Grazia Grazia Honda  Exhaust enhanced temperature stable for better control,0,2025-08-20T00:00:00,2025-08-20T00:00:00
68d141edb3fce85d4c560bcd,Premium Suspension Bolt for Bobber,Bobber,Jawa,2020.0,,Suspension,12489.0,professional grade impact resistant for reduced maintenance,13.0,3.7,35.0,0,https://example.com/images/suspension_bolt_bobber.jpg,68ac2a8e3c73e23c655de052,68ac2a8f3c73e23c655de054,Swathi Automobiles,Chappal Bazar Road - Kachiguda ,17.38953,78.491245,premium,modern,good,Premium Suspension Bolt for Bobber Bobber Jawa  Suspension professional grade impact resistant for reduced maintenance,0,2025-09-06T00:00:00,2025-09-03T00:00:00
68d141edb3fce85d4c560bce,FZ-S Coolant Pump,FZ-S,Yamaha,2025.0,,Cooling System,7040.0,lightweight vibration dampening for enhanced safety,11.0,4.2,17.0,0,https://example.com/images/coolant_pump_fz_s.jpg,68d0c47d09554c358655174b,68d0c47e09554c358655174d,Tarun Automobiles,,17.423605,78.546314,premium,modern,good,FZ-S Coolant Pump FZ-S Yamaha  Cooling System lightweight vibration dampening for enhanced safety,0,2025-07-10T00:00:00,2025-08-30T00:00:00
68d141edb3fce85d4c560bcf,OEM CDI Unit - Roadster,Roadster,Yezdi,2010.0,,Electrical,2001.0,premium quality precision engineered for maximum protection,30.0,4.2,29.0,0,https://example.com/images/cdi_unit_roadster.jpg,68d133bf3952f7cf7dee90b7,68d133bf3952f7cf7dee90b9,Jyothi Automobiles,Hyderabad,17.511409,78.350972,mid-range,vintage,good,OEM CDI Unit - Roadster Roadster Yezdi  Electrical premium quality precision engineered for maximum protection,0,2025-07-26T00:00:00,2025-08-22T00:00:00
68d141edb3fce85d4c560bd0,OEM Circuit Breaker - Max 125,Max 125,Tvs,2018.0,,Electrical,3075.0,street performance heat treated for optimal efficiency,15.0,4.6,45.0,0,https://example.com/images/circuit_breaker_max_125.jpg,68d1346c3952f7cf7dee90d0,68d1346c3952f7cf7dee90d2,Kalyan Automobiles,Bala Nagar,17.475679,78.447328,mid-range,classic,excellent,OEM Circuit Breaker - Max 125 Max 125 Tvs  Electrical street performance heat treated for optimal efficiency,0,2025-09-19T00:00:00,2025-07-30T00:00:00
68d141edb3fce85d4c560bd1,Water Pump Assembly - Intruder,Intruder,Suzuki,2011.0,,Engine,14244.0,racing quality maintenance free for longer life,24.0,4.3,36.0,0,https://example.com/images/water_pump_intruder.jpg,68d134ac3952f7cf7dee90e3,68d134ac3952f7cf7dee90e5,Shiva sai Automobiles,Mahabubabad,17.594209,80.006903,premium,vintage,good,Water Pump Assembly - Intruder Intruder Suzuki  Engine racing quality maintenance free for longer life,0,2025-07-11T00:00:00,2025-08-20T00:00:00
68d141edb3fce85d4c560bd2,Premium Centrifugal Filter for FZ 25,FZ 25,Yamaha,2022.0,,Filters,1144.0,professional grade temperature stable for enhanced stability,9.0,5.0,44.0,0,https://example.com/images/centrifugal_filter_fz_25.jpg,68d135063952f7cf7dee90f6,68d135063952f7cf7dee90f8,Manoj Automobiles,Dilshknagar,17.367642,78.534282,mid-range,modern,excellent,Premium Centrifugal Filter for FZ 25 FZ 25 Yamaha  Filters professional grade temperature stable for enhanced stability,0,2025-09-09T00:00:00,2025-08-01T00:00:00
68d141edb3fce85d4c560bd3,Connecting Rod - Gixxer SF,Gixxer SF,Suzuki,2021.0,,Engine,24765.0,durable eco friendly for longer life,22.0,4.6,20.0,0,https://example.com/images/connecting_rod_gixxer_sf.jpg,68d135833952f7cf7dee9109,68d135833952f7cf7dee910b,Mounika Automobiles,Karimnagar,18.435781,79.132861,premium,modern,excellent,Connecting Rod - Gixxer SF Gixxer SF Suzuki  Engine durable eco friendly for longer life,0,2025-09-16T00:00:00,2025-07-24T00:00:00
68d141edb3fce85d4c560bd4,Premium Rotor for Himalayan,Himalayan,Royal Enfield,2025.0,,Ignition,448.0,enhanced eco friendly for maximum protection,22.0,3.9,9.0,0,https://example.com/images/rotor_himalayan.jpg,68d135d63952f7cf7dee911e,68d135d63952f7cf7dee9120,baskar Automobiles,Medak,18.048948,78.269372,budget,modern,good,Premium Rotor for Himalayan Himalayan Royal Enfield  Ignition enhanced eco friendly for maximum protection,0,2025-09-18T00:00:00,2025-09-17T00:00:00
68d141edb3fce85d4c560bd5,Premium Windshield for Panigale V2,Panigale V2,Ducati,2019.0,,Accessories,4421.0,long lasting noise reducing for enhanced safety,12.0,4.6,31.0,0,https://example.com/images/windshield_panigale_v2.jpg,68d136193952f7cf7dee9131,68d136193952f7cf7dee9133,Mahesh Automobiles,Khammam,17.249885,80.15615,mid-range,classic,excellent,Premium Windshield for Panigale V2 Panigale V2 Ducati  Accessories long lasting noise reducing for enhanced safety,0,2025-07-07T00:00:00,2025-09-18T00:00:00
68d141edb3fce85d4c560bd6,Heavy Duty Fuel Tank - Forty Two,Forty Two,Jawa,2020.0,,Body Parts,7267.0,lightweight precision engineered for superior reliability,19.0,3.9,30.0,0,https://example.com/images/fuel_tank_forty_two.jpg,689d6959045c37933826818b,689d6959045c37933826818d,sai automobiles,RAMNAGAR COLONY PEERZADIGUDA UPPAL HYDERABAD,17.390358,78.606729,premium,modern,good,Heavy Duty Fuel Tank - Forty Two Forty Two Jawa  Body Parts lightweight precision engineered for superior reliability,0,2025-08-20T00:00:00,2025-08-29T00:00:00
68d141edb3fce85d4c560bd7,Genuine Carburetor Cleaner - Tiger 900,Tiger 900,Triumph,2012.0,,Maintenance,555.0,professional grade heat treated for longer life,6.0,3.7,38.0,0,https://example.com/images/carburetor_cleaner_tiger_900.jpg,68ac2a8e3c73e23c655de052,68ac2a8f3c73e23c655de054,Swathi Automobiles,Chappal Bazar Road - Kachiguda ,17.38953,78.491245,budget,vintage,good,Genuine Carburetor Cleaner - Tiger 900 Tiger 900 Triumph  Maintenance professional grade heat treated for longer life,0,2025-09-13T00:00:00,2025-09-02T00:00:00
68d141edb3fce85d4c560bd8,Tail Box Assembly - Speed Triple,Speed Triple,Triumph,2020.0,,Accessories,3012.0,precision made weather resistant for longer life,20.0,3.8,41.0,0,https://example.com/images/tail_box_speed_triple.jpg,68d0c47d09554c358655174b,68d0c47e09554c358655174d,Tarun Automobiles,,17.423605,78.546314,mid-range,modern,good,Tail Box Assembly - Speed Triple Speed Triple Triumph  Accessories precision made weather resistant for longer life,0,2025-09-10T00:00:00,2025-07-13T00:00:00
68d141edb3fce85d4c560bd9,Racing Temperature Sensor - Thunderbird 350,Thunderbird 350,Royal Enfield,2015.0,,Cooling System,9729.0,oem quality impact resistant for optimal efficiency,21.0,3.9,20.0,0,https://example.com/images/temperature_sensor_thunderbird_350.jpg,68d133bf3952f7cf7dee90b7,68d133bf3952f7cf7dee90b9,Jyothi Automobiles,Hyderabad,17.511409,78.350972,premium,classic,good,Racing Temperature Sensor - Thunderbird 350 Thunderbird 350 Royal Enfield  Cooling System oem quality impact resistant for optimal efficiency,0,2025-08-08T00:00:00,2025-08-07T00:00:00
68d141edb3fce85d4c560bda,OEM Fork Spring - BN 125,BN 125,Benelli,2025.0,,Suspension,14621.0,heavy duty eco friendly for improved performance,25.0,3.8,35.0,0,https://example.com/images/fork_spring_bn_125.jpg,68d1346c3952f7cf7dee90d0,68d1346c3952f7cf7dee90d2,Kalyan Automobiles,Bala Nagar,17.475679,78.447328,premium,modern,good,OEM Fork Spring - BN 125 BN 125 Benelli  Suspension heavy duty eco friendly for improved performance,0,2025-07-12T00:00:00,2025-07-01T00:00:00
68d141edb3fce85d4c560bdb,OEM Clutch Plate - FZ 25,FZ 25,Yamaha,2022.0,,Transmission,1200.0,superior chemical resistant for smoother operation,16.0,4.7,46.0,0,https://example.com/images/clutch_plate_fz_25.jpg,68d134ac3952f7cf7dee90e3,68d134ac3952f7cf7dee90e5,Shiva sai Automobiles,Mahabubabad,17.594209,80.006903,mid-range,modern,excellent,OEM Clutch Plate - FZ 25 FZ 25 Yamaha  Transmission superior chemical resistant for smoother operation,0,2025-07-12T00:00:00,2025-07-16T00:00:00
68d141edb3fce85d4c560bdc,Racing Clutch Plate - Flyte,Flyte,Mahindra,2023.0,,Transmission,5039.0,durable precision engineered for improved performance,29.0,3.7,38.0,0,https://example.com/images/clutch_plate_flyte.jpg,68d135063952f7cf7dee90f6,68d135063952f7cf7dee90f8,Manoj Automobiles,Dilshknagar,17.367642,78.534282,mid-range,modern,good,Racing Clutch Plate - Flyte Flyte Mahindra  Transmission durable precision engineered for improved performance,0,2025-09-01T00:00:00,2025-08-16T00:00:00
68d141edb3fce85d4c560bdd,Heavy Duty Gear Oil - Scrambler 1200,Scrambler 1200,Triumph,2012.0,,Maintenance,90.0,enhanced weather resistant for improved performance,10.0,4.4,36.0,0,https://example.com/images/gear_oil_scrambler_1200.jpg,68d135833952f7cf7dee9109,68d135833952f7cf7dee910b,Mounika Automobiles,Karimnagar,18.435781,79.132861,budget,vintage,good,Heavy Duty Gear Oil - Scrambler 1200 Scrambler 1200 Triumph  Maintenance enhanced weather resistant for improved performance,0,2025-08-01T00:00:00,2025-09-09T00:00:00
68d141edb3fce85d4c560bde,Premium Gear Box for 42,42,Jawa,2018.0,,Transmission,9661.0,oem quality chemical resistant for increased power,24.0,4.9,21.0,0,https://example.com/images/gear_box_42.jpg,68d135d63952f7cf7dee911e,68d135d63952f7cf7dee9120,baskar Automobiles,Medak,18.048948,78.269372,premium,classic,excellent,Premium Gear Box for 42 42 Jawa  Transmission oem quality chemical resistant for increased power,0,2025-08-03T00:00:00,2025-08-08T00:00:00
68d141edb3fce85d4c560bdf,W175 Rear Spring,W175,Kawasaki,2020.0,,Suspension,9569.0,long lasting eco friendly for improved comfort,9.0,3.7,0.0,0,https://example.com/images/rear_spring_w175.jpg,68d136193952f7cf7dee9131,68d136193952f7cf7dee9133,Mahesh Automobiles,Khammam,17.249885,80.15615,premium,modern,good,W175 Rear Spring W175 Kawasaki  Suspension long lasting eco friendly for improved comfort,0,2025-08-23T00:00:00,2025-09-20T00:00:00
68d141edb3fce85d4c560be0,Genuine Timing Chain - RS 660,RS 660,Aprilia,2019.0,,Engine,4314.0,industrial grade heat treated for superior reliability,29.0,3.8,5.0,0,https://example.com/images/timing_chain_rs_660.jpg,689d6959045c37933826818b,689d6959045c37933826818d,sai automobiles,RAMNAGAR COLONY PEERZADIGUDA UPPAL HYDERABAD,17.390358,78.606729,mid-range,classic,good,Genuine Timing Chain - RS 660 RS 660 Aprilia  Engine industrial grade heat treated for superior reliability,0,2025-07-31T00:00:00,2025-09-14T00:00:00
68d141edb3fce85d4c560be1,Racing Fuel Rail - R 1250 GS,R 1250 GS,Bmw,2018.0,,Fuel System,3370.0,lightweight wear resistant for improved performance,6.0,4.5,39.0,0,https://example.com/images/fuel_rail_r_1250_gs.jpg,68ac2a8e3c73e23c655de052,68ac2a8f3c73e23c655de054,Swathi Automobiles,Chappal Bazar Road - Kachiguda ,17.38953,78.491245,mid-range,classic,excellent,Racing Fuel Rail - R 1250 GS R 1250 GS Bmw  Fuel System lightweight wear resistant for improved performance,0,2025-07-30T00:00:00,2025-07-02T00:00:00
68d141edb3fce85d4c560be2,Machismo First Aid Kit,Machismo,Royal Enfield,2012.0,,Accessories,2209.0,industrial grade noise reducing for increased power,7.0,3.8,32.0,0,https://example.com/images/first_aid_kit_machismo.jpg,68d0c47d09554c358655174b,68d0c47e09554c358655174d,Tarun Automobiles,,17.423605,78.546314,mid-range,vintage,good,Machismo First Aid Kit Machismo Royal Enfield  Accessories industrial grade noise reducing for increased power,0,2025-07-05T00:00:00,2025-07-25T00:00:00
68d141edb3fce85d4c560be3,Racing Fuel Injector - Challenger,Challenger,Indian,2010.0,,Fuel System,7737.0,high performance fuel efficient for smoother operation,19.0,4.1,8.0,0,https://example.com/images/fuel_injector_challenger.jpg,68d133bf3952f7cf7dee90b7,68d133bf3952f7cf7dee90b9,Jyothi Automobiles,Hyderabad,17.511409,78.350972,premium,vintage,good,Racing Fuel Injector - Challenger Challenger Indian  Fuel System high performance fuel efficient for smoother operation,0,2025-07-23T00:00:00,2025-08-12T00:00:00
68d141edb3fce85d4c560be4,GSX-S750 Heater Core,GSX-S750,Suzuki,2014.0,,Cooling System,4462.0,oem quality heat treated for superior reliability,3.0,3.6,21.0,0,https://example.com/images/heater_core_gsx_s750.jpg,68d1346c3952f7cf7dee90d0,68d1346c3952f7cf7dee90d2,Kalyan Automobiles,Bala Nagar,17.475679,78.447328,mid-range,vintage,good,GSX-S750 Heater Core GSX-S750 Suzuki  Cooling System oem quality heat treated for superior reliability,0,2025-07-21T00:00:00,2025-08-07T00:00:00
68d141edb3fce85d4c560be5,W175 Rebound Adjuster,W175,Kawasaki,2011.0,,Suspension,4106.0,lightweight noise reducing for smoother operation,23.0,3.8,32.0,0,https://example.com/images/rebound_adjuster_w175.jpg,68d134ac3952f7cf7dee90e3,68d134ac3952f7cf7dee90e5,Shiva sai Automobiles,Mahabubabad,17.594209,80.006903,mid-range,vintage,good,W175 Rebound Adjuster W175 Kawasaki  Suspension lightweight noise reducing for smoother operation,0,2025-09-19T00:00:00,2025-08-13T00:00:00
68d141edb3fce85d4c560be6,Premium Center Stand for Rodeo RZ,Rodeo RZ,Mahindra,2016.0,,Body Parts,4740.0,professional grade long lasting for enhanced stability,28.0,4.2,21.0,0,https://example.com/images/center_stand_rodeo_rz.jpg,68d135063952f7cf7dee90f6,68d135063952f7cf7dee90f8,Manoj Automobiles,Dilshknagar,17.367642,78.534282,mid-range,classic,good,Premium Center Stand for Rodeo RZ Rodeo RZ Mahindra  Body Parts professional grade long lasting for enhanced stability,0,2025-08-24T00:00:00,2025-07-16T00:00:00
68d141edb3fce85d4c560be7,Racing Intercooler - 450 Rally,450 Rally,Ktm,2022.0,,Cooling System,6499.0,oem quality weather resistant for maximum protection,30.0,4.8,9.0,0,https://example.com/images/intercooler_450_rally.jpg,68d135833952f7cf7dee9109,68d135833952f7cf7dee910b,Mounika Automobiles,Karimnagar,18.435781,79.132861,premium,modern,excellent,Racing Intercooler - 450 Rally 450 Rally Ktm  Cooling System oem quality weather resistant for maximum protection,0,2025-09-16T00:00:00,2025-07-13T00:00:00
68d141edb3fce85d4c560be8,OEM Compression Ring - Adventure 390,Adventure 390,Ktm,2024.0,,Engine,9435.0,industrial grade noise reducing for smoother operation,13.0,3.7,49.0,0,https://example.com/images/compression_ring_adventure_390.jpg,68d135d63952f7cf7dee911e,68d135d63952f7cf7dee9120,baskar Automobiles,Medak,18.048948,78.269372,premium,modern,good,OEM Compression Ring - Adventure 390 Adventure 390 Ktm  Engine industrial grade noise reducing for smoother operation,0,2025-07-11T00:00:00,2025-09-09T00:00:00
68d141edb3fce85d4c560be9,Harley-Davidson Exhaust Gasket for Street Glide,Street Glide,Harley-Davidson,2021.0,,Exhaust,26399.0,advanced fuel efficient for enhanced safety,5.0,3.2,10.0,0,https://example.com/images/exhaust_gasket_street_glide.jpg,68d136193952f7cf7dee9131,68d136193952f7cf7dee9133,Mahesh Automobiles,Khammam,17.249885,80.15615,premium,modern,good,Harley-Davidson Exhaust Gasket for Street Glide Street Glide Harley-Davidson  Exhaust advanced fuel efficient for enhanced safety,0,2025-07-06T00:00:00,2025-08-13T00:00:00
68d141edb3fce85d4c560bea,Carbon Filter - K 1600 GTL,K 1600 GTL,Bmw,2011.0,,Filters,705.0,superior corrosion resistant for enhanced safety,6.0,4.9,45.0,0,https://example.com/images/carbon_filter_k_1600_gtl.jpg,689d6959045c37933826818b,689d6959045c37933826818d,sai automobiles,RAMNAGAR COLONY PEERZADIGUDA UPPAL HYDERABAD,17.390358,78.606729,budget,vintage,excellent,Carbon Filter - K 1600 GTL K 1600 GTL Bmw  Filters superior corrosion resistant for enhanced safety,0,2025-08-07T00:00:00,2025-08-28T00:00:00
68d141edb3fce85d4c560beb,Heavy Duty Coolant Filter - Stallio,Stallio,Mahindra,2023.0,,Filters,196.0,high performance noise reducing for reduced maintenance,13.0,4.4,27.0,0,https://example.com/images/coolant_filter_stallio.jpg,68ac2a8e3c73e23c655de052,68ac2a8f3c73e23c655de054,Swathi Automobiles,Chappal Bazar Road - Kachiguda ,17.38953,78.491245,budget,modern,good,Heavy Duty Coolant Filter - Stallio Stallio Mahindra  Filters high performance noise reducing for reduced maintenance,0,2025-08-24T00:00:00,2025-07-15T00:00:00
68d141edb3fce85d4c560bec,Jawa High Beam Bulb for Perak,Perak,Jawa,2015.0,,Lighting,1162.0,high performance temperature stable for better handling,21.0,3.5,4.0,0,https://example.com/images/high_beam_bulb_perak.jpg,68d0c47d09554c358655174b,68d0c47e09554c358655174d,Tarun Automobiles,,17.423605,78.546314,mid-range,classic,good,Jawa High Beam Bulb for Perak Perak Jawa  Lighting high performance temperature stable for better handling,0,2025-09-07T00:00:00,2025-08-11T00:00:00
68d141edb3fce85d4c560bed,Performance Centrifugal Filter - R15M,R15M,Yamaha,2025.0,,Filters,1215.0,lightweight corrosion resistant for enhanced stability,12.0,4.5,26.0,0,https://example.com/images/centrifugal_filter_r15m.jpg,68d133bf3952f7cf7dee90b7,68d133bf3952f7cf7dee90b9,Jyothi Automobiles,Hyderabad,17.511409,78.350972,mid-range,modern,excellent,Performance Centrifugal Filter - R15M R15M Yamaha  Filters lightweight corrosion resistant for enhanced stability,0,2025-07-18T00:00:00,2025-09-05T00:00:00
68d141edb3fce85d4c560bee,OEM Cylinder Head - Gusto,Gusto,Mahindra,2020.0,,Engine,23533.0,long lasting corrosion resistant for better handling,7.0,4.3,34.0,0,https://example.com/images/cylinder_head_gusto.jpg,68d1346c3952f7cf7dee90d0,68d1346c3952f7cf7dee90d2,Kalyan Automobiles,Bala Nagar,17.475679,78.447328,premium,modern,good,OEM Cylinder Head - Gusto Gusto Mahindra  Engine long lasting corrosion resistant for better handling,0,2025-08-12T00:00:00,2025-09-21T00:00:00
68d141edb3fce85d4c560bef,Racing Rear Cowl - Adventure 390,Adventure 390,Ktm,2015.0,,Body Parts,1596.0,durable maintenance free for maximum protection,24.0,3.5,27.0,0,https://example.com/images/rear_cowl_adventure_390.jpg,68d134ac3952f7cf7dee90e3,68d134ac3952f7cf7dee90e5,Shiva sai Automobiles,Mahabubabad,17.594209,80.006903,mid-range,classic,good,Racing Rear Cowl - Adventure 390 Adventure 390 Ktm  Body Parts durable maintenance free for maximum protection,0,2025-08-05T00:00:00,2025-08-14T00:00:00
68d141edb3fce85d4c560bf0,Heavy Duty Water Hose - Bonneville T120,Bonneville T120,Triumph,2019.0,,Cooling System,7005.0,enhanced eco friendly for better fuel economy,9.0,4.3,7.0,0,https://example.com/images/water_hose_bonneville_t120.jpg,68d135063952f7cf7dee90f6,68d135063952f7cf7dee90f8,Manoj Automobiles,Dilshknagar,17.367642,78.534282,premium,classic,good,Heavy Duty Water Hose - Bonneville T120 Bonneville T120 Triumph  Cooling System enhanced eco friendly for better fuel economy,0,2025-08-07T00:00:00,2025-08-28T00:00:00
68d141edb3fce85d4c560bf1,Genuine Header Pipe - Multistrada V4,Multistrada V4,Ducati,2012.0,,Exhaust,5629.0,superior high strength for superior reliability,5.0,3.7,31.0,0,https://example.com/images/header_pipe_multistrada_v4.jpg,68d135833952f7cf7dee9109,68d135833952f7cf7dee910b,Mounika Automobiles,Karimnagar,18.435781,79.132861,mid-range,vintage,good,Genuine Header Pipe - Multistrada V4 Multistrada V4 Ducati  Exhaust superior high strength for superior reliability,0,2025-08-07T00:00:00,2025-07-14T00:00:00
68d141edb3fce85d4c560bf2,Scout Radiator,Scout,Indian,2017.0,,Cooling System,11963.0,superior eco friendly for better control,10.0,4.8,22.0,0,https://example.com/images/radiator_scout.jpg,68d135d63952f7cf7dee911e,68d135d63952f7cf7dee9120,baskar Automobiles,Medak,18.048948,78.269372,premium,classic,excellent,Scout Radiator Scout Indian  Cooling System superior eco friendly for better control,0,2025-08-18T00:00:00,2025-07-25T00:00:00
68d141edb3fce85d4c560bf3,OEM Chest Protector - PCX 150,PCX 150,Honda,2023.0,,Safety,6933.0,precision made noise reducing for increased power,27.0,3.4,46.0,0,https://example.com/images/chest_protector_pcx_150.jpg,68d136193952f7cf7dee9131,68d136193952f7cf7dee9133,Mahesh Automobiles,Khammam,17.249885,80.15615,premium,modern,good,OEM Chest Protector - PCX 150 PCX 150 Honda  Safety precision made noise reducing for increased power,0,2025-08-23T00:00:00,2025-07-11T00:00:00
68d141edb3fce85d4c560bf4,Harley-Davidson Spark Plug for Street 750,Street 750,Harley-Davidson,2016.0,,Ignition,456.0,industrial grade chemical resistant for superior reliability,30.0,4.7,45.0,0,https://example.com/images/spark_plug_street_750.jpg,689d6959045c37933826818b,689d6959045c37933826818d,sai automobiles,RAMNAGAR COLONY PEERZADIGUDA UPPAL HYDERABAD,17.390358,78.606729,budget,classic,excellent,Harley-Davidson Spark Plug for Street 750 Street 750 Harley-Davidson  Ignition industrial grade chemical resistant for superior reliability,0,2025-09-16T00:00:00,2025-07-27T00:00:00
68d141edb3fce85d4c560bf5,Aprilia Upper Triple Tree for RSV4,RSV4,Aprilia,2025.0,,Suspension,18716.0,premium quality weather resistant for optimal efficiency,1.0,4.9,39.0,0,https://example.com/images/upper_triple_tree_rsv4.jpg,68ac2a8e3c73e23c655de052,68ac2a8f3c73e23c655de054,Swathi Automobiles,Chappal Bazar Road - Kachiguda ,17.38953,78.491245,premium,modern,excellent,Aprilia Upper Triple Tree for RSV4 RSV4 Aprilia  Suspension premium quality weather resistant for optimal efficiency,0,2025-09-07T00:00:00,2025-07-29T00:00:00
68d141edb3fce85d4c560bf6,OEM Engine Oil - Kine,Kine,Mahindra,2011.0,,Maintenance,190.0,superior heat treated for increased power,21.0,4.8,27.0,0,https://example.com/images/engine_oil_kine.jpg,68d0c47d09554c358655174b,68d0c47e09554c358655174d,Tarun Automobiles,,17.423605,78.546314,budget,vintage,excellent,OEM Engine Oil - Kine Kine Mahindra  Maintenance superior heat treated for increased power,0,2025-07-04T00:00:00,2025-07-22T00:00:00
68d141edb3fce85d4c560bf7,Genuine Fuel Pump - Oilking,Oilking,Yezdi,2010.0,,Fuel System,1800.0,high performance precision engineered for improved performance,8.0,4.8,32.0,0,https://example.com/images/fuel_pump_oilking.jpg,68d133bf3952f7cf7dee90b7,68d133bf3952f7cf7dee90b9,Jyothi Automobiles,Hyderabad,17.511409,78.350972,mid-range,vintage,excellent,Genuine Fuel Pump - Oilking Oilking Yezdi  Fuel System high performance precision engineered for improved performance,0,2025-09-07T00:00:00,2025-07-11T00:00:00
68d141edb3fce85d4c560bf8,Racing Mobile Holder - TNT 899,TNT 899,Benelli,2017.0,,Accessories,4647.0,industrial grade corrosion resistant for better control,20.0,3.5,26.0,0,https://example.com/images/mobile_holder_tnt_899.jpg,68d1346c3952f7cf7dee90d0,68d1346c3952f7cf7dee90d2,Kalyan Automobiles,Bala Nagar,17.475679,78.447328,mid-range,classic,good,Racing Mobile Holder - TNT 899 TNT 899 Benelli  Accessories industrial grade corrosion resistant for better control,0,2025-08-17T00:00:00,2025-08-11T00:00:00
68d141edb3fce85d4c560bf9,Premium LED Strip for Scrambler,Scrambler,Ducati,2011.0,,Lighting,2540.0,professional grade fuel efficient for maximum protection,12.0,4.8,10.0,0,https://example.com/images/led_strip_scrambler.jpg,68d134ac3952f7cf7dee90e3,68d134ac3952f7cf7dee90e5,Shiva sai Automobiles,Mahabubabad,17.594209,80.006903,mid-range,vintage,excellent,Premium LED Strip for Scrambler Scrambler Ducati  Lighting professional grade fuel efficient for maximum protection,0,2025-09-02T00:00:00,2025-07-30T00:00:00
68d141edb3fce85d4c560bfa,Premium Distributor for Platina 110,Platina 110,Bajaj,2018.0,,Ignition,1622.0,racing quality maintenance free for enhanced safety,25.0,3.5,48.0,0,https://example.com/images/distributor_platina_110.jpg,68d135063952f7cf7dee90f6,68d135063952f7cf7dee90f8,Manoj Automobiles,Dilshknagar,17.367642,78.534282,mid-range,classic,good,Premium Distributor for Platina 110 Platina 110 Bajaj  Ignition racing quality maintenance free for enhanced safety,0,2025-08-10T00:00:00,2025-07-23T00:00:00
68d141edb3fce85d4c560bfb,Brake Drum Assembly - SR 160,SR 160,Aprilia,2013.0,,Brakes,3469.0,long lasting noise reducing for improved performance,16.0,4.2,30.0,0,https://example.com/images/brake_drum_sr_160.jpg,68d135833952f7cf7dee9109,68d135833952f7cf7dee910b,Mounika Automobiles,Karimnagar,18.435781,79.132861,mid-range,vintage,good,Brake Drum Assembly - SR 160 SR 160 Aprilia  Brakes long lasting noise reducing for improved performance,0,2025-09-01T00:00:00,2025-08-04T00:00:00
68d141edb3fce85d4c560bfc,Aprilia Distributor for RS 660,RS 660,Aprilia,2019.0,,Ignition,694.0,durable long lasting for enhanced durability,10.0,4.2,41.0,0,https://example.com/images/distributor_rs_660.jpg,68d135d63952f7cf7dee911e,68d135d63952f7cf7dee9120,baskar Automobiles,Medak,18.048948,78.269372,budget,classic,good,Aprilia Distributor for RS 660 RS 660 Aprilia  Ignition durable long lasting for enhanced durability,0,2025-08-15T00:00:00,2025-07-19T00:00:00
68d141edb3fce85d4c560bfd,Racing Cylinder Block - Livo,Livo,Honda,2012.0,,Engine,10616.0,heavy duty wear resistant for enhanced safety,2.0,4.8,35.0,0,https://example.com/images/cylinder_block_livo.jpg,68d136193952f7cf7dee9131,68d136193952f7cf7dee9133,Mahesh Automobiles,Khammam,17.249885,80.15615,premium,vintage,excellent,Racing Cylinder Block - Livo Livo Honda  Engine heavy duty wear resistant for enhanced safety,0,2025-07-15T00:00:00,2025-08-25T00:00:00
68d141edb3fce85d4c560bfe,Performance Protective Pants - Maestro Edge,Maestro Edge,Hero,2010.0,,Safety,7587.0,heavy duty weather resistant for increased power,27.0,4.6,29.0,0,https://example.com/images/protective_pants_maestro_edge.jpg,689d6959045c37933826818b,689d6959045c37933826818d,sai automobiles,RAMNAGAR COLONY PEERZADIGUDA UPPAL HYDERABAD,17.390358,78.606729,premium,vintage,excellent,Performance Protective Pants - Maestro Edge Maestro Edge Hero  Safety heavy duty weather resistant for increased power,0,2025-07-09T00:00:00,2025-08-01T00:00:00
68d141edb3fce85d4c560bff,Premium Emergency Blanket for Sport,Sport,Tvs,2023.0,,Safety,675.0,heavy duty noise reducing for superior reliability,4.0,4.9,40.0,0,https://example.com/images/emergency_blanket_sport.jpg,68ac2a8e3c73e23c655de052,68ac2a8f3c73e23c655de054,Swathi Automobiles,Chappal Bazar Road - Kachiguda ,17.38953,78.491245,budget,modern,excellent,Premium Emergency Blanket for Sport Sport Tvs  Safety heavy duty noise reducing for superior reliability,0,2025-08-22T00:00:00,2025-07-15T00:00:00
68d141edb3fce85d4c560c00,OEM Reflective Vest - 450 Rally,450 Rally,Ktm,2020.0,,Safety,2251.0,advanced temperature stable for maximum protection,5.0,4.9,18.0,0,https://example.com/images/reflective_vest_450_rally.jpg,68d0c47d09554c358655174b,68d0c47e09554c358655174d,Tarun Automobiles,,17.423605,78.546314,mid-range,modern,excellent,OEM Reflective Vest - 450 Rally 450 Rally Ktm  Safety advanced temperature stable for maximum protection,0,2025-07-12T00:00:00,2025-07-07T00:00:00
68d141edb3fce85d4c560c01,Condenser - Hunter 350,Hunter 350,Royal Enfield,2013.0,,Ignition,1868.0,superior eco friendly for improved comfort,29.0,4.8,15.0,0,https://example.com/images/condenser_hunter_350.jpg,68d133bf3952f7cf7dee90b7,68d133bf3952f7cf7dee90b9,Jyothi Automobiles,Hyderabad,17.511409,78.350972,mid-range,vintage,excellent,Condenser - Hunter 350 Hunter 350 Royal Enfield  Ignition superior eco friendly for improved comfort,0,2025-07-20T00:00:00,2025-08-09T00:00:00
68d141edb3fce85d4c560c02,KTM Head Gasket for Duke 250,Duke 250,Ktm,2022.0,,Engine,20980.0,lightweight noise reducing for optimal efficiency,3.0,4.5,27.0,0,https://example.com/images/head_gasket_duke_250.jpg,68d1346c3952f7cf7dee90d0,68d1346c3952f7cf7dee90d2,Kalyan Automobiles,Bala Nagar,17.475679,78.447328,premium,modern,excellent,KTM Head Gasket for Duke 250 Duke 250 Ktm  Engine lightweight noise reducing for optimal efficiency,0,2025-07-14T00:00:00,2025-09-07T00:00:00
68d141eeb3fce85d4c560c03,FZ-X Coolant Reservoir,FZ-X,Yamaha,2021.0,,Cooling System,7265.0,racing quality wear resistant for increased power,14.0,4.3,44.0,0,https://example.com/images/coolant_reservoir_fz_x.jpg,68d134ac3952f7cf7dee90e3,68d134ac3952f7cf7dee90e5,Shiva sai Automobiles,Mahabubabad,17.594209,80.006903,premium,modern,good,FZ-X Coolant Reservoir FZ-X Yamaha  Cooling System racing quality wear resistant for increased power,0,2025-09-13T00:00:00,2025-08-01T00:00:00
68d141eeb3fce85d4c560c04,CB Hornet 2.0 Wiring Harness,CB Hornet 2.0,Honda,2015.0,,Electrical,5155.0,long lasting corrosion resistant for improved comfort,10.0,4.7,21.0,0,https://example.com/images/wiring_harness_cb_hornet_2.0.jpg,68d135063952f7cf7dee90f6,68d135063952f7cf7dee90f8,Manoj Automobiles,Dilshknagar,17.367642,78.534282,mid-range,classic,excellent,CB Hornet 2.0 Wiring Harness CB Hornet 2.0 Honda  Electrical long lasting corrosion resistant for improved comfort,0,2025-09-12T00:00:00,2025-07-08T00:00:00
68d141eeb3fce85d4c560c05,Premium Brake Cable for Chief Vintage,Chief Vintage,Indian,2013.0,,Brakes,4577.0,oem quality high strength for superior reliability,19.0,4.9,29.0,0,https://example.com/images/brake_cable_chief_vintage.jpg,68d135833952f7cf7dee9109,68d135833952f7cf7dee910b,Mounika Automobiles,Karimnagar,18.435781,79.132861,mid-range,vintage,excellent,Premium Brake Cable for Chief Vintage Chief Vintage Indian  Brakes oem quality high strength for superior reliability,0,2025-08-28T00:00:00,2025-07-09T00:00:00
68d141eeb3fce85d4c560c06,SP 125 Rear Brake Pad,SP 125,Honda,2019.0,,Brakes,3870.0,heavy duty impact resistant for improved performance,6.0,4.6,8.0,0,https://example.com/images/rear_brake_pad_sp_125.jpg,68d135d63952f7cf7dee911e,68d135d63952f7cf7dee9120,baskar Automobiles,Medak,18.048948,78.269372,mid-range,classic,excellent,SP 125 Rear Brake Pad SP 125 Honda  Brakes heavy duty impact resistant for improved performance,0,2025-07-30T00:00:00,2025-09-18T00:00:00
68d141eeb3fce85d4c560c07,Yezdi Wheel Hub for Classic,Classic,Yezdi,2017.0,,Wheels & Tires,8461.0,advanced noise reducing for better handling,11.0,4.5,25.0,0,https://example.com/images/wheel_hub_classic.jpg,68d136193952f7cf7dee9131,68d136193952f7cf7dee9133,Mahesh Automobiles,Khammam,17.249885,80.15615,premium,classic,excellent,Yezdi Wheel Hub for Classic Classic Yezdi  Wheels & Tires advanced noise reducing for better handling,0,2025-08-06T00:00:00,2025-07-20T00:00:00
68d141eeb3fce85d4c560c08,Mahindra Fuel Injector for Rodeo RZ,Rodeo RZ,Mahindra,2016.0,,Fuel System,3081.0,superior high strength for increased power,24.0,3.6,5.0,0,https://example.com/images/fuel_injector_rodeo_rz.jpg,689d6959045c37933826818b,689d6959045c37933826818d,sai automobiles,RAMNAGAR COLONY PEERZADIGUDA UPPAL HYDERABAD,17.390358,78.606729,mid-range,classic,good,Mahindra Fuel Injector for Rodeo RZ Rodeo RZ Mahindra  Fuel System superior high strength for increased power,0,2025-08-13T00:00:00,2025-08-15T00:00:00
68d141eeb3fce85d4c560c09,Premium Axle for 1290 Super Duke R,1290 Super Duke R,Ktm,2019.0,,Wheels & Tires,5642.0,durable long lasting for enhanced stability,10.0,3.5,45.0,0,https://example.com/images/axle_1290_super_duke_r.jpg,68ac2a8e3c73e23c655de052,68ac2a8f3c73e23c655de054,Swathi Automobiles,Chappal Bazar Road - Kachiguda ,17.38953,78.491245,premium,classic,good,Premium Axle for 1290 Super Duke R 1290 Super Duke R Ktm  Wheels & Tires durable long lasting for enhanced stability,0,2025-07-10T00:00:00,2025-08-29T00:00:00
68d141eeb3fce85d4c560c0a,Racing Water Pipe - R 1250 GS,R 1250 GS,Bmw,2011.0,,Cooling System,10856.0,industrial grade impact resistant for improved performance,28.0,3.3,45.0,0,https://example.com/images/water_pipe_r_1250_gs.jpg,68d0c47d09554c358655174b,68d0c47e09554c358655174d,Tarun Automobiles,,17.423605,78.546314,premium,vintage,good,Racing Water Pipe - R 1250 GS R 1250 GS Bmw  Cooling System industrial grade impact resistant for improved performance,0,2025-07-12T00:00:00,2025-09-12T00:00:00
68d141eeb3fce85d4c560c0b,Performance Spark Plug Cap - Apache RTR 160,Apache RTR 160,Tvs,2020.0,,Ignition,1540.0,lightweight noise reducing for increased power,14.0,4.9,2.0,0,https://example.com/images/spark_plug_cap_apache_rtr_160.jpg,68d133bf3952f7cf7dee90b7,68d133bf3952f7cf7dee90b9,Jyothi Automobiles,Hyderabad,17.511409,78.350972,mid-range,modern,excellent,Performance Spark Plug Cap - Apache RTR 160 Apache RTR 160 Tvs  Ignition lightweight noise reducing for increased power,0,2025-09-04T00:00:00,2025-09-16T00:00:00
68d141eeb3fce85d4c560c0c,Performance Fork Spring - 450 Rally,450 Rally,Ktm,2012.0,,Suspension,2723.0,superior heat treated for maximum protection,12.0,4.4,34.0,0,https://example.com/images/fork_spring_450_rally.jpg,68d1346c3952f7cf7dee90d0,68d1346c3952f7cf7dee90d2,Kalyan Automobiles,Bala Nagar,17.475679,78.447328,mid-range,vintage,good,Performance Fork Spring - 450 Rally 450 Rally Ktm  Suspension superior heat treated for maximum protection,0,2025-08-30T00:00:00,2025-08-24T00:00:00
68d141eeb3fce85d4c560c0d,Genuine Trigger Coil - Mojo,Mojo,Mahindra,2020.0,,Ignition,1681.0,long lasting chemical resistant for superior reliability,18.0,4.2,33.0,0,https://example.com/images/trigger_coil_mojo.jpg,68d134ac3952f7cf7dee90e3,68d134ac3952f7cf7dee90e5,Shiva sai Automobiles,Mahabubabad,17.594209,80.006903,mid-range,modern,good,Genuine Trigger Coil - Mojo Mojo Mahindra  Ignition long lasting chemical resistant for superior reliability,0,2025-07-08T00:00:00,2025-09-05T00:00:00
68d141eeb3fce85d4c560c0e,Differential Assembly - TNT 1130R,TNT 1130R,Benelli,2014.0,,Drivetrain,1893.0,street performance fuel efficient for enhanced safety,1.0,4.8,37.0,0,https://example.com/images/differential_tnt_1130r.jpg,68d135063952f7cf7dee90f6,68d135063952f7cf7dee90f8,Manoj Automobiles,Dilshknagar,17.367642,78.534282,mid-range,vintage,excellent,Differential Assembly - TNT 1130R TNT 1130R Benelli  Drivetrain street performance fuel efficient for enhanced safety,0,2025-07-02T00:00:00,2025-08-24T00:00:00
68d141eeb3fce85d4c560c0f,Racing Fog Light - SV650,SV650,Suzuki,2018.0,,Lighting,3450.0,industrial grade wear resistant for enhanced safety,26.0,4.3,35.0,0,https://example.com/images/fog_light_sv650.jpg,68d135833952f7cf7dee9109,68d135833952f7cf7dee910b,Mounika Automobiles,Karimnagar,18.435781,79.132861,mid-range,classic,good,Racing Fog Light - SV650 SV650 Suzuki  Lighting industrial grade wear resistant for enhanced safety,0,2025-08-10T00:00:00,2025-08-31T00:00:00
68d141eeb3fce85d4c560c10,Muffler - Discover 125,Discover 125,Bajaj,2021.0,,Exhaust,7324.0,racing quality long lasting for better fuel economy,30.0,3.7,11.0,0,https://example.com/images/muffler_discover_125.jpg,68d135d63952f7cf7dee911e,68d135d63952f7cf7dee9120,baskar Automobiles,Medak,18.048948,78.269372,premium,modern,good,Muffler - Discover 125 Discover 125 Bajaj  Exhaust racing quality long lasting for better fuel economy,0,2025-08-21T00:00:00,2025-07-16T00:00:00
68d141eeb3fce85d4c560c11,Burgman Street Centrifugal Filter,Burgman Street,Suzuki,2020.0,,Filters,481.0,premium quality chemical resistant for enhanced stability,26.0,4.4,50.0,0,https://example.com/images/centrifugal_filter_burgman_street.jpg,68d136193952f7cf7dee9131,68d136193952f7cf7dee9133,Mahesh Automobiles,Khammam,17.249885,80.15615,budget,modern,good,Burgman Street Centrifugal Filter Burgman Street Suzuki  Filters premium quality chemical resistant for enhanced stability,0,2025-08-11T00:00:00,2025-09-20T00:00:00
68d141eeb3fce85d4c560c12,Performance Assembly Paste - 1290 Super Adventure S,1290 Super Adventure S,Ktm,2018.0,,Maintenance,704.0,oem quality weather resistant for enhanced safety,4.0,3.9,23.0,0,https://example.com/images/assembly_paste_1290_super_adventure_s.jpg,689d6959045c37933826818b,689d6959045c37933826818d,sai automobiles,RAMNAGAR COLONY PEERZADIGUDA UPPAL HYDERABAD,17.390358,78.606729,budget,classic,good,Performance Assembly Paste - 1290 Super Adventure S 1290 Super Adventure S Ktm  Maintenance oem quality weather resistant for enhanced safety,0,2025-07-31T00:00:00,2025-08-10T00:00:00
68d141eeb3fce85d4c560c13,OEM Chain Adjuster - R15 V4,R15 V4,Yamaha,2019.0,,Drivetrain,3088.0,advanced impact resistant for improved performance,19.0,4.5,25.0,0,https://example.com/images/chain_adjuster_r15_v4.jpg,68ac2a8e3c73e23c655de052,68ac2a8f3c73e23c655de054,Swathi Automobiles,Chappal Bazar Road - Kachiguda ,17.38953,78.491245,mid-range,classic,excellent,OEM Chain Adjuster - R15 V4 R15 V4 Yamaha  Drivetrain advanced impact resistant for improved performance,0,2025-08-29T00:00:00,2025-07-10T00:00:00
68d141eeb3fce85d4c560c14,Performance Circuit Breaker - Scout Bobber,Scout Bobber,Indian,2014.0,,Electrical,1769.0,durable noise reducing for enhanced durability,22.0,4.4,30.0,0,https://example.com/images/circuit_breaker_scout_bobber.jpg,68d0c47d09554c358655174b,68d0c47e09554c358655174d,Tarun Automobiles,,17.423605,78.546314,mid-range,vintage,good,Performance Circuit Breaker - Scout Bobber Scout Bobber Indian  Electrical durable noise reducing for enhanced durability,0,2025-09-08T00:00:00,2025-09-01T00:00:00
68d141eeb3fce85d4c560c15,Performance Tire Sealant - TNT 300,TNT 300,Benelli,2024.0,,Wheels & Tires,9158.0,enhanced weather resistant for improved performance,10.0,3.4,36.0,0,https://example.com/images/tire_sealant_tnt_300.jpg,68d133bf3952f7cf7dee90b7,68d133bf3952f7cf7dee90b9,Jyothi Automobiles,Hyderabad,17.511409,78.350972,premium,modern,good,Performance Tire Sealant - TNT 300 TNT 300 Benelli  Wheels & Tires enhanced weather resistant for improved performance,0,2025-08-18T00:00:00,2025-08-24T00:00:00
68d141eeb3fce85d4c560c16,Heavy Duty Steering Head Bearing - Sport,Sport,Tvs,2025.0,,Suspension,3506.0,street performance fuel efficient for enhanced stability,2.0,4.3,45.0,0,https://example.com/images/steering_head_bearing_sport.jpg,68d1346c3952f7cf7dee90d0,68d1346c3952f7cf7dee90d2,Kalyan Automobiles,Bala Nagar,17.475679,78.447328,mid-range,modern,good,Heavy Duty Steering Head Bearing - Sport Sport Tvs  Suspension street performance fuel efficient for enhanced stability,0,2025-07-02T00:00:00,2025-07-04T00:00:00
68d141eeb3fce85d4c560c17,Tail Pipe Assembly - R15 V4,R15 V4,Yamaha,2010.0,,Exhaust,13856.0,high performance heat treated for longer life,22.0,3.3,29.0,0,https://example.com/images/tail_pipe_r15_v4.jpg,68d134ac3952f7cf7dee90e3,68d134ac3952f7cf7dee90e5,Shiva sai Automobiles,Mahabubabad,17.594209,80.006903,premium,vintage,good,Tail Pipe Assembly - R15 V4 R15 V4 Yamaha  Exhaust high performance heat treated for longer life,0,2025-09-19T00:00:00,2025-09-05T00:00:00
68d141eeb3fce85d4c560c18,Thunderbird 350 Air Box Cover,Thunderbird 350,Royal Enfield,2022.0,,Body Parts,1984.0,oem quality impact resistant for reduced maintenance,6.0,4.6,17.0,0,https://example.com/images/air_box_cover_thunderbird_350.jpg,68d135063952f7cf7dee90f6,68d135063952f7cf7dee90f8,Manoj Automobiles,Dilshknagar,17.367642,78.534282,mid-range,modern,excellent,Thunderbird 350 Air Box Cover Thunderbird 350 Royal Enfield  Body Parts oem quality impact resistant for reduced maintenance,0,2025-08-26T00:00:00,2025-09-09T00:00:00
68d141eeb3fce85d4c560c19,Genuine Anti-Seize - Ntorq 125,Ntorq 125,Tvs,2011.0,,Maintenance,498.0,premium quality impact resistant for enhanced safety,18.0,4.6,10.0,0,https://example.com/images/anti-seize_ntorq_125.jpg,68d135833952f7cf7dee9109,68d135833952f7cf7dee910b,Mounika Automobiles,Karimnagar,18.435781,79.132861,budget,vintage,excellent,Genuine Anti-Seize - Ntorq 125 Ntorq 125 Tvs  Maintenance premium quality impact resistant for enhanced safety,0,2025-08-03T00:00:00,2025-07-05T00:00:00
68d141eeb3fce85d4c560c1a,Hydraulic Filter - BN 302,BN 302,Benelli,2014.0,,Filters,193.0,lightweight temperature stable for enhanced durability,20.0,3.3,19.0,0,https://example.com/images/hydraulic_filter_bn_302.jpg,68d135d63952f7cf7dee911e,68d135d63952f7cf7dee9120,baskar Automobiles,Medak,18.048948,78.269372,budget,vintage,good,Hydraulic Filter - BN 302 BN 302 Benelli  Filters lightweight temperature stable for enhanced durability,0,2025-09-05T00:00:00,2025-08-07T00:00:00
68d141eeb3fce85d4c560c1b,Wheel Lock Assembly - Storm 125,Storm 125,Aprilia,2020.0,,Wheels & Tires,13870.0,oem quality precision engineered for better handling,26.0,4.1,20.0,0,https://example.com/images/wheel_lock_storm_125.jpg,68d136193952f7cf7dee9131,68d136193952f7cf7dee9133,Mahesh Automobiles,Khammam,17.249885,80.15615,premium,modern,good,Wheel Lock Assembly - Storm 125 Storm 125 Aprilia  Wheels & Tires oem quality precision engineered for better handling,0,2025-08-31T00:00:00,2025-07-04T00:00:00
68d141eeb3fce85d4c560c1c,Racing Emergency Brake - R 1250 GS,R 1250 GS,Bmw,2011.0,,Brakes,1342.0,advanced fuel efficient for reduced maintenance,18.0,4.9,10.0,0,https://example.com/images/emergency_brake_r_1250_gs.jpg,689d6959045c37933826818b,689d6959045c37933826818d,sai automobiles,RAMNAGAR COLONY PEERZADIGUDA UPPAL HYDERABAD,17.390358,78.606729,mid-range,vintage,excellent,Racing Emergency Brake - R 1250 GS R 1250 GS Bmw  Brakes advanced fuel efficient for reduced maintenance,0,2025-09-03T00:00:00,2025-07-05T00:00:00
68d141eeb3fce85d4c560c1d,Performance Wheel Hub - iQube Electric,iQube Electric,Tvs,2023.0,,Wheels & Tires,6623.0,industrial grade temperature stable for superior reliability,25.0,4.0,15.0,0,https://example.com/images/wheel_hub_iqube_electric.jpg,68ac2a8e3c73e23c655de052,68ac2a8f3c73e23c655de054,Swathi Automobiles,Chappal Bazar Road - Kachiguda ,17.38953,78.491245,premium,modern,good,Performance Wheel Hub - iQube Electric iQube Electric Tvs  Wheels & Tires industrial grade temperature stable for superior reliability,0,2025-08-07T00:00:00,2025-07-25T00:00:00
68d141eeb3fce85d4c560c1e,CV Joint - Ignitor,Ignitor,Hero,2013.0,,Drivetrain,5568.0,street performance noise reducing for maximum protection,23.0,3.3,8.0,0,https://example.com/images/cv_joint_ignitor.jpg,68d0c47d09554c358655174b,68d0c47e09554c358655174d,Tarun Automobiles,,17.423605,78.546314,mid-range,vintage,good,CV Joint - Ignitor Ignitor Hero  Drivetrain street performance noise reducing for maximum protection,0,2025-09-08T00:00:00,2025-07-26T00:00:00
68d141eeb3fce85d4c560c1f,Genuine Fork Oil Seal - Panigale V2,Panigale V2,Ducati,2016.0,,Suspension,11959.0,enhanced chemical resistant for better control,3.0,3.7,19.0,0,https://example.com/images/fork_oil_seal_panigale_v2.jpg,68d133bf3952f7cf7dee90b7,68d133bf3952f7cf7dee90b9,Jyothi Automobiles,Hyderabad,17.511409,78.350972,premium,classic,good,Genuine Fork Oil Seal - Panigale V2 Panigale V2 Ducati  Suspension enhanced chemical resistant for better control,0,2025-07-23T00:00:00,2025-08-12T00:00:00
68d141eeb3fce85d4c560c20,Premium Riding Boots for Z400,Z400,Kawasaki,2018.0,,Safety,2146.0,long lasting chemical resistant for maximum protection,14.0,3.5,31.0,0,https://example.com/images/riding_boots_z400.jpg,68d1346c3952f7cf7dee90d0,68d1346c3952f7cf7dee90d2,Kalyan Automobiles,Bala Nagar,17.475679,78.447328,mid-range,classic,good,Premium Riding Boots for Z400 Z400 Kawasaki  Safety long lasting chemical resistant for maximum protection,0,2025-07-13T00:00:00,2025-07-29T00:00:00
68d141eeb3fce85d4c560c21,Performance Mid Pipe - TNT 600i,TNT 600i,Benelli,2012.0,,Exhaust,5118.0,advanced eco friendly for optimal efficiency,6.0,4.3,31.0,0,https://example.com/images/mid_pipe_tnt_600i.jpg,68d134ac3952f7cf7dee90e3,68d134ac3952f7cf7dee90e5,Shiva sai Automobiles,Mahabubabad,17.594209,80.006903,mid-range,vintage,good,Performance Mid Pipe - TNT 600i TNT 600i Benelli  Exhaust advanced eco friendly for optimal efficiency,0,2025-09-03T00:00:00,2025-07-02T00:00:00
68d141eeb3fce85d4c560c22,Heavy Duty Brake Light Bulb - R nineT,R nineT,Bmw,2024.0,,Lighting,3384.0,precision made high strength for smoother operation,3.0,4.4,16.0,0,https://example.com/images/brake_light_bulb_r_ninet.jpg,68d135063952f7cf7dee90f6,68d135063952f7cf7dee90f8,Manoj Automobiles,Dilshknagar,17.367642,78.534282,mid-range,modern,good,Heavy Duty Brake Light Bulb - R nineT R nineT Bmw  Lighting precision made high strength for smoother operation,0,2025-08-03T00:00:00,2025-07-30T00:00:00
68d141eeb3fce85d4c560c23,Racing Gear Box - Avenger 160,Avenger 160,Bajaj,2020.0,,Transmission,9587.0,lightweight weather resistant for enhanced stability,5.0,3.5,45.0,0,https://example.com/images/gear_box_avenger_160.jpg,68d135833952f7cf7dee9109,68d135833952f7cf7dee910b,Mounika Automobiles,Karimnagar,18.435781,79.132861,premium,modern,good,Racing Gear Box - Avenger 160 Avenger 160 Bajaj  Transmission lightweight weather resistant for enhanced stability,0,2025-08-27T00:00:00,2025-08-17T00:00:00
68d141eeb3fce85d4c560c24,Hand Guards Assembly - 42,42,Jawa,2024.0,,Accessories,1503.0,enhanced temperature stable for better handling,25.0,4.8,22.0,0,https://example.com/images/hand_guards_42.jpg,68d135d63952f7cf7dee911e,68d135d63952f7cf7dee9120,baskar Automobiles,Medak,18.048948,78.269372,mid-range,modern,excellent,Hand Guards Assembly - 42 42 Jawa  Accessories enhanced temperature stable for better handling,0,2025-09-09T00:00:00,2025-08-11T00:00:00
68d141eeb3fce85d4c560c25,Premium Spacer for Gusto,Gusto,Mahindra,2021.0,,Wheels & Tires,13070.0,heavy duty maintenance free for enhanced durability,16.0,4.7,37.0,0,https://example.com/images/spacer_gusto.jpg,68d136193952f7cf7dee9131,68d136193952f7cf7dee9133,Mahesh Automobiles,Khammam,17.249885,80.15615,premium,modern,excellent,Premium Spacer for Gusto Gusto Mahindra  Wheels & Tires heavy duty maintenance free for enhanced durability,0,2025-08-18T00:00:00,2025-08-31T00:00:00
68d141eeb3fce85d4c560c26,Triumph Ignition Module for Street Triple,Street Triple,Triumph,2019.0,,Ignition,803.0,superior maintenance free for superior reliability,11.0,4.5,42.0,0,https://example.com/images/ignition_module_street_triple.jpg,689d6959045c37933826818b,689d6959045c37933826818d,sai automobiles,RAMNAGAR COLONY PEERZADIGUDA UPPAL HYDERABAD,17.390358,78.606729,budget,classic,excellent,Triumph Ignition Module for Street Triple Street Triple Triumph  Ignition superior maintenance free for superior reliability,0,2025-09-10T00:00:00,2025-07-06T00:00:00
68d141eeb3fce85d4c560c27,Performance Warning Light - Z400,Z400,Kawasaki,2012.0,,Safety,7735.0,superior eco friendly for superior reliability,16.0,4.7,33.0,0,https://example.com/images/warning_light_z400.jpg,68ac2a8e3c73e23c655de052,68ac2a8f3c73e23c655de054,Swathi Automobiles,Chappal Bazar Road - Kachiguda ,17.38953,78.491245,premium,vintage,excellent,Performance Warning Light - Z400 Z400 Kawasaki  Safety superior eco friendly for superior reliability,0,2025-08-19T00:00:00,2025-07-03T00:00:00
68d141eeb3fce85d4c560c28,Gear Box - Dream Yuga,Dream Yuga,Honda,2017.0,,Transmission,4982.0,oem quality vibration dampening for increased power,4.0,4.5,38.0,0,https://example.com/images/gear_box_dream_yuga.jpg,68d0c47d09554c358655174b,68d0c47e09554c358655174d,Tarun Automobiles,,17.423605,78.546314,mid-range,classic,excellent,Gear Box - Dream Yuga Dream Yuga Honda  Transmission oem quality vibration dampening for increased power,0,2025-08-12T00:00:00,2025-08-19T00:00:00
68d141eeb3fce85d4c560c29,Racing Differential - Roadking,Roadking,Yezdi,2017.0,,Drivetrain,5254.0,long lasting vibration dampening for increased power,13.0,4.3,0.0,0,https://example.com/images/differential_roadking.jpg,68d133bf3952f7cf7dee90b7,68d133bf3952f7cf7dee90b9,Jyothi Automobiles,Hyderabad,17.511409,78.350972,mid-range,classic,good,Racing Differential - Roadking Roadking Yezdi  Drivetrain long lasting vibration dampening for increased power,0,2025-08-16T00:00:00,2025-07-04T00:00:00
68d141eeb3fce85d4c560c2a,Premium Spark Plug Wire for Tuono 660,Tuono 660,Aprilia,2015.0,,Ignition,1359.0,premium quality wear resistant for longer life,21.0,4.5,22.0,0,https://example.com/images/spark_plug_wire_tuono_660.jpg,68d1346c3952f7cf7dee90d0,68d1346c3952f7cf7dee90d2,Kalyan Automobiles,Bala Nagar,17.475679,78.447328,mid-range,classic,excellent,Premium Spark Plug Wire for Tuono 660 Tuono 660 Aprilia  Ignition premium quality wear resistant for longer life,0,2025-09-14T00:00:00,2025-07-19T00:00:00
68d141eeb3fce85d4c560c2b,Premium Swing Arm for CB300R,CB300R,Honda,2014.0,,Suspension,4728.0,industrial grade weather resistant for enhanced stability,9.0,4.5,38.0,0,https://example.com/images/swing_arm_cb300r.jpg,68d134ac3952f7cf7dee90e3,68d134ac3952f7cf7dee90e5,Shiva sai Automobiles,Mahabubabad,17.594209,80.006903,mid-range,vintage,excellent,Premium Swing Arm for CB300R CB300R Honda  Suspension industrial grade weather resistant for enhanced stability,0,2025-07-19T00:00:00,2025-07-26T00:00:00
68d141eeb3fce85d4c560c2c,Spark Plug - SXR 160,SXR 160,Aprilia,2018.0,,Ignition,747.0,oem quality long lasting for enhanced safety,4.0,3.2,6.0,0,https://example.com/images/spark_plug_sxr_160.jpg,68d135063952f7cf7dee90f6,68d135063952f7cf7dee90f8,Manoj Automobiles,Dilshknagar,17.367642,78.534282,budget,classic,good,Spark Plug - SXR 160 SXR 160 Aprilia  Ignition oem quality long lasting for enhanced safety,0,2025-08-27T00:00:00,2025-07-08T00:00:00
68d141eeb3fce85d4c560c2d,Anti-Seize - Star City Plus,Star City Plus,Tvs,2019.0,,Maintenance,943.0,racing quality fuel efficient for enhanced safety,23.0,3.3,6.0,0,https://example.com/images/anti-seize_star_city_plus.jpg,68d135833952f7cf7dee9109,68d135833952f7cf7dee910b,Mounika Automobiles,Karimnagar,18.435781,79.132861,mid-range,classic,good,Anti-Seize - Star City Plus Star City Plus Tvs  Maintenance racing quality fuel efficient for enhanced safety,0,2025-07-04T00:00:00,2025-08-04T00:00:00
68d141eeb3fce85d4c560c2e,HT Lead Assembly - F3 800,F3 800,Mv Agusta,2015.0,,Ignition,1024.0,premium quality long lasting for enhanced durability,23.0,3.5,39.0,0,https://example.com/images/ht_lead_f3_800.jpg,68d135d63952f7cf7dee911e,68d135d63952f7cf7dee9120,baskar Automobiles,Medak,18.048948,78.269372,mid-range,classic,good,HT Lead Assembly - F3 800 F3 800 Mv Agusta  Ignition premium quality long lasting for enhanced durability,0,2025-09-16T00:00:00,2025-07-05T00:00:00
68d141eeb3fce85d4c560c2f,Royal Enfield Brake Light Bulb for Scram 411,Scram 411,Royal Enfield,2013.0,,Lighting,1591.0,lightweight eco friendly for enhanced stability,2.0,4.6,2.0,0,https://example.com/images/brake_light_bulb_scram_411.jpg,68d136193952f7cf7dee9131,68d136193952f7cf7dee9133,Mahesh Automobiles,Khammam,17.249885,80.15615,mid-range,vintage,excellent,Royal Enfield Brake Light Bulb for Scram 411 Scram 411 Royal Enfield  Lighting lightweight eco friendly for enhanced stability,0,2025-07-20T00:00:00,2025-08-15T00:00:00
68d141eeb3fce85d4c560c30,Hypermotard Fuel Tank,Hypermotard,Ducati,2013.0,,Body Parts,5411.0,precision made eco friendly for enhanced durability,1.0,4.6,26.0,0,https://example.com/images/fuel_tank_hypermotard.jpg,689d6959045c37933826818b,689d6959045c37933826818d,sai automobiles,RAMNAGAR COLONY PEERZADIGUDA UPPAL HYDERABAD,17.390358,78.606729,mid-range,vintage,excellent,Hypermotard Fuel Tank Hypermotard Ducati  Body Parts precision made eco friendly for enhanced durability,0,2025-08-16T00:00:00,2025-07-21T00:00:00
68d141eeb3fce85d4c560c31,Performance Reflective Vest - CL 300,CL 300,Jawa,2018.0,,Safety,5337.0,enhanced noise reducing for better control,11.0,4.7,40.0,0,https://example.com/images/reflective_vest_cl_300.jpg,68ac2a8e3c73e23c655de052,68ac2a8f3c73e23c655de054,Swathi Automobiles,Chappal Bazar Road - Kachiguda ,17.38953,78.491245,mid-range,classic,excellent,Performance Reflective Vest - CL 300 CL 300 Jawa  Safety enhanced noise reducing for better control,0,2025-07-18T00:00:00,2025-08-24T00:00:00
68d141eeb3fce85d4c560c32,Performance Multi-Purpose Oil - S 1000 RR,S 1000 RR,Bmw,2022.0,,Maintenance,658.0,superior maintenance free for better fuel economy,6.0,3.7,0.0,0,https://example.com/images/multi-purpose_oil_s_1000_rr.jpg,68d0c47d09554c358655174b,68d0c47e09554c358655174d,Tarun Automobiles,,17.423605,78.546314,budget,modern,good,Performance Multi-Purpose Oil - S 1000 RR S 1000 RR Bmw  Maintenance superior maintenance free for better fuel economy,0,2025-09-08T00:00:00,2025-09-07T00:00:00
68d141eeb3fce85d4c560c33,Genuine Rebound Adjuster - S 1000 XR,S 1000 XR,Bmw,2011.0,,Suspension,12256.0,superior maintenance free for better fuel economy,22.0,4.9,10.0,0,https://example.com/images/rebound_adjuster_s_1000_xr.jpg,68d133bf3952f7cf7dee90b7,68d133bf3952f7cf7dee90b9,Jyothi Automobiles,Hyderabad,17.511409,78.350972,premium,vintage,excellent,Genuine Rebound Adjuster - S 1000 XR S 1000 XR Bmw  Suspension superior maintenance free for better fuel economy,0,2025-08-26T00:00:00,2025-07-31T00:00:00
68d141eeb3fce85d4c560c34,Racing Shift Fork - Caponord 1200,Caponord 1200,Aprilia,2021.0,,Transmission,3030.0,enhanced long lasting for smoother operation,7.0,4.2,48.0,0,https://example.com/images/shift_fork_caponord_1200.jpg,68d1346c3952f7cf7dee90d0,68d1346c3952f7cf7dee90d2,Kalyan Automobiles,Bala Nagar,17.475679,78.447328,mid-range,modern,good,Racing Shift Fork - Caponord 1200 Caponord 1200 Aprilia  Transmission enhanced long lasting for smoother operation,0,2025-08-31T00:00:00,2025-08-15T00:00:00
68d141eeb3fce85d4c560c35,Turn Signal Assembly - Access 125,Access 125,Suzuki,2019.0,,Electrical,3378.0,heavy duty long lasting for better handling,10.0,4.4,37.0,0,https://example.com/images/turn_signal_access_125.jpg,68d134ac3952f7cf7dee90e3,68d134ac3952f7cf7dee90e5,Shiva sai Automobiles,Mahabubabad,17.594209,80.006903,mid-range,classic,good,Turn Signal Assembly - Access 125 Access 125 Suzuki  Electrical heavy duty long lasting for better handling,0,2025-08-03T00:00:00,2025-07-07T00:00:00
68d141eeb3fce85d4c560c36,Yamaha Assembly Paste for FZ-X,FZ-X,Yamaha,2020.0,,Maintenance,866.0,premium quality noise reducing for maximum protection,29.0,4.8,7.0,0,https://example.com/images/assembly_paste_fz_x.jpg,68d135063952f7cf7dee90f6,68d135063952f7cf7dee90f8,Manoj Automobiles,Dilshknagar,17.367642,78.534282,mid-range,modern,excellent,Yamaha Assembly Paste for FZ-X FZ-X Yamaha  Maintenance premium quality noise reducing for maximum protection,0,2025-09-04T00:00:00,2025-07-23T00:00:00
68d141eeb3fce85d4c560c37,Premium Flywheel for Speed Triple,Speed Triple,Triumph,2011.0,,Engine,4038.0,durable maintenance free for longer life,21.0,4.7,50.0,0,https://example.com/images/flywheel_speed_triple.jpg,68d135833952f7cf7dee9109,68d135833952f7cf7dee910b,Mounika Automobiles,Karimnagar,18.435781,79.132861,mid-range,vintage,excellent,Premium Flywheel for Speed Triple Speed Triple Triumph  Engine durable maintenance free for longer life,0,2025-07-12T00:00:00,2025-07-28T00:00:00
68d141eeb3fce85d4c560c38,Racing Riding Boots - Versys 650,Versys 650,Kawasaki,2025.0,,Safety,6889.0,premium quality vibration dampening for improved comfort,27.0,4.7,43.0,0,https://example.com/images/riding_boots_versys_650.jpg,68d135d63952f7cf7dee911e,68d135d63952f7cf7dee9120,baskar Automobiles,Medak,18.048948,78.269372,premium,modern,excellent,Racing Riding Boots - Versys 650 Versys 650 Kawasaki  Safety premium quality vibration dampening for improved comfort,0,2025-08-11T00:00:00,2025-07-31T00:00:00
68d141eeb3fce85d4c560c39,Performance Tail Box - Himalayan,Himalayan,Royal Enfield,2021.0,,Accessories,2666.0,industrial grade chemical resistant for superior reliability,16.0,3.2,15.0,0,https://example.com/images/tail_box_himalayan.jpg,68d136193952f7cf7dee9131,68d136193952f7cf7dee9133,Mahesh Automobiles,Khammam,17.249885,80.15615,mid-range,modern,good,Performance Tail Box - Himalayan Himalayan Royal Enfield  Accessories industrial grade chemical resistant for superior reliability,0,2025-07-13T00:00:00,2025-07-30T00:00:00
68d141eeb3fce85d4c560c3a,Forty Two Piston Kit,Forty Two,Jawa,2023.0,,Engine,4718.0,lightweight impact resistant for increased power,21.0,4.7,18.0,0,https://example.com/images/piston_kit_forty_two.jpg,689d6959045c37933826818b,689d6959045c37933826818d,sai automobiles,RAMNAGAR COLONY PEERZADIGUDA UPPAL HYDERABAD,17.390358,78.606729,mid-range,modern,excellent,Forty Two Piston Kit Forty Two Jawa  Engine lightweight impact resistant for increased power,0,2025-08-30T00:00:00,2025-07-13T00:00:00
68d141eeb3fce85d4c560c3b,Heavy Duty ABS Module - Z900,Z900,Kawasaki,2017.0,,Brakes,4891.0,street performance wear resistant for maximum protection,29.0,4.3,6.0,0,https://example.com/images/abs_module_z900.jpg,68ac2a8e3c73e23c655de052,68ac2a8f3c73e23c655de054,Swathi Automobiles,Chappal Bazar Road - Kachiguda ,17.38953,78.491245,mid-range,classic,good,Heavy Duty ABS Module - Z900 Z900 Kawasaki  Brakes street performance wear resistant for maximum protection,0,2025-07-08T00:00:00,2025-07-15T00:00:00
68d141eeb3fce85d4c560c3c,Premium Gear Selector for Mojo,Mojo,Mahindra,2013.0,,Transmission,1311.0,professional grade eco friendly for enhanced durability,12.0,4.8,44.0,0,https://example.com/images/gear_selector_mojo.jpg,68d0c47d09554c358655174b,68d0c47e09554c358655174d,Tarun Automobiles,,17.423605,78.546314,mid-range,vintage,excellent,Premium Gear Selector for Mojo Mojo Mahindra  Transmission professional grade eco friendly for enhanced durability,0,2025-09-06T00:00:00,2025-08-05T00:00:00
68d141eeb3fce85d4c560c3d,OEM Breather Filter - Apache RTR 160,Apache RTR 160,Tvs,2012.0,,Filters,391.0,enhanced high strength for optimal efficiency,24.0,4.8,6.0,0,https://example.com/images/breather_filter_apache_rtr_160.jpg,68d133bf3952f7cf7dee90b7,68d133bf3952f7cf7dee90b9,Jyothi Automobiles,Hyderabad,17.511409,78.350972,budget,vintage,excellent,OEM Breather Filter - Apache RTR 160 Apache RTR 160 Tvs  Filters enhanced high strength for optimal efficiency,0,2025-07-17T00:00:00,2025-07-23T00:00:00
68d141eeb3fce85d4c560c3e,Pulsar F250 Chain Cleaner,Pulsar F250,Bajaj,2014.0,,Maintenance,691.0,high performance weather resistant for superior reliability,28.0,4.7,8.0,0,https://example.com/images/chain_cleaner_pulsar_f250.jpg,68d1346c3952f7cf7dee90d0,68d1346c3952f7cf7dee90d2,Kalyan Automobiles,Bala Nagar,17.475679,78.447328,budget,vintage,excellent,Pulsar F250 Chain Cleaner Pulsar F250 Bajaj  Maintenance high performance weather resistant for superior reliability,0,2025-09-13T00:00:00,2025-07-17T00:00:00
68d141eeb3fce85d4c560c3f,Gasket Maker Assembly - Pulsar N250,Pulsar N250,Bajaj,2015.0,,Maintenance,146.0,durable long lasting for improved comfort,22.0,3.4,22.0,0,https://example.com/images/gasket_maker_pulsar_n250.jpg,68d134ac3952f7cf7dee90e3,68d134ac3952f7cf7dee90e5,Shiva sai Automobiles,Mahabubabad,17.594209,80.006903,budget,classic,good,Gasket Maker Assembly - Pulsar N250 Pulsar N250 Bajaj  Maintenance durable long lasting for improved comfort,0,2025-09-13T00:00:00,2025-08-11T00:00:00
68d141eeb3fce85d4c560c40,Royal Enfield Valve Set for Himalayan,Himalayan,Royal Enfield,2025.0,,Engine,8225.0,street performance heat treated for enhanced safety,6.0,3.3,24.0,0,https://example.com/images/valve_set_himalayan.jpg,68d135063952f7cf7dee90f6,68d135063952f7cf7dee90f8,Manoj Automobiles,Dilshknagar,17.367642,78.534282,premium,modern,good,Royal Enfield Valve Set for Himalayan Himalayan Royal Enfield  Engine street performance heat treated for enhanced safety,0,2025-08-15T00:00:00,2025-08-19T00:00:00
68d141eeb3fce85d4c560c41,CB350RS Starter Relay,CB350RS,Honda,2022.0,,Electrical,1457.0,lightweight corrosion resistant for enhanced stability,24.0,4.6,22.0,0,https://example.com/images/starter_relay_cb350rs.jpg,68d135833952f7cf7dee9109,68d135833952f7cf7dee910b,Mounika Automobiles,Karimnagar,18.435781,79.132861,mid-range,modern,excellent,CB350RS Starter Relay CB350RS Honda  Electrical lightweight corrosion resistant for enhanced stability,0,2025-08-15T00:00:00,2025-08-15T00:00:00
68d141eeb3fce85d4c560c42,Premium Radiator Guard for Aerox 155,Aerox 155,Yamaha,2025.0,,Cooling System,10876.0,lightweight long lasting for optimal efficiency,22.0,3.5,41.0,0,https://example.com/images/radiator_guard_aerox_155.jpg,68d135d63952f7cf7dee911e,68d135d63952f7cf7dee9120,baskar Automobiles,Medak,18.048948,78.269372,premium,modern,good,Premium Radiator Guard for Aerox 155 Aerox 155 Yamaha  Cooling System lightweight long lasting for optimal efficiency,0,2025-08-06T00:00:00,2025-07-27T00:00:00
68d141eeb3fce85d4c560c43,Racing Tank Cover - Pulsar 180,Pulsar 180,Bajaj,2019.0,,Body Parts,7116.0,lightweight temperature stable for smoother operation,18.0,5.0,43.0,0,https://example.com/images/tank_cover_pulsar_180.jpg,68d136193952f7cf7dee9131,68d136193952f7cf7dee9133,Mahesh Automobiles,Khammam,17.249885,80.15615,premium,classic,excellent,Racing Tank Cover - Pulsar 180 Pulsar 180 Bajaj  Body Parts lightweight temperature stable for smoother operation,0,2025-07-13T00:00:00,2025-09-03T00:00:00
68d141eeb3fce85d4c560c44,Engine Guard Assembly - Dorsoduro 900,Dorsoduro 900,Aprilia,2021.0,,Accessories,2746.0,industrial grade eco friendly for reduced maintenance,24.0,4.8,30.0,0,https://example.com/images/engine_guard_dorsoduro_900.jpg,689d6959045c37933826818b,689d6959045c37933826818d,sai automobiles,RAMNAGAR COLONY PEERZADIGUDA UPPAL HYDERABAD,17.390358,78.606729,mid-range,modern,excellent,Engine Guard Assembly - Dorsoduro 900 Dorsoduro 900 Aprilia  Accessories industrial grade eco friendly for reduced maintenance,0,2025-08-26T00:00:00,2025-09-02T00:00:00
68d141eeb3fce85d4c560c45,Performance Torque Converter - Deluxe,Deluxe,Yezdi,2017.0,,Drivetrain,2113.0,enhanced noise reducing for better handling,5.0,3.7,28.0,0,https://example.com/images/torque_converter_deluxe.jpg,68ac2a8e3c73e23c655de052,68ac2a8f3c73e23c655de054,Swathi Automobiles,Chappal Bazar Road - Kachiguda ,17.38953,78.491245,mid-range,classic,good,Performance Torque Converter - Deluxe Deluxe Yezdi  Drivetrain enhanced noise reducing for better handling,0,2025-08-22T00:00:00,2025-08-28T00:00:00
68d141eeb3fce85d4c560c46,Genuine Exhaust Spring - Boulevard,Boulevard,Suzuki,2012.0,,Exhaust,8541.0,racing quality long lasting for enhanced safety,25.0,3.7,43.0,0,https://example.com/images/exhaust_spring_boulevard.jpg,68d0c47d09554c358655174b,68d0c47e09554c358655174d,Tarun Automobiles,,17.423605,78.546314,premium,vintage,good,Genuine Exhaust Spring - Boulevard Boulevard Suzuki  Exhaust racing quality long lasting for enhanced safety,0,2025-07-16T00:00:00,2025-09-18T00:00:00
68d141eeb3fce85d4c560c47,Aprilia Brake Fluid for Tuono 660,Tuono 660,Aprilia,2017.0,,Maintenance,1118.0,premium quality fuel efficient for enhanced stability,18.0,4.3,35.0,0,https://example.com/images/brake_fluid_tuono_660.jpg,68d133bf3952f7cf7dee90b7,68d133bf3952f7cf7dee90b9,Jyothi Automobiles,Hyderabad,17.511409,78.350972,mid-range,classic,good,Aprilia Brake Fluid for Tuono 660 Tuono 660 Aprilia  Maintenance premium quality fuel efficient for enhanced stability,0,2025-07-26T00:00:00,2025-07-23T00:00:00
68d141eeb3fce85d4c560c48,Performance Petcock Valve - CBR250R,CBR250R,Honda,2020.0,,Fuel System,4426.0,lightweight weather resistant for enhanced durability,28.0,4.4,39.0,0,https://example.com/images/petcock_valve_cbr250r.jpg,68d1346c3952f7cf7dee90d0,68d1346c3952f7cf7dee90d2,Kalyan Automobiles,Bala Nagar,17.475679,78.447328,mid-range,modern,good,Performance Petcock Valve - CBR250R CBR250R Honda  Fuel System lightweight weather resistant for enhanced durability,0,2025-09-15T00:00:00,2025-08-31T00:00:00
68d141eeb3fce85d4c560c49,Heavy Duty Belly Pan - Splendor Plus,Splendor Plus,Hero,2024.0,,Body Parts,6745.0,precision made chemical resistant for enhanced stability,9.0,4.1,24.0,0,https://example.com/images/belly_pan_splendor_plus.jpg,68d134ac3952f7cf7dee90e3,68d134ac3952f7cf7dee90e5,Shiva sai Automobiles,Mahabubabad,17.594209,80.006903,premium,modern,good,Heavy Duty Belly Pan - Splendor Plus Splendor Plus Hero  Body Parts precision made chemical resistant for enhanced stability,0,2025-07-08T00:00:00,2025-07-11T00:00:00
68d141eeb3fce85d4c560c4a,Duro DZ Preload Adjuster,Duro DZ,Mahindra,2014.0,,Suspension,11705.0,industrial grade noise reducing for reduced maintenance,3.0,4.9,38.0,0,https://example.com/images/preload_adjuster_duro_dz.jpg,68d135063952f7cf7dee90f6,68d135063952f7cf7dee90f8,Manoj Automobiles,Dilshknagar,17.367642,78.534282,premium,vintage,excellent,Duro DZ Preload Adjuster Duro DZ Mahindra  Suspension industrial grade noise reducing for reduced maintenance,0,2025-07-09T00:00:00,2025-07-16T00:00:00
68d141eeb3fce85d4c560c4b,Benelli Chain for Leoncino 500,Leoncino 500,Benelli,2017.0,,Drivetrain,3867.0,enhanced high strength for enhanced durability,4.0,4.3,2.0,0,https://example.com/images/chain_leoncino_500.jpg,68d135833952f7cf7dee9109,68d135833952f7cf7dee910b,Mounika Automobiles,Karimnagar,18.435781,79.132861,mid-range,classic,good,Benelli Chain for Leoncino 500 Leoncino 500 Benelli  Drivetrain enhanced high strength for enhanced durability,0,2025-08-22T00:00:00,2025-07-13T00:00:00
68d141eeb3fce85d4c560c4c,Genuine Exhaust Flange - Flyte,Flyte,Mahindra,2025.0,,Exhaust,8949.0,high performance corrosion resistant for smoother operation,26.0,4.5,8.0,0,https://example.com/images/exhaust_flange_flyte.jpg,68d135d63952f7cf7dee911e,68d135d63952f7cf7dee9120,baskar Automobiles,Medak,18.048948,78.269372,premium,modern,excellent,Genuine Exhaust Flange - Flyte Flyte Mahindra  Exhaust high performance corrosion resistant for smoother operation,0,2025-07-20T00:00:00,2025-09-02T00:00:00
68d141eeb3fce85d4c560c4d,Paper Filter - Classic,Classic,Yezdi,2014.0,,Filters,1010.0,durable vibration dampening for maximum protection,12.0,4.9,2.0,0,https://example.com/images/paper_filter_classic.jpg,68d136193952f7cf7dee9131,68d136193952f7cf7dee9133,Mahesh Automobiles,Khammam,17.249885,80.15615,mid-range,vintage,excellent,Paper Filter - Classic Classic Yezdi  Filters durable vibration dampening for maximum protection,0,2025-08-20T00:00:00,2025-07-31T00:00:00
68d141eeb3fce85d4c560c4e,Flasher Relay Assembly - Tuono 660,Tuono 660,Aprilia,2011.0,,Electrical,5491.0,enhanced long lasting for better fuel economy,8.0,3.5,38.0,0,https://example.com/images/flasher_relay_tuono_660.jpg,689d6959045c37933826818b,689d6959045c37933826818d,sai automobiles,RAMNAGAR COLONY PEERZADIGUDA UPPAL HYDERABAD,17.390358,78.606729,mid-range,vintage,good,Flasher Relay Assembly - Tuono 660 Tuono 660 Aprilia  Electrical enhanced long lasting for better fuel economy,0,2025-09-07T00:00:00,2025-07-23T00:00:00
68d141eeb3fce85d4c560c4f,Premium GPS Mount for Street Triple,Street Triple,Triumph,2019.0,,Accessories,2968.0,professional grade precision engineered for enhanced safety,4.0,4.2,48.0,0,https://example.com/images/gps_mount_street_triple.jpg,68ac2a8e3c73e23c655de052,68ac2a8f3c73e23c655de054,Swathi Automobiles,Chappal Bazar Road - Kachiguda ,17.38953,78.491245,mid-range,classic,good,Premium GPS Mount for Street Triple Street Triple Triumph  Accessories professional grade precision engineered for enhanced safety,0,2025-07-06T00:00:00,2025-07-18T00:00:00
68d141eeb3fce85d4c560c50,KTM Engine Cover for 1290 Super Duke R,1290 Super Duke R,Ktm,2015.0,,Body Parts,1386.0,professional grade wear resistant for increased power,8.0,4.1,44.0,0,https://example.com/images/engine_cover_1290_super_duke_r.jpg,68d0c47d09554c358655174b,68d0c47e09554c358655174d,Tarun Automobiles,,17.423605,78.546314,mid-range,classic,good,KTM Engine Cover for 1290 Super Duke R 1290 Super Duke R Ktm  Body Parts professional grade wear resistant for increased power,0,2025-09-13T00:00:00,2025-07-24T00:00:00
68d141eeb3fce85d4c560c51,Heavy Duty Oil Pump - V-Strom SX,V-Strom SX,Suzuki,2021.0,,Engine,7262.0,lightweight weather resistant for maximum protection,7.0,4.7,13.0,0,https://example.com/images/oil_pump_v_strom_sx.jpg,68d133bf3952f7cf7dee90b7,68d133bf3952f7cf7dee90b9,Jyothi Automobiles,Hyderabad,17.511409,78.350972,premium,modern,excellent,Heavy Duty Oil Pump - V-Strom SX V-Strom SX Suzuki  Engine lightweight weather resistant for maximum protection,0,2025-09-17T00:00:00,2025-09-04T00:00:00
68d141eeb3fce85d4c560c52,Genuine Fork Oil Seal - Pan America,Pan America,Harley-Davidson,2016.0,,Suspension,5552.0,durable high strength for longer life,3.0,3.5,31.0,0,https://example.com/images/fork_oil_seal_pan_america.jpg,68d1346c3952f7cf7dee90d0,68d1346c3952f7cf7dee90d2,Kalyan Automobiles,Bala Nagar,17.475679,78.447328,mid-range,classic,good,Genuine Fork Oil Seal - Pan America Pan America Harley-Davidson  Suspension durable high strength for longer life,0,2025-07-11T00:00:00,2025-08-29T00:00:00
68d141eeb3fce85d4c560c53,Performance Resonator - Pulsar NS200,Pulsar NS200,Bajaj,2018.0,,Exhaust,4725.0,oem quality vibration dampening for enhanced safety,15.0,4.2,19.0,0,https://example.com/images/resonator_pulsar_ns200.jpg,68d134ac3952f7cf7dee90e3,68d134ac3952f7cf7dee90e5,Shiva sai Automobiles,Mahabubabad,17.594209,80.006903,mid-range,classic,good,Performance Resonator - Pulsar NS200 Pulsar NS200 Bajaj  Exhaust oem quality vibration dampening for enhanced safety,0,2025-09-20T00:00:00,2025-08-06T00:00:00
68d141eeb3fce85d4c560c54,Exhaust Clamp - Machismo,Machismo,Royal Enfield,2023.0,,Exhaust,12170.0,high performance temperature stable for reduced maintenance,16.0,3.2,29.0,0,https://example.com/images/exhaust_clamp_machismo.jpg,68d135063952f7cf7dee90f6,68d135063952f7cf7dee90f8,Manoj Automobiles,Dilshknagar,17.367642,78.534282,premium,modern,good,Exhaust Clamp - Machismo Machismo Royal Enfield  Exhaust high performance temperature stable for reduced maintenance,0,2025-09-17T00:00:00,2025-07-27T00:00:00
68d141eeb3fce85d4c560c55,Heavy Duty Chain Lube - Maestro Edge,Maestro Edge,Hero,2025.0,,Maintenance,859.0,superior high strength for maximum protection,9.0,4.8,11.0,0,https://example.com/images/chain_lube_maestro_edge.jpg,68d135833952f7cf7dee9109,68d135833952f7cf7dee910b,Mounika Automobiles,Karimnagar,18.435781,79.132861,mid-range,modern,excellent,Heavy Duty Chain Lube - Maestro Edge Maestro Edge Hero  Maintenance superior high strength for maximum protection,0,2025-07-23T00:00:00,2025-08-07T00:00:00
68d141eeb3fce85d4c560c56,Heavy Duty Clutch Plate - Perak,Perak,Jawa,2015.0,,Transmission,3917.0,precision made heat treated for superior reliability,27.0,3.4,30.0,0,https://example.com/images/clutch_plate_perak.jpg,68d135d63952f7cf7dee911e,68d135d63952f7cf7dee9120,baskar Automobiles,Medak,18.048948,78.269372,mid-range,classic,good,Heavy Duty Clutch Plate - Perak Perak Jawa  Transmission precision made heat treated for superior reliability,0,2025-08-31T00:00:00,2025-07-26T00:00:00
68d141eeb3fce85d4c560c57,OEM Diode - Centuro,Centuro,Mahindra,2013.0,,Electrical,4178.0,professional grade maintenance free for optimal efficiency,15.0,3.5,40.0,0,https://example.com/images/diode_centuro.jpg,68d136193952f7cf7dee9131,68d136193952f7cf7dee9133,Mahesh Automobiles,Khammam,17.249885,80.15615,mid-range,vintage,good,OEM Diode - Centuro Centuro Mahindra  Electrical professional grade maintenance free for optimal efficiency,0,2025-07-26T00:00:00,2025-07-03T00:00:00
68d141eeb3fce85d4c560c58,Safety Triangle Assembly - Electra,Electra,Royal Enfield,2015.0,,Safety,7066.0,industrial grade high strength for better handling,27.0,4.4,29.0,0,https://example.com/images/safety_triangle_electra.jpg,689d6959045c37933826818b,689d6959045c37933826818d,sai automobiles,RAMNAGAR COLONY PEERZADIGUDA UPPAL HYDERABAD,17.390358,78.606729,premium,classic,good,Safety Triangle Assembly - Electra Electra Royal Enfield  Safety industrial grade high strength for better handling,0,2025-08-31T00:00:00,2025-08-11T00:00:00
68d141eeb3fce85d4c560c59,Heavy Duty Clutch Hub - TNT 600i,TNT 600i,Benelli,2023.0,,Transmission,2358.0,enhanced precision engineered for optimal efficiency,30.0,4.4,7.0,0,https://example.com/images/clutch_hub_tnt_600i.jpg,68ac2a8e3c73e23c655de052,68ac2a8f3c73e23c655de054,Swathi Automobiles,Chappal Bazar Road - Kachiguda ,17.38953,78.491245,mid-range,modern,good,Heavy Duty Clutch Hub - TNT 600i TNT 600i Benelli  Transmission enhanced precision engineered for optimal efficiency,0,2025-08-02T00:00:00,2025-07-19T00:00:00
68d141eeb3fce85d4c560c5a,Rim Assembly - BN 125,BN 125,Benelli,2024.0,,Wheels & Tires,3353.0,lightweight high strength for better control,26.0,4.9,14.0,0,https://example.com/images/rim_bn_125.jpg,68d0c47d09554c358655174b,68d0c47e09554c358655174d,Tarun Automobiles,,17.423605,78.546314,mid-range,modern,excellent,Rim Assembly - BN 125 BN 125 Benelli  Wheels & Tires lightweight high strength for better control,0,2025-09-09T00:00:00,2025-08-11T00:00:00
68d141eeb3fce85d4c560c5b,Yezdi Silicone Spray for Adventure,Adventure,Yezdi,2023.0,,Maintenance,627.0,long lasting noise reducing for enhanced durability,21.0,4.1,43.0,0,https://example.com/images/silicone_spray_adventure.jpg,68d133bf3952f7cf7dee90b7,68d133bf3952f7cf7dee90b9,Jyothi Automobiles,Hyderabad,17.511409,78.350972,budget,modern,good,Yezdi Silicone Spray for Adventure Adventure Yezdi  Maintenance long lasting noise reducing for enhanced durability,0,2025-07-18T00:00:00,2025-08-29T00:00:00
68d141eeb3fce85d4c560c5c,Resonator Assembly - Speed Triple,Speed Triple,Triumph,2024.0,,Exhaust,14723.0,industrial grade heat treated for improved comfort,11.0,4.0,31.0,0,https://example.com/images/resonator_speed_triple.jpg,68d1346c3952f7cf7dee90d0,68d1346c3952f7cf7dee90d2,Kalyan Automobiles,Bala Nagar,17.475679,78.447328,premium,modern,good,Resonator Assembly - Speed Triple Speed Triple Triumph  Exhaust industrial grade heat treated for improved comfort,0,2025-08-29T00:00:00,2025-09-14T00:00:00
68d141eeb3fce85d4c560c5d,Performance Suspension Bolt - Bobber,Bobber,Jawa,2021.0,,Suspension,12698.0,long lasting maintenance free for better fuel economy,26.0,3.5,48.0,0,https://example.com/images/suspension_bolt_bobber.jpg,68d134ac3952f7cf7dee90e3,68d134ac3952f7cf7dee90e5,Shiva sai Automobiles,Mahabubabad,17.594209,80.006903,premium,modern,good,Performance Suspension Bolt - Bobber Bobber Jawa  Suspension long lasting maintenance free for better fuel economy,0,2025-07-01T00:00:00,2025-09-05T00:00:00
68d141eeb3fce85d4c560c5e,Performance Mobile Holder - Scout Bobber,Scout Bobber,Indian,2016.0,,Accessories,3504.0,oem quality temperature stable for enhanced safety,23.0,3.5,45.0,0,https://example.com/images/mobile_holder_scout_bobber.jpg,68d135063952f7cf7dee90f6,68d135063952f7cf7dee90f8,Manoj Automobiles,Dilshknagar,17.367642,78.534282,mid-range,classic,good,Performance Mobile Holder - Scout Bobber Scout Bobber Indian  Accessories oem quality temperature stable for enhanced safety,0,2025-09-08T00:00:00,2025-07-27T00:00:00
68d141eeb3fce85d4c560c5f,Yezdi Main Relay for Monaco,Monaco,Yezdi,2024.0,,Electrical,941.0,advanced chemical resistant for increased power,22.0,4.2,44.0,0,https://example.com/images/main_relay_monaco.jpg,68d135833952f7cf7dee9109,68d135833952f7cf7dee910b,Mounika Automobiles,Karimnagar,18.435781,79.132861,mid-range,modern,good,Yezdi Main Relay for Monaco Monaco Yezdi  Electrical advanced chemical resistant for increased power,0,2025-07-12T00:00:00,2025-08-11T00:00:00
68d141eeb3fce85d4c560c60,Premium Safety Cone for FZ-S,FZ-S,Yamaha,2025.0,,Safety,6679.0,racing quality noise reducing for improved performance,24.0,3.7,14.0,0,https://example.com/images/safety_cone_fz_s.jpg,68d135d63952f7cf7dee911e,68d135d63952f7cf7dee9120,baskar Automobiles,Medak,18.048948,78.269372,premium,modern,good,Premium Safety Cone for FZ-S FZ-S Yamaha  Safety racing quality noise reducing for improved performance,0,2025-08-01T00:00:00,2025-08-06T00:00:00
68d141eeb3fce85d4c560c61,Rear Sprocket - RD 350,RD 350,Yezdi,2011.0,,Drivetrain,7103.0,advanced wear resistant for enhanced stability,19.0,4.2,25.0,0,https://example.com/images/rear_sprocket_rd_350.jpg,68d136193952f7cf7dee9131,68d136193952f7cf7dee9133,Mahesh Automobiles,Khammam,17.249885,80.15615,premium,vintage,good,Rear Sprocket - RD 350 RD 350 Yezdi  Drivetrain advanced wear resistant for enhanced stability,0,2025-07-17T00:00:00,2025-08-19T00:00:00
68d141eeb3fce85d4c560c62,Racing Gear Box - Z900,Z900,Kawasaki,2023.0,,Transmission,11341.0,professional grade vibration dampening for improved comfort,27.0,4.4,39.0,0,https://example.com/images/gear_box_z900.jpg,689d6959045c37933826818b,689d6959045c37933826818d,sai automobiles,RAMNAGAR COLONY PEERZADIGUDA UPPAL HYDERABAD,17.390358,78.606729,premium,modern,good,Racing Gear Box - Z900 Z900 Kawasaki  Transmission professional grade vibration dampening for improved comfort,0,2025-08-22T00:00:00,2025-08-07T00:00:00
68d141eeb3fce85d4c560c63,Fuel Filter Assembly - RD 350,RD 350,Yezdi,2013.0,,Filters,1380.0,advanced chemical resistant for enhanced durability,20.0,4.7,16.0,0,https://example.com/images/fuel_filter_rd_350.jpg,68ac2a8e3c73e23c655de052,68ac2a8f3c73e23c655de054,Swathi Automobiles,Chappal Bazar Road - Kachiguda ,17.38953,78.491245,mid-range,vintage,excellent,Fuel Filter Assembly - RD 350 RD 350 Yezdi  Filters advanced chemical resistant for enhanced durability,0,2025-09-11T00:00:00,2025-08-11T00:00:00
68d141eeb3fce85d4c560c64,Intake Manifold Assembly - Street Triple,Street Triple,Triumph,2012.0,,Fuel System,4359.0,long lasting wear resistant for improved performance,27.0,4.5,39.0,0,https://example.com/images/intake_manifold_street_triple.jpg,68d0c47d09554c358655174b,68d0c47e09554c358655174d,Tarun Automobiles,,17.423605,78.546314,mid-range,vintage,excellent,Intake Manifold Assembly - Street Triple Street Triple Triumph  Fuel System long lasting wear resistant for improved performance,0,2025-07-11T00:00:00,2025-07-17T00:00:00
68d141eeb3fce85d4c560c65,Heavy Duty Hydraulic Filter - Bobber,Bobber,Jawa,2022.0,,Filters,143.0,racing quality eco friendly for improved comfort,8.0,4.2,23.0,0,https://example.com/images/hydraulic_filter_bobber.jpg,68d133bf3952f7cf7dee90b7,68d133bf3952f7cf7dee90b9,Jyothi Automobiles,Hyderabad,17.511409,78.350972,budget,modern,good,Heavy Duty Hydraulic Filter - Bobber Bobber Jawa  Filters racing quality eco friendly for improved comfort,0,2025-07-09T00:00:00,2025-08-13T00:00:00
68d141eeb3fce85d4c560c66,Heavy Duty Chest Protector - Gixxer,Gixxer,Suzuki,2017.0,,Safety,935.0,durable noise reducing for increased power,21.0,4.6,6.0,0,https://example.com/images/chest_protector_gixxer.jpg,68d1346c3952f7cf7dee90d0,68d1346c3952f7cf7dee90d2,Kalyan Automobiles,Bala Nagar,17.475679,78.447328,mid-range,classic,excellent,Heavy Duty Chest Protector - Gixxer Gixxer Suzuki  Safety durable noise reducing for increased power,0,2025-07-09T00:00:00,2025-09-14T00:00:00
68d141efb3fce85d4c560c67,OEM Air Box - TNT 135,TNT 135,Benelli,2020.0,,Fuel System,4254.0,street performance eco friendly for optimal efficiency,29.0,3.7,14.0,0,https://example.com/images/air_box_tnt_135.jpg,68d134ac3952f7cf7dee90e3,68d134ac3952f7cf7dee90e5,Shiva sai Automobiles,Mahabubabad,17.594209,80.006903,mid-range,modern,good,OEM Air Box - TNT 135 TNT 135 Benelli  Fuel System street performance eco friendly for optimal efficiency,0,2025-08-29T00:00:00,2025-09-12T00:00:00
68d141efb3fce85d4c560c68,OEM Gear Box - FZ-S,FZ-S,Yamaha,2024.0,,Transmission,1601.0,heavy duty maintenance free for maximum protection,4.0,4.6,37.0,0,https://example.com/images/gear_box_fz_s.jpg,68d135063952f7cf7dee90f6,68d135063952f7cf7dee90f8,Manoj Automobiles,Dilshknagar,17.367642,78.534282,mid-range,modern,excellent,OEM Gear Box - FZ-S FZ-S Yamaha  Transmission heavy duty maintenance free for maximum protection,0,2025-08-16T00:00:00,2025-08-19T00:00:00
68d141efb3fce85d4c560c69,TVS Tube for Apache RTR 180,Apache RTR 180,Tvs,2021.0,,Wheels & Tires,9060.0,industrial grade vibration dampening for improved performance,4.0,3.4,0.0,0,https://example.com/images/tube_apache_rtr_180.jpg,68d135833952f7cf7dee9109,68d135833952f7cf7dee910b,Mounika Automobiles,Karimnagar,18.435781,79.132861,premium,modern,good,TVS Tube for Apache RTR 180 Apache RTR 180 Tvs  Wheels & Tires industrial grade vibration dampening for improved performance,0,2025-08-26T00:00:00,2025-07-04T00:00:00
68d141efb3fce85d4c560c6a,Heavy Duty Ground Wire - YZF-R3,YZF-R3,Yamaha,2020.0,,Electrical,670.0,durable heat treated for smoother operation,23.0,4.7,3.0,0,https://example.com/images/ground_wire_yzf_r3.jpg,68d135d63952f7cf7dee911e,68d135d63952f7cf7dee9120,baskar Automobiles,Medak,18.048948,78.269372,budget,modern,excellent,Heavy Duty Ground Wire - YZF-R3 YZF-R3 Yamaha  Electrical durable heat treated for smoother operation,0,2025-09-13T00:00:00,2025-07-25T00:00:00
68d141efb3fce85d4c560c6b,Tubeless Valve Assembly - Ninja ZX-10R,Ninja ZX-10R,Kawasaki,2020.0,,Wheels & Tires,12830.0,oem quality wear resistant for enhanced stability,7.0,4.6,38.0,0,https://example.com/images/tubeless_valve_ninja_zx_10r.jpg,68d136193952f7cf7dee9131,68d136193952f7cf7dee9133,Mahesh Automobiles,Khammam,17.249885,80.15615,premium,modern,excellent,Tubeless Valve Assembly - Ninja ZX-10R Ninja ZX-10R Kawasaki  Wheels & Tires oem quality wear resistant for enhanced stability,0,2025-09-21T00:00:00,2025-08-05T00:00:00
68d141efb3fce85d4c560c6c,Engine Guard Assembly - Bullet 350,Bullet 350,Royal Enfield,2020.0,,Accessories,3116.0,heavy duty weather resistant for longer life,21.0,4.8,40.0,0,https://example.com/images/engine_guard_bullet_350.jpg,689d6959045c37933826818b,689d6959045c37933826818d,sai automobiles,RAMNAGAR COLONY PEERZADIGUDA UPPAL HYDERABAD,17.390358,78.606729,mid-range,modern,excellent,Engine Guard Assembly - Bullet 350 Bullet 350 Royal Enfield  Accessories heavy duty weather resistant for longer life,0,2025-08-19T00:00:00,2025-09-11T00:00:00
68d141efb3fce85d4c560c6d,Genuine Cylinder Block - Scrambler Icon,Scrambler Icon,Ducati,2015.0,,Engine,5981.0,professional grade chemical resistant for enhanced stability,16.0,4.9,4.0,0,https://example.com/images/cylinder_block_scrambler_icon.jpg,68ac2a8e3c73e23c655de052,68ac2a8f3c73e23c655de054,Swathi Automobiles,Chappal Bazar Road - Kachiguda ,17.38953,78.491245,premium,classic,excellent,Genuine Cylinder Block - Scrambler Icon Scrambler Icon Ducati  Engine professional grade chemical resistant for enhanced stability,0,2025-07-17T00:00:00,2025-07-06T00:00:00
68d141efb3fce85d4c560c6e,Hero Coolant Hose for Super Splendor,Super Splendor,Hero,2016.0,,Cooling System,7320.0,lightweight high strength for better fuel economy,8.0,4.1,30.0,0,https://example.com/images/coolant_hose_super_splendor.jpg,68d0c47d09554c358655174b,68d0c47e09554c358655174d,Tarun Automobiles,,17.423605,78.546314,premium,classic,good,Hero Coolant Hose for Super Splendor Super Splendor Hero  Cooling System lightweight high strength for better fuel economy,0,2025-09-21T00:00:00,2025-07-01T00:00:00
68d141efb3fce85d4c560c6f,Belt Guard Assembly - BN 302,BN 302,Benelli,2023.0,,Drivetrain,3399.0,oem quality wear resistant for enhanced safety,18.0,4.3,13.0,0,https://example.com/images/belt_guard_bn_302.jpg,68d133bf3952f7cf7dee90b7,68d133bf3952f7cf7dee90b9,Jyothi Automobiles,Hyderabad,17.511409,78.350972,mid-range,modern,good,Belt Guard Assembly - BN 302 BN 302 Benelli  Drivetrain oem quality wear resistant for enhanced safety,0,2025-07-24T00:00:00,2025-08-21T00:00:00
68d141efb3fce85d4c560c70,Coolant Pump Assembly - Hypermotard,Hypermotard,Ducati,2019.0,,Cooling System,5561.0,enhanced fuel efficient for maximum protection,29.0,4.9,30.0,0,https://example.com/images/coolant_pump_hypermotard.jpg,68d1346c3952f7cf7dee90d0,68d1346c3952f7cf7dee90d2,Kalyan Automobiles,Bala Nagar,17.475679,78.447328,mid-range,classic,excellent,Coolant Pump Assembly - Hypermotard Hypermotard Ducati  Cooling System enhanced fuel efficient for maximum protection,0,2025-08-15T00:00:00,2025-07-22T00:00:00
68d141efb3fce85d4c560c71,OEM Gear Oil - R 1250 GS,R 1250 GS,Bmw,2022.0,,Maintenance,545.0,precision made chemical resistant for longer life,13.0,4.6,50.0,0,https://example.com/images/gear_oil_r_1250_gs.jpg,68d134ac3952f7cf7dee90e3,68d134ac3952f7cf7dee90e5,Shiva sai Automobiles,Mahabubabad,17.594209,80.006903,budget,modern,excellent,OEM Gear Oil - R 1250 GS R 1250 GS Bmw  Maintenance precision made chemical resistant for longer life,0,2025-09-09T00:00:00,2025-07-12T00:00:00
68d141efb3fce85d4c560c72,Slip-on Exhaust Assembly - R 1250 GS,R 1250 GS,Bmw,2018.0,,Exhaust,9088.0,professional grade vibration dampening for smoother operation,4.0,3.3,35.0,0,https://example.com/images/slip-on_exhaust_r_1250_gs.jpg,68d135063952f7cf7dee90f6,68d135063952f7cf7dee90f8,Manoj Automobiles,Dilshknagar,17.367642,78.534282,premium,classic,good,Slip-on Exhaust Assembly - R 1250 GS R 1250 GS Bmw  Exhaust professional grade vibration dampening for smoother operation,0,2025-07-22T00:00:00,2025-08-20T00:00:00
68d141efb3fce85d4c560c73,OEM Diode - Super Meteor 650,Super Meteor 650,Royal Enfield,2013.0,,Electrical,7245.0,heavy duty high strength for better handling,3.0,4.2,35.0,0,https://example.com/images/diode_super_meteor_650.jpg,68d135833952f7cf7dee9109,68d135833952f7cf7dee910b,Mounika Automobiles,Karimnagar,18.435781,79.132861,premium,vintage,good,OEM Diode - Super Meteor 650 Super Meteor 650 Royal Enfield  Electrical heavy duty high strength for better handling,0,2025-07-29T00:00:00,2025-07-13T00:00:00
68d141efb3fce85d4c560c74,Iron 883 Phone Mount,Iron 883,Harley-Davidson,2023.0,,Accessories,2865.0,high performance long lasting for enhanced stability,29.0,3.7,38.0,0,https://example.com/images/phone_mount_iron_883.jpg,68d135d63952f7cf7dee911e,68d135d63952f7cf7dee9120,baskar Automobiles,Medak,18.048948,78.269372,mid-range,modern,good,Iron 883 Phone Mount Iron 883 Harley-Davidson  Accessories high performance long lasting for enhanced stability,0,2025-07-06T00:00:00,2025-08-12T00:00:00
68d141efb3fce85d4c560c75,Performance Mesh Filter - V-Strom SX,V-Strom SX,Suzuki,2010.0,,Filters,405.0,premium quality temperature stable for optimal efficiency,14.0,4.6,47.0,0,https://example.com/images/mesh_filter_v_strom_sx.jpg,68d136193952f7cf7dee9131,68d136193952f7cf7dee9133,Mahesh Automobiles,Khammam,17.249885,80.15615,budget,vintage,excellent,Performance Mesh Filter - V-Strom SX V-Strom SX Suzuki  Filters premium quality temperature stable for optimal efficiency,0,2025-08-08T00:00:00,2025-08-10T00:00:00
68d141efb3fce85d4c560c76,Premium Flasher Relay for Brutale 1000,Brutale 1000,Mv Agusta,2020.0,,Electrical,3632.0,durable high strength for better control,14.0,4.4,23.0,0,https://example.com/images/flasher_relay_brutale_1000.jpg,689d6959045c37933826818b,689d6959045c37933826818d,sai automobiles,RAMNAGAR COLONY PEERZADIGUDA UPPAL HYDERABAD,17.390358,78.606729,mid-range,modern,good,Premium Flasher Relay for Brutale 1000 Brutale 1000 Mv Agusta  Electrical durable high strength for better control,0,2025-07-25T00:00:00,2025-08-07T00:00:00
68d141efb3fce85d4c560c77,Premium Helmet Lock for Platina 110,Platina 110,Bajaj,2024.0,,Accessories,3802.0,long lasting chemical resistant for enhanced durability,3.0,4.2,2.0,0,https://example.com/images/helmet_lock_platina_110.jpg,68ac2a8e3c73e23c655de052,68ac2a8f3c73e23c655de054,Swathi Automobiles,Chappal Bazar Road - Kachiguda ,17.38953,78.491245,mid-range,modern,good,Premium Helmet Lock for Platina 110 Platina 110 Bajaj  Accessories long lasting chemical resistant for enhanced durability,0,2025-07-10T00:00:00,2025-07-15T00:00:00
68d141efb3fce85d4c560c78,Heavy Duty Oil Ring - RC 200,RC 200,Ktm,2012.0,,Engine,2129.0,oem quality precision engineered for better fuel economy,26.0,4.0,15.0,0,https://example.com/images/oil_ring_rc_200.jpg,68d0c47d09554c358655174b,68d0c47e09554c358655174d,Tarun Automobiles,,17.423605,78.546314,mid-range,vintage,good,Heavy Duty Oil Ring - RC 200 RC 200 Ktm  Engine oem quality precision engineered for better fuel economy,0,2025-07-27T00:00:00,2025-08-20T00:00:00
68d141efb3fce85d4c560c79,Crank Position Sensor Assembly - RC 8C,RC 8C,Ktm,2015.0,,Ignition,563.0,premium quality noise reducing for better fuel economy,10.0,4.7,5.0,0,https://example.com/images/crank_position_sensor_rc_8c.jpg,68d133bf3952f7cf7dee90b7,68d133bf3952f7cf7dee90b9,Jyothi Automobiles,Hyderabad,17.511409,78.350972,budget,classic,excellent,Crank Position Sensor Assembly - RC 8C RC 8C Ktm  Ignition premium quality noise reducing for better fuel economy,0,2025-09-15T00:00:00,2025-09-15T00:00:00
68d141efb3fce85d4c560c7a,Racing Brake Drum - S 1000 RR,S 1000 RR,Bmw,2013.0,,Brakes,848.0,high performance corrosion resistant for enhanced safety,12.0,3.8,32.0,0,https://example.com/images/brake_drum_s_1000_rr.jpg,68d1346c3952f7cf7dee90d0,68d1346c3952f7cf7dee90d2,Kalyan Automobiles,Bala Nagar,17.475679,78.447328,budget,vintage,good,Racing Brake Drum - S 1000 RR S 1000 RR Bmw  Brakes high performance corrosion resistant for enhanced safety,0,2025-08-22T00:00:00,2025-08-27T00:00:00
68d141efb3fce85d4c560c7b,Genuine Chain Tensioner - Xtreme 200S,Xtreme 200S,Hero,2023.0,,Drivetrain,3273.0,durable vibration dampening for better handling,4.0,3.9,18.0,0,https://example.com/images/chain_tensioner_xtreme_200s.jpg,68d134ac3952f7cf7dee90e3,68d134ac3952f7cf7dee90e5,Shiva sai Automobiles,Mahabubabad,17.594209,80.006903,mid-range,modern,good,Genuine Chain Tensioner - Xtreme 200S Xtreme 200S Hero  Drivetrain durable vibration dampening for better handling,0,2025-08-19T00:00:00,2025-08-01T00:00:00
68d141efb3fce85d4c560c7c,Crash Guard Assembly - Roadster,Roadster,Yezdi,2025.0,,Accessories,228.0,precision made wear resistant for better control,11.0,3.6,38.0,0,https://example.com/images/crash_guard_roadster.jpg,68d135063952f7cf7dee90f6,68d135063952f7cf7dee90f8,Manoj Automobiles,Dilshknagar,17.367642,78.534282,budget,modern,good,Crash Guard Assembly - Roadster Roadster Yezdi  Accessories precision made wear resistant for better control,0,2025-07-26T00:00:00,2025-09-16T00:00:00
68d141efb3fce85d4c560c7d,Performance Reflective Vest - Pulsar 150,Pulsar 150,Bajaj,2010.0,,Safety,2857.0,advanced chemical resistant for enhanced safety,25.0,3.8,38.0,0,https://example.com/images/reflective_vest_pulsar_150.jpg,68d135833952f7cf7dee9109,68d135833952f7cf7dee910b,Mounika Automobiles,Karimnagar,18.435781,79.132861,mid-range,vintage,good,Performance Reflective Vest - Pulsar 150 Pulsar 150 Bajaj  Safety advanced chemical resistant for enhanced safety,0,2025-07-30T00:00:00,2025-08-24T00:00:00
68d141efb3fce85d4c560c7e,Racing LED Strip - Roadking,Roadking,Yezdi,2024.0,,Lighting,3601.0,long lasting high strength for maximum protection,17.0,4.4,25.0,0,https://example.com/images/led_strip_roadking.jpg,68d135d63952f7cf7dee911e,68d135d63952f7cf7dee9120,baskar Automobiles,Medak,18.048948,78.269372,mid-range,modern,good,Racing LED Strip - Roadking Roadking Yezdi  Lighting long lasting high strength for maximum protection,0,2025-07-13T00:00:00,2025-07-29T00:00:00
68d141efb3fce85d4c560c7f,Racing Swing Arm Bearing - Speed Twin,Speed Twin,Triumph,2014.0,,Suspension,2696.0,heavy duty impact resistant for enhanced durability,30.0,4.7,19.0,0,https://example.com/images/swing_arm_bearing_speed_twin.jpg,68d136193952f7cf7dee9131,68d136193952f7cf7dee9133,Mahesh Automobiles,Khammam,17.249885,80.15615,mid-range,vintage,excellent,Racing Swing Arm Bearing - Speed Twin Speed Twin Triumph  Suspension heavy duty impact resistant for enhanced durability,0,2025-08-17T00:00:00,2025-07-28T00:00:00
68d141efb3fce85d4c560c80,Hero Wheel Hub for Pleasure Plus,Pleasure Plus,Hero,2012.0,,Wheels & Tires,11561.0,enhanced eco friendly for enhanced durability,17.0,4.7,40.0,0,https://example.com/images/wheel_hub_pleasure_plus.jpg,689d6959045c37933826818b,689d6959045c37933826818d,sai automobiles,RAMNAGAR COLONY PEERZADIGUDA UPPAL HYDERABAD,17.390358,78.606729,premium,vintage,excellent,Hero Wheel Hub for Pleasure Plus Pleasure Plus Hero  Wheels & Tires enhanced eco friendly for enhanced durability,0,2025-07-15T00:00:00,2025-09-19T00:00:00
68d141efb3fce85d4c560c81,RSV4 Knee Guard,RSV4,Aprilia,2022.0,,Safety,5785.0,enhanced wear resistant for increased power,18.0,3.8,8.0,0,https://example.com/images/knee_guard_rsv4.jpg,68ac2a8e3c73e23c655de052,68ac2a8f3c73e23c655de054,Swathi Automobiles,Chappal Bazar Road - Kachiguda ,17.38953,78.491245,premium,modern,good,RSV4 Knee Guard RSV4 Aprilia  Safety enhanced wear resistant for increased power,0,2025-09-06T00:00:00,2025-08-14T00:00:00
68d141efb3fce85d4c560c82,Heavy Duty Gear Box - ER-6n,ER-6n,Kawasaki,2025.0,,Transmission,2457.0,precision made heat treated for increased power,8.0,4.0,28.0,0,https://example.com/images/gear_box_er_6n.jpg,68d0c47d09554c358655174b,68d0c47e09554c358655174d,Tarun Automobiles,,17.423605,78.546314,mid-range,modern,good,Heavy Duty Gear Box - ER-6n ER-6n Kawasaki  Transmission precision made heat treated for increased power,0,2025-09-14T00:00:00,2025-07-22T00:00:00
68d141efb3fce85d4c560c83,Degreaser Assembly - GSX-R1000R,GSX-R1000R,Suzuki,2017.0,,Maintenance,333.0,professional grade noise reducing for enhanced durability,10.0,4.0,25.0,0,https://example.com/images/degreaser_gsx_r1000r.jpg,68d133bf3952f7cf7dee90b7,68d133bf3952f7cf7dee90b9,Jyothi Automobiles,Hyderabad,17.511409,78.350972,budget,classic,good,Degreaser Assembly - GSX-R1000R GSX-R1000R Suzuki  Maintenance professional grade noise reducing for enhanced durability,0,2025-09-20T00:00:00,2025-07-24T00:00:00
68d141efb3fce85d4c560c84,Racing Starter Relay - RS 125,RS 125,Aprilia,2020.0,,Ignition,1978.0,precision made precision engineered for enhanced safety,5.0,4.0,1.0,0,https://example.com/images/starter_relay_rs_125.jpg,68d1346c3952f7cf7dee90d0,68d1346c3952f7cf7dee90d2,Kalyan Automobiles,Bala Nagar,17.475679,78.447328,mid-range,modern,good,Racing Starter Relay - RS 125 RS 125 Aprilia  Ignition precision made precision engineered for enhanced safety,0,2025-07-05T00:00:00,2025-07-11T00:00:00
68d141efb3fce85d4c560c85,Heavy Duty Suspension Bolt - Centuro,Centuro,Mahindra,2016.0,,Suspension,3918.0,heavy duty long lasting for reduced maintenance,11.0,4.7,0.0,0,https://example.com/images/suspension_bolt_centuro.jpg,68d134ac3952f7cf7dee90e3,68d134ac3952f7cf7dee90e5,Shiva sai Automobiles,Mahabubabad,17.594209,80.006903,mid-range,classic,excellent,Heavy Duty Suspension Bolt - Centuro Centuro Mahindra  Suspension heavy duty long lasting for reduced maintenance,0,2025-07-28T00:00:00,2025-09-18T00:00:00
68d141efb3fce85d4c560c86,Premium Coolant Drain Plug for Bobber,Bobber,Jawa,2023.0,,Cooling System,11473.0,enhanced heat treated for increased power,9.0,3.5,28.0,0,https://example.com/images/coolant_drain_plug_bobber.jpg,68d135063952f7cf7dee90f6,68d135063952f7cf7dee90f8,Manoj Automobiles,Dilshknagar,17.367642,78.534282,premium,modern,good,Premium Coolant Drain Plug for Bobber Bobber Jawa  Cooling System enhanced heat treated for increased power,0,2025-07-04T00:00:00,2025-07-28T00:00:00
68d141efb3fce85d4c560c87,Genuine Gear Box - Thunderbird 500,Thunderbird 500,Royal Enfield,2023.0,,Transmission,5724.0,racing quality corrosion resistant for optimal efficiency,26.0,4.9,19.0,0,https://example.com/images/gear_box_thunderbird_500.jpg,68d135833952f7cf7dee9109,68d135833952f7cf7dee910b,Mounika Automobiles,Karimnagar,18.435781,79.132861,premium,modern,excellent,Genuine Gear Box - Thunderbird 500 Thunderbird 500 Royal Enfield  Transmission racing quality corrosion resistant for optimal efficiency,0,2025-07-12T00:00:00,2025-09-04T00:00:00
68d141efb3fce85d4c560c88,Racing Side Light - Forty Two,Forty Two,Jawa,2012.0,,Lighting,2149.0,professional grade corrosion resistant for longer life,8.0,4.0,5.0,0,https://example.com/images/side_light_forty_two.jpg,68d135d63952f7cf7dee911e,68d135d63952f7cf7dee9120,baskar Automobiles,Medak,18.048948,78.269372,mid-range,vintage,good,Racing Side Light - Forty Two Forty Two Jawa  Lighting professional grade corrosion resistant for longer life,0,2025-09-21T00:00:00,2025-08-02T00:00:00
68d141efb3fce85d4c560c89,Exhaust Clamp - Duke 250,Duke 250,Ktm,2023.0,,Exhaust,11008.0,industrial grade long lasting for better handling,13.0,4.5,4.0,0,https://example.com/images/exhaust_clamp_duke_250.jpg,68d136193952f7cf7dee9131,68d136193952f7cf7dee9133,Mahesh Automobiles,Khammam,17.249885,80.15615,premium,modern,excellent,Exhaust Clamp - Duke 250 Duke 250 Ktm  Exhaust industrial grade long lasting for better handling,0,2025-09-18T00:00:00,2025-08-06T00:00:00
68d141efb3fce85d4c560c8a,OEM Gasket Maker - MT-03,MT-03,Yamaha,2016.0,,Maintenance,895.0,heavy duty chemical resistant for better control,28.0,4.6,11.0,0,https://example.com/images/gasket_maker_mt_03.jpg,689d6959045c37933826818b,689d6959045c37933826818d,sai automobiles,RAMNAGAR COLONY PEERZADIGUDA UPPAL HYDERABAD,17.390358,78.606729,mid-range,classic,excellent,OEM Gasket Maker - MT-03 MT-03 Yamaha  Maintenance heavy duty chemical resistant for better control,0,2025-09-08T00:00:00,2025-08-05T00:00:00
68d141efb3fce85d4c560c8b,Performance Battery - Pulsar F250,Pulsar F250,Bajaj,2015.0,,Electrical,4031.0,lightweight chemical resistant for superior reliability,20.0,4.6,18.0,0,https://example.com/images/battery_pulsar_f250.jpg,68ac2a8e3c73e23c655de052,68ac2a8f3c73e23c655de054,Swathi Automobiles,Chappal Bazar Road - Kachiguda ,17.38953,78.491245,mid-range,classic,excellent,Performance Battery - Pulsar F250 Pulsar F250 Bajaj  Electrical lightweight chemical resistant for superior reliability,0,2025-08-21T00:00:00,2025-07-27T00:00:00
68d141efb3fce85d4c560c8c,Racing Transmission Case - Unicorn,Unicorn,Honda,2016.0,,Transmission,10269.0,oem quality impact resistant for better fuel economy,22.0,4.6,17.0,0,https://example.com/images/transmission_case_unicorn.jpg,68d0c47d09554c358655174b,68d0c47e09554c358655174d,Tarun Automobiles,,17.423605,78.546314,premium,classic,excellent,Racing Transmission Case - Unicorn Unicorn Honda  Transmission oem quality impact resistant for better fuel economy,0,2025-09-18T00:00:00,2025-07-22T00:00:00
68d141efb3fce85d4c560c8d,Genuine Intake Filter - F3 800,F3 800,Mv Agusta,2016.0,,Filters,316.0,heavy duty maintenance free for smoother operation,15.0,3.3,8.0,0,https://example.com/images/intake_filter_f3_800.jpg,68d133bf3952f7cf7dee90b7,68d133bf3952f7cf7dee90b9,Jyothi Automobiles,Hyderabad,17.511409,78.350972,budget,classic,good,Genuine Intake Filter - F3 800 F3 800 Mv Agusta  Filters heavy duty maintenance free for smoother operation,0,2025-07-29T00:00:00,2025-08-30T00:00:00
68d141efb3fce85d4c560c8e,OEM Suspension Bolt - Machismo,Machismo,Royal Enfield,2010.0,,Suspension,9789.0,premium quality long lasting for longer life,25.0,4.2,47.0,0,https://example.com/images/suspension_bolt_machismo.jpg,68d1346c3952f7cf7dee90d0,68d1346c3952f7cf7dee90d2,Kalyan Automobiles,Bala Nagar,17.475679,78.447328,premium,vintage,good,OEM Suspension Bolt - Machismo Machismo Royal Enfield  Suspension premium quality long lasting for longer life,0,2025-08-20T00:00:00,2025-08-18T00:00:00
68d141efb3fce85d4c560c8f,Performance Clutch Basket - SR 160,SR 160,Aprilia,2010.0,,Transmission,8432.0,advanced vibration dampening for optimal efficiency,25.0,4.3,12.0,0,https://example.com/images/clutch_basket_sr_160.jpg,68d134ac3952f7cf7dee90e3,68d134ac3952f7cf7dee90e5,Shiva sai Automobiles,Mahabubabad,17.594209,80.006903,premium,vintage,good,Performance Clutch Basket - SR 160 SR 160 Aprilia  Transmission advanced vibration dampening for optimal efficiency,0,2025-07-01T00:00:00,2025-08-17T00:00:00
68d141efb3fce85d4c560c90,Carburetor Cleaner Assembly - Tuono 660,Tuono 660,Aprilia,2021.0,,Maintenance,829.0,high performance impact resistant for increased power,27.0,4.9,36.0,0,https://example.com/images/carburetor_cleaner_tuono_660.jpg,68d135063952f7cf7dee90f6,68d135063952f7cf7dee90f8,Manoj Automobiles,Dilshknagar,17.367642,78.534282,budget,modern,excellent,Carburetor Cleaner Assembly - Tuono 660 Tuono 660 Aprilia  Maintenance high performance impact resistant for increased power,0,2025-09-12T00:00:00,2025-08-10T00:00:00
68d141efb3fce85d4c560c91,Shift Fork - Rodeo RZ,Rodeo RZ,Mahindra,2020.0,,Transmission,11637.0,enhanced chemical resistant for reduced maintenance,28.0,4.3,38.0,0,https://example.com/images/shift_fork_rodeo_rz.jpg,68d135833952f7cf7dee9109,68d135833952f7cf7dee910b,Mounika Automobiles,Karimnagar,18.435781,79.132861,premium,modern,good,Shift Fork - Rodeo RZ Rodeo RZ Mahindra  Transmission enhanced chemical resistant for reduced maintenance,0,2025-08-17T00:00:00,2025-08-08T00:00:00
68d141efb3fce85d4c560c92,Heavy Duty First Aid Kit - PCX 150,PCX 150,Honda,2012.0,,Accessories,4277.0,professional grade noise reducing for improved comfort,6.0,4.5,41.0,0,https://example.com/images/first_aid_kit_pcx_150.jpg,68d135d63952f7cf7dee911e,68d135d63952f7cf7dee9120,baskar Automobiles,Medak,18.048948,78.269372,mid-range,vintage,excellent,Heavy Duty First Aid Kit - PCX 150 PCX 150 Honda  Accessories professional grade noise reducing for improved comfort,0,2025-07-15T00:00:00,2025-08-16T00:00:00
68d141efb3fce85d4c560c93,Premium Intercooler for Road King,Road King,Harley-Davidson,2015.0,,Cooling System,5397.0,oem quality noise reducing for improved comfort,13.0,4.5,45.0,0,https://example.com/images/intercooler_road_king.jpg,68d136193952f7cf7dee9131,68d136193952f7cf7dee9133,Mahesh Automobiles,Khammam,17.249885,80.15615,mid-range,classic,excellent,Premium Intercooler for Road King Road King Harley-Davidson  Cooling System oem quality noise reducing for improved comfort,0,2025-07-02T00:00:00,2025-08-15T00:00:00
68d141efb3fce85d4c560c94,Heavy Duty Brake Disc - CB Hornet 2.0,CB Hornet 2.0,Honda,2021.0,,Brakes,2462.0,heavy duty eco friendly for enhanced durability,22.0,3.4,3.0,0,https://example.com/images/brake_disc_cb_hornet_2.0.jpg,689d6959045c37933826818b,689d6959045c37933826818d,sai automobiles,RAMNAGAR COLONY PEERZADIGUDA UPPAL HYDERABAD,17.390358,78.606729,mid-range,modern,good,Heavy Duty Brake Disc - CB Hornet 2.0 CB Hornet 2.0 Honda  Brakes heavy duty eco friendly for enhanced durability,0,2025-08-06T00:00:00,2025-08-22T00:00:00
68d141efb3fce85d4c560c95,Harley-Davidson Helmet for Pan America,Pan America,Harley-Davidson,2015.0,,Safety,4516.0,racing quality eco friendly for enhanced durability,6.0,4.9,14.0,0,https://example.com/images/helmet_pan_america.jpg,68ac2a8e3c73e23c655de052,68ac2a8f3c73e23c655de054,Swathi Automobiles,Chappal Bazar Road - Kachiguda ,17.38953,78.491245,mid-range,classic,excellent,Harley-Davidson Helmet for Pan America Pan America Harley-Davidson  Safety racing quality eco friendly for enhanced durability,0,2025-08-25T00:00:00,2025-07-30T00:00:00
68d141efb3fce85d4c560c96,Fender Assembly - Ninja H2,Ninja H2,Kawasaki,2013.0,,Body Parts,6980.0,heavy duty wear resistant for improved comfort,15.0,4.0,4.0,0,https://example.com/images/fender_ninja_h2.jpg,68d0c47d09554c358655174b,68d0c47e09554c358655174d,Tarun Automobiles,,17.423605,78.546314,premium,vintage,good,Fender Assembly - Ninja H2 Ninja H2 Kawasaki  Body Parts heavy duty wear resistant for improved comfort,0,2025-07-18T00:00:00,2025-09-18T00:00:00
68d141efb3fce85d4c560c97,Heavy Duty Coolant Reservoir - Zest,Zest,Tvs,2011.0,,Cooling System,3459.0,long lasting high strength for improved performance,4.0,4.3,40.0,0,https://example.com/images/coolant_reservoir_zest.jpg,68d133bf3952f7cf7dee90b7,68d133bf3952f7cf7dee90b9,Jyothi Automobiles,Hyderabad,17.511409,78.350972,mid-range,vintage,good,Heavy Duty Coolant Reservoir - Zest Zest Tvs  Cooling System long lasting high strength for improved performance,0,2025-09-13T00:00:00,2025-07-04T00:00:00
68d141efb3fce85d4c560c98,Shift Fork - Chief,Chief,Indian,2011.0,,Transmission,4332.0,durable noise reducing for longer life,4.0,4.8,39.0,0,https://example.com/images/shift_fork_chief.jpg,68d1346c3952f7cf7dee90d0,68d1346c3952f7cf7dee90d2,Kalyan Automobiles,Bala Nagar,17.475679,78.447328,mid-range,vintage,excellent,Shift Fork - Chief Chief Indian  Transmission durable noise reducing for longer life,0,2025-07-27T00:00:00,2025-08-08T00:00:00
68d141efb3fce85d4c560c99,Genuine Wind Screen - XSR155,XSR155,Yamaha,2015.0,,Body Parts,4259.0,superior chemical resistant for enhanced stability,27.0,4.8,36.0,0,https://example.com/images/wind_screen_xsr155.jpg,68d134ac3952f7cf7dee90e3,68d134ac3952f7cf7dee90e5,Shiva sai Automobiles,Mahabubabad,17.594209,80.006903,mid-range,classic,excellent,Genuine Wind Screen - XSR155 XSR155 Yamaha  Body Parts superior chemical resistant for enhanced stability,0,2025-07-30T00:00:00,2025-07-01T00:00:00
68d141efb3fce85d4c560c9a,OEM Fuel Pump - Pulsar F250,Pulsar F250,Bajaj,2025.0,,Fuel System,6857.0,street performance eco friendly for reduced maintenance,21.0,4.7,40.0,0,https://example.com/images/fuel_pump_pulsar_f250.jpg,68d135063952f7cf7dee90f6,68d135063952f7cf7dee90f8,Manoj Automobiles,Dilshknagar,17.367642,78.534282,premium,modern,excellent,OEM Fuel Pump - Pulsar F250 Pulsar F250 Bajaj  Fuel System street performance eco friendly for reduced maintenance,0,2025-07-21T00:00:00,2025-08-19T00:00:00
68d141efb3fce85d4c560c9b,Heavy Duty Suspension Linkage - DesertX,DesertX,Ducati,2015.0,,Suspension,13816.0,street performance chemical resistant for maximum protection,17.0,4.2,17.0,0,https://example.com/images/suspension_linkage_desertx.jpg,68d135833952f7cf7dee9109,68d135833952f7cf7dee910b,Mounika Automobiles,Karimnagar,18.435781,79.132861,premium,classic,good,Heavy Duty Suspension Linkage - DesertX DesertX Ducati  Suspension street performance chemical resistant for maximum protection,0,2025-09-09T00:00:00,2025-07-13T00:00:00
68d141efb3fce85d4c560c9c,Genuine Gear Shift Lever - Monster,Monster,Ducati,2022.0,,Transmission,10329.0,superior maintenance free for enhanced safety,6.0,4.3,37.0,0,https://example.com/images/gear_shift_lever_monster.jpg,68d135d63952f7cf7dee911e,68d135d63952f7cf7dee9120,baskar Automobiles,Medak,18.048948,78.269372,premium,modern,good,Genuine Gear Shift Lever - Monster Monster Ducati  Transmission superior maintenance free for enhanced safety,0,2025-07-04T00:00:00,2025-08-27T00:00:00
68d141efb3fce85d4c560c9d,Premium License Plate Light for Versys-X 300,Versys-X 300,Kawasaki,2014.0,,Lighting,412.0,industrial grade fuel efficient for reduced maintenance,2.0,4.6,5.0,0,https://example.com/images/license_plate_light_versys_x_300.jpg,68d136193952f7cf7dee9131,68d136193952f7cf7dee9133,Mahesh Automobiles,Khammam,17.249885,80.15615,budget,vintage,excellent,Premium License Plate Light for Versys-X 300 Versys-X 300 Kawasaki  Lighting industrial grade fuel efficient for reduced maintenance,0,2025-09-02T00:00:00,2025-07-11T00:00:00
68d141efb3fce85d4c560c9e,Heavy Duty Back Protector - Sportster S,Sportster S,Harley-Davidson,2018.0,,Safety,1758.0,heavy duty corrosion resistant for maximum protection,18.0,4.3,49.0,0,https://example.com/images/back_protector_sportster_s.jpg,689d6959045c37933826818b,689d6959045c37933826818d,sai automobiles,RAMNAGAR COLONY PEERZADIGUDA UPPAL HYDERABAD,17.390358,78.606729,mid-range,classic,good,Heavy Duty Back Protector - Sportster S Sportster S Harley-Davidson  Safety heavy duty corrosion resistant for maximum protection,0,2025-07-06T00:00:00,2025-07-12T00:00:00
68d141efb3fce85d4c560c9f,OEM Intake Manifold - Glamour,Glamour,Hero,2022.0,,Fuel System,7645.0,precision made high strength for increased power,5.0,3.8,48.0,0,https://example.com/images/intake_manifold_glamour.jpg,68ac2a8e3c73e23c655de052,68ac2a8f3c73e23c655de054,Swathi Automobiles,Chappal Bazar Road - Kachiguda ,17.38953,78.491245,premium,modern,good,OEM Intake Manifold - Glamour Glamour Hero  Fuel System precision made high strength for increased power,0,2025-08-30T00:00:00,2025-07-02T00:00:00
68d141efb3fce85d4c560ca0,Benelli Radiator Guard for TRK 502,TRK 502,Benelli,2011.0,,Cooling System,3164.0,heavy duty weather resistant for improved comfort,8.0,3.6,12.0,0,https://example.com/images/radiator_guard_trk_502.jpg,68d0c47d09554c358655174b,68d0c47e09554c358655174d,Tarun Automobiles,,17.423605,78.546314,mid-range,vintage,good,Benelli Radiator Guard for TRK 502 TRK 502 Benelli  Cooling System heavy duty weather resistant for improved comfort,0,2025-08-19T00:00:00,2025-09-05T00:00:00
68d141efb3fce85d4c560ca1,KTM Hall Sensor for RC 8C,RC 8C,Ktm,2014.0,,Ignition,1157.0,enhanced heat treated for smoother operation,5.0,4.7,20.0,0,https://example.com/images/hall_sensor_rc_8c.jpg,68d133bf3952f7cf7dee90b7,68d133bf3952f7cf7dee90b9,Jyothi Automobiles,Hyderabad,17.511409,78.350972,mid-range,vintage,excellent,KTM Hall Sensor for RC 8C RC 8C Ktm  Ignition enhanced heat treated for smoother operation,0,2025-08-03T00:00:00,2025-08-23T00:00:00
68d141efb3fce85d4c560ca2,Premium Crank Position Sensor for Zest,Zest,Tvs,2021.0,,Ignition,249.0,premium quality temperature stable for smoother operation,14.0,4.3,3.0,0,https://example.com/images/crank_position_sensor_zest.jpg,68d1346c3952f7cf7dee90d0,68d1346c3952f7cf7dee90d2,Kalyan Automobiles,Bala Nagar,17.475679,78.447328,budget,modern,good,Premium Crank Position Sensor for Zest Zest Tvs  Ignition premium quality temperature stable for smoother operation,0,2025-08-08T00:00:00,2025-07-24T00:00:00
68d141efb3fce85d4c560ca3,Front Sprocket Assembly - Diavel,Diavel,Ducati,2016.0,,Drivetrain,2144.0,industrial grade weather resistant for better control,6.0,4.9,46.0,0,https://example.com/images/front_sprocket_diavel.jpg,68d134ac3952f7cf7dee90e3,68d134ac3952f7cf7dee90e5,Shiva sai Automobiles,Mahabubabad,17.594209,80.006903,mid-range,classic,excellent,Front Sprocket Assembly - Diavel Diavel Ducati  Drivetrain industrial grade weather resistant for better control,0,2025-07-29T00:00:00,2025-07-09T00:00:00
68d141efb3fce85d4c560ca4,Genuine Hydraulic Filter - SV650,SV650,Suzuki,2017.0,,Filters,251.0,industrial grade wear resistant for better control,6.0,4.5,25.0,0,https://example.com/images/hydraulic_filter_sv650.jpg,68d135063952f7cf7dee90f6,68d135063952f7cf7dee90f8,Manoj Automobiles,Dilshknagar,17.367642,78.534282,budget,classic,excellent,Genuine Hydraulic Filter - SV650 SV650 Suzuki  Filters industrial grade wear resistant for better control,0,2025-07-16T00:00:00,2025-08-17T00:00:00
68d141efb3fce85d4c560ca5,Genuine Side Panel - Adventure 250,Adventure 250,Ktm,2011.0,,Body Parts,2545.0,long lasting long lasting for enhanced safety,22.0,4.9,16.0,0,https://example.com/images/side_panel_adventure_250.jpg,68d135833952f7cf7dee9109,68d135833952f7cf7dee910b,Mounika Automobiles,Karimnagar,18.435781,79.132861,mid-range,vintage,excellent,Genuine Side Panel - Adventure 250 Adventure 250 Ktm  Body Parts long lasting long lasting for enhanced safety,0,2025-07-18T00:00:00,2025-08-01T00:00:00
68d141efb3fce85d4c560ca6,Genuine Brake Rotor - Xtreme 160R,Xtreme 160R,Hero,2024.0,,Brakes,948.0,precision made wear resistant for longer life,9.0,4.9,1.0,0,https://example.com/images/brake_rotor_xtreme_160r.jpg,68d135d63952f7cf7dee911e,68d135d63952f7cf7dee9120,baskar Automobiles,Medak,18.048948,78.269372,mid-range,modern,excellent,Genuine Brake Rotor - Xtreme 160R Xtreme 160R Hero  Brakes precision made wear resistant for longer life,0,2025-07-07T00:00:00,2025-07-31T00:00:00
68d141efb3fce85d4c560ca7,Premium Assembly Paste for Multistrada V4,Multistrada V4,Ducati,2013.0,,Maintenance,756.0,long lasting vibration dampening for enhanced safety,2.0,4.1,25.0,0,https://example.com/images/assembly_paste_multistrada_v4.jpg,68d136193952f7cf7dee9131,68d136193952f7cf7dee9133,Mahesh Automobiles,Khammam,17.249885,80.15615,budget,vintage,good,Premium Assembly Paste for Multistrada V4 Multistrada V4 Ducati  Maintenance long lasting vibration dampening for enhanced safety,0,2025-07-03T00:00:00,2025-09-12T00:00:00
68d141efb3fce85d4c560ca8,OEM Windshield - Dominar 400,Dominar 400,Bajaj,2022.0,,Accessories,4508.0,industrial grade noise reducing for better control,1.0,4.0,30.0,0,https://example.com/images/windshield_dominar_400.jpg,689d6959045c37933826818b,689d6959045c37933826818d,sai automobiles,RAMNAGAR COLONY PEERZADIGUDA UPPAL HYDERABAD,17.390358,78.606729,mid-range,modern,good,OEM Windshield - Dominar 400 Dominar 400 Bajaj  Accessories industrial grade noise reducing for better control,0,2025-07-14T00:00:00,2025-08-04T00:00:00
68d141efb3fce85d4c560ca9,Performance Rear Tire - RC 8C,RC 8C,Ktm,2014.0,,Wheels & Tires,14521.0,enhanced corrosion resistant for increased power,7.0,4.0,18.0,0,https://example.com/images/rear_tire_rc_8c.jpg,68ac2a8e3c73e23c655de052,68ac2a8f3c73e23c655de054,Swathi Automobiles,Chappal Bazar Road - Kachiguda ,17.38953,78.491245,premium,vintage,good,Performance Rear Tire - RC 8C RC 8C Ktm  Wheels & Tires enhanced corrosion resistant for increased power,0,2025-09-21T00:00:00,2025-08-15T00:00:00
68d141efb3fce85d4c560caa,Heavy Duty Reflective Vest - Radeon,Radeon,Tvs,2022.0,,Safety,3202.0,precision made maintenance free for improved comfort,26.0,4.9,41.0,0,https://example.com/images/reflective_vest_radeon.jpg,68d0c47d09554c358655174b,68d0c47e09554c358655174d,Tarun Automobiles,,17.423605,78.546314,mid-range,modern,excellent,Heavy Duty Reflective Vest - Radeon Radeon Tvs  Safety precision made maintenance free for improved comfort,0,2025-07-19T00:00:00,2025-09-12T00:00:00
68d141efb3fce85d4c560cab,Thermostat Assembly - BN 302,BN 302,Benelli,2015.0,,Cooling System,8242.0,heavy duty temperature stable for smoother operation,19.0,4.6,26.0,0,https://example.com/images/thermostat_bn_302.jpg,68d133bf3952f7cf7dee90b7,68d133bf3952f7cf7dee90b9,Jyothi Automobiles,Hyderabad,17.511409,78.350972,premium,classic,excellent,Thermostat Assembly - BN 302 BN 302 Benelli  Cooling System heavy duty temperature stable for smoother operation,0,2025-07-11T00:00:00,2025-08-13T00:00:00
68d141efb3fce85d4c560cac,Ground Wire - Rodeo RZ,Rodeo RZ,Mahindra,2018.0,,Electrical,1204.0,precision made weather resistant for reduced maintenance,13.0,4.1,37.0,0,https://example.com/images/ground_wire_rodeo_rz.jpg,68d1346c3952f7cf7dee90d0,68d1346c3952f7cf7dee90d2,Kalyan Automobiles,Bala Nagar,17.475679,78.447328,mid-range,classic,good,Ground Wire - Rodeo RZ Rodeo RZ Mahindra  Electrical precision made weather resistant for reduced maintenance,0,2025-08-14T00:00:00,2025-09-08T00:00:00
68d141efb3fce85d4c560cad,Performance Tire Pressure Sensor - Classic,Classic,Jawa,2021.0,,Wheels & Tires,2052.0,oem quality temperature stable for enhanced safety,5.0,4.4,5.0,0,https://example.com/images/tire_pressure_sensor_classic.jpg,68d134ac3952f7cf7dee90e3,68d134ac3952f7cf7dee90e5,Shiva sai Automobiles,Mahabubabad,17.594209,80.006903,mid-range,modern,good,Performance Tire Pressure Sensor - Classic Classic Jawa  Wheels & Tires oem quality temperature stable for enhanced safety,0,2025-07-14T00:00:00,2025-08-18T00:00:00
68d141efb3fce85d4c560cae,Swing Arm Bearing - SXR 160,SXR 160,Aprilia,2013.0,,Suspension,14166.0,precision made noise reducing for improved performance,28.0,3.8,17.0,0,https://example.com/images/swing_arm_bearing_sxr_160.jpg,68d135063952f7cf7dee90f6,68d135063952f7cf7dee90f8,Manoj Automobiles,Dilshknagar,17.367642,78.534282,premium,vintage,good,Swing Arm Bearing - SXR 160 SXR 160 Aprilia  Suspension precision made noise reducing for improved performance,0,2025-07-08T00:00:00,2025-09-09T00:00:00
68d141efb3fce85d4c560caf,Heavy Duty Piston Kit - Ntorq 125,Ntorq 125,Tvs,2020.0,,Engine,3670.0,superior fuel efficient for improved comfort,13.0,4.7,46.0,0,https://example.com/images/piston_kit_ntorq_125.jpg,68d135833952f7cf7dee9109,68d135833952f7cf7dee910b,Mounika Automobiles,Karimnagar,18.435781,79.132861,mid-range,modern,excellent,Heavy Duty Piston Kit - Ntorq 125 Ntorq 125 Tvs  Engine superior fuel efficient for improved comfort,0,2025-09-10T00:00:00,2025-08-24T00:00:00
68d141efb3fce85d4c560cb0,Racing Side Box - Deluxe,Deluxe,Yezdi,2013.0,,Accessories,318.0,professional grade high strength for improved performance,23.0,3.7,21.0,0,https://example.com/images/side_box_deluxe.jpg,68d135d63952f7cf7dee911e,68d135d63952f7cf7dee9120,baskar Automobiles,Medak,18.048948,78.269372,budget,vintage,good,Racing Side Box - Deluxe Deluxe Yezdi  Accessories professional grade high strength for improved performance,0,2025-09-16T00:00:00,2025-07-27T00:00:00
68d141efb3fce85d4c560cb1,Throttle Cable - Roadmaster,Roadmaster,Indian,2018.0,,Fuel System,8829.0,durable heat treated for enhanced safety,29.0,3.8,6.0,0,https://example.com/images/throttle_cable_roadmaster.jpg,68d136193952f7cf7dee9131,68d136193952f7cf7dee9133,Mahesh Automobiles,Khammam,17.249885,80.15615,premium,classic,good,Throttle Cable - Roadmaster Roadmaster Indian  Fuel System durable heat treated for enhanced safety,0,2025-07-27T00:00:00,2025-09-07T00:00:00
68d141efb3fce85d4c560cb2,Genuine Chain - Panigale V4,Panigale V4,Ducati,2015.0,,Drivetrain,1142.0,street performance chemical resistant for longer life,5.0,3.7,43.0,0,https://example.com/images/chain_panigale_v4.jpg,689d6959045c37933826818b,689d6959045c37933826818d,sai automobiles,RAMNAGAR COLONY PEERZADIGUDA UPPAL HYDERABAD,17.390358,78.606729,mid-range,classic,good,Genuine Chain - Panigale V4 Panigale V4 Ducati  Drivetrain street performance chemical resistant for longer life,0,2025-09-17T00:00:00,2025-07-20T00:00:00
68d141efb3fce85d4c560cb3,Harley-Davidson Capacitor for Fat Bob,Fat Bob,Harley-Davidson,2025.0,,Electrical,3875.0,professional grade vibration dampening for enhanced durability,4.0,3.5,31.0,0,https://example.com/images/capacitor_fat_bob.jpg,68ac2a8e3c73e23c655de052,68ac2a8f3c73e23c655de054,Swathi Automobiles,Chappal Bazar Road - Kachiguda ,17.38953,78.491245,mid-range,modern,good,Harley-Davidson Capacitor for Fat Bob Fat Bob Harley-Davidson  Electrical professional grade vibration dampening for enhanced durability,0,2025-09-20T00:00:00,2025-08-29T00:00:00
68d141efb3fce85d4c560cb4,Genuine Coolant Pump - Panigale V4,Panigale V4,Ducati,2020.0,,Cooling System,7527.0,professional grade wear resistant for enhanced safety,5.0,4.6,8.0,0,https://example.com/images/coolant_pump_panigale_v4.jpg,68d0c47d09554c358655174b,68d0c47e09554c358655174d,Tarun Automobiles,,17.423605,78.546314,premium,modern,excellent,Genuine Coolant Pump - Panigale V4 Panigale V4 Ducati  Cooling System professional grade wear resistant for enhanced safety,0,2025-08-25T00:00:00,2025-07-17T00:00:00
68d141efb3fce85d4c560cb5,Heavy Duty Fork Oil Seal - Road King,Road King,Harley-Davidson,2010.0,,Suspension,7615.0,heavy duty long lasting for better control,9.0,4.2,29.0,0,https://example.com/images/fork_oil_seal_road_king.jpg,68d133bf3952f7cf7dee90b7,68d133bf3952f7cf7dee90b9,Jyothi Automobiles,Hyderabad,17.511409,78.350972,premium,vintage,good,Heavy Duty Fork Oil Seal - Road King Road King Harley-Davidson  Suspension heavy duty long lasting for better control,0,2025-07-31T00:00:00,2025-08-20T00:00:00
68d141efb3fce85d4c560cb6,Genuine Sprocket Bolt - Classic 350,Classic 350,Royal Enfield,2018.0,,Drivetrain,6149.0,superior corrosion resistant for enhanced safety,18.0,4.3,49.0,0,https://example.com/images/sprocket_bolt_classic_350.jpg,68d1346c3952f7cf7dee90d0,68d1346c3952f7cf7dee90d2,Kalyan Automobiles,Bala Nagar,17.475679,78.447328,premium,classic,good,Genuine Sprocket Bolt - Classic 350 Classic 350 Royal Enfield  Drivetrain superior corrosion resistant for enhanced safety,0,2025-07-07T00:00:00,2025-08-05T00:00:00
68d141efb3fce85d4c560cb7,Spoke Set Assembly - Adventure,Adventure,Yezdi,2020.0,,Wheels & Tires,4000.0,durable vibration dampening for enhanced durability,16.0,3.5,14.0,0,https://example.com/images/spoke_set_adventure.jpg,68d134ac3952f7cf7dee90e3,68d134ac3952f7cf7dee90e5,Shiva sai Automobiles,Mahabubabad,17.594209,80.006903,mid-range,modern,good,Spoke Set Assembly - Adventure Adventure Yezdi  Wheels & Tires durable vibration dampening for enhanced durability,0,2025-09-15T00:00:00,2025-08-15T00:00:00
68d141efb3fce85d4c560cb8,OEM Fuel Filter - Diavel,Diavel,Ducati,2022.0,,Filters,371.0,lightweight fuel efficient for reduced maintenance,8.0,3.7,35.0,0,https://example.com/images/fuel_filter_diavel.jpg,68d135063952f7cf7dee90f6,68d135063952f7cf7dee90f8,Manoj Automobiles,Dilshknagar,17.367642,78.534282,budget,modern,good,OEM Fuel Filter - Diavel Diavel Ducati  Filters lightweight fuel efficient for reduced maintenance,0,2025-07-03T00:00:00,2025-07-13T00:00:00
68d141efb3fce85d4c560cb9,Performance Fan Switch - RD 350,RD 350,Yezdi,2021.0,,Cooling System,5876.0,superior vibration dampening for longer life,14.0,3.5,37.0,0,https://example.com/images/fan_switch_rd_350.jpg,68d135833952f7cf7dee9109,68d135833952f7cf7dee910b,Mounika Automobiles,Karimnagar,18.435781,79.132861,premium,modern,good,Performance Fan Switch - RD 350 RD 350 Yezdi  Cooling System superior vibration dampening for longer life,0,2025-08-23T00:00:00,2025-07-30T00:00:00
68d141efb3fce85d4c560cba,Heavy Duty Capacitor - Tiger 900,Tiger 900,Triumph,2024.0,,Electrical,2176.0,high performance precision engineered for enhanced stability,23.0,3.5,48.0,0,https://example.com/images/capacitor_tiger_900.jpg,68d135d63952f7cf7dee911e,68d135d63952f7cf7dee9120,baskar Automobiles,Medak,18.048948,78.269372,mid-range,modern,good,Heavy Duty Capacitor - Tiger 900 Tiger 900 Triumph  Electrical high performance precision engineered for enhanced stability,0,2025-08-19T00:00:00,2025-09-08T00:00:00
68d141efb3fce85d4c560cbb,OEM CV Joint - Passion Pro,Passion Pro,Hero,2015.0,,Drivetrain,6252.0,premium quality weather resistant for smoother operation,28.0,4.3,38.0,0,https://example.com/images/cv_joint_passion_pro.jpg,68d136193952f7cf7dee9131,68d136193952f7cf7dee9133,Mahesh Automobiles,Khammam,17.249885,80.15615,premium,classic,good,OEM CV Joint - Passion Pro Passion Pro Hero  Drivetrain premium quality weather resistant for smoother operation,0,2025-09-01T00:00:00,2025-09-12T00:00:00
68d141efb3fce85d4c560cbc,BMW Radiator Guard for K 1600 GTL,K 1600 GTL,Bmw,2013.0,,Cooling System,7460.0,premium quality weather resistant for increased power,8.0,3.9,22.0,0,https://example.com/images/radiator_guard_k_1600_gtl.jpg,689d6959045c37933826818b,689d6959045c37933826818d,sai automobiles,RAMNAGAR COLONY PEERZADIGUDA UPPAL HYDERABAD,17.390358,78.606729,premium,vintage,good,BMW Radiator Guard for K 1600 GTL K 1600 GTL Bmw  Cooling System premium quality weather resistant for increased power,0,2025-09-12T00:00:00,2025-09-06T00:00:00
68d141efb3fce85d4c560cbd,Royal Enfield Suspension Bolt for Classic 500,Classic 500,Royal Enfield,2021.0,,Suspension,12311.0,lightweight eco friendly for better control,25.0,3.9,31.0,0,https://example.com/images/suspension_bolt_classic_500.jpg,68ac2a8e3c73e23c655de052,68ac2a8f3c73e23c655de054,Swathi Automobiles,Chappal Bazar Road - Kachiguda ,17.38953,78.491245,premium,modern,good,Royal Enfield Suspension Bolt for Classic 500 Classic 500 Royal Enfield  Suspension lightweight eco friendly for better control,0,2025-07-21T00:00:00,2025-07-07T00:00:00
68d141efb3fce85d4c560cbe,Yezdi Carburetor for Classic,Classic,Yezdi,2012.0,,Fuel System,7736.0,enhanced long lasting for smoother operation,20.0,4.9,5.0,0,https://example.com/images/carburetor_classic.jpg,68d0c47d09554c358655174b,68d0c47e09554c358655174d,Tarun Automobiles,,17.423605,78.546314,premium,vintage,excellent,Yezdi Carburetor for Classic Classic Yezdi  Fuel System enhanced long lasting for smoother operation,0,2025-07-25T00:00:00,2025-07-06T00:00:00
68d141efb3fce85d4c560cbf,Duro DZ Brake Light Bulb,Duro DZ,Mahindra,2020.0,,Lighting,1068.0,heavy duty long lasting for increased power,22.0,4.1,19.0,0,https://example.com/images/brake_light_bulb_duro_dz.jpg,68d133bf3952f7cf7dee90b7,68d133bf3952f7cf7dee90b9,Jyothi Automobiles,Hyderabad,17.511409,78.350972,mid-range,modern,good,Duro DZ Brake Light Bulb Duro DZ Mahindra  Lighting heavy duty long lasting for increased power,0,2025-08-06T00:00:00,2025-07-18T00:00:00
68d141efb3fce85d4c560cc0,Racing Bar End - Monster 821,Monster 821,Ducati,2014.0,,Accessories,3521.0,long lasting maintenance free for better control,21.0,3.2,23.0,0,https://example.com/images/bar_end_monster_821.jpg,68d1346c3952f7cf7dee90d0,68d1346c3952f7cf7dee90d2,Kalyan Automobiles,Bala Nagar,17.475679,78.447328,mid-range,vintage,good,Racing Bar End - Monster 821 Monster 821 Ducati  Accessories long lasting maintenance free for better control,0,2025-09-17T00:00:00,2025-07-05T00:00:00
68d141efb3fce85d4c560cc1,Heavy Duty Camshaft - Max 125,Max 125,Tvs,2010.0,,Engine,16019.0,durable heat treated for better control,18.0,3.3,13.0,0,https://example.com/images/camshaft_max_125.jpg,68d134ac3952f7cf7dee90e3,68d134ac3952f7cf7dee90e5,Shiva sai Automobiles,Mahabubabad,17.594209,80.006903,premium,vintage,good,Heavy Duty Camshaft - Max 125 Max 125 Tvs  Engine durable heat treated for better control,0,2025-08-03T00:00:00,2025-08-21T00:00:00
68d141efb3fce85d4c560cc2,Monaco Intercooler,Monaco,Yezdi,2025.0,,Cooling System,5369.0,street performance impact resistant for maximum protection,10.0,3.6,47.0,0,https://example.com/images/intercooler_monaco.jpg,68d135063952f7cf7dee90f6,68d135063952f7cf7dee90f8,Manoj Automobiles,Dilshknagar,17.367642,78.534282,mid-range,modern,good,Monaco Intercooler Monaco Yezdi  Cooling System street performance impact resistant for maximum protection,0,2025-07-06T00:00:00,2025-07-11T00:00:00
68d141efb3fce85d4c560cc3,Racing Fender - Unicorn,Unicorn,Honda,2021.0,,Body Parts,4027.0,heavy duty maintenance free for reduced maintenance,29.0,3.8,15.0,0,https://example.com/images/fender_unicorn.jpg,68d135833952f7cf7dee9109,68d135833952f7cf7dee910b,Mounika Automobiles,Karimnagar,18.435781,79.132861,mid-range,modern,good,Racing Fender - Unicorn Unicorn Honda  Body Parts heavy duty maintenance free for reduced maintenance,0,2025-07-27T00:00:00,2025-07-02T00:00:00
68d141efb3fce85d4c560cc4,Stallio Low Beam Bulb,Stallio,Mahindra,2021.0,,Lighting,2723.0,oem quality high strength for better control,5.0,3.5,23.0,0,https://example.com/images/low_beam_bulb_stallio.jpg,68d135d63952f7cf7dee911e,68d135d63952f7cf7dee9120,baskar Automobiles,Medak,18.048948,78.269372,mid-range,modern,good,Stallio Low Beam Bulb Stallio Mahindra  Lighting oem quality high strength for better control,0,2025-08-12T00:00:00,2025-07-18T00:00:00
68d141efb3fce85d4c560cc5,Genuine Compression Adjuster - F3 Rosso,F3 Rosso,Mv Agusta,2018.0,,Suspension,7390.0,heavy duty fuel efficient for reduced maintenance,20.0,4.8,32.0,0,https://example.com/images/compression_adjuster_f3_rosso.jpg,68d136193952f7cf7dee9131,68d136193952f7cf7dee9133,Mahesh Automobiles,Khammam,17.249885,80.15615,premium,classic,excellent,Genuine Compression Adjuster - F3 Rosso F3 Rosso Mv Agusta  Suspension heavy duty fuel efficient for reduced maintenance,0,2025-09-10T00:00:00,2025-09-18T00:00:00
68d141efb3fce85d4c560cc6,Premium Coolant for Classic,Classic,Yezdi,2012.0,,Maintenance,280.0,high performance long lasting for longer life,30.0,4.4,2.0,0,https://example.com/images/coolant_classic.jpg,689d6959045c37933826818b,689d6959045c37933826818d,sai automobiles,RAMNAGAR COLONY PEERZADIGUDA UPPAL HYDERABAD,17.390358,78.606729,budget,vintage,good,Premium Coolant for Classic Classic Yezdi  Maintenance high performance long lasting for longer life,0,2025-09-11T00:00:00,2025-07-02T00:00:00
68d141efb3fce85d4c560cc7,Performance Swing Arm Bearing - RSV4,RSV4,Aprilia,2018.0,,Suspension,8216.0,enhanced heat treated for improved comfort,21.0,3.7,19.0,0,https://example.com/images/swing_arm_bearing_rsv4.jpg,68ac2a8e3c73e23c655de052,68ac2a8f3c73e23c655de054,Swathi Automobiles,Chappal Bazar Road - Kachiguda ,17.38953,78.491245,premium,classic,good,Performance Swing Arm Bearing - RSV4 RSV4 Aprilia  Suspension enhanced heat treated for improved comfort,0,2025-09-06T00:00:00,2025-09-02T00:00:00
68d141efb3fce85d4c560cc8,Heavy Duty Tail Pipe - Adventure,Adventure,Yezdi,2011.0,,Exhaust,8770.0,professional grade maintenance free for maximum protection,6.0,4.9,34.0,0,https://example.com/images/tail_pipe_adventure.jpg,68d0c47d09554c358655174b,68d0c47e09554c358655174d,Tarun Automobiles,,17.423605,78.546314,premium,vintage,excellent,Heavy Duty Tail Pipe - Adventure Adventure Yezdi  Exhaust professional grade maintenance free for maximum protection,0,2025-07-09T00:00:00,2025-08-26T00:00:00
68d141efb3fce85d4c560cc9,Suzuki Wire Wheel for Boulevard,Boulevard,Suzuki,2022.0,,Wheels & Tires,11772.0,durable wear resistant for maximum protection,10.0,4.1,10.0,0,https://example.com/images/wire_wheel_boulevard.jpg,68d133bf3952f7cf7dee90b7,68d133bf3952f7cf7dee90b9,Jyothi Automobiles,Hyderabad,17.511409,78.350972,premium,modern,good,Suzuki Wire Wheel for Boulevard Boulevard Suzuki  Wheels & Tires durable wear resistant for maximum protection,0,2025-07-11T00:00:00,2025-08-21T00:00:00
68d141efb3fce85d4c560cca,Genuine Engine Mount - Ninja 300,Ninja 300,Kawasaki,2013.0,,Engine,17112.0,heavy duty noise reducing for increased power,16.0,4.4,1.0,0,https://example.com/images/engine_mount_ninja_300.jpg,68d1346c3952f7cf7dee90d0,68d1346c3952f7cf7dee90d2,Kalyan Automobiles,Bala Nagar,17.475679,78.447328,premium,vintage,good,Genuine Engine Mount - Ninja 300 Ninja 300 Kawasaki  Engine heavy duty noise reducing for increased power,0,2025-08-28T00:00:00,2025-07-29T00:00:00
68d141f0b3fce85d4c560ccb,OEM Wheel Balancing Weight - Gixxer SF,Gixxer SF,Suzuki,2022.0,,Wheels & Tires,12315.0,precision made high strength for longer life,20.0,3.7,12.0,0,https://example.com/images/wheel_balancing_weight_gixxer_sf.jpg,68d134ac3952f7cf7dee90e3,68d134ac3952f7cf7dee90e5,Shiva sai Automobiles,Mahabubabad,17.594209,80.006903,premium,modern,good,OEM Wheel Balancing Weight - Gixxer SF Gixxer SF Suzuki  Wheels & Tires precision made high strength for longer life,0,2025-08-29T00:00:00,2025-07-08T00:00:00
68d141f0b3fce85d4c560ccc,Royal Enfield Compression Ring for Himalayan,Himalayan,Royal Enfield,2022.0,,Engine,19118.0,industrial grade noise reducing for better handling,16.0,4.3,0.0,0,https://example.com/images/compression_ring_himalayan.jpg,68d135063952f7cf7dee90f6,68d135063952f7cf7dee90f8,Manoj Automobiles,Dilshknagar,17.367642,78.534282,premium,modern,good,Royal Enfield Compression Ring for Himalayan Himalayan Royal Enfield  Engine industrial grade noise reducing for better handling,0,2025-07-03T00:00:00,2025-07-26T00:00:00
68d141f0b3fce85d4c560ccd,Heavy Duty Chain - TNT 1130R,TNT 1130R,Benelli,2021.0,,Drivetrain,4355.0,durable vibration dampening for improved performance,9.0,3.8,21.0,0,https://example.com/images/chain_tnt_1130r.jpg,68d135833952f7cf7dee9109,68d135833952f7cf7dee910b,Mounika Automobiles,Karimnagar,18.435781,79.132861,mid-range,modern,good,Heavy Duty Chain - TNT 1130R TNT 1130R Benelli  Drivetrain durable vibration dampening for improved performance,0,2025-07-18T00:00:00,2025-08-30T00:00:00
68d141f0b3fce85d4c560cce,Performance Tool Kit - Flyte,Flyte,Mahindra,2015.0,,Accessories,2108.0,enhanced wear resistant for better handling,10.0,4.5,16.0,0,https://example.com/images/tool_kit_flyte.jpg,68d135d63952f7cf7dee911e,68d135d63952f7cf7dee9120,baskar Automobiles,Medak,18.048948,78.269372,mid-range,classic,excellent,Performance Tool Kit - Flyte Flyte Mahindra  Accessories enhanced wear resistant for better handling,0,2025-08-11T00:00:00,2025-09-11T00:00:00
68d141f0b3fce85d4c560ccf,Racing Clutch Spring - Flyte,Flyte,Mahindra,2017.0,,Transmission,9471.0,precision made vibration dampening for longer life,20.0,4.7,1.0,0,https://example.com/images/clutch_spring_flyte.jpg,68d136193952f7cf7dee9131,68d136193952f7cf7dee9133,Mahesh Automobiles,Khammam,17.249885,80.15615,premium,classic,excellent,Racing Clutch Spring - Flyte Flyte Mahindra  Transmission precision made vibration dampening for longer life,0,2025-07-04T00:00:00,2025-09-21T00:00:00
68d141f0b3fce85d4c560cd0,Rear Tire Assembly - Fazer 25,Fazer 25,Yamaha,2011.0,,Wheels & Tires,5050.0,enhanced precision engineered for smoother operation,6.0,3.5,17.0,0,https://example.com/images/rear_tire_fazer_25.jpg,689d6959045c37933826818b,689d6959045c37933826818d,sai automobiles,RAMNAGAR COLONY PEERZADIGUDA UPPAL HYDERABAD,17.390358,78.606729,mid-range,vintage,good,Rear Tire Assembly - Fazer 25 Fazer 25 Yamaha  Wheels & Tires enhanced precision engineered for smoother operation,0,2025-09-07T00:00:00,2025-08-08T00:00:00
68d141f0b3fce85d4c560cd1,OEM Back Protector - Ultra Limited,Ultra Limited,Harley-Davidson,2010.0,,Safety,4401.0,premium quality long lasting for smoother operation,20.0,4.9,10.0,0,https://example.com/images/back_protector_ultra_limited.jpg,68ac2a8e3c73e23c655de052,68ac2a8f3c73e23c655de054,Swathi Automobiles,Chappal Bazar Road - Kachiguda ,17.38953,78.491245,mid-range,vintage,excellent,OEM Back Protector - Ultra Limited Ultra Limited Harley-Davidson  Safety premium quality long lasting for smoother operation,0,2025-08-03T00:00:00,2025-09-09T00:00:00
68d141f0b3fce85d4c560cd2,Fuel Tank Assembly - HF Deluxe,HF Deluxe,Hero,2012.0,,Fuel System,3234.0,advanced heat treated for improved performance,27.0,4.2,46.0,0,https://example.com/images/fuel_tank_hf_deluxe.jpg,68d0c47d09554c358655174b,68d0c47e09554c358655174d,Tarun Automobiles,,17.423605,78.546314,mid-range,vintage,good,Fuel Tank Assembly - HF Deluxe HF Deluxe Hero  Fuel System advanced heat treated for improved performance,0,2025-08-09T00:00:00,2025-09-02T00:00:00
68d141f0b3fce85d4c560cd3,Genuine Riding Jacket - RD 350,RD 350,Yezdi,2018.0,,Safety,7378.0,high performance impact resistant for maximum protection,17.0,4.9,21.0,0,https://example.com/images/riding_jacket_rd_350.jpg,68d133bf3952f7cf7dee90b7,68d133bf3952f7cf7dee90b9,Jyothi Automobiles,Hyderabad,17.511409,78.350972,premium,classic,excellent,Genuine Riding Jacket - RD 350 RD 350 Yezdi  Safety high performance impact resistant for maximum protection,0,2025-09-07T00:00:00,2025-09-04T00:00:00
68d141f0b3fce85d4c560cd4,Genuine Velocity Stack - LiveWire,LiveWire,Harley-Davidson,2023.0,,Fuel System,1582.0,high performance precision engineered for enhanced safety,26.0,4.9,10.0,0,https://example.com/images/velocity_stack_livewire.jpg,68d1346c3952f7cf7dee90d0,68d1346c3952f7cf7dee90d2,Kalyan Automobiles,Bala Nagar,17.475679,78.447328,mid-range,modern,excellent,Genuine Velocity Stack - LiveWire LiveWire Harley-Davidson  Fuel System high performance precision engineered for enhanced safety,0,2025-08-18T00:00:00,2025-07-30T00:00:00
68d141f0b3fce85d4c560cd5,Heavy Duty Fork Cap - GSX-R600,GSX-R600,Suzuki,2022.0,,Suspension,5404.0,racing quality noise reducing for smoother operation,24.0,4.7,18.0,0,https://example.com/images/fork_cap_gsx_r600.jpg,68d134ac3952f7cf7dee90e3,68d134ac3952f7cf7dee90e5,Shiva sai Automobiles,Mahabubabad,17.594209,80.006903,mid-range,modern,excellent,Heavy Duty Fork Cap - GSX-R600 GSX-R600 Suzuki  Suspension racing quality noise reducing for smoother operation,0,2025-08-27T00:00:00,2025-07-19T00:00:00
68d141f0b3fce85d4c560cd6,Performance Emergency Light - Passion Pro,Passion Pro,Hero,2015.0,,Lighting,5014.0,professional grade vibration dampening for longer life,27.0,3.2,30.0,0,https://example.com/images/emergency_light_passion_pro.jpg,68d135063952f7cf7dee90f6,68d135063952f7cf7dee90f8,Manoj Automobiles,Dilshknagar,17.367642,78.534282,mid-range,classic,good,Performance Emergency Light - Passion Pro Passion Pro Hero  Lighting professional grade vibration dampening for longer life,0,2025-09-15T00:00:00,2025-08-23T00:00:00
68d141f0b3fce85d4c560cd7,Performance Immobilizer - FTR 1200,FTR 1200,Indian,2011.0,,Ignition,1680.0,superior temperature stable for improved performance,12.0,4.7,11.0,0,https://example.com/images/immobilizer_ftr_1200.jpg,68d135833952f7cf7dee9109,68d135833952f7cf7dee910b,Mounika Automobiles,Karimnagar,18.435781,79.132861,mid-range,vintage,excellent,Performance Immobilizer - FTR 1200 FTR 1200 Indian  Ignition superior temperature stable for improved performance,0,2025-08-18T00:00:00,2025-08-04T00:00:00
68d141f0b3fce85d4c560cd8,Premium Gear Oil for Superveloce 800,Superveloce 800,Mv Agusta,2018.0,,Maintenance,245.0,racing quality long lasting for better control,23.0,4.8,6.0,0,https://example.com/images/gear_oil_superveloce_800.jpg,68d135d63952f7cf7dee911e,68d135d63952f7cf7dee9120,baskar Automobiles,Medak,18.048948,78.269372,budget,classic,excellent,Premium Gear Oil for Superveloce 800 Superveloce 800 Mv Agusta  Maintenance racing quality long lasting for better control,0,2025-09-05T00:00:00,2025-09-08T00:00:00
68d141f0b3fce85d4c560cd9,Performance Muffler - Ninja 300,Ninja 300,Kawasaki,2011.0,,Exhaust,15855.0,professional grade impact resistant for superior reliability,24.0,3.2,37.0,0,https://example.com/images/muffler_ninja_300.jpg,68d136193952f7cf7dee9131,68d136193952f7cf7dee9133,Mahesh Automobiles,Khammam,17.249885,80.15615,premium,vintage,good,Performance Muffler - Ninja 300 Ninja 300 Kawasaki  Exhaust professional grade impact resistant for superior reliability,0,2025-07-01T00:00:00,2025-08-25T00:00:00
68d141f0b3fce85d4c560cda,Chain Lube - SR 160,SR 160,Aprilia,2012.0,,Maintenance,957.0,precision made chemical resistant for reduced maintenance,27.0,4.9,19.0,0,https://example.com/images/chain_lube_sr_160.jpg,689d6959045c37933826818b,689d6959045c37933826818d,sai automobiles,RAMNAGAR COLONY PEERZADIGUDA UPPAL HYDERABAD,17.390358,78.606729,mid-range,vintage,excellent,Chain Lube - SR 160 SR 160 Aprilia  Maintenance precision made chemical resistant for reduced maintenance,0,2025-07-04T00:00:00,2025-09-19T00:00:00
68d141f0b3fce85d4c560cdb,Heavy Duty Fan Shroud - Duke 200,Duke 200,Ktm,2024.0,,Cooling System,10157.0,durable noise reducing for better fuel economy,13.0,4.6,34.0,0,https://example.com/images/fan_shroud_duke_200.jpg,68ac2a8e3c73e23c655de052,68ac2a8f3c73e23c655de054,Swathi Automobiles,Chappal Bazar Road - Kachiguda ,17.38953,78.491245,premium,modern,excellent,Heavy Duty Fan Shroud - Duke 200 Duke 200 Ktm  Cooling System durable noise reducing for better fuel economy,0,2025-07-23T00:00:00,2025-08-20T00:00:00
68d141f0b3fce85d4c560cdc,Kawasaki Riding Boots for Ninja 650,Ninja 650,Kawasaki,2015.0,,Safety,5348.0,advanced noise reducing for superior reliability,23.0,4.1,39.0,0,https://example.com/images/riding_boots_ninja_650.jpg,68d0c47d09554c358655174b,68d0c47e09554c358655174d,Tarun Automobiles,,17.423605,78.546314,mid-range,classic,good,Kawasaki Riding Boots for Ninja 650 Ninja 650 Kawasaki  Safety advanced noise reducing for superior reliability,0,2025-07-14T00:00:00,2025-07-27T00:00:00
68d141f0b3fce85d4c560cdd,OEM Hub Bearing - Leoncino 500,Leoncino 500,Benelli,2022.0,,Wheels & Tires,12152.0,industrial grade wear resistant for superior reliability,12.0,4.1,46.0,0,https://example.com/images/hub_bearing_leoncino_500.jpg,68d133bf3952f7cf7dee90b7,68d133bf3952f7cf7dee90b9,Jyothi Automobiles,Hyderabad,17.511409,78.350972,premium,modern,good,OEM Hub Bearing - Leoncino 500 Leoncino 500 Benelli  Wheels & Tires industrial grade wear resistant for superior reliability,0,2025-07-27T00:00:00,2025-08-01T00:00:00
68d141f0b3fce85d4c560cde,Genuine Fuel Injector - Stallio,Stallio,Mahindra,2019.0,,Fuel System,5024.0,industrial grade noise reducing for better handling,24.0,4.2,0.0,0,https://example.com/images/fuel_injector_stallio.jpg,68d1346c3952f7cf7dee90d0,68d1346c3952f7cf7dee90d2,Kalyan Automobiles,Bala Nagar,17.475679,78.447328,mid-range,classic,good,Genuine Fuel Injector - Stallio Stallio Mahindra  Fuel System industrial grade noise reducing for better handling,0,2025-09-19T00:00:00,2025-07-09T00:00:00
68d141f0b3fce85d4c560cdf,Premium Grease for Chief Vintage,Chief Vintage,Indian,2016.0,,Maintenance,875.0,precision made heat treated for longer life,29.0,3.5,23.0,0,https://example.com/images/grease_chief_vintage.jpg,68d134ac3952f7cf7dee90e3,68d134ac3952f7cf7dee90e5,Shiva sai Automobiles,Mahabubabad,17.594209,80.006903,mid-range,classic,good,Premium Grease for Chief Vintage Chief Vintage Indian  Maintenance precision made heat treated for longer life,0,2025-07-10T00:00:00,2025-08-17T00:00:00
68d141f0b3fce85d4c560ce0,Performance Condenser - Scrambler 1200,Scrambler 1200,Triumph,2024.0,,Ignition,424.0,premium quality weather resistant for better handling,18.0,4.4,44.0,0,https://example.com/images/condenser_scrambler_1200.jpg,68d135063952f7cf7dee90f6,68d135063952f7cf7dee90f8,Manoj Automobiles,Dilshknagar,17.367642,78.534282,budget,modern,good,Performance Condenser - Scrambler 1200 Scrambler 1200 Triumph  Ignition premium quality weather resistant for better handling,0,2025-08-01T00:00:00,2025-09-11T00:00:00
68d141f0b3fce85d4c560ce1,Premium Tubeless Valve for Streetfighter V4,Streetfighter V4,Ducati,2013.0,,Wheels & Tires,5728.0,long lasting precision engineered for enhanced durability,19.0,4.7,29.0,0,https://example.com/images/tubeless_valve_streetfighter_v4.jpg,68d135833952f7cf7dee9109,68d135833952f7cf7dee910b,Mounika Automobiles,Karimnagar,18.435781,79.132861,premium,vintage,excellent,Premium Tubeless Valve for Streetfighter V4 Streetfighter V4 Ducati  Wheels & Tires long lasting precision engineered for enhanced durability,0,2025-09-10T00:00:00,2025-09-15T00:00:00
68d141f0b3fce85d4c560ce2,Air Box Assembly - Shiver 900,Shiver 900,Aprilia,2015.0,,Fuel System,1772.0,superior impact resistant for optimal efficiency,7.0,3.4,15.0,0,https://example.com/images/air_box_shiver_900.jpg,68d135d63952f7cf7dee911e,68d135d63952f7cf7dee9120,baskar Automobiles,Medak,18.048948,78.269372,mid-range,classic,good,Air Box Assembly - Shiver 900 Shiver 900 Aprilia  Fuel System superior impact resistant for optimal efficiency,0,2025-09-09T00:00:00,2025-07-22T00:00:00
68d141f0b3fce85d4c560ce3,OEM Belly Pan - Scram 411,Scram 411,Royal Enfield,2018.0,,Body Parts,1624.0,industrial grade wear resistant for superior reliability,14.0,3.7,30.0,0,https://example.com/images/belly_pan_scram_411.jpg,68d136193952f7cf7dee9131,68d136193952f7cf7dee9133,Mahesh Automobiles,Khammam,17.249885,80.15615,mid-range,classic,good,OEM Belly Pan - Scram 411 Scram 411 Royal Enfield  Body Parts industrial grade wear resistant for superior reliability,0,2025-07-11T00:00:00,2025-07-21T00:00:00
68d141f0b3fce85d4c560ce4,Racing Dimmer Switch - Roadking,Roadking,Yezdi,2011.0,,Lighting,5132.0,lightweight maintenance free for better fuel economy,1.0,4.6,41.0,0,https://example.com/images/dimmer_switch_roadking.jpg,689d6959045c37933826818b,689d6959045c37933826818d,sai automobiles,RAMNAGAR COLONY PEERZADIGUDA UPPAL HYDERABAD,17.390358,78.606729,mid-range,vintage,excellent,Racing Dimmer Switch - Roadking Roadking Yezdi  Lighting lightweight maintenance free for better fuel economy,0,2025-09-08T00:00:00,2025-07-23T00:00:00
68d141f0b3fce85d4c560ce5,Racing Performance Exhaust - Katana,Katana,Suzuki,2021.0,,Exhaust,17448.0,advanced heat treated for increased power,10.0,4.2,41.0,0,https://example.com/images/performance_exhaust_katana.jpg,68ac2a8e3c73e23c655de052,68ac2a8f3c73e23c655de054,Swathi Automobiles,Chappal Bazar Road - Kachiguda ,17.38953,78.491245,premium,modern,good,Racing Performance Exhaust - Katana Katana Suzuki  Exhaust advanced heat treated for increased power,0,2025-07-30T00:00:00,2025-07-18T00:00:00
68d141f0b3fce85d4c560ce6,Genuine Oil Cooler - Scrambler 1200,Scrambler 1200,Triumph,2012.0,,Cooling System,6386.0,high performance corrosion resistant for maximum protection,19.0,4.2,26.0,0,https://example.com/images/oil_cooler_scrambler_1200.jpg,68d0c47d09554c358655174b,68d0c47e09554c358655174d,Tarun Automobiles,,17.423605,78.546314,premium,vintage,good,Genuine Oil Cooler - Scrambler 1200 Scrambler 1200 Triumph  Cooling System high performance corrosion resistant for maximum protection,0,2025-07-21T00:00:00,2025-08-23T00:00:00
68d141f0b3fce85d4c560ce7,Heavy Duty Fuel Tank - Panigale 959,Panigale 959,Ducati,2020.0,,Body Parts,2606.0,advanced chemical resistant for increased power,7.0,4.6,39.0,0,https://example.com/images/fuel_tank_panigale_959.jpg,68d133bf3952f7cf7dee90b7,68d133bf3952f7cf7dee90b9,Jyothi Automobiles,Hyderabad,17.511409,78.350972,mid-range,modern,excellent,Heavy Duty Fuel Tank - Panigale 959 Panigale 959 Ducati  Body Parts advanced chemical resistant for increased power,0,2025-07-14T00:00:00,2025-09-03T00:00:00
68d141f0b3fce85d4c560ce8,Genuine Reserve Tank - TNT 135,TNT 135,Benelli,2018.0,,Fuel System,7799.0,high performance heat treated for reduced maintenance,4.0,4.0,32.0,0,https://example.com/images/reserve_tank_tnt_135.jpg,68d1346c3952f7cf7dee90d0,68d1346c3952f7cf7dee90d2,Kalyan Automobiles,Bala Nagar,17.475679,78.447328,premium,classic,good,Genuine Reserve Tank - TNT 135 TNT 135 Benelli  Fuel System high performance heat treated for reduced maintenance,0,2025-09-11T00:00:00,2025-08-12T00:00:00
68d141f0b3fce85d4c560ce9,Premium Breather Filter for Chieftain,Chieftain,Indian,2017.0,,Filters,760.0,street performance weather resistant for better control,3.0,3.8,23.0,0,https://example.com/images/breather_filter_chieftain.jpg,68d134ac3952f7cf7dee90e3,68d134ac3952f7cf7dee90e5,Shiva sai Automobiles,Mahabubabad,17.594209,80.006903,budget,classic,good,Premium Breather Filter for Chieftain Chieftain Indian  Filters street performance weather resistant for better control,0,2025-09-04T00:00:00,2025-09-06T00:00:00
68d141f0b3fce85d4c560cea,Premium Oil Filter for CBR250R,CBR250R,Honda,2021.0,,Filters,1467.0,street performance weather resistant for improved performance,28.0,4.8,6.0,0,https://example.com/images/oil_filter_cbr250r.jpg,68d135063952f7cf7dee90f6,68d135063952f7cf7dee90f8,Manoj Automobiles,Dilshknagar,17.367642,78.534282,mid-range,modern,excellent,Premium Oil Filter for CBR250R CBR250R Honda  Filters street performance weather resistant for improved performance,0,2025-07-11T00:00:00,2025-08-11T00:00:00
68d141f0b3fce85d4c560ceb,Performance Wind Screen - Scooty Pep Plus,Scooty Pep Plus,Tvs,2024.0,,Body Parts,7511.0,racing quality high strength for improved comfort,15.0,4.3,38.0,0,https://example.com/images/wind_screen_scooty_pep_plus.jpg,68d135833952f7cf7dee9109,68d135833952f7cf7dee910b,Mounika Automobiles,Karimnagar,18.435781,79.132861,premium,modern,good,Performance Wind Screen - Scooty Pep Plus Scooty Pep Plus Tvs  Body Parts racing quality high strength for improved comfort,0,2025-07-26T00:00:00,2025-07-28T00:00:00
68d141f0b3fce85d4c560cec,Racing Voltage Regulator - Chieftain,Chieftain,Indian,2019.0,,Electrical,5766.0,lightweight high strength for optimal efficiency,9.0,3.3,6.0,0,https://example.com/images/voltage_regulator_chieftain.jpg,68d135d63952f7cf7dee911e,68d135d63952f7cf7dee9120,baskar Automobiles,Medak,18.048948,78.269372,premium,classic,good,Racing Voltage Regulator - Chieftain Chieftain Indian  Electrical lightweight high strength for optimal efficiency,0,2025-09-04T00:00:00,2025-07-13T00:00:00
68d141f0b3fce85d4c560ced,Racing Pickup Coil - Imperiale 400,Imperiale 400,Benelli,2015.0,,Ignition,484.0,industrial grade eco friendly for enhanced safety,8.0,4.0,33.0,0,https://example.com/images/pickup_coil_imperiale_400.jpg,68d136193952f7cf7dee9131,68d136193952f7cf7dee9133,Mahesh Automobiles,Khammam,17.249885,80.15615,budget,classic,good,Racing Pickup Coil - Imperiale 400 Imperiale 400 Benelli  Ignition industrial grade eco friendly for enhanced safety,0,2025-07-12T00:00:00,2025-09-02T00:00:00
68d141f0b3fce85d4c560cee,Racing Gear Oil - Ninja ZX-10R,Ninja ZX-10R,Kawasaki,2021.0,,Maintenance,455.0,long lasting wear resistant for increased power,21.0,3.5,40.0,0,https://example.com/images/gear_oil_ninja_zx_10r.jpg,689d6959045c37933826818b,689d6959045c37933826818d,sai automobiles,RAMNAGAR COLONY PEERZADIGUDA UPPAL HYDERABAD,17.390358,78.606729,budget,modern,good,Racing Gear Oil - Ninja ZX-10R Ninja ZX-10R Kawasaki  Maintenance long lasting wear resistant for increased power,0,2025-07-16T00:00:00,2025-08-05T00:00:00
68d141f0b3fce85d4c560cef,Genuine Battery Box - Classic 500,Classic 500,Royal Enfield,2013.0,,Body Parts,5866.0,advanced long lasting for increased power,17.0,4.7,42.0,0,https://example.com/images/battery_box_classic_500.jpg,68ac2a8e3c73e23c655de052,68ac2a8f3c73e23c655de054,Swathi Automobiles,Chappal Bazar Road - Kachiguda ,17.38953,78.491245,premium,vintage,excellent,Genuine Battery Box - Classic 500 Classic 500 Royal Enfield  Body Parts advanced long lasting for increased power,0,2025-08-10T00:00:00,2025-07-24T00:00:00
68d141f0b3fce85d4c560cf0,Premium Variator for CL2,CL2,Yezdi,2021.0,,Drivetrain,7342.0,industrial grade vibration dampening for better handling,29.0,4.6,24.0,0,https://example.com/images/variator_cl2.jpg,68d0c47d09554c358655174b,68d0c47e09554c358655174d,Tarun Automobiles,,17.423605,78.546314,premium,modern,excellent,Premium Variator for CL2 CL2 Yezdi  Drivetrain industrial grade vibration dampening for better handling,0,2025-09-04T00:00:00,2025-08-08T00:00:00
68d141f0b3fce85d4c560cf1,Heavy Duty End Cap - 42,42,Jawa,2025.0,,Exhaust,9659.0,high performance noise reducing for improved comfort,16.0,5.0,37.0,0,https://example.com/images/end_cap_42.jpg,68d133bf3952f7cf7dee90b7,68d133bf3952f7cf7dee90b9,Jyothi Automobiles,Hyderabad,17.511409,78.350972,premium,modern,excellent,Heavy Duty End Cap - 42 42 Jawa  Exhaust high performance noise reducing for improved comfort,0,2025-09-15T00:00:00,2025-09-19T00:00:00
68d141f0b3fce85d4c560cf2,Genuine Muffler - R 1250 GS,R 1250 GS,Bmw,2012.0,,Exhaust,3812.0,industrial grade weather resistant for maximum protection,30.0,4.7,34.0,0,https://example.com/images/muffler_r_1250_gs.jpg,68d1346c3952f7cf7dee90d0,68d1346c3952f7cf7dee90d2,Kalyan Automobiles,Bala Nagar,17.475679,78.447328,mid-range,vintage,excellent,Genuine Muffler - R 1250 GS R 1250 GS Bmw  Exhaust industrial grade weather resistant for maximum protection,0,2025-09-04T00:00:00,2025-08-07T00:00:00
68d141f0b3fce85d4c560cf3,Racing Timing Belt - Avenger 220,Avenger 220,Bajaj,2016.0,,Engine,4070.0,racing quality impact resistant for enhanced durability,27.0,4.5,4.0,0,https://example.com/images/timing_belt_avenger_220.jpg,68d134ac3952f7cf7dee90e3,68d134ac3952f7cf7dee90e5,Shiva sai Automobiles,Mahabubabad,17.594209,80.006903,mid-range,classic,excellent,Racing Timing Belt - Avenger 220 Avenger 220 Bajaj  Engine racing quality impact resistant for enhanced durability,0,2025-07-28T00:00:00,2025-07-26T00:00:00
68d141f0b3fce85d4c560cf4,Performance Torque Converter - BN 125,BN 125,Benelli,2014.0,,Drivetrain,4892.0,durable temperature stable for reduced maintenance,27.0,4.0,23.0,0,https://example.com/images/torque_converter_bn_125.jpg,68d135063952f7cf7dee90f6,68d135063952f7cf7dee90f8,Manoj Automobiles,Dilshknagar,17.367642,78.534282,mid-range,vintage,good,Performance Torque Converter - BN 125 BN 125 Benelli  Drivetrain durable temperature stable for reduced maintenance,0,2025-07-12T00:00:00,2025-08-08T00:00:00
68d141f0b3fce85d4c560cf5,CB300R Chain,CB300R,Honda,2021.0,,Drivetrain,1111.0,advanced corrosion resistant for enhanced stability,26.0,4.4,39.0,0,https://example.com/images/chain_cb300r.jpg,68d135833952f7cf7dee9109,68d135833952f7cf7dee910b,Mounika Automobiles,Karimnagar,18.435781,79.132861,mid-range,modern,good,CB300R Chain CB300R Honda  Drivetrain advanced corrosion resistant for enhanced stability,0,2025-09-01T00:00:00,2025-08-07T00:00:00
68d141f0b3fce85d4c560cf6,Silencer - Apache RTR 160,Apache RTR 160,Tvs,2022.0,,Exhaust,5590.0,industrial grade heat treated for maximum protection,27.0,4.9,35.0,0,https://example.com/images/silencer_apache_rtr_160.jpg,68d135d63952f7cf7dee911e,68d135d63952f7cf7dee9120,baskar Automobiles,Medak,18.048948,78.269372,mid-range,modern,excellent,Silencer - Apache RTR 160 Apache RTR 160 Tvs  Exhaust industrial grade heat treated for maximum protection,0,2025-07-15T00:00:00,2025-09-08T00:00:00
68d141f0b3fce85d4c560cf7,Racing Light Switch - Flyte,Flyte,Mahindra,2011.0,,Lighting,4772.0,racing quality fuel efficient for enhanced durability,25.0,3.2,48.0,0,https://example.com/images/light_switch_flyte.jpg,68d136193952f7cf7dee9131,68d136193952f7cf7dee9133,Mahesh Automobiles,Khammam,17.249885,80.15615,mid-range,vintage,good,Racing Light Switch - Flyte Flyte Mahindra  Lighting racing quality fuel efficient for enhanced durability,0,2025-07-08T00:00:00,2025-07-20T00:00:00
68d141f0b3fce85d4c560cf8,Racing Full System Exhaust - Monster 821,Monster 821,Ducati,2024.0,,Exhaust,7337.0,high performance wear resistant for enhanced stability,25.0,4.4,3.0,0,https://example.com/images/full_system_exhaust_monster_821.jpg,689d6959045c37933826818b,689d6959045c37933826818d,sai automobiles,RAMNAGAR COLONY PEERZADIGUDA UPPAL HYDERABAD,17.390358,78.606729,premium,modern,good,Racing Full System Exhaust - Monster 821 Monster 821 Ducati  Exhaust high performance wear resistant for enhanced stability,0,2025-08-10T00:00:00,2025-07-26T00:00:00
68d141f0b3fce85d4c560cf9,Wheel Lock Assembly - Ray ZR,Ray ZR,Yamaha,2021.0,,Wheels & Tires,11514.0,oem quality precision engineered for better fuel economy,3.0,3.4,39.0,0,https://example.com/images/wheel_lock_ray_zr.jpg,68ac2a8e3c73e23c655de052,68ac2a8f3c73e23c655de054,Swathi Automobiles,Chappal Bazar Road - Kachiguda ,17.38953,78.491245,premium,modern,good,Wheel Lock Assembly - Ray ZR Ray ZR Yamaha  Wheels & Tires oem quality precision engineered for better fuel economy,0,2025-07-06T00:00:00,2025-07-23T00:00:00
68d141f0b3fce85d4c560cfa,Racing Velocity Stack - Rodeo RZ,Rodeo RZ,Mahindra,2025.0,,Fuel System,4320.0,long lasting corrosion resistant for improved comfort,27.0,4.3,24.0,0,https://example.com/images/velocity_stack_rodeo_rz.jpg,68d0c47d09554c358655174b,68d0c47e09554c358655174d,Tarun Automobiles,,17.423605,78.546314,mid-range,modern,good,Racing Velocity Stack - Rodeo RZ Rodeo RZ Mahindra  Fuel System long lasting corrosion resistant for improved comfort,0,2025-08-20T00:00:00,2025-09-12T00:00:00
68d141f0b3fce85d4c560cfb,Bajaj Paper Filter for Chetak Electric,Chetak Electric,Bajaj,2018.0,,Filters,738.0,high performance weather resistant for enhanced stability,29.0,4.6,32.0,0,https://example.com/images/paper_filter_chetak_electric.jpg,68d133bf3952f7cf7dee90b7,68d133bf3952f7cf7dee90b9,Jyothi Automobiles,Hyderabad,17.511409,78.350972,budget,classic,excellent,Bajaj Paper Filter for Chetak Electric Chetak Electric Bajaj  Filters high performance weather resistant for enhanced stability,0,2025-08-27T00:00:00,2025-07-26T00:00:00
68d141f0b3fce85d4c560cfc,Heavy Duty First Aid Kit - Street Twin,Street Twin,Triumph,2010.0,,Accessories,3205.0,premium quality chemical resistant for better fuel economy,12.0,4.9,48.0,0,https://example.com/images/first_aid_kit_street_twin.jpg,68d1346c3952f7cf7dee90d0,68d1346c3952f7cf7dee90d2,Kalyan Automobiles,Bala Nagar,17.475679,78.447328,mid-range,vintage,excellent,Heavy Duty First Aid Kit - Street Twin Street Twin Triumph  Accessories premium quality chemical resistant for better fuel economy,0,2025-08-30T00:00:00,2025-07-18T00:00:00
68d141f0b3fce85d4c560cfd,Input Shaft - YZF-R3,YZF-R3,Yamaha,2023.0,,Transmission,10391.0,high performance temperature stable for enhanced safety,22.0,4.4,38.0,0,https://example.com/images/input_shaft_yzf_r3.jpg,68d134ac3952f7cf7dee90e3,68d134ac3952f7cf7dee90e5,Shiva sai Automobiles,Mahabubabad,17.594209,80.006903,premium,modern,good,Input Shaft - YZF-R3 YZF-R3 Yamaha  Transmission high performance temperature stable for enhanced safety,0,2025-07-17T00:00:00,2025-09-07T00:00:00
68d141f0b3fce85d4c560cfe,Versys-X 300 Safety Flag,Versys-X 300,Kawasaki,2019.0,,Safety,1257.0,racing quality high strength for improved comfort,9.0,4.3,28.0,0,https://example.com/images/safety_flag_versys_x_300.jpg,68d135063952f7cf7dee90f6,68d135063952f7cf7dee90f8,Manoj Automobiles,Dilshknagar,17.367642,78.534282,mid-range,classic,good,Versys-X 300 Safety Flag Versys-X 300 Kawasaki  Safety racing quality high strength for improved comfort,0,2025-08-27T00:00:00,2025-07-25T00:00:00
68d141f0b3fce85d4c560cff,Pulsar RS200 Helmet Lock,Pulsar RS200,Bajaj,2019.0,,Accessories,1606.0,industrial grade temperature stable for better control,3.0,3.8,33.0,0,https://example.com/images/helmet_lock_pulsar_rs200.jpg,68d135833952f7cf7dee9109,68d135833952f7cf7dee910b,Mounika Automobiles,Karimnagar,18.435781,79.132861,mid-range,classic,good,Pulsar RS200 Helmet Lock Pulsar RS200 Bajaj  Accessories industrial grade temperature stable for better control,0,2025-09-11T00:00:00,2025-08-15T00:00:00
68d141f0b3fce85d4c560d00,Heavy Duty Front Shock Absorber - Mojo,Mojo,Mahindra,2020.0,,Suspension,12941.0,racing quality heat treated for better fuel economy,28.0,4.1,9.0,0,https://example.com/images/front_shock_absorber_mojo.jpg,68d135d63952f7cf7dee911e,68d135d63952f7cf7dee9120,baskar Automobiles,Medak,18.048948,78.269372,premium,modern,good,Heavy Duty Front Shock Absorber - Mojo Mojo Mahindra  Suspension racing quality heat treated for better fuel economy,0,2025-07-06T00:00:00,2025-09-11T00:00:00
68d141f0b3fce85d4c560d01,Performance Fan Shroud - Electra,Electra,Royal Enfield,2020.0,,Cooling System,8606.0,heavy duty maintenance free for improved comfort,6.0,4.6,19.0,0,https://example.com/images/fan_shroud_electra.jpg,68d136193952f7cf7dee9131,68d136193952f7cf7dee9133,Mahesh Automobiles,Khammam,17.249885,80.15615,premium,modern,excellent,Performance Fan Shroud - Electra Electra Royal Enfield  Cooling System heavy duty maintenance free for improved comfort,0,2025-07-22T00:00:00,2025-07-16T00:00:00
68d141f0b3fce85d4c560d02,Hero Gear Shift Lever for Xpulse 200,Xpulse 200,Hero,2024.0,,Transmission,1364.0,racing quality maintenance free for optimal efficiency,1.0,3.3,47.0,0,https://example.com/images/gear_shift_lever_xpulse_200.jpg,689d6959045c37933826818b,689d6959045c37933826818d,sai automobiles,RAMNAGAR COLONY PEERZADIGUDA UPPAL HYDERABAD,17.390358,78.606729,mid-range,modern,good,Hero Gear Shift Lever for Xpulse 200 Xpulse 200 Hero  Transmission racing quality maintenance free for optimal efficiency,0,2025-07-01T00:00:00,2025-08-15T00:00:00
68d141f0b3fce85d4c560d03,Ground Wire - G 310 R,G 310 R,Bmw,2019.0,,Electrical,2557.0,industrial grade heat treated for improved performance,8.0,5.0,33.0,0,https://example.com/images/ground_wire_g_310_r.jpg,68ac2a8e3c73e23c655de052,68ac2a8f3c73e23c655de054,Swathi Automobiles,Chappal Bazar Road - Kachiguda ,17.38953,78.491245,mid-range,classic,excellent,Ground Wire - G 310 R G 310 R Bmw  Electrical industrial grade heat treated for improved performance,0,2025-07-22T00:00:00,2025-09-09T00:00:00
68d141f0b3fce85d4c560d04,Genuine Crash Guard - RSV4,RSV4,Aprilia,2013.0,,Accessories,4537.0,lightweight wear resistant for optimal efficiency,17.0,4.7,7.0,0,https://example.com/images/crash_guard_rsv4.jpg,68d0c47d09554c358655174b,68d0c47e09554c358655174d,Tarun Automobiles,,17.423605,78.546314,mid-range,vintage,excellent,Genuine Crash Guard - RSV4 RSV4 Aprilia  Accessories lightweight wear resistant for optimal efficiency,0,2025-09-14T00:00:00,2025-09-11T00:00:00
68d141f0b3fce85d4c560d05,Heavy Duty Protective Pants - Classic 350,Classic 350,Royal Enfield,2010.0,,Safety,935.0,lightweight noise reducing for better handling,19.0,3.4,39.0,0,https://example.com/images/protective_pants_classic_350.jpg,68d133bf3952f7cf7dee90b7,68d133bf3952f7cf7dee90b9,Jyothi Automobiles,Hyderabad,17.511409,78.350972,mid-range,vintage,good,Heavy Duty Protective Pants - Classic 350 Classic 350 Royal Enfield  Safety lightweight noise reducing for better handling,0,2025-07-29T00:00:00,2025-08-20T00:00:00
68d141f0b3fce85d4c560d06,Performance Piston Kit - CL2,CL2,Yezdi,2023.0,,Engine,4700.0,enhanced maintenance free for longer life,2.0,4.5,16.0,0,https://example.com/images/piston_kit_cl2.jpg,68d1346c3952f7cf7dee90d0,68d1346c3952f7cf7dee90d2,Kalyan Automobiles,Bala Nagar,17.475679,78.447328,mid-range,modern,excellent,Performance Piston Kit - CL2 CL2 Yezdi  Engine enhanced maintenance free for longer life,0,2025-09-15T00:00:00,2025-08-12T00:00:00
68d141f0b3fce85d4c560d07,Racing Thermostat - SuperSport,SuperSport,Ducati,2023.0,,Cooling System,3932.0,heavy duty precision engineered for enhanced safety,28.0,3.8,44.0,0,https://example.com/images/thermostat_supersport.jpg,68d134ac3952f7cf7dee90e3,68d134ac3952f7cf7dee90e5,Shiva sai Automobiles,Mahabubabad,17.594209,80.006903,mid-range,modern,good,Racing Thermostat - SuperSport SuperSport Ducati  Cooling System heavy duty precision engineered for enhanced safety,0,2025-08-05T00:00:00,2025-07-01T00:00:00
68d141f0b3fce85d4c560d08,Genuine Shift Fork - Panigale V4,Panigale V4,Ducati,2015.0,,Transmission,7100.0,premium quality chemical resistant for better fuel economy,12.0,4.6,11.0,0,https://example.com/images/shift_fork_panigale_v4.jpg,68d135063952f7cf7dee90f6,68d135063952f7cf7dee90f8,Manoj Automobiles,Dilshknagar,17.367642,78.534282,premium,classic,excellent,Genuine Shift Fork - Panigale V4 Panigale V4 Ducati  Transmission premium quality chemical resistant for better fuel economy,0,2025-09-12T00:00:00,2025-09-12T00:00:00
68d141f0b3fce85d4c560d09,OEM Transmission Case - Hunter 350,Hunter 350,Royal Enfield,2011.0,,Transmission,9186.0,long lasting fuel efficient for better handling,17.0,4.6,30.0,0,https://example.com/images/transmission_case_hunter_350.jpg,68d135833952f7cf7dee9109,68d135833952f7cf7dee910b,Mounika Automobiles,Karimnagar,18.435781,79.132861,premium,vintage,excellent,OEM Transmission Case - Hunter 350 Hunter 350 Royal Enfield  Transmission long lasting fuel efficient for better handling,0,2025-08-30T00:00:00,2025-09-02T00:00:00
68d141f0b3fce85d4c560d0a,Ducati Rear Spring for Monster,Monster,Ducati,2018.0,,Suspension,15741.0,lightweight precision engineered for increased power,24.0,3.7,48.0,0,https://example.com/images/rear_spring_monster.jpg,68d135d63952f7cf7dee911e,68d135d63952f7cf7dee9120,baskar Automobiles,Medak,18.048948,78.269372,premium,classic,good,Ducati Rear Spring for Monster Monster Ducati  Suspension lightweight precision engineered for increased power,0,2025-08-25T00:00:00,2025-07-23T00:00:00
68d141f0b3fce85d4c560d0b,Performance K&N Filter - Apache RTR 180,Apache RTR 180,Tvs,2024.0,,Filters,139.0,industrial grade long lasting for better handling,21.0,4.8,27.0,0,https://example.com/images/k&n_filter_apache_rtr_180.jpg,68d136193952f7cf7dee9131,68d136193952f7cf7dee9133,Mahesh Automobiles,Khammam,17.249885,80.15615,budget,modern,excellent,Performance K&N Filter - Apache RTR 180 Apache RTR 180 Tvs  Filters industrial grade long lasting for better handling,0,2025-08-27T00:00:00,2025-09-17T00:00:00
68d141f0b3fce85d4c560d0c,Ducati Carburetor for Scrambler,Scrambler,Ducati,2021.0,,Fuel System,7096.0,lightweight long lasting for longer life,16.0,4.5,16.0,0,https://example.com/images/carburetor_scrambler.jpg,689d6959045c37933826818b,689d6959045c37933826818d,sai automobiles,RAMNAGAR COLONY PEERZADIGUDA UPPAL HYDERABAD,17.390358,78.606729,premium,modern,excellent,Ducati Carburetor for Scrambler Scrambler Ducati  Fuel System lightweight long lasting for longer life,0,2025-09-07T00:00:00,2025-09-06T00:00:00
68d141f0b3fce85d4c560d0d,Racing CVT Kit - Pulsar 220,Pulsar 220,Bajaj,2020.0,,Drivetrain,774.0,racing quality fuel efficient for enhanced stability,23.0,4.1,0.0,0,https://example.com/images/cvt_kit_pulsar_220.jpg,68ac2a8e3c73e23c655de052,68ac2a8f3c73e23c655de054,Swathi Automobiles,Chappal Bazar Road - Kachiguda ,17.38953,78.491245,budget,modern,good,Racing CVT Kit - Pulsar 220 Pulsar 220 Bajaj  Drivetrain racing quality fuel efficient for enhanced stability,0,2025-07-06T00:00:00,2025-08-08T00:00:00
68d141f0b3fce85d4c560d0e,TNT 600i Contact Cleaner,TNT 600i,Benelli,2017.0,,Maintenance,405.0,professional grade noise reducing for improved comfort,6.0,3.4,7.0,0,https://example.com/images/contact_cleaner_tnt_600i.jpg,68d0c47d09554c358655174b,68d0c47e09554c358655174d,Tarun Automobiles,,17.423605,78.546314,budget,classic,good,TNT 600i Contact Cleaner TNT 600i Benelli  Maintenance professional grade noise reducing for improved comfort,0,2025-08-13T00:00:00,2025-08-07T00:00:00
68d141f0b3fce85d4c560d0f,Ignition Coil Assembly - Panigale V2,Panigale V2,Ducati,2013.0,,Ignition,277.0,racing quality noise reducing for enhanced durability,6.0,4.2,13.0,0,https://example.com/images/ignition_coil_panigale_v2.jpg,68d133bf3952f7cf7dee90b7,68d133bf3952f7cf7dee90b9,Jyothi Automobiles,Hyderabad,17.511409,78.350972,budget,vintage,good,Ignition Coil Assembly - Panigale V2 Panigale V2 Ducati  Ignition racing quality noise reducing for enhanced durability,0,2025-07-25T00:00:00,2025-07-17T00:00:00
68d141f0b3fce85d4c560d10,Performance Polish - Roadmaster,Roadmaster,Indian,2012.0,,Maintenance,405.0,lightweight corrosion resistant for better control,15.0,3.3,28.0,0,https://example.com/images/polish_roadmaster.jpg,68d1346c3952f7cf7dee90d0,68d1346c3952f7cf7dee90d2,Kalyan Automobiles,Bala Nagar,17.475679,78.447328,budget,vintage,good,Performance Polish - Roadmaster Roadmaster Indian  Maintenance lightweight corrosion resistant for better control,0,2025-08-03T00:00:00,2025-07-08T00:00:00
68d141f0b3fce85d4c560d11,Genuine Timing Belt - Pulsar NS160,Pulsar NS160,Bajaj,2024.0,,Engine,8187.0,street performance impact resistant for reduced maintenance,26.0,5.0,46.0,0,https://example.com/images/timing_belt_pulsar_ns160.jpg,68d134ac3952f7cf7dee90e3,68d134ac3952f7cf7dee90e5,Shiva sai Automobiles,Mahabubabad,17.594209,80.006903,premium,modern,excellent,Genuine Timing Belt - Pulsar NS160 Pulsar NS160 Bajaj  Engine street performance impact resistant for reduced maintenance,0,2025-08-15T00:00:00,2025-08-18T00:00:00
68d141f0b3fce85d4c560d12,Genuine Ignition Coil - Storm 125,Storm 125,Aprilia,2011.0,,Ignition,1125.0,heavy duty wear resistant for better control,22.0,3.5,11.0,0,https://example.com/images/ignition_coil_storm_125.jpg,68d135063952f7cf7dee90f6,68d135063952f7cf7dee90f8,Manoj Automobiles,Dilshknagar,17.367642,78.534282,mid-range,vintage,good,Genuine Ignition Coil - Storm 125 Storm 125 Aprilia  Ignition heavy duty wear resistant for better control,0,2025-07-11T00:00:00,2025-08-06T00:00:00
68d141f0b3fce85d4c560d13,OEM Input Shaft - Pulsar 150,Pulsar 150,Bajaj,2014.0,,Transmission,1322.0,lightweight impact resistant for enhanced durability,30.0,3.5,30.0,0,https://example.com/images/input_shaft_pulsar_150.jpg,68d135833952f7cf7dee9109,68d135833952f7cf7dee910b,Mounika Automobiles,Karimnagar,18.435781,79.132861,mid-range,vintage,good,OEM Input Shaft - Pulsar 150 Pulsar 150 Bajaj  Transmission lightweight impact resistant for enhanced durability,0,2025-09-13T00:00:00,2025-08-03T00:00:00
68d141f0b3fce85d4c560d14,Performance Carburetor - Street 750,Street 750,Harley-Davidson,2025.0,,Fuel System,7405.0,high performance maintenance free for better fuel economy,1.0,3.7,19.0,0,https://example.com/images/carburetor_street_750.jpg,68d135d63952f7cf7dee911e,68d135d63952f7cf7dee9120,baskar Automobiles,Medak,18.048948,78.269372,premium,modern,good,Performance Carburetor - Street 750 Street 750 Harley-Davidson  Fuel System high performance maintenance free for better fuel economy,0,2025-09-11T00:00:00,2025-07-03T00:00:00
68d141f0b3fce85d4c560d15,Tire Pressure Sensor Assembly - Duke 200,Duke 200,Ktm,2023.0,,Wheels & Tires,7122.0,street performance maintenance free for enhanced stability,22.0,4.3,29.0,0,https://example.com/images/tire_pressure_sensor_duke_200.jpg,68d136193952f7cf7dee9131,68d136193952f7cf7dee9133,Mahesh Automobiles,Khammam,17.249885,80.15615,premium,modern,good,Tire Pressure Sensor Assembly - Duke 200 Duke 200 Ktm  Wheels & Tires street performance maintenance free for enhanced stability,0,2025-09-14T00:00:00,2025-08-26T00:00:00
68d141f0b3fce85d4c560d16,Performance Side Box - Karizma XMR,Karizma XMR,Hero,2023.0,,Accessories,4950.0,superior maintenance free for longer life,6.0,5.0,40.0,0,https://example.com/images/side_box_karizma_xmr.jpg,689d6959045c37933826818b,689d6959045c37933826818d,sai automobiles,RAMNAGAR COLONY PEERZADIGUDA UPPAL HYDERABAD,17.390358,78.606729,mid-range,modern,excellent,Performance Side Box - Karizma XMR Karizma XMR Hero  Accessories superior maintenance free for longer life,0,2025-08-18T00:00:00,2025-08-10T00:00:00
68d141f0b3fce85d4c560d17,Heavy Duty Hydraulic Filter - Street 750,Street 750,Harley-Davidson,2014.0,,Filters,198.0,long lasting chemical resistant for longer life,24.0,4.7,12.0,0,https://example.com/images/hydraulic_filter_street_750.jpg,68ac2a8e3c73e23c655de052,68ac2a8f3c73e23c655de054,Swathi Automobiles,Chappal Bazar Road - Kachiguda ,17.38953,78.491245,budget,vintage,excellent,Heavy Duty Hydraulic Filter - Street 750 Street 750 Harley-Davidson  Filters long lasting chemical resistant for longer life,0,2025-08-17T00:00:00,2025-08-10T00:00:00
68d141f0b3fce85d4c560d18,Baffle Assembly - Dorsoduro 900,Dorsoduro 900,Aprilia,2021.0,,Exhaust,4273.0,superior corrosion resistant for maximum protection,23.0,3.8,28.0,0,https://example.com/images/baffle_dorsoduro_900.jpg,68d0c47d09554c358655174b,68d0c47e09554c358655174d,Tarun Automobiles,,17.423605,78.546314,mid-range,modern,good,Baffle Assembly - Dorsoduro 900 Dorsoduro 900 Aprilia  Exhaust superior corrosion resistant for maximum protection,0,2025-07-16T00:00:00,2025-08-12T00:00:00
68d141f0b3fce85d4c560d19,Monster 821 Distributor,Monster 821,Ducati,2019.0,,Ignition,678.0,racing quality corrosion resistant for optimal efficiency,7.0,4.3,22.0,0,https://example.com/images/distributor_monster_821.jpg,68d133bf3952f7cf7dee90b7,68d133bf3952f7cf7dee90b9,Jyothi Automobiles,Hyderabad,17.511409,78.350972,budget,classic,good,Monster 821 Distributor Monster 821 Ducati  Ignition racing quality corrosion resistant for optimal efficiency,0,2025-08-05T00:00:00,2025-07-07T00:00:00
68d141f0b3fce85d4c560d1a,OEM Fork Oil Seal - Caponord 1200,Caponord 1200,Aprilia,2024.0,,Suspension,3017.0,long lasting noise reducing for longer life,8.0,3.8,9.0,0,https://example.com/images/fork_oil_seal_caponord_1200.jpg,68d1346c3952f7cf7dee90d0,68d1346c3952f7cf7dee90d2,Kalyan Automobiles,Bala Nagar,17.475679,78.447328,mid-range,modern,good,OEM Fork Oil Seal - Caponord 1200 Caponord 1200 Aprilia  Suspension long lasting noise reducing for longer life,0,2025-07-26T00:00:00,2025-08-20T00:00:00
68d141f0b3fce85d4c560d1b,Engine Gasket Set Assembly - Imperiale 400,Imperiale 400,Benelli,2012.0,,Engine,2273.0,lightweight impact resistant for superior reliability,9.0,3.8,6.0,0,https://example.com/images/engine_gasket_set_imperiale_400.jpg,68d134ac3952f7cf7dee90e3,68d134ac3952f7cf7dee90e5,Shiva sai Automobiles,Mahabubabad,17.594209,80.006903,mid-range,vintage,good,Engine Gasket Set Assembly - Imperiale 400 Imperiale 400 Benelli  Engine lightweight impact resistant for superior reliability,0,2025-09-15T00:00:00,2025-07-21T00:00:00
68d141f0b3fce85d4c560d1c,Performance Damper - Café Racer,Café Racer,Jawa,2012.0,,Suspension,6406.0,industrial grade chemical resistant for longer life,27.0,4.1,33.0,0,https://example.com/images/damper_café_racer.jpg,68d135063952f7cf7dee90f6,68d135063952f7cf7dee90f8,Manoj Automobiles,Dilshknagar,17.367642,78.534282,premium,vintage,good,Performance Damper - Café Racer Café Racer Jawa  Suspension industrial grade chemical resistant for longer life,0,2025-07-10T00:00:00,2025-09-07T00:00:00
68d141f0b3fce85d4c560d1d,Performance Muffler - TNT 899,TNT 899,Benelli,2013.0,,Exhaust,3310.0,heavy duty maintenance free for reduced maintenance,22.0,3.3,27.0,0,https://example.com/images/muffler_tnt_899.jpg,68d135833952f7cf7dee9109,68d135833952f7cf7dee910b,Mounika Automobiles,Karimnagar,18.435781,79.132861,mid-range,vintage,good,Performance Muffler - TNT 899 TNT 899 Benelli  Exhaust heavy duty maintenance free for reduced maintenance,0,2025-08-29T00:00:00,2025-07-29T00:00:00
68d141f0b3fce85d4c560d1e,Points - Iron 883,Iron 883,Harley-Davidson,2014.0,,Ignition,1826.0,professional grade weather resistant for superior reliability,17.0,4.4,49.0,0,https://example.com/images/points_iron_883.jpg,68d135d63952f7cf7dee911e,68d135d63952f7cf7dee9120,baskar Automobiles,Medak,18.048948,78.269372,mid-range,vintage,good,Points - Iron 883 Iron 883 Harley-Davidson  Ignition professional grade weather resistant for superior reliability,0,2025-08-14T00:00:00,2025-08-08T00:00:00
68d141f0b3fce85d4c560d1f,Performance Safety Cone - GSX-R1000R,GSX-R1000R,Suzuki,2020.0,,Safety,1576.0,industrial grade long lasting for optimal efficiency,10.0,4.1,27.0,0,https://example.com/images/safety_cone_gsx_r1000r.jpg,68d136193952f7cf7dee9131,68d136193952f7cf7dee9133,Mahesh Automobiles,Khammam,17.249885,80.15615,mid-range,modern,good,Performance Safety Cone - GSX-R1000R GSX-R1000R Suzuki  Safety industrial grade long lasting for optimal efficiency,0,2025-07-23T00:00:00,2025-09-07T00:00:00
68d141f0b3fce85d4c560d20,Performance Pressure Plate - Aerox 155,Aerox 155,Yamaha,2018.0,,Transmission,3344.0,long lasting long lasting for smoother operation,4.0,3.9,22.0,0,https://example.com/images/pressure_plate_aerox_155.jpg,689d6959045c37933826818b,689d6959045c37933826818d,sai automobiles,RAMNAGAR COLONY PEERZADIGUDA UPPAL HYDERABAD,17.390358,78.606729,mid-range,classic,good,Performance Pressure Plate - Aerox 155 Aerox 155 Yamaha  Transmission long lasting long lasting for smoother operation,0,2025-07-30T00:00:00,2025-07-13T00:00:00
68d141f0b3fce85d4c560d21,Harley-Davidson Brake Cleaner for Street Glide,Street Glide,Harley-Davidson,2023.0,,Brakes,4781.0,professional grade eco friendly for enhanced stability,3.0,4.3,5.0,0,https://example.com/images/brake_cleaner_street_glide.jpg,68ac2a8e3c73e23c655de052,68ac2a8f3c73e23c655de054,Swathi Automobiles,Chappal Bazar Road - Kachiguda ,17.38953,78.491245,mid-range,modern,good,Harley-Davidson Brake Cleaner for Street Glide Street Glide Harley-Davidson  Brakes professional grade eco friendly for enhanced stability,0,2025-07-04T00:00:00,2025-08-09T00:00:00
68d141f0b3fce85d4c560d22,Genuine Immobilizer - Versys-X 300,Versys-X 300,Kawasaki,2015.0,,Ignition,374.0,durable impact resistant for smoother operation,26.0,3.5,43.0,0,https://example.com/images/immobilizer_versys_x_300.jpg,68d0c47d09554c358655174b,68d0c47e09554c358655174d,Tarun Automobiles,,17.423605,78.546314,budget,classic,good,Genuine Immobilizer - Versys-X 300 Versys-X 300 Kawasaki  Ignition durable impact resistant for smoother operation,0,2025-08-02T00:00:00,2025-09-12T00:00:00
68d141f0b3fce85d4c560d23,Final Drive Oil - Pulsar NS160,Pulsar NS160,Bajaj,2021.0,,Drivetrain,5753.0,enhanced noise reducing for superior reliability,13.0,4.2,36.0,0,https://example.com/images/final_drive_oil_pulsar_ns160.jpg,68d133bf3952f7cf7dee90b7,68d133bf3952f7cf7dee90b9,Jyothi Automobiles,Hyderabad,17.511409,78.350972,premium,modern,good,Final Drive Oil - Pulsar NS160 Pulsar NS160 Bajaj  Drivetrain enhanced noise reducing for superior reliability,0,2025-08-11T00:00:00,2025-07-27T00:00:00
68d141f0b3fce85d4c560d24,Transmission Case - Roadmaster,Roadmaster,Indian,2020.0,,Transmission,7145.0,precision made wear resistant for better control,7.0,4.1,41.0,0,https://example.com/images/transmission_case_roadmaster.jpg,68d1346c3952f7cf7dee90d0,68d1346c3952f7cf7dee90d2,Kalyan Automobiles,Bala Nagar,17.475679,78.447328,premium,modern,good,Transmission Case - Roadmaster Roadmaster Indian  Transmission precision made wear resistant for better control,0,2025-09-07T00:00:00,2025-08-28T00:00:00
68d141f0b3fce85d4c560d25,Premium Starter Relay for 1290 Super Duke R,1290 Super Duke R,Ktm,2011.0,,Ignition,562.0,high performance precision engineered for reduced maintenance,17.0,3.6,37.0,0,https://example.com/images/starter_relay_1290_super_duke_r.jpg,68d134ac3952f7cf7dee90e3,68d134ac3952f7cf7dee90e5,Shiva sai Automobiles,Mahabubabad,17.594209,80.006903,budget,vintage,good,Premium Starter Relay for 1290 Super Duke R 1290 Super Duke R Ktm  Ignition high performance precision engineered for reduced maintenance,0,2025-07-09T00:00:00,2025-07-16T00:00:00
68d141f0b3fce85d4c560d26,Genuine Magnetic Filter - Thruxton RS,Thruxton RS,Triumph,2012.0,,Filters,731.0,precision made wear resistant for enhanced safety,7.0,4.8,3.0,0,https://example.com/images/magnetic_filter_thruxton_rs.jpg,68d135063952f7cf7dee90f6,68d135063952f7cf7dee90f8,Manoj Automobiles,Dilshknagar,17.367642,78.534282,budget,vintage,excellent,Genuine Magnetic Filter - Thruxton RS Thruxton RS Triumph  Filters precision made wear resistant for enhanced safety,0,2025-08-05T00:00:00,2025-08-04T00:00:00
68d141f0b3fce85d4c560d27,Performance Engine Oil - Hypermotard,Hypermotard,Ducati,2018.0,,Maintenance,714.0,lightweight heat treated for improved performance,15.0,4.3,4.0,0,https://example.com/images/engine_oil_hypermotard.jpg,68d135833952f7cf7dee9109,68d135833952f7cf7dee910b,Mounika Automobiles,Karimnagar,18.435781,79.132861,budget,classic,good,Performance Engine Oil - Hypermotard Hypermotard Ducati  Maintenance lightweight heat treated for improved performance,0,2025-09-10T00:00:00,2025-07-15T00:00:00
68d141f0b3fce85d4c560d28,Heavy Duty GPS Mount - Livo,Livo,Honda,2021.0,,Accessories,1712.0,industrial grade noise reducing for better handling,12.0,4.4,38.0,0,https://example.com/images/gps_mount_livo.jpg,68d135d63952f7cf7dee911e,68d135d63952f7cf7dee9120,baskar Automobiles,Medak,18.048948,78.269372,mid-range,modern,good,Heavy Duty GPS Mount - Livo Livo Honda  Accessories industrial grade noise reducing for better handling,0,2025-07-13T00:00:00,2025-08-14T00:00:00
68d141f0b3fce85d4c560d29,Premium Front Shock Absorber for Bobber,Bobber,Jawa,2017.0,,Suspension,9346.0,superior chemical resistant for reduced maintenance,20.0,4.4,25.0,0,https://example.com/images/front_shock_absorber_bobber.jpg,68d136193952f7cf7dee9131,68d136193952f7cf7dee9133,Mahesh Automobiles,Khammam,17.249885,80.15615,premium,classic,good,Premium Front Shock Absorber for Bobber Bobber Jawa  Suspension superior chemical resistant for reduced maintenance,0,2025-09-08T00:00:00,2025-08-21T00:00:00
68d141f0b3fce85d4c560d2a,TVS Fuel Rail for Phoenix 125,Phoenix 125,Tvs,2010.0,,Fuel System,926.0,enhanced maintenance free for optimal efficiency,25.0,3.5,10.0,0,https://example.com/images/fuel_rail_phoenix_125.jpg,689d6959045c37933826818b,689d6959045c37933826818d,sai automobiles,RAMNAGAR COLONY PEERZADIGUDA UPPAL HYDERABAD,17.390358,78.606729,mid-range,vintage,good,TVS Fuel Rail for Phoenix 125 Phoenix 125 Tvs  Fuel System enhanced maintenance free for optimal efficiency,0,2025-09-02T00:00:00,2025-07-02T00:00:00
68d141f0b3fce85d4c560d2b,Shift Fork - Rocket 3,Rocket 3,Triumph,2011.0,,Transmission,7435.0,premium quality temperature stable for improved performance,28.0,3.5,4.0,0,https://example.com/images/shift_fork_rocket_3.jpg,68ac2a8e3c73e23c655de052,68ac2a8f3c73e23c655de054,Swathi Automobiles,Chappal Bazar Road - Kachiguda ,17.38953,78.491245,premium,vintage,good,Shift Fork - Rocket 3 Rocket 3 Triumph  Transmission premium quality temperature stable for improved performance,0,2025-09-15T00:00:00,2025-07-17T00:00:00
68d141f0b3fce85d4c560d2c,Heavy Duty Rebound Adjuster - C 400 X,C 400 X,Bmw,2011.0,,Suspension,4101.0,industrial grade wear resistant for increased power,25.0,4.6,30.0,0,https://example.com/images/rebound_adjuster_c_400_x.jpg,68d0c47d09554c358655174b,68d0c47e09554c358655174d,Tarun Automobiles,,17.423605,78.546314,mid-range,vintage,excellent,Heavy Duty Rebound Adjuster - C 400 X C 400 X Bmw  Suspension industrial grade wear resistant for increased power,0,2025-07-14T00:00:00,2025-07-26T00:00:00
68d141f0b3fce85d4c560d2d,Genuine Brake Line - Scrambler,Scrambler,Ducati,2023.0,,Brakes,2947.0,durable temperature stable for enhanced stability,25.0,3.3,9.0,0,https://example.com/images/brake_line_scrambler.jpg,68d133bf3952f7cf7dee90b7,68d133bf3952f7cf7dee90b9,Jyothi Automobiles,Hyderabad,17.511409,78.350972,mid-range,modern,good,Genuine Brake Line - Scrambler Scrambler Ducati  Brakes durable temperature stable for enhanced stability,0,2025-07-02T00:00:00,2025-07-30T00:00:00
68d141f0b3fce85d4c560d2e,Exhaust Spring Assembly - S 1000 XR,S 1000 XR,Bmw,2019.0,,Exhaust,10278.0,lightweight precision engineered for optimal efficiency,10.0,3.5,36.0,0,https://example.com/images/exhaust_spring_s_1000_xr.jpg,68d1346c3952f7cf7dee90d0,68d1346c3952f7cf7dee90d2,Kalyan Automobiles,Bala Nagar,17.475679,78.447328,premium,classic,good,Exhaust Spring Assembly - S 1000 XR S 1000 XR Bmw  Exhaust lightweight precision engineered for optimal efficiency,0,2025-08-11T00:00:00,2025-07-10T00:00:00
68d141f1b3fce85d4c560d2f,Premium Transmission Case for W175,W175,Kawasaki,2017.0,,Transmission,9501.0,superior corrosion resistant for optimal efficiency,23.0,3.9,1.0,0,https://example.com/images/transmission_case_w175.jpg,68d134ac3952f7cf7dee90e3,68d134ac3952f7cf7dee90e5,Shiva sai Automobiles,Mahabubabad,17.594209,80.006903,premium,classic,good,Premium Transmission Case for W175 W175 Kawasaki  Transmission superior corrosion resistant for optimal efficiency,0,2025-08-16T00:00:00,2025-09-01T00:00:00
68d141f1b3fce85d4c560d30,OEM Silicone Spray - Classic,Classic,Jawa,2023.0,,Maintenance,395.0,advanced weather resistant for better handling,8.0,3.3,37.0,0,https://example.com/images/silicone_spray_classic.jpg,68d135063952f7cf7dee90f6,68d135063952f7cf7dee90f8,Manoj Automobiles,Dilshknagar,17.367642,78.534282,budget,modern,good,OEM Silicone Spray - Classic Classic Jawa  Maintenance advanced weather resistant for better handling,0,2025-07-05T00:00:00,2025-07-05T00:00:00
68d141f1b3fce85d4c560d31,Genuine Coolant Drain Plug - Challenger,Challenger,Indian,2019.0,,Cooling System,6636.0,durable heat treated for enhanced safety,7.0,4.1,4.0,0,https://example.com/images/coolant_drain_plug_challenger.jpg,68d135833952f7cf7dee9109,68d135833952f7cf7dee910b,Mounika Automobiles,Karimnagar,18.435781,79.132861,premium,classic,good,Genuine Coolant Drain Plug - Challenger Challenger Indian  Cooling System durable heat treated for enhanced safety,0,2025-07-03T00:00:00,2025-09-03T00:00:00
68d141f1b3fce85d4c560d32,Fuel Cock Assembly - Flyte,Flyte,Mahindra,2011.0,,Fuel System,7004.0,industrial grade heat treated for superior reliability,23.0,3.3,22.0,0,https://example.com/images/fuel_cock_flyte.jpg,68d135d63952f7cf7dee911e,68d135d63952f7cf7dee9120,baskar Automobiles,Medak,18.048948,78.269372,premium,vintage,good,Fuel Cock Assembly - Flyte Flyte Mahindra  Fuel System industrial grade heat treated for superior reliability,0,2025-08-13T00:00:00,2025-08-15T00:00:00
68d141f1b3fce85d4c560d33,Dominar 400 Cooling Fan,Dominar 400,Bajaj,2020.0,,Cooling System,5961.0,racing quality corrosion resistant for better fuel economy,20.0,4.7,43.0,0,https://example.com/images/cooling_fan_dominar_400.jpg,68d136193952f7cf7dee9131,68d136193952f7cf7dee9133,Mahesh Automobiles,Khammam,17.249885,80.15615,premium,modern,excellent,Dominar 400 Cooling Fan Dominar 400 Bajaj  Cooling System racing quality corrosion resistant for better fuel economy,0,2025-07-23T00:00:00,2025-07-03T00:00:00
68d141f1b3fce85d4c560d34,Genuine Tank Cover - Avenis,Avenis,Suzuki,2015.0,,Body Parts,4967.0,precision made chemical resistant for reduced maintenance,22.0,3.3,18.0,0,https://example.com/images/tank_cover_avenis.jpg,689d6959045c37933826818b,689d6959045c37933826818d,sai automobiles,RAMNAGAR COLONY PEERZADIGUDA UPPAL HYDERABAD,17.390358,78.606729,mid-range,classic,good,Genuine Tank Cover - Avenis Avenis Suzuki  Body Parts precision made chemical resistant for reduced maintenance,0,2025-07-15T00:00:00,2025-09-01T00:00:00
68d141f1b3fce85d4c560d35,OEM Clutch Basket - TNT 600i,TNT 600i,Benelli,2024.0,,Transmission,5387.0,racing quality impact resistant for better handling,14.0,4.4,7.0,0,https://example.com/images/clutch_basket_tnt_600i.jpg,68ac2a8e3c73e23c655de052,68ac2a8f3c73e23c655de054,Swathi Automobiles,Chappal Bazar Road - Kachiguda ,17.38953,78.491245,mid-range,modern,good,OEM Clutch Basket - TNT 600i TNT 600i Benelli  Transmission racing quality impact resistant for better handling,0,2025-08-06T00:00:00,2025-09-06T00:00:00
68d141f1b3fce85d4c560d36,Heavy Duty Knee Guard - SXR 160,SXR 160,Aprilia,2024.0,,Safety,1953.0,enhanced long lasting for enhanced durability,24.0,4.6,32.0,0,https://example.com/images/knee_guard_sxr_160.jpg,68d0c47d09554c358655174b,68d0c47e09554c358655174d,Tarun Automobiles,,17.423605,78.546314,mid-range,modern,excellent,Heavy Duty Knee Guard - SXR 160 SXR 160 Aprilia  Safety enhanced long lasting for enhanced durability,0,2025-09-04T00:00:00,2025-07-30T00:00:00
68d141f1b3fce85d4c560d37,G 310 GS Water Hose,G 310 GS,Bmw,2019.0,,Cooling System,5083.0,oem quality chemical resistant for enhanced durability,13.0,4.9,22.0,0,https://example.com/images/water_hose_g_310_gs.jpg,68d133bf3952f7cf7dee90b7,68d133bf3952f7cf7dee90b9,Jyothi Automobiles,Hyderabad,17.511409,78.350972,mid-range,classic,excellent,G 310 GS Water Hose G 310 GS Bmw  Cooling System oem quality chemical resistant for enhanced durability,0,2025-07-24T00:00:00,2025-08-08T00:00:00
68d141f1b3fce85d4c560d38,Premium Brake Drum for Karizma XMR,Karizma XMR,Hero,2023.0,,Brakes,3688.0,professional grade fuel efficient for enhanced durability,23.0,4.5,42.0,0,https://example.com/images/brake_drum_karizma_xmr.jpg,68d1346c3952f7cf7dee90d0,68d1346c3952f7cf7dee90d2,Kalyan Automobiles,Bala Nagar,17.475679,78.447328,mid-range,modern,excellent,Premium Brake Drum for Karizma XMR Karizma XMR Hero  Brakes professional grade fuel efficient for enhanced durability,0,2025-08-05T00:00:00,2025-08-01T00:00:00
68d141f1b3fce85d4c560d39,Genuine Starter Relay - Monaco,Monaco,Yezdi,2016.0,,Ignition,179.0,durable wear resistant for reduced maintenance,1.0,4.2,38.0,0,https://example.com/images/starter_relay_monaco.jpg,68d134ac3952f7cf7dee90e3,68d134ac3952f7cf7dee90e5,Shiva sai Automobiles,Mahabubabad,17.594209,80.006903,budget,classic,good,Genuine Starter Relay - Monaco Monaco Yezdi  Ignition durable wear resistant for reduced maintenance,0,2025-07-15T00:00:00,2025-09-06T00:00:00
68d141f1b3fce85d4c560d3a,Genuine Transmission Case - RS 125,RS 125,Aprilia,2023.0,,Transmission,4791.0,professional grade high strength for better handling,24.0,3.7,14.0,0,https://example.com/images/transmission_case_rs_125.jpg,68d135063952f7cf7dee90f6,68d135063952f7cf7dee90f8,Manoj Automobiles,Dilshknagar,17.367642,78.534282,mid-range,modern,good,Genuine Transmission Case - RS 125 RS 125 Aprilia  Transmission professional grade high strength for better handling,0,2025-08-28T00:00:00,2025-07-19T00:00:00
68d141f1b3fce85d4c560d3b,Genuine Power Cable - K 1600 GTL,K 1600 GTL,Bmw,2014.0,,Electrical,5241.0,racing quality high strength for better fuel economy,14.0,3.6,12.0,0,https://example.com/images/power_cable_k_1600_gtl.jpg,68d135833952f7cf7dee9109,68d135833952f7cf7dee910b,Mounika Automobiles,Karimnagar,18.435781,79.132861,mid-range,vintage,good,Genuine Power Cable - K 1600 GTL K 1600 GTL Bmw  Electrical racing quality high strength for better fuel economy,0,2025-08-27T00:00:00,2025-07-06T00:00:00
68d141f1b3fce85d4c560d3c,OEM Protective Pants - Apache RR 310,Apache RR 310,Tvs,2015.0,,Safety,933.0,street performance fuel efficient for increased power,14.0,4.2,22.0,0,https://example.com/images/protective_pants_apache_rr_310.jpg,68d135d63952f7cf7dee911e,68d135d63952f7cf7dee9120,baskar Automobiles,Medak,18.048948,78.269372,mid-range,classic,good,OEM Protective Pants - Apache RR 310 Apache RR 310 Tvs  Safety street performance fuel efficient for increased power,0,2025-07-19T00:00:00,2025-07-05T00:00:00
68d141f1b3fce85d4c560d3d,Premium Fuel Filter for FZ-S,FZ-S,Yamaha,2023.0,,Fuel System,8712.0,heavy duty heat treated for reduced maintenance,19.0,4.8,36.0,0,https://example.com/images/fuel_filter_fz_s.jpg,68d136193952f7cf7dee9131,68d136193952f7cf7dee9133,Mahesh Automobiles,Khammam,17.249885,80.15615,premium,modern,excellent,Premium Fuel Filter for FZ-S FZ-S Yamaha  Fuel System heavy duty heat treated for reduced maintenance,0,2025-08-15T00:00:00,2025-09-20T00:00:00
68d141f1b3fce85d4c560d3e,Genuine Chain Cleaner - F 850 GS,F 850 GS,Bmw,2013.0,,Maintenance,831.0,lightweight eco friendly for enhanced safety,15.0,3.9,40.0,0,https://example.com/images/chain_cleaner_f_850_gs.jpg,689d6959045c37933826818b,689d6959045c37933826818d,sai automobiles,RAMNAGAR COLONY PEERZADIGUDA UPPAL HYDERABAD,17.390358,78.606729,budget,vintage,good,Genuine Chain Cleaner - F 850 GS F 850 GS Bmw  Maintenance lightweight eco friendly for enhanced safety,0,2025-08-30T00:00:00,2025-08-17T00:00:00
68d141f1b3fce85d4c560d3f,Racing Sprocket Cover - Shiver 900,Shiver 900,Aprilia,2016.0,,Transmission,7861.0,industrial grade maintenance free for optimal efficiency,29.0,4.1,47.0,0,https://example.com/images/sprocket_cover_shiver_900.jpg,68ac2a8e3c73e23c655de052,68ac2a8f3c73e23c655de054,Swathi Automobiles,Chappal Bazar Road - Kachiguda ,17.38953,78.491245,premium,classic,good,Racing Sprocket Cover - Shiver 900 Shiver 900 Aprilia  Transmission industrial grade maintenance free for optimal efficiency,0,2025-09-06T00:00:00,2025-07-05T00:00:00
68d141f1b3fce85d4c560d40,Racing GPS Mount - ZX-6R,ZX-6R,Kawasaki,2018.0,,Accessories,4746.0,enhanced weather resistant for better control,18.0,4.9,43.0,0,https://example.com/images/gps_mount_zx_6r.jpg,68d0c47d09554c358655174b,68d0c47e09554c358655174d,Tarun Automobiles,,17.423605,78.546314,mid-range,classic,excellent,Racing GPS Mount - ZX-6R ZX-6R Kawasaki  Accessories enhanced weather resistant for better control,0,2025-07-27T00:00:00,2025-09-11T00:00:00
68d141f1b3fce85d4c560d41,Kawasaki Headlight Lens for Z900,Z900,Kawasaki,2014.0,,Lighting,3801.0,industrial grade chemical resistant for better fuel economy,10.0,4.1,12.0,0,https://example.com/images/headlight_lens_z900.jpg,68d133bf3952f7cf7dee90b7,68d133bf3952f7cf7dee90b9,Jyothi Automobiles,Hyderabad,17.511409,78.350972,mid-range,vintage,good,Kawasaki Headlight Lens for Z900 Z900 Kawasaki  Lighting industrial grade chemical resistant for better fuel economy,0,2025-07-04T00:00:00,2025-09-14T00:00:00
68d141f1b3fce85d4c560d42,Genuine Exhaust Clamp - 890 Adventure,890 Adventure,Ktm,2025.0,,Exhaust,14224.0,precision made weather resistant for maximum protection,2.0,3.3,42.0,0,https://example.com/images/exhaust_clamp_890_adventure.jpg,68d1346c3952f7cf7dee90d0,68d1346c3952f7cf7dee90d2,Kalyan Automobiles,Bala Nagar,17.475679,78.447328,premium,modern,good,Genuine Exhaust Clamp - 890 Adventure 890 Adventure Ktm  Exhaust precision made weather resistant for maximum protection,0,2025-09-06T00:00:00,2025-09-07T00:00:00
68d141f1b3fce85d4c560d43,Wheel Bolt - Street Glide,Street Glide,Harley-Davidson,2012.0,,Wheels & Tires,8294.0,lightweight wear resistant for optimal efficiency,11.0,3.2,13.0,0,https://example.com/images/wheel_bolt_street_glide.jpg,68d134ac3952f7cf7dee90e3,68d134ac3952f7cf7dee90e5,Shiva sai Automobiles,Mahabubabad,17.594209,80.006903,premium,vintage,good,Wheel Bolt - Street Glide Street Glide Harley-Davidson  Wheels & Tires lightweight wear resistant for optimal efficiency,0,2025-09-01T00:00:00,2025-08-18T00:00:00
68d141f1b3fce85d4c560d44,Performance Chain Tensioner - G 310 R,G 310 R,Bmw,2022.0,,Drivetrain,3801.0,heavy duty eco friendly for enhanced stability,1.0,4.1,31.0,0,https://example.com/images/chain_tensioner_g_310_r.jpg,68d135063952f7cf7dee90f6,68d135063952f7cf7dee90f8,Manoj Automobiles,Dilshknagar,17.367642,78.534282,mid-range,modern,good,Performance Chain Tensioner - G 310 R G 310 R Bmw  Drivetrain heavy duty eco friendly for enhanced stability,0,2025-08-11T00:00:00,2025-07-03T00:00:00
68d141f1b3fce85d4c560d45,Performance Coolant Pump - Sport,Sport,Jawa,2024.0,,Cooling System,6230.0,superior noise reducing for enhanced safety,23.0,4.2,7.0,0,https://example.com/images/coolant_pump_sport.jpg,68d135833952f7cf7dee9109,68d135833952f7cf7dee910b,Mounika Automobiles,Karimnagar,18.435781,79.132861,premium,modern,good,Performance Coolant Pump - Sport Sport Jawa  Cooling System superior noise reducing for enhanced safety,0,2025-07-19T00:00:00,2025-09-09T00:00:00
68d141f1b3fce85d4c560d46,Iron 883 Fuel Rail,Iron 883,Harley-Davidson,2023.0,,Fuel System,7578.0,street performance weather resistant for longer life,4.0,3.9,17.0,0,https://example.com/images/fuel_rail_iron_883.jpg,68d135d63952f7cf7dee911e,68d135d63952f7cf7dee9120,baskar Automobiles,Medak,18.048948,78.269372,premium,modern,good,Iron 883 Fuel Rail Iron 883 Harley-Davidson  Fuel System street performance weather resistant for longer life,0,2025-09-16T00:00:00,2025-08-20T00:00:00
68d141f1b3fce85d4c560d47,Premium Condenser for Dominar 400,Dominar 400,Bajaj,2013.0,,Ignition,1144.0,long lasting vibration dampening for enhanced safety,5.0,3.8,50.0,0,https://example.com/images/condenser_dominar_400.jpg,68d136193952f7cf7dee9131,68d136193952f7cf7dee9133,Mahesh Automobiles,Khammam,17.249885,80.15615,mid-range,vintage,good,Premium Condenser for Dominar 400 Dominar 400 Bajaj  Ignition long lasting vibration dampening for enhanced safety,0,2025-07-07T00:00:00,2025-07-06T00:00:00
68d141f1b3fce85d4c560d48,Heavy Duty Ignition Module - Versys-X 300,Versys-X 300,Kawasaki,2016.0,,Ignition,367.0,industrial grade fuel efficient for improved performance,19.0,3.3,28.0,0,https://example.com/images/ignition_module_versys_x_300.jpg,689d6959045c37933826818b,689d6959045c37933826818d,sai automobiles,RAMNAGAR COLONY PEERZADIGUDA UPPAL HYDERABAD,17.390358,78.606729,budget,classic,good,Heavy Duty Ignition Module - Versys-X 300 Versys-X 300 Kawasaki  Ignition industrial grade fuel efficient for improved performance,0,2025-09-18T00:00:00,2025-09-08T00:00:00
68d141f1b3fce85d4c560d49,Heavy Duty Warning Light - Unicorn,Unicorn,Honda,2014.0,,Safety,5645.0,premium quality wear resistant for improved performance,3.0,4.6,48.0,0,https://example.com/images/warning_light_unicorn.jpg,68ac2a8e3c73e23c655de052,68ac2a8f3c73e23c655de054,Swathi Automobiles,Chappal Bazar Road - Kachiguda ,17.38953,78.491245,premium,vintage,excellent,Heavy Duty Warning Light - Unicorn Unicorn Honda  Safety premium quality wear resistant for improved performance,0,2025-07-08T00:00:00,2025-07-16T00:00:00
68d141f1b3fce85d4c560d4a,Racing Baffle - Chetak Electric,Chetak Electric,Bajaj,2018.0,,Exhaust,10703.0,enhanced vibration dampening for better fuel economy,11.0,4.1,10.0,0,https://example.com/images/baffle_chetak_electric.jpg,68d0c47d09554c358655174b,68d0c47e09554c358655174d,Tarun Automobiles,,17.423605,78.546314,premium,classic,good,Racing Baffle - Chetak Electric Chetak Electric Bajaj  Exhaust enhanced vibration dampening for better fuel economy,0,2025-09-19T00:00:00,2025-07-20T00:00:00
68d141f1b3fce85d4c560d4b,OEM Headlight Lens - Ninja H2,Ninja H2,Kawasaki,2017.0,,Lighting,5798.0,advanced temperature stable for enhanced durability,7.0,4.0,4.0,0,https://example.com/images/headlight_lens_ninja_h2.jpg,68d133bf3952f7cf7dee90b7,68d133bf3952f7cf7dee90b9,Jyothi Automobiles,Hyderabad,17.511409,78.350972,premium,classic,good,OEM Headlight Lens - Ninja H2 Ninja H2 Kawasaki  Lighting advanced temperature stable for enhanced durability,0,2025-08-17T00:00:00,2025-07-28T00:00:00
68d141f1b3fce85d4c560d4c,Genuine Paper Filter - Apache RTR 180,Apache RTR 180,Tvs,2020.0,,Filters,1233.0,enhanced temperature stable for enhanced durability,14.0,3.7,23.0,0,https://example.com/images/paper_filter_apache_rtr_180.jpg,68d1346c3952f7cf7dee90d0,68d1346c3952f7cf7dee90d2,Kalyan Automobiles,Bala Nagar,17.475679,78.447328,mid-range,modern,good,Genuine Paper Filter - Apache RTR 180 Apache RTR 180 Tvs  Filters enhanced temperature stable for enhanced durability,0,2025-09-17T00:00:00,2025-09-03T00:00:00
68d141f1b3fce85d4c560d4d,Harley-Davidson Battery for LiveWire,LiveWire,Harley-Davidson,2023.0,,Electrical,1230.0,heavy duty fuel efficient for better fuel economy,27.0,3.9,12.0,0,https://example.com/images/battery_livewire.jpg,68d134ac3952f7cf7dee90e3,68d134ac3952f7cf7dee90e5,Shiva sai Automobiles,Mahabubabad,17.594209,80.006903,mid-range,modern,good,Harley-Davidson Battery for LiveWire LiveWire Harley-Davidson  Electrical heavy duty fuel efficient for better fuel economy,0,2025-09-08T00:00:00,2025-07-22T00:00:00
68d141f1b3fce85d4c560d4e,Heavy Duty Degreaser - R15 V4,R15 V4,Yamaha,2016.0,,Maintenance,963.0,street performance maintenance free for improved performance,12.0,4.7,20.0,0,https://example.com/images/degreaser_r15_v4.jpg,68d135063952f7cf7dee90f6,68d135063952f7cf7dee90f8,Manoj Automobiles,Dilshknagar,17.367642,78.534282,mid-range,classic,excellent,Heavy Duty Degreaser - R15 V4 R15 V4 Yamaha  Maintenance street performance maintenance free for improved performance,0,2025-09-09T00:00:00,2025-09-07T00:00:00
68d141f1b3fce85d4c560d4f,OEM Coolant Drain Plug - Tiger 900,Tiger 900,Triumph,2016.0,,Cooling System,8716.0,heavy duty corrosion resistant for enhanced durability,22.0,4.3,39.0,0,https://example.com/images/coolant_drain_plug_tiger_900.jpg,68d135833952f7cf7dee9109,68d135833952f7cf7dee910b,Mounika Automobiles,Karimnagar,18.435781,79.132861,premium,classic,good,OEM Coolant Drain Plug - Tiger 900 Tiger 900 Triumph  Cooling System heavy duty corrosion resistant for enhanced durability,0,2025-09-05T00:00:00,2025-07-10T00:00:00
68d141f1b3fce85d4c560d50,Oil Cooler - Turismo Veloce,Turismo Veloce,Mv Agusta,2016.0,,Cooling System,3009.0,racing quality eco friendly for smoother operation,13.0,4.2,38.0,0,https://example.com/images/oil_cooler_turismo_veloce.jpg,68d135d63952f7cf7dee911e,68d135d63952f7cf7dee9120,baskar Automobiles,Medak,18.048948,78.269372,mid-range,classic,good,Oil Cooler - Turismo Veloce Turismo Veloce Mv Agusta  Cooling System racing quality eco friendly for smoother operation,0,2025-08-31T00:00:00,2025-08-27T00:00:00
68d141f1b3fce85d4c560d51,Genuine Riding Boots - SP 125,SP 125,Honda,2011.0,,Safety,5149.0,premium quality precision engineered for improved comfort,21.0,3.3,41.0,0,https://example.com/images/riding_boots_sp_125.jpg,68d136193952f7cf7dee9131,68d136193952f7cf7dee9133,Mahesh Automobiles,Khammam,17.249885,80.15615,mid-range,vintage,good,Genuine Riding Boots - SP 125 SP 125 Honda  Safety premium quality precision engineered for improved comfort,0,2025-07-30T00:00:00,2025-07-28T00:00:00
68d141f1b3fce85d4c560d52,RC 200 Torque Converter,RC 200,Ktm,2010.0,,Drivetrain,7434.0,street performance maintenance free for reduced maintenance,27.0,4.6,1.0,0,https://example.com/images/torque_converter_rc_200.jpg,689d6959045c37933826818b,689d6959045c37933826818d,sai automobiles,RAMNAGAR COLONY PEERZADIGUDA UPPAL HYDERABAD,17.390358,78.606729,premium,vintage,excellent,RC 200 Torque Converter RC 200 Ktm  Drivetrain street performance maintenance free for reduced maintenance,0,2025-08-24T00:00:00,2025-08-08T00:00:00
68d141f1b3fce85d4c560d53,Performance Silicone Spray - CBZ Xtreme,CBZ Xtreme,Hero,2017.0,,Maintenance,407.0,professional grade chemical resistant for better control,19.0,3.5,28.0,0,https://example.com/images/silicone_spray_cbz_xtreme.jpg,68ac2a8e3c73e23c655de052,68ac2a8f3c73e23c655de054,Swathi Automobiles,Chappal Bazar Road - Kachiguda ,17.38953,78.491245,budget,classic,good,Performance Silicone Spray - CBZ Xtreme CBZ Xtreme Hero  Maintenance professional grade chemical resistant for better control,0,2025-09-02T00:00:00,2025-07-09T00:00:00
68d141f1b3fce85d4c560d54,Triumph Helmet Lock for Bonneville T120,Bonneville T120,Triumph,2016.0,,Accessories,5559.0,professional grade precision engineered for better handling,23.0,3.5,15.0,0,https://example.com/images/helmet_lock_bonneville_t120.jpg,68d0c47d09554c358655174b,68d0c47e09554c358655174d,Tarun Automobiles,,17.423605,78.546314,mid-range,classic,good,Triumph Helmet Lock for Bonneville T120 Bonneville T120 Triumph  Accessories professional grade precision engineered for better handling,0,2025-09-08T00:00:00,2025-07-13T00:00:00
68d141f1b3fce85d4c560d55,Genuine Rear Tire - Imperiale 400,Imperiale 400,Benelli,2012.0,,Wheels & Tires,1801.0,lightweight chemical resistant for smoother operation,1.0,4.4,36.0,0,https://example.com/images/rear_tire_imperiale_400.jpg,68d133bf3952f7cf7dee90b7,68d133bf3952f7cf7dee90b9,Jyothi Automobiles,Hyderabad,17.511409,78.350972,mid-range,vintage,good,Genuine Rear Tire - Imperiale 400 Imperiale 400 Benelli  Wheels & Tires lightweight chemical resistant for smoother operation,0,2025-08-22T00:00:00,2025-08-10T00:00:00
68d141f1b3fce85d4c560d56,Heavy Duty Emergency Light - MT-03,MT-03,Yamaha,2021.0,,Lighting,3386.0,racing quality eco friendly for better handling,6.0,4.9,38.0,0,https://example.com/images/emergency_light_mt_03.jpg,68d1346c3952f7cf7dee90d0,68d1346c3952f7cf7dee90d2,Kalyan Automobiles,Bala Nagar,17.475679,78.447328,mid-range,modern,excellent,Heavy Duty Emergency Light - MT-03 MT-03 Yamaha  Lighting racing quality eco friendly for better handling,0,2025-08-29T00:00:00,2025-07-26T00:00:00
68d141f1b3fce85d4c560d57,Genuine Clutch Cable - SR 160,SR 160,Aprilia,2016.0,,Transmission,5286.0,premium quality vibration dampening for enhanced safety,30.0,4.1,31.0,0,https://example.com/images/clutch_cable_sr_160.jpg,68d134ac3952f7cf7dee90e3,68d134ac3952f7cf7dee90e5,Shiva sai Automobiles,Mahabubabad,17.594209,80.006903,mid-range,classic,good,Genuine Clutch Cable - SR 160 SR 160 Aprilia  Transmission premium quality vibration dampening for enhanced safety,0,2025-09-13T00:00:00,2025-07-22T00:00:00
68d141f1b3fce85d4c560d58,Condenser - Brutale 800,Brutale 800,Mv Agusta,2023.0,,Ignition,690.0,superior heat treated for better control,21.0,3.4,23.0,0,https://example.com/images/condenser_brutale_800.jpg,68d135063952f7cf7dee90f6,68d135063952f7cf7dee90f8,Manoj Automobiles,Dilshknagar,17.367642,78.534282,budget,modern,good,Condenser - Brutale 800 Brutale 800 Mv Agusta  Ignition superior heat treated for better control,0,2025-07-01T00:00:00,2025-07-07T00:00:00
68d141f1b3fce85d4c560d59,Genuine Slip-on Exhaust - Sport,Sport,Tvs,2020.0,,Exhaust,19961.0,industrial grade temperature stable for enhanced durability,3.0,4.0,20.0,0,https://example.com/images/slip-on_exhaust_sport.jpg,68d135833952f7cf7dee9109,68d135833952f7cf7dee910b,Mounika Automobiles,Karimnagar,18.435781,79.132861,premium,modern,good,Genuine Slip-on Exhaust - Sport Sport Tvs  Exhaust industrial grade temperature stable for enhanced durability,0,2025-08-07T00:00:00,2025-08-09T00:00:00
68d141f1b3fce85d4c560d5a,Stallio Fuel Filter,Stallio,Mahindra,2012.0,,Fuel System,1293.0,lightweight fuel efficient for superior reliability,13.0,4.6,27.0,0,https://example.com/images/fuel_filter_stallio.jpg,68d135d63952f7cf7dee911e,68d135d63952f7cf7dee9120,baskar Automobiles,Medak,18.048948,78.269372,mid-range,vintage,excellent,Stallio Fuel Filter Stallio Mahindra  Fuel System lightweight fuel efficient for superior reliability,0,2025-08-19T00:00:00,2025-07-04T00:00:00
68d141f1b3fce85d4c560d5b,Genuine Steering Head Bearing - Karizma XMR,Karizma XMR,Hero,2014.0,,Suspension,6210.0,precision made corrosion resistant for enhanced safety,12.0,3.6,35.0,0,https://example.com/images/steering_head_bearing_karizma_xmr.jpg,68d136193952f7cf7dee9131,68d136193952f7cf7dee9133,Mahesh Automobiles,Khammam,17.249885,80.15615,premium,vintage,good,Genuine Steering Head Bearing - Karizma XMR Karizma XMR Hero  Suspension precision made corrosion resistant for enhanced safety,0,2025-08-28T00:00:00,2025-07-15T00:00:00
68d141f1b3fce85d4c560d5c,Drive Shaft Assembly - Classic 500,Classic 500,Royal Enfield,2017.0,,Drivetrain,4239.0,advanced precision engineered for better fuel economy,14.0,3.4,39.0,0,https://example.com/images/drive_shaft_classic_500.jpg,689d6959045c37933826818b,689d6959045c37933826818d,sai automobiles,RAMNAGAR COLONY PEERZADIGUDA UPPAL HYDERABAD,17.390358,78.606729,mid-range,classic,good,Drive Shaft Assembly - Classic 500 Classic 500 Royal Enfield  Drivetrain advanced precision engineered for better fuel economy,0,2025-07-24T00:00:00,2025-07-08T00:00:00
68d141f1b3fce85d4c560d5d,Thread Locker - Ignitor,Ignitor,Hero,2012.0,,Maintenance,176.0,street performance wear resistant for increased power,11.0,4.7,5.0,0,https://example.com/images/thread_locker_ignitor.jpg,68ac2a8e3c73e23c655de052,68ac2a8f3c73e23c655de054,Swathi Automobiles,Chappal Bazar Road - Kachiguda ,17.38953,78.491245,budget,vintage,excellent,Thread Locker - Ignitor Ignitor Hero  Maintenance street performance wear resistant for increased power,0,2025-08-27T00:00:00,2025-08-16T00:00:00
68d141f1b3fce85d4c560d5e,Suzuki Front Tire for Intruder,Intruder,Suzuki,2019.0,,Wheels & Tires,4791.0,industrial grade wear resistant for maximum protection,24.0,3.6,6.0,0,https://example.com/images/front_tire_intruder.jpg,68d0c47d09554c358655174b,68d0c47e09554c358655174d,Tarun Automobiles,,17.423605,78.546314,mid-range,classic,good,Suzuki Front Tire for Intruder Intruder Suzuki  Wheels & Tires industrial grade wear resistant for maximum protection,0,2025-07-22T00:00:00,2025-07-08T00:00:00
68d141f1b3fce85d4c560d5f,Honda Chain Cleaner for CBR150R,CBR150R,Honda,2010.0,,Maintenance,73.0,professional grade maintenance free for optimal efficiency,8.0,4.6,34.0,0,https://example.com/images/chain_cleaner_cbr150r.jpg,68d133bf3952f7cf7dee90b7,68d133bf3952f7cf7dee90b9,Jyothi Automobiles,Hyderabad,17.511409,78.350972,budget,vintage,excellent,Honda Chain Cleaner for CBR150R CBR150R Honda  Maintenance professional grade maintenance free for optimal efficiency,0,2025-08-31T00:00:00,2025-07-20T00:00:00
68d141f1b3fce85d4c560d60,Gear Oil Assembly - Adventure,Adventure,Yezdi,2023.0,,Maintenance,763.0,street performance impact resistant for improved performance,11.0,4.1,1.0,0,https://example.com/images/gear_oil_adventure.jpg,68d1346c3952f7cf7dee90d0,68d1346c3952f7cf7dee90d2,Kalyan Automobiles,Bala Nagar,17.475679,78.447328,budget,modern,good,Gear Oil Assembly - Adventure Adventure Yezdi  Maintenance street performance impact resistant for improved performance,0,2025-08-24T00:00:00,2025-07-05T00:00:00
68d141f1b3fce85d4c560d61,Chain Lube - Xpulse 200,Xpulse 200,Hero,2017.0,,Maintenance,340.0,oem quality temperature stable for optimal efficiency,8.0,4.1,7.0,0,https://example.com/images/chain_lube_xpulse_200.jpg,68d134ac3952f7cf7dee90e3,68d134ac3952f7cf7dee90e5,Shiva sai Automobiles,Mahabubabad,17.594209,80.006903,budget,classic,good,Chain Lube - Xpulse 200 Xpulse 200 Hero  Maintenance oem quality temperature stable for optimal efficiency,0,2025-07-13T00:00:00,2025-08-14T00:00:00
68d141f1b3fce85d4c560d62,Engine Cover Assembly - Sportster S,Sportster S,Harley-Davidson,2014.0,,Body Parts,4378.0,lightweight precision engineered for superior reliability,30.0,3.3,24.0,0,https://example.com/images/engine_cover_sportster_s.jpg,68d135063952f7cf7dee90f6,68d135063952f7cf7dee90f8,Manoj Automobiles,Dilshknagar,17.367642,78.534282,mid-range,vintage,good,Engine Cover Assembly - Sportster S Sportster S Harley-Davidson  Body Parts lightweight precision engineered for superior reliability,0,2025-07-14T00:00:00,2025-07-07T00:00:00
68d141f1b3fce85d4c560d63,Max 125 Water Hose,Max 125,Tvs,2022.0,,Cooling System,6491.0,oem quality noise reducing for better control,16.0,3.9,44.0,0,https://example.com/images/water_hose_max_125.jpg,68d135833952f7cf7dee9109,68d135833952f7cf7dee910b,Mounika Automobiles,Karimnagar,18.435781,79.132861,premium,modern,good,Max 125 Water Hose Max 125 Tvs  Cooling System oem quality noise reducing for better control,0,2025-09-04T00:00:00,2025-09-12T00:00:00
68d141f1b3fce85d4c560d64,Genuine Mudguard - Storm 125,Storm 125,Aprilia,2025.0,,Body Parts,2066.0,long lasting corrosion resistant for better control,12.0,4.1,4.0,0,https://example.com/images/mudguard_storm_125.jpg,68d135d63952f7cf7dee911e,68d135d63952f7cf7dee9120,baskar Automobiles,Medak,18.048948,78.269372,mid-range,modern,good,Genuine Mudguard - Storm 125 Storm 125 Aprilia  Body Parts long lasting corrosion resistant for better control,0,2025-08-21T00:00:00,2025-07-22T00:00:00
68d141f1b3fce85d4c560d65,Brake Hose - R15M,R15M,Yamaha,2021.0,,Brakes,4383.0,heavy duty weather resistant for maximum protection,11.0,4.3,31.0,0,https://example.com/images/brake_hose_r15m.jpg,68d136193952f7cf7dee9131,68d136193952f7cf7dee9133,Mahesh Automobiles,Khammam,17.249885,80.15615,mid-range,modern,good,Brake Hose - R15M R15M Yamaha  Brakes heavy duty weather resistant for maximum protection,0,2025-09-17T00:00:00,2025-09-11T00:00:00
68d141f1b3fce85d4c560d66,Chain Tensioner Assembly - Tiger 900,Tiger 900,Triumph,2025.0,,Drivetrain,2842.0,long lasting wear resistant for superior reliability,21.0,4.6,16.0,0,https://example.com/images/chain_tensioner_tiger_900.jpg,689d6959045c37933826818b,689d6959045c37933826818d,sai automobiles,RAMNAGAR COLONY PEERZADIGUDA UPPAL HYDERABAD,17.390358,78.606729,mid-range,modern,excellent,Chain Tensioner Assembly - Tiger 900 Tiger 900 Triumph  Drivetrain long lasting wear resistant for superior reliability,0,2025-08-27T00:00:00,2025-08-06T00:00:00
68d141f1b3fce85d4c560d67,FZ-S Sprocket Bolt,FZ-S,Yamaha,2024.0,,Drivetrain,7360.0,enhanced eco friendly for superior reliability,8.0,4.0,38.0,0,https://example.com/images/sprocket_bolt_fz_s.jpg,68ac2a8e3c73e23c655de052,68ac2a8f3c73e23c655de054,Swathi Automobiles,Chappal Bazar Road - Kachiguda ,17.38953,78.491245,premium,modern,good,FZ-S Sprocket Bolt FZ-S Yamaha  Drivetrain enhanced eco friendly for superior reliability,0,2025-08-26T00:00:00,2025-07-08T00:00:00
68d141f1b3fce85d4c560d68,Footpeg Set Assembly - Scooty Pep Plus,Scooty Pep Plus,Tvs,2024.0,,Accessories,1088.0,durable long lasting for maximum protection,12.0,4.7,33.0,0,https://example.com/images/footpeg_set_scooty_pep_plus.jpg,68d0c47d09554c358655174b,68d0c47e09554c358655174d,Tarun Automobiles,,17.423605,78.546314,mid-range,modern,excellent,Footpeg Set Assembly - Scooty Pep Plus Scooty Pep Plus Tvs  Accessories durable long lasting for maximum protection,0,2025-07-04T00:00:00,2025-09-02T00:00:00
68d141f1b3fce85d4c560d69,Heavy Duty Spacer - Mojo,Mojo,Mahindra,2020.0,,Wheels & Tires,6211.0,oem quality impact resistant for increased power,9.0,4.8,20.0,0,https://example.com/images/spacer_mojo.jpg,68d133bf3952f7cf7dee90b7,68d133bf3952f7cf7dee90b9,Jyothi Automobiles,Hyderabad,17.511409,78.350972,premium,modern,excellent,Heavy Duty Spacer - Mojo Mojo Mahindra  Wheels & Tires oem quality impact resistant for increased power,0,2025-09-19T00:00:00,2025-09-14T00:00:00
68d141f1b3fce85d4c560d6a,Belly Pan - Panigale 959,Panigale 959,Ducati,2021.0,,Body Parts,6843.0,industrial grade heat treated for improved comfort,29.0,3.2,44.0,0,https://example.com/images/belly_pan_panigale_959.jpg,68d1346c3952f7cf7dee90d0,68d1346c3952f7cf7dee90d2,Kalyan Automobiles,Bala Nagar,17.475679,78.447328,premium,modern,good,Belly Pan - Panigale 959 Panigale 959 Ducati  Body Parts industrial grade heat treated for improved comfort,0,2025-07-03T00:00:00,2025-08-27T00:00:00
68d141f1b3fce85d4c560d6b,Premium Tube for CL 300,CL 300,Jawa,2022.0,,Wheels & Tires,1320.0,lightweight wear resistant for optimal efficiency,10.0,4.4,21.0,0,https://example.com/images/tube_cl_300.jpg,68d134ac3952f7cf7dee90e3,68d134ac3952f7cf7dee90e5,Shiva sai Automobiles,Mahabubabad,17.594209,80.006903,mid-range,modern,good,Premium Tube for CL 300 CL 300 Jawa  Wheels & Tires lightweight wear resistant for optimal efficiency,0,2025-07-27T00:00:00,2025-07-16T00:00:00
68d141f1b3fce85d4c560d6c,Performance Center Stand - Jupiter,Jupiter,Tvs,2023.0,,Body Parts,6094.0,heavy duty impact resistant for better fuel economy,1.0,4.2,11.0,0,https://example.com/images/center_stand_jupiter.jpg,68d135063952f7cf7dee90f6,68d135063952f7cf7dee90f8,Manoj Automobiles,Dilshknagar,17.367642,78.534282,premium,modern,good,Performance Center Stand - Jupiter Jupiter Tvs  Body Parts heavy duty impact resistant for better fuel economy,0,2025-08-30T00:00:00,2025-08-28T00:00:00
68d141f1b3fce85d4c560d6d,Mirror Set Assembly - Scram 411,Scram 411,Royal Enfield,2025.0,,Accessories,2979.0,professional grade vibration dampening for longer life,22.0,4.7,42.0,0,https://example.com/images/mirror_set_scram_411.jpg,68d135833952f7cf7dee9109,68d135833952f7cf7dee910b,Mounika Automobiles,Karimnagar,18.435781,79.132861,mid-range,modern,excellent,Mirror Set Assembly - Scram 411 Scram 411 Royal Enfield  Accessories professional grade vibration dampening for longer life,0,2025-07-01T00:00:00,2025-08-20T00:00:00
68d141f1b3fce85d4c560d6e,Heavy Duty Reserve Tank - Ninja ZX-10R,Ninja ZX-10R,Kawasaki,2017.0,,Fuel System,3465.0,long lasting precision engineered for maximum protection,5.0,3.3,43.0,0,https://example.com/images/reserve_tank_ninja_zx_10r.jpg,68d135d63952f7cf7dee911e,68d135d63952f7cf7dee9120,baskar Automobiles,Medak,18.048948,78.269372,mid-range,classic,good,Heavy Duty Reserve Tank - Ninja ZX-10R Ninja ZX-10R Kawasaki  Fuel System long lasting precision engineered for maximum protection,0,2025-08-19T00:00:00,2025-07-30T00:00:00
68d141f1b3fce85d4c560d6f,Genuine Flasher Relay - Street Glide,Street Glide,Harley-Davidson,2017.0,,Electrical,5744.0,industrial grade long lasting for smoother operation,1.0,3.9,23.0,0,https://example.com/images/flasher_relay_street_glide.jpg,68d136193952f7cf7dee9131,68d136193952f7cf7dee9133,Mahesh Automobiles,Khammam,17.249885,80.15615,premium,classic,good,Genuine Flasher Relay - Street Glide Street Glide Harley-Davidson  Electrical industrial grade long lasting for smoother operation,0,2025-08-12T00:00:00,2025-07-18T00:00:00
68d141f1b3fce85d4c560d70,Premium Wheel Hub for Speed Triple,Speed Triple,Triumph,2010.0,,Wheels & Tires,11345.0,racing quality noise reducing for better control,10.0,4.7,0.0,0,https://example.com/images/wheel_hub_speed_triple.jpg,689d6959045c37933826818b,689d6959045c37933826818d,sai automobiles,RAMNAGAR COLONY PEERZADIGUDA UPPAL HYDERABAD,17.390358,78.606729,premium,vintage,excellent,Premium Wheel Hub for Speed Triple Speed Triple Triumph  Wheels & Tires racing quality noise reducing for better control,0,2025-07-27T00:00:00,2025-08-25T00:00:00
68d141f1b3fce85d4c560d71,Genuine Indicator Bulb - Street Triple,Street Triple,Triumph,2018.0,,Lighting,3510.0,long lasting maintenance free for smoother operation,16.0,4.8,24.0,0,https://example.com/images/indicator_bulb_street_triple.jpg,68ac2a8e3c73e23c655de052,68ac2a8f3c73e23c655de054,Swathi Automobiles,Chappal Bazar Road - Kachiguda ,17.38953,78.491245,mid-range,classic,excellent,Genuine Indicator Bulb - Street Triple Street Triple Triumph  Lighting long lasting maintenance free for smoother operation,0,2025-07-03T00:00:00,2025-07-05T00:00:00
68d141f1b3fce85d4c560d72,Performance Gasket Maker - Intruder,Intruder,Suzuki,2022.0,,Maintenance,444.0,precision made noise reducing for enhanced stability,13.0,3.5,24.0,0,https://example.com/images/gasket_maker_intruder.jpg,68d0c47d09554c358655174b,68d0c47e09554c358655174d,Tarun Automobiles,,17.423605,78.546314,budget,modern,good,Performance Gasket Maker - Intruder Intruder Suzuki  Maintenance precision made noise reducing for enhanced stability,0,2025-08-14T00:00:00,2025-08-23T00:00:00
68d141f1b3fce85d4c560d73,Shotgun 650 Sprocket Bolt,Shotgun 650,Royal Enfield,2018.0,,Drivetrain,803.0,industrial grade temperature stable for enhanced safety,8.0,3.6,41.0,0,https://example.com/images/sprocket_bolt_shotgun_650.jpg,68d133bf3952f7cf7dee90b7,68d133bf3952f7cf7dee90b9,Jyothi Automobiles,Hyderabad,17.511409,78.350972,budget,classic,good,Shotgun 650 Sprocket Bolt Shotgun 650 Royal Enfield  Drivetrain industrial grade temperature stable for enhanced safety,0,2025-09-08T00:00:00,2025-08-09T00:00:00
68d141f1b3fce85d4c560d74,Benelli Oil Ring for TNT 899,TNT 899,Benelli,2024.0,,Engine,12844.0,enhanced maintenance free for longer life,21.0,4.3,49.0,0,https://example.com/images/oil_ring_tnt_899.jpg,68d1346c3952f7cf7dee90d0,68d1346c3952f7cf7dee90d2,Kalyan Automobiles,Bala Nagar,17.475679,78.447328,premium,modern,good,Benelli Oil Ring for TNT 899 TNT 899 Benelli  Engine enhanced maintenance free for longer life,0,2025-07-07T00:00:00,2025-07-02T00:00:00
68d141f1b3fce85d4c560d75,Leoncino 500 Front Sprocket,Leoncino 500,Benelli,2011.0,,Drivetrain,7709.0,oem quality fuel efficient for enhanced durability,28.0,3.8,21.0,0,https://example.com/images/front_sprocket_leoncino_500.jpg,68d134ac3952f7cf7dee90e3,68d134ac3952f7cf7dee90e5,Shiva sai Automobiles,Mahabubabad,17.594209,80.006903,premium,vintage,good,Leoncino 500 Front Sprocket Leoncino 500 Benelli  Drivetrain oem quality fuel efficient for enhanced durability,0,2025-08-28T00:00:00,2025-08-17T00:00:00
68d141f1b3fce85d4c560d76,Heavy Duty Tire Sealant - Gixxer,Gixxer,Suzuki,2011.0,,Wheels & Tires,3372.0,long lasting wear resistant for better control,24.0,4.0,29.0,0,https://example.com/images/tire_sealant_gixxer.jpg,68d135063952f7cf7dee90f6,68d135063952f7cf7dee90f8,Manoj Automobiles,Dilshknagar,17.367642,78.534282,mid-range,vintage,good,Heavy Duty Tire Sealant - Gixxer Gixxer Suzuki  Wheels & Tires long lasting wear resistant for better control,0,2025-07-17T00:00:00,2025-07-12T00:00:00
68d141f1b3fce85d4c560d77,Performance Rear Shock Absorber - Zest,Zest,Tvs,2020.0,,Suspension,6877.0,street performance chemical resistant for better control,9.0,4.7,1.0,0,https://example.com/images/rear_shock_absorber_zest.jpg,68d135833952f7cf7dee9109,68d135833952f7cf7dee910b,Mounika Automobiles,Karimnagar,18.435781,79.132861,premium,modern,excellent,Performance Rear Shock Absorber - Zest Zest Tvs  Suspension street performance chemical resistant for better control,0,2025-08-09T00:00:00,2025-09-09T00:00:00
68d141f1b3fce85d4c560d78,Lower Triple Tree - CL2,CL2,Yezdi,2016.0,,Suspension,4118.0,industrial grade wear resistant for enhanced durability,10.0,4.4,39.0,0,https://example.com/images/lower_triple_tree_cl2.jpg,68d135d63952f7cf7dee911e,68d135d63952f7cf7dee9120,baskar Automobiles,Medak,18.048948,78.269372,mid-range,classic,good,Lower Triple Tree - CL2 CL2 Yezdi  Suspension industrial grade wear resistant for enhanced durability,0,2025-08-25T00:00:00,2025-07-18T00:00:00
68d141f1b3fce85d4c560d79,Heavy Duty End Cap - Roadking,Roadking,Yezdi,2017.0,,Exhaust,3232.0,premium quality wear resistant for maximum protection,24.0,4.9,29.0,0,https://example.com/images/end_cap_roadking.jpg,68d136193952f7cf7dee9131,68d136193952f7cf7dee9133,Mahesh Automobiles,Khammam,17.249885,80.15615,mid-range,classic,excellent,Heavy Duty End Cap - Roadking Roadking Yezdi  Exhaust premium quality wear resistant for maximum protection,0,2025-09-16T00:00:00,2025-08-17T00:00:00
68d141f1b3fce85d4c560d7a,Racing Tail Pipe - Jupiter,Jupiter,Tvs,2017.0,,Exhaust,15546.0,long lasting precision engineered for enhanced safety,6.0,4.1,35.0,0,https://example.com/images/tail_pipe_jupiter.jpg,689d6959045c37933826818b,689d6959045c37933826818d,sai automobiles,RAMNAGAR COLONY PEERZADIGUDA UPPAL HYDERABAD,17.390358,78.606729,premium,classic,good,Racing Tail Pipe - Jupiter Jupiter Tvs  Exhaust long lasting precision engineered for enhanced safety,0,2025-08-01T00:00:00,2025-08-25T00:00:00
68d141f1b3fce85d4c560d7b,Genuine Water Pipe - CB Hornet 2.0,CB Hornet 2.0,Honda,2025.0,,Cooling System,11247.0,durable eco friendly for enhanced stability,15.0,4.6,22.0,0,https://example.com/images/water_pipe_cb_hornet_2.0.jpg,68ac2a8e3c73e23c655de052,68ac2a8f3c73e23c655de054,Swathi Automobiles,Chappal Bazar Road - Kachiguda ,17.38953,78.491245,premium,modern,excellent,Genuine Water Pipe - CB Hornet 2.0 CB Hornet 2.0 Honda  Cooling System durable eco friendly for enhanced stability,0,2025-08-09T00:00:00,2025-08-13T00:00:00
68d141f1b3fce85d4c560d7c,Hypermotard Fan Shroud,Hypermotard,Ducati,2010.0,,Cooling System,9315.0,heavy duty wear resistant for reduced maintenance,18.0,3.9,5.0,0,https://example.com/images/fan_shroud_hypermotard.jpg,68d0c47d09554c358655174b,68d0c47e09554c358655174d,Tarun Automobiles,,17.423605,78.546314,premium,vintage,good,Hypermotard Fan Shroud Hypermotard Ducati  Cooling System heavy duty wear resistant for reduced maintenance,0,2025-08-15T00:00:00,2025-08-24T00:00:00
68d141f1b3fce85d4c560d7d,Racing Tank Cap - RS 125,RS 125,Aprilia,2021.0,,Fuel System,6548.0,oem quality precision engineered for superior reliability,20.0,3.9,18.0,0,https://example.com/images/tank_cap_rs_125.jpg,68d133bf3952f7cf7dee90b7,68d133bf3952f7cf7dee90b9,Jyothi Automobiles,Hyderabad,17.511409,78.350972,premium,modern,good,Racing Tank Cap - RS 125 RS 125 Aprilia  Fuel System oem quality precision engineered for superior reliability,0,2025-07-01T00:00:00,2025-09-08T00:00:00
68d141f1b3fce85d4c560d7e,Performance Warning Light - V12,V12,Bajaj,2024.0,,Safety,5872.0,racing quality high strength for enhanced durability,24.0,4.8,17.0,0,https://example.com/images/warning_light_v12.jpg,68d1346c3952f7cf7dee90d0,68d1346c3952f7cf7dee90d2,Kalyan Automobiles,Bala Nagar,17.475679,78.447328,premium,modern,excellent,Performance Warning Light - V12 V12 Bajaj  Safety racing quality high strength for enhanced durability,0,2025-09-06T00:00:00,2025-08-10T00:00:00
68d141f1b3fce85d4c560d7f,Premium Flywheel for Adventure 390,Adventure 390,Ktm,2017.0,,Engine,17159.0,oem quality corrosion resistant for reduced maintenance,4.0,4.8,48.0,0,https://example.com/images/flywheel_adventure_390.jpg,68d134ac3952f7cf7dee90e3,68d134ac3952f7cf7dee90e5,Shiva sai Automobiles,Mahabubabad,17.594209,80.006903,premium,classic,excellent,Premium Flywheel for Adventure 390 Adventure 390 Ktm  Engine oem quality corrosion resistant for reduced maintenance,0,2025-08-04T00:00:00,2025-09-06T00:00:00
68d141f1b3fce85d4c560d80,Wind Screen Assembly - MT-03,MT-03,Yamaha,2022.0,,Body Parts,2604.0,high performance heat treated for smoother operation,9.0,4.3,4.0,0,https://example.com/images/wind_screen_mt_03.jpg,68d135063952f7cf7dee90f6,68d135063952f7cf7dee90f8,Manoj Automobiles,Dilshknagar,17.367642,78.534282,mid-range,modern,good,Wind Screen Assembly - MT-03 MT-03 Yamaha  Body Parts high performance heat treated for smoother operation,0,2025-07-14T00:00:00,2025-09-04T00:00:00
68d141f1b3fce85d4c560d81,Racing Fuel Cock - SuperSport,SuperSport,Ducati,2014.0,,Fuel System,8177.0,premium quality temperature stable for better fuel economy,29.0,4.6,15.0,0,https://example.com/images/fuel_cock_supersport.jpg,68d135833952f7cf7dee9109,68d135833952f7cf7dee910b,Mounika Automobiles,Karimnagar,18.435781,79.132861,premium,vintage,excellent,Racing Fuel Cock - SuperSport SuperSport Ducati  Fuel System premium quality temperature stable for better fuel economy,0,2025-09-04T00:00:00,2025-07-22T00:00:00
68d141f1b3fce85d4c560d82,Transmission Filter Assembly - Gold Wing,Gold Wing,Honda,2024.0,,Filters,564.0,street performance precision engineered for longer life,22.0,4.8,15.0,0,https://example.com/images/transmission_filter_gold_wing.jpg,68d135d63952f7cf7dee911e,68d135d63952f7cf7dee9120,baskar Automobiles,Medak,18.048948,78.269372,budget,modern,excellent,Transmission Filter Assembly - Gold Wing Gold Wing Honda  Filters street performance precision engineered for longer life,0,2025-07-18T00:00:00,2025-08-14T00:00:00
68d141f1b3fce85d4c560d83,SuperSport Headlight Lens,SuperSport,Ducati,2020.0,,Lighting,3854.0,racing quality eco friendly for enhanced stability,9.0,4.5,10.0,0,https://example.com/images/headlight_lens_supersport.jpg,68d136193952f7cf7dee9131,68d136193952f7cf7dee9133,Mahesh Automobiles,Khammam,17.249885,80.15615,mid-range,modern,excellent,SuperSport Headlight Lens SuperSport Ducati  Lighting racing quality eco friendly for enhanced stability,0,2025-07-15T00:00:00,2025-07-15T00:00:00
68d141f1b3fce85d4c560d84,Torque Converter Assembly - Pulsar 220,Pulsar 220,Bajaj,2017.0,,Drivetrain,3657.0,premium quality corrosion resistant for smoother operation,21.0,3.6,5.0,0,https://example.com/images/torque_converter_pulsar_220.jpg,689d6959045c37933826818b,689d6959045c37933826818d,sai automobiles,RAMNAGAR COLONY PEERZADIGUDA UPPAL HYDERABAD,17.390358,78.606729,mid-range,classic,good,Torque Converter Assembly - Pulsar 220 Pulsar 220 Bajaj  Drivetrain premium quality corrosion resistant for smoother operation,0,2025-07-25T00:00:00,2025-07-22T00:00:00
68d141f1b3fce85d4c560d85,RS 125 Emergency Brake,RS 125,Aprilia,2019.0,,Brakes,3167.0,high performance heat treated for better control,18.0,4.5,9.0,0,https://example.com/images/emergency_brake_rs_125.jpg,68ac2a8e3c73e23c655de052,68ac2a8f3c73e23c655de054,Swathi Automobiles,Chappal Bazar Road - Kachiguda ,17.38953,78.491245,mid-range,classic,excellent,RS 125 Emergency Brake RS 125 Aprilia  Brakes high performance heat treated for better control,0,2025-09-16T00:00:00,2025-07-24T00:00:00
68d141f1b3fce85d4c560d86,Performance Indicator Bulb - Duke 390,Duke 390,Ktm,2012.0,,Lighting,5381.0,high performance eco friendly for maximum protection,25.0,4.3,45.0,0,https://example.com/images/indicator_bulb_duke_390.jpg,68d0c47d09554c358655174b,68d0c47e09554c358655174d,Tarun Automobiles,,17.423605,78.546314,mid-range,vintage,good,Performance Indicator Bulb - Duke 390 Duke 390 Ktm  Lighting high performance eco friendly for maximum protection,0,2025-09-20T00:00:00,2025-08-20T00:00:00
68d141f1b3fce85d4c560d87,Benelli Exhaust Clamp for TNT 600i,TNT 600i,Benelli,2012.0,,Exhaust,13787.0,premium quality chemical resistant for smoother operation,20.0,3.6,17.0,0,https://example.com/images/exhaust_clamp_tnt_600i.jpg,68d133bf3952f7cf7dee90b7,68d133bf3952f7cf7dee90b9,Jyothi Automobiles,Hyderabad,17.511409,78.350972,premium,vintage,good,Benelli Exhaust Clamp for TNT 600i TNT 600i Benelli  Exhaust premium quality chemical resistant for smoother operation,0,2025-07-19T00:00:00,2025-08-13T00:00:00
68d141f1b3fce85d4c560d88,RC 125 Tire Valve,RC 125,Ktm,2019.0,,Wheels & Tires,11648.0,professional grade eco friendly for optimal efficiency,7.0,4.2,11.0,0,https://example.com/images/tire_valve_rc_125.jpg,68d1346c3952f7cf7dee90d0,68d1346c3952f7cf7dee90d2,Kalyan Automobiles,Bala Nagar,17.475679,78.447328,premium,classic,good,RC 125 Tire Valve RC 125 Ktm  Wheels & Tires professional grade eco friendly for optimal efficiency,0,2025-08-27T00:00:00,2025-07-28T00:00:00
68d141f1b3fce85d4c560d89,Racing Tire Pressure Sensor - Ignitor,Ignitor,Hero,2021.0,,Wheels & Tires,7422.0,professional grade eco friendly for increased power,22.0,3.5,11.0,0,https://example.com/images/tire_pressure_sensor_ignitor.jpg,68d134ac3952f7cf7dee90e3,68d134ac3952f7cf7dee90e5,Shiva sai Automobiles,Mahabubabad,17.594209,80.006903,premium,modern,good,Racing Tire Pressure Sensor - Ignitor Ignitor Hero  Wheels & Tires professional grade eco friendly for increased power,0,2025-09-20T00:00:00,2025-08-05T00:00:00
68d141f1b3fce85d4c560d8a,Caliper Piston - Monaco,Monaco,Yezdi,2020.0,,Brakes,1323.0,precision made wear resistant for maximum protection,15.0,4.0,6.0,0,https://example.com/images/caliper_piston_monaco.jpg,68d135063952f7cf7dee90f6,68d135063952f7cf7dee90f8,Manoj Automobiles,Dilshknagar,17.367642,78.534282,mid-range,modern,good,Caliper Piston - Monaco Monaco Yezdi  Brakes precision made wear resistant for maximum protection,0,2025-09-10T00:00:00,2025-09-06T00:00:00
68d141f1b3fce85d4c560d8b,CBZ Xtreme GPS Mount,CBZ Xtreme,Hero,2018.0,,Accessories,1591.0,superior corrosion resistant for better control,16.0,3.4,36.0,0,https://example.com/images/gps_mount_cbz_xtreme.jpg,68d135833952f7cf7dee9109,68d135833952f7cf7dee910b,Mounika Automobiles,Karimnagar,18.435781,79.132861,mid-range,classic,good,CBZ Xtreme GPS Mount CBZ Xtreme Hero  Accessories superior corrosion resistant for better control,0,2025-09-13T00:00:00,2025-08-20T00:00:00
68d141f1b3fce85d4c560d8c,OEM Number Plate Holder - GSX-S750,GSX-S750,Suzuki,2013.0,,Body Parts,2040.0,professional grade fuel efficient for reduced maintenance,27.0,4.7,36.0,0,https://example.com/images/number_plate_holder_gsx_s750.jpg,68d135d63952f7cf7dee911e,68d135d63952f7cf7dee9120,baskar Automobiles,Medak,18.048948,78.269372,mid-range,vintage,excellent,OEM Number Plate Holder - GSX-S750 GSX-S750 Suzuki  Body Parts professional grade fuel efficient for reduced maintenance,0,2025-09-04T00:00:00,2025-08-11T00:00:00
68d141f1b3fce85d4c560d8d,Horn - LiveWire,LiveWire,Harley-Davidson,2012.0,,Electrical,1612.0,industrial grade vibration dampening for reduced maintenance,18.0,4.8,33.0,0,https://example.com/images/horn_livewire.jpg,68d136193952f7cf7dee9131,68d136193952f7cf7dee9133,Mahesh Automobiles,Khammam,17.249885,80.15615,mid-range,vintage,excellent,Horn - LiveWire LiveWire Harley-Davidson  Electrical industrial grade vibration dampening for reduced maintenance,0,2025-08-13T00:00:00,2025-07-18T00:00:00
68d141f1b3fce85d4c560d8e,OEM Spark Plug Cap - Karizma XMR,Karizma XMR,Hero,2024.0,,Ignition,1342.0,precision made precision engineered for reduced maintenance,5.0,4.7,11.0,0,https://example.com/images/spark_plug_cap_karizma_xmr.jpg,689d6959045c37933826818b,689d6959045c37933826818d,sai automobiles,RAMNAGAR COLONY PEERZADIGUDA UPPAL HYDERABAD,17.390358,78.606729,mid-range,modern,excellent,OEM Spark Plug Cap - Karizma XMR Karizma XMR Hero  Ignition precision made precision engineered for reduced maintenance,0,2025-09-02T00:00:00,2025-07-28T00:00:00
68d141f1b3fce85d4c560d8f,OEM Battery Box - Thruxton RS,Thruxton RS,Triumph,2018.0,,Body Parts,4035.0,advanced corrosion resistant for enhanced durability,19.0,4.8,10.0,0,https://example.com/images/battery_box_thruxton_rs.jpg,68ac2a8e3c73e23c655de052,68ac2a8f3c73e23c655de054,Swathi Automobiles,Chappal Bazar Road - Kachiguda ,17.38953,78.491245,mid-range,classic,excellent,OEM Battery Box - Thruxton RS Thruxton RS Triumph  Body Parts advanced corrosion resistant for enhanced durability,0,2025-08-27T00:00:00,2025-07-22T00:00:00
68d141f1b3fce85d4c560d90,Honda Brake Light Bulb for SP 125,SP 125,Honda,2017.0,,Lighting,2261.0,premium quality impact resistant for enhanced safety,28.0,3.8,14.0,0,https://example.com/images/brake_light_bulb_sp_125.jpg,68d0c47d09554c358655174b,68d0c47e09554c358655174d,Tarun Automobiles,,17.423605,78.546314,mid-range,classic,good,Honda Brake Light Bulb for SP 125 SP 125 Honda  Lighting premium quality impact resistant for enhanced safety,0,2025-08-03T00:00:00,2025-09-10T00:00:00
68d141f1b3fce85d4c560d91,Premium Engine Mount for Ignitor,Ignitor,Hero,2016.0,,Engine,23428.0,heavy duty long lasting for optimal efficiency,25.0,3.9,21.0,0,https://example.com/images/engine_mount_ignitor.jpg,68d133bf3952f7cf7dee90b7,68d133bf3952f7cf7dee90b9,Jyothi Automobiles,Hyderabad,17.511409,78.350972,premium,classic,good,Premium Engine Mount for Ignitor Ignitor Hero  Engine heavy duty long lasting for optimal efficiency,0,2025-07-07T00:00:00,2025-08-24T00:00:00
68d141f1b3fce85d4c560d92,Genuine Emergency Kit - Platina 110,Platina 110,Bajaj,2020.0,,Safety,4559.0,superior heat treated for improved performance,17.0,4.3,13.0,0,https://example.com/images/emergency_kit_platina_110.jpg,68d1346c3952f7cf7dee90d0,68d1346c3952f7cf7dee90d2,Kalyan Automobiles,Bala Nagar,17.475679,78.447328,mid-range,modern,good,Genuine Emergency Kit - Platina 110 Platina 110 Bajaj  Safety superior heat treated for improved performance,0,2025-09-19T00:00:00,2025-07-09T00:00:00
68d141f2b3fce85d4c560d93,Heavy Duty Rotor - R15M,R15M,Yamaha,2020.0,,Ignition,737.0,street performance precision engineered for better handling,10.0,3.3,3.0,0,https://example.com/images/rotor_r15m.jpg,68d134ac3952f7cf7dee90e3,68d134ac3952f7cf7dee90e5,Shiva sai Automobiles,Mahabubabad,17.594209,80.006903,budget,modern,good,Heavy Duty Rotor - R15M R15M Yamaha  Ignition street performance precision engineered for better handling,0,2025-08-29T00:00:00,2025-08-25T00:00:00
68d141f2b3fce85d4c560d94,OEM Gear Box - TNT 1130R,TNT 1130R,Benelli,2011.0,,Transmission,10785.0,high performance impact resistant for better control,18.0,4.3,11.0,0,https://example.com/images/gear_box_tnt_1130r.jpg,68d135063952f7cf7dee90f6,68d135063952f7cf7dee90f8,Manoj Automobiles,Dilshknagar,17.367642,78.534282,premium,vintage,good,OEM Gear Box - TNT 1130R TNT 1130R Benelli  Transmission high performance impact resistant for better control,0,2025-08-15T00:00:00,2025-08-10T00:00:00
68d141f2b3fce85d4c560d95,Heavy Duty Output Shaft - Centuro,Centuro,Mahindra,2013.0,,Transmission,4405.0,durable wear resistant for enhanced durability,4.0,4.4,37.0,0,https://example.com/images/output_shaft_centuro.jpg,68d135833952f7cf7dee9109,68d135833952f7cf7dee910b,Mounika Automobiles,Karimnagar,18.435781,79.132861,mid-range,vintage,good,Heavy Duty Output Shaft - Centuro Centuro Mahindra  Transmission durable wear resistant for enhanced durability,0,2025-08-04T00:00:00,2025-07-29T00:00:00
68d141f2b3fce85d4c560d96,Hand Guards - Challenger,Challenger,Indian,2023.0,,Accessories,2818.0,precision made chemical resistant for better control,26.0,3.3,33.0,0,https://example.com/images/hand_guards_challenger.jpg,68d135d63952f7cf7dee911e,68d135d63952f7cf7dee9120,baskar Automobiles,Medak,18.048948,78.269372,mid-range,modern,good,Hand Guards - Challenger Challenger Indian  Accessories precision made chemical resistant for better control,0,2025-08-06T00:00:00,2025-08-15T00:00:00
68d141f2b3fce85d4c560d97,OEM Brake Hose - V-Strom SX,V-Strom SX,Suzuki,2010.0,,Brakes,1599.0,premium quality precision engineered for enhanced safety,5.0,3.3,22.0,0,https://example.com/images/brake_hose_v_strom_sx.jpg,68d136193952f7cf7dee9131,68d136193952f7cf7dee9133,Mahesh Automobiles,Khammam,17.249885,80.15615,mid-range,vintage,good,OEM Brake Hose - V-Strom SX V-Strom SX Suzuki  Brakes premium quality precision engineered for enhanced safety,0,2025-07-01T00:00:00,2025-09-15T00:00:00
68d141f2b3fce85d4c560d98,Premium Crankshaft for Z900,Z900,Kawasaki,2015.0,,Engine,2093.0,long lasting heat treated for reduced maintenance,15.0,3.8,21.0,0,https://example.com/images/crankshaft_z900.jpg,689d6959045c37933826818b,689d6959045c37933826818d,sai automobiles,RAMNAGAR COLONY PEERZADIGUDA UPPAL HYDERABAD,17.390358,78.606729,mid-range,classic,good,Premium Crankshaft for Z900 Z900 Kawasaki  Engine long lasting heat treated for reduced maintenance,0,2025-09-02T00:00:00,2025-07-13T00:00:00
68d141f2b3fce85d4c560d99,Max 125 Kick Starter,Max 125,Tvs,2016.0,,Transmission,3869.0,premium quality impact resistant for increased power,28.0,4.3,7.0,0,https://example.com/images/kick_starter_max_125.jpg,68ac2a8e3c73e23c655de052,68ac2a8f3c73e23c655de054,Swathi Automobiles,Chappal Bazar Road - Kachiguda ,17.38953,78.491245,mid-range,classic,good,Max 125 Kick Starter Max 125 Tvs  Transmission premium quality impact resistant for increased power,0,2025-09-20T00:00:00,2025-07-18T00:00:00
68d141f2b3fce85d4c560d9a,Performance Exhaust Gasket - Avenger Street 160,Avenger Street 160,Bajaj,2025.0,,Exhaust,19263.0,oem quality corrosion resistant for increased power,30.0,3.3,20.0,0,https://example.com/images/exhaust_gasket_avenger_street_160.jpg,68d0c47d09554c358655174b,68d0c47e09554c358655174d,Tarun Automobiles,,17.423605,78.546314,premium,modern,good,Performance Exhaust Gasket - Avenger Street 160 Avenger Street 160 Bajaj  Exhaust oem quality corrosion resistant for increased power,0,2025-07-29T00:00:00,2025-08-01T00:00:00
68d141f2b3fce85d4c560d9b,Rear Brake Pad Assembly - Tiger 1200,Tiger 1200,Triumph,2010.0,,Brakes,2306.0,long lasting high strength for better control,11.0,3.2,43.0,0,https://example.com/images/rear_brake_pad_tiger_1200.jpg,68d133bf3952f7cf7dee90b7,68d133bf3952f7cf7dee90b9,Jyothi Automobiles,Hyderabad,17.511409,78.350972,mid-range,vintage,good,Rear Brake Pad Assembly - Tiger 1200 Tiger 1200 Triumph  Brakes long lasting high strength for better control,0,2025-08-20T00:00:00,2025-08-06T00:00:00
68d141f2b3fce85d4c560d9c,Genuine Fuel Gauge - 42,42,Jawa,2022.0,,Fuel System,3813.0,heavy duty heat treated for enhanced durability,2.0,4.6,14.0,0,https://example.com/images/fuel_gauge_42.jpg,68d1346c3952f7cf7dee90d0,68d1346c3952f7cf7dee90d2,Kalyan Automobiles,Bala Nagar,17.475679,78.447328,mid-range,modern,excellent,Genuine Fuel Gauge - 42 42 Jawa  Fuel System heavy duty heat treated for enhanced durability,0,2025-07-05T00:00:00,2025-08-27T00:00:00
68d141f2b3fce85d4c560d9d,Racing Ground Wire - Challenger,Challenger,Indian,2018.0,,Electrical,7710.0,heavy duty precision engineered for better fuel economy,27.0,4.4,10.0,0,https://example.com/images/ground_wire_challenger.jpg,68d134ac3952f7cf7dee90e3,68d134ac3952f7cf7dee90e5,Shiva sai Automobiles,Mahabubabad,17.594209,80.006903,premium,classic,good,Racing Ground Wire - Challenger Challenger Indian  Electrical heavy duty precision engineered for better fuel economy,0,2025-07-10T00:00:00,2025-07-05T00:00:00
68d141f2b3fce85d4c560d9e,Genuine Cylinder Block - Adventure,Adventure,Yezdi,2020.0,,Engine,11711.0,precision made corrosion resistant for improved comfort,24.0,4.8,23.0,0,https://example.com/images/cylinder_block_adventure.jpg,68d135063952f7cf7dee90f6,68d135063952f7cf7dee90f8,Manoj Automobiles,Dilshknagar,17.367642,78.534282,premium,modern,excellent,Genuine Cylinder Block - Adventure Adventure Yezdi  Engine precision made corrosion resistant for improved comfort,0,2025-07-13T00:00:00,2025-09-14T00:00:00
68d141f2b3fce85d4c560d9f,Triumph Alternator for Scrambler 1200,Scrambler 1200,Triumph,2025.0,,Electrical,4244.0,professional grade long lasting for enhanced stability,5.0,3.3,20.0,0,https://example.com/images/alternator_scrambler_1200.jpg,68d135833952f7cf7dee9109,68d135833952f7cf7dee910b,Mounika Automobiles,Karimnagar,18.435781,79.132861,mid-range,modern,good,Triumph Alternator for Scrambler 1200 Scrambler 1200 Triumph  Electrical professional grade long lasting for enhanced stability,0,2025-08-13T00:00:00,2025-07-24T00:00:00
68d141f2b3fce85d4c560da0,Performance Chain Guard - Ntorq 125,Ntorq 125,Tvs,2023.0,,Body Parts,1473.0,long lasting weather resistant for longer life,16.0,4.9,32.0,0,https://example.com/images/chain_guard_ntorq_125.jpg,68d135d63952f7cf7dee911e,68d135d63952f7cf7dee9120,baskar Automobiles,Medak,18.048948,78.269372,mid-range,modern,excellent,Performance Chain Guard - Ntorq 125 Ntorq 125 Tvs  Body Parts long lasting weather resistant for longer life,0,2025-09-21T00:00:00,2025-08-24T00:00:00
68d141f2b3fce85d4c560da1,Trigger Coil - G 310 R,G 310 R,Bmw,2017.0,,Ignition,903.0,street performance precision engineered for improved performance,23.0,3.4,44.0,0,https://example.com/images/trigger_coil_g_310_r.jpg,68d136193952f7cf7dee9131,68d136193952f7cf7dee9133,Mahesh Automobiles,Khammam,17.249885,80.15615,mid-range,classic,good,Trigger Coil - G 310 R G 310 R Bmw  Ignition street performance precision engineered for improved performance,0,2025-09-12T00:00:00,2025-07-29T00:00:00
68d141f2b3fce85d4c560da2,Jawa Riding Gloves for Perak,Perak,Jawa,2012.0,,Safety,5251.0,superior chemical resistant for better fuel economy,26.0,4.6,38.0,0,https://example.com/images/riding_gloves_perak.jpg,689d6959045c37933826818b,689d6959045c37933826818d,sai automobiles,RAMNAGAR COLONY PEERZADIGUDA UPPAL HYDERABAD,17.390358,78.606729,mid-range,vintage,excellent,Jawa Riding Gloves for Perak Perak Jawa  Safety superior chemical resistant for better fuel economy,0,2025-07-05T00:00:00,2025-09-04T00:00:00
68d141f2b3fce85d4c560da3,Performance Hub Bearing - Zesto,Zesto,Mahindra,2016.0,,Wheels & Tires,6322.0,street performance vibration dampening for maximum protection,15.0,3.2,48.0,0,https://example.com/images/hub_bearing_zesto.jpg,68ac2a8e3c73e23c655de052,68ac2a8f3c73e23c655de054,Swathi Automobiles,Chappal Bazar Road - Kachiguda ,17.38953,78.491245,premium,classic,good,Performance Hub Bearing - Zesto Zesto Mahindra  Wheels & Tires street performance vibration dampening for maximum protection,0,2025-08-30T00:00:00,2025-09-15T00:00:00
68d141f2b3fce85d4c560da4,Engine Cover - Brutale 1000,Brutale 1000,Mv Agusta,2018.0,,Body Parts,3807.0,enhanced temperature stable for optimal efficiency,19.0,4.8,22.0,0,https://example.com/images/engine_cover_brutale_1000.jpg,68d0c47d09554c358655174b,68d0c47e09554c358655174d,Tarun Automobiles,,17.423605,78.546314,mid-range,classic,excellent,Engine Cover - Brutale 1000 Brutale 1000 Mv Agusta  Body Parts enhanced temperature stable for optimal efficiency,0,2025-07-24T00:00:00,2025-07-01T00:00:00
68d141f2b3fce85d4c560da5,Heavy Duty Brake Cable - Adventure,Adventure,Yezdi,2020.0,,Brakes,2316.0,durable heat treated for reduced maintenance,20.0,3.2,31.0,0,https://example.com/images/brake_cable_adventure.jpg,68d133bf3952f7cf7dee90b7,68d133bf3952f7cf7dee90b9,Jyothi Automobiles,Hyderabad,17.511409,78.350972,mid-range,modern,good,Heavy Duty Brake Cable - Adventure Adventure Yezdi  Brakes durable heat treated for reduced maintenance,0,2025-08-02T00:00:00,2025-09-20T00:00:00
68d141f2b3fce85d4c560da6,TVS Chain Adjuster for Apache RTR 160 4V,Apache RTR 160 4V,Tvs,2011.0,,Drivetrain,845.0,precision made vibration dampening for improved performance,26.0,4.3,37.0,0,https://example.com/images/chain_adjuster_apache_rtr_160_4v.jpg,68d1346c3952f7cf7dee90d0,68d1346c3952f7cf7dee90d2,Kalyan Automobiles,Bala Nagar,17.475679,78.447328,budget,vintage,good,TVS Chain Adjuster for Apache RTR 160 4V Apache RTR 160 4V Tvs  Drivetrain precision made vibration dampening for improved performance,0,2025-08-25T00:00:00,2025-08-13T00:00:00
68d141f2b3fce85d4c560da7,Performance Rim - GSX-R600,GSX-R600,Suzuki,2021.0,,Wheels & Tires,12248.0,precision made corrosion resistant for enhanced durability,15.0,3.4,9.0,0,https://example.com/images/rim_gsx_r600.jpg,68d134ac3952f7cf7dee90e3,68d134ac3952f7cf7dee90e5,Shiva sai Automobiles,Mahabubabad,17.594209,80.006903,premium,modern,good,Performance Rim - GSX-R600 GSX-R600 Suzuki  Wheels & Tires precision made corrosion resistant for enhanced durability,0,2025-09-08T00:00:00,2025-08-20T00:00:00
68d141f2b3fce85d4c560da8,OEM Suspension Linkage - Maestro Edge,Maestro Edge,Hero,2012.0,,Suspension,12231.0,long lasting temperature stable for reduced maintenance,26.0,4.8,10.0,0,https://example.com/images/suspension_linkage_maestro_edge.jpg,68d135063952f7cf7dee90f6,68d135063952f7cf7dee90f8,Manoj Automobiles,Dilshknagar,17.367642,78.534282,premium,vintage,excellent,OEM Suspension Linkage - Maestro Edge Maestro Edge Hero  Suspension long lasting temperature stable for reduced maintenance,0,2025-07-15T00:00:00,2025-09-09T00:00:00
68d141f2b3fce85d4c560da9,Kine Fuel Sensor,Kine,Mahindra,2013.0,,Fuel System,9893.0,racing quality eco friendly for enhanced durability,10.0,3.7,2.0,0,https://example.com/images/fuel_sensor_kine.jpg,68d135833952f7cf7dee9109,68d135833952f7cf7dee910b,Mounika Automobiles,Karimnagar,18.435781,79.132861,premium,vintage,good,Kine Fuel Sensor Kine Mahindra  Fuel System racing quality eco friendly for enhanced durability,0,2025-07-23T00:00:00,2025-07-21T00:00:00
68d141f2b3fce85d4c560daa,Genuine Handlebar Grip - XL100,XL100,Tvs,2017.0,,Accessories,1301.0,industrial grade corrosion resistant for improved comfort,14.0,3.8,0.0,0,https://example.com/images/handlebar_grip_xl100.jpg,68d135d63952f7cf7dee911e,68d135d63952f7cf7dee9120,baskar Automobiles,Medak,18.048948,78.269372,mid-range,classic,good,Genuine Handlebar Grip - XL100 XL100 Tvs  Accessories industrial grade corrosion resistant for improved comfort,0,2025-09-13T00:00:00,2025-07-23T00:00:00
68d141f2b3fce85d4c560dab,Racing Torque Converter - Vulcan S,Vulcan S,Kawasaki,2020.0,,Drivetrain,7692.0,street performance chemical resistant for improved comfort,13.0,4.1,23.0,0,https://example.com/images/torque_converter_vulcan_s.jpg,68d136193952f7cf7dee9131,68d136193952f7cf7dee9133,Mahesh Automobiles,Khammam,17.249885,80.15615,premium,modern,good,Racing Torque Converter - Vulcan S Vulcan S Kawasaki  Drivetrain street performance chemical resistant for improved comfort,0,2025-07-30T00:00:00,2025-08-19T00:00:00
68d141f2b3fce85d4c560dac,Genuine Oil Ring - Monaco,Monaco,Yezdi,2018.0,,Engine,3072.0,professional grade vibration dampening for improved comfort,14.0,3.2,27.0,0,https://example.com/images/oil_ring_monaco.jpg,689d6959045c37933826818b,689d6959045c37933826818d,sai automobiles,RAMNAGAR COLONY PEERZADIGUDA UPPAL HYDERABAD,17.390358,78.606729,mid-range,classic,good,Genuine Oil Ring - Monaco Monaco Yezdi  Engine professional grade vibration dampening for improved comfort,0,2025-08-13T00:00:00,2025-07-20T00:00:00
68d141f2b3fce85d4c560dad,Premium License Plate Light for 1290 Super Adventure S,1290 Super Adventure S,Ktm,2024.0,,Lighting,2166.0,long lasting impact resistant for enhanced durability,4.0,4.1,16.0,0,https://example.com/images/license_plate_light_1290_super_adventure_s.jpg,68ac2a8e3c73e23c655de052,68ac2a8f3c73e23c655de054,Swathi Automobiles,Chappal Bazar Road - Kachiguda ,17.38953,78.491245,mid-range,modern,good,Premium License Plate Light for 1290 Super Adventure S 1290 Super Adventure S Ktm  Lighting long lasting impact resistant for enhanced durability,0,2025-07-28T00:00:00,2025-09-19T00:00:00
68d141f2b3fce85d4c560dae,Premium Fuel Sensor for CBR250R,CBR250R,Honda,2024.0,,Fuel System,4496.0,racing quality fuel efficient for improved comfort,27.0,4.4,33.0,0,https://example.com/images/fuel_sensor_cbr250r.jpg,68d0c47d09554c358655174b,68d0c47e09554c358655174d,Tarun Automobiles,,17.423605,78.546314,mid-range,modern,good,Premium Fuel Sensor for CBR250R CBR250R Honda  Fuel System racing quality fuel efficient for improved comfort,0,2025-09-13T00:00:00,2025-07-11T00:00:00
68d141f2b3fce85d4c560daf,R nineT Fan Shroud,R nineT,Bmw,2020.0,,Cooling System,8043.0,enhanced wear resistant for superior reliability,24.0,5.0,48.0,0,https://example.com/images/fan_shroud_r_ninet.jpg,68d133bf3952f7cf7dee90b7,68d133bf3952f7cf7dee90b9,Jyothi Automobiles,Hyderabad,17.511409,78.350972,premium,modern,excellent,R nineT Fan Shroud R nineT Bmw  Cooling System enhanced wear resistant for superior reliability,0,2025-07-13T00:00:00,2025-09-03T00:00:00
68d141f2b3fce85d4c560db0,Genuine Grease - Street Triple,Street Triple,Triumph,2022.0,,Maintenance,780.0,professional grade fuel efficient for enhanced safety,6.0,4.7,22.0,0,https://example.com/images/grease_street_triple.jpg,68d1346c3952f7cf7dee90d0,68d1346c3952f7cf7dee90d2,Kalyan Automobiles,Bala Nagar,17.475679,78.447328,budget,modern,excellent,Genuine Grease - Street Triple Street Triple Triumph  Maintenance professional grade fuel efficient for enhanced safety,0,2025-07-11T00:00:00,2025-09-15T00:00:00
68d141f2b3fce85d4c560db1,Ducati Carbon Filter for Diavel,Diavel,Ducati,2025.0,,Filters,754.0,professional grade chemical resistant for enhanced stability,12.0,4.6,27.0,0,https://example.com/images/carbon_filter_diavel.jpg,68d134ac3952f7cf7dee90e3,68d134ac3952f7cf7dee90e5,Shiva sai Automobiles,Mahabubabad,17.594209,80.006903,budget,modern,excellent,Ducati Carbon Filter for Diavel Diavel Ducati  Filters professional grade chemical resistant for enhanced stability,0,2025-07-23T00:00:00,2025-08-29T00:00:00
68d141f2b3fce85d4c560db2,Premium Assembly Paste for SR 160,SR 160,Aprilia,2020.0,,Maintenance,958.0,premium quality heat treated for better control,15.0,3.9,18.0,0,https://example.com/images/assembly_paste_sr_160.jpg,68d135063952f7cf7dee90f6,68d135063952f7cf7dee90f8,Manoj Automobiles,Dilshknagar,17.367642,78.534282,mid-range,modern,good,Premium Assembly Paste for SR 160 SR 160 Aprilia  Maintenance premium quality heat treated for better control,0,2025-08-07T00:00:00,2025-09-08T00:00:00
68d141f2b3fce85d4c560db3,Heavy Duty Emergency Brake - Adventure,Adventure,Yezdi,2015.0,,Brakes,1431.0,advanced high strength for improved comfort,6.0,3.7,49.0,0,https://example.com/images/emergency_brake_adventure.jpg,68d135833952f7cf7dee9109,68d135833952f7cf7dee910b,Mounika Automobiles,Karimnagar,18.435781,79.132861,mid-range,classic,good,Heavy Duty Emergency Brake - Adventure Adventure Yezdi  Brakes advanced high strength for improved comfort,0,2025-09-02T00:00:00,2025-07-28T00:00:00
68d141f2b3fce85d4c560db4,Performance Chain Guide - GSX-R600,GSX-R600,Suzuki,2019.0,,Drivetrain,1034.0,professional grade impact resistant for enhanced stability,19.0,4.0,9.0,0,https://example.com/images/chain_guide_gsx_r600.jpg,68d135d63952f7cf7dee911e,68d135d63952f7cf7dee9120,baskar Automobiles,Medak,18.048948,78.269372,mid-range,classic,good,Performance Chain Guide - GSX-R600 GSX-R600 Suzuki  Drivetrain professional grade impact resistant for enhanced stability,0,2025-09-02T00:00:00,2025-08-16T00:00:00
68d141f2b3fce85d4c560db5,Premium Seat Cover for Sportster S,Sportster S,Harley-Davidson,2013.0,,Body Parts,4639.0,high performance weather resistant for maximum protection,22.0,4.4,48.0,0,https://example.com/images/seat_cover_sportster_s.jpg,68d136193952f7cf7dee9131,68d136193952f7cf7dee9133,Mahesh Automobiles,Khammam,17.249885,80.15615,mid-range,vintage,good,Premium Seat Cover for Sportster S Sportster S Harley-Davidson  Body Parts high performance weather resistant for maximum protection,0,2025-08-21T00:00:00,2025-08-19T00:00:00
68d141f2b3fce85d4c560db6,Premium Assembly Paste for Sport,Sport,Tvs,2016.0,,Maintenance,625.0,long lasting temperature stable for improved performance,4.0,3.4,44.0,0,https://example.com/images/assembly_paste_sport.jpg,689d6959045c37933826818b,689d6959045c37933826818d,sai automobiles,RAMNAGAR COLONY PEERZADIGUDA UPPAL HYDERABAD,17.390358,78.606729,budget,classic,good,Premium Assembly Paste for Sport Sport Tvs  Maintenance long lasting temperature stable for improved performance,0,2025-09-18T00:00:00,2025-09-07T00:00:00
68d141f2b3fce85d4c560db7,Heavy Duty Paper Filter - TRK 502,TRK 502,Benelli,2024.0,,Filters,647.0,racing quality fuel efficient for enhanced safety,5.0,4.8,7.0,0,https://example.com/images/paper_filter_trk_502.jpg,68ac2a8e3c73e23c655de052,68ac2a8f3c73e23c655de054,Swathi Automobiles,Chappal Bazar Road - Kachiguda ,17.38953,78.491245,budget,modern,excellent,Heavy Duty Paper Filter - TRK 502 TRK 502 Benelli  Filters racing quality fuel efficient for enhanced safety,0,2025-08-02T00:00:00,2025-07-28T00:00:00
68d141f2b3fce85d4c560db8,Genuine DRL Kit - FTR 1200,FTR 1200,Indian,2011.0,,Lighting,2109.0,oem quality eco friendly for maximum protection,7.0,3.8,4.0,0,https://example.com/images/drl_kit_ftr_1200.jpg,68d0c47d09554c358655174b,68d0c47e09554c358655174d,Tarun Automobiles,,17.423605,78.546314,mid-range,vintage,good,Genuine DRL Kit - FTR 1200 FTR 1200 Indian  Lighting oem quality eco friendly for maximum protection,0,2025-08-12T00:00:00,2025-07-02T00:00:00
68d141f2b3fce85d4c560db9,OEM Ignition Module - Superveloce 800,Superveloce 800,Mv Agusta,2023.0,,Ignition,1985.0,industrial grade long lasting for optimal efficiency,19.0,4.4,47.0,0,https://example.com/images/ignition_module_superveloce_800.jpg,68d133bf3952f7cf7dee90b7,68d133bf3952f7cf7dee90b9,Jyothi Automobiles,Hyderabad,17.511409,78.350972,mid-range,modern,good,OEM Ignition Module - Superveloce 800 Superveloce 800 Mv Agusta  Ignition industrial grade long lasting for optimal efficiency,0,2025-08-14T00:00:00,2025-09-10T00:00:00
68d141f2b3fce85d4c560dba,Xoom 110 Shock Spring,Xoom 110,Hero,2023.0,,Suspension,1853.0,industrial grade noise reducing for better fuel economy,3.0,4.8,26.0,0,https://example.com/images/shock_spring_xoom_110.jpg,68d1346c3952f7cf7dee90d0,68d1346c3952f7cf7dee90d2,Kalyan Automobiles,Bala Nagar,17.475679,78.447328,mid-range,modern,excellent,Xoom 110 Shock Spring Xoom 110 Hero  Suspension industrial grade noise reducing for better fuel economy,0,2025-09-20T00:00:00,2025-08-02T00:00:00
68d141f2b3fce85d4c560dbb,Heavy Duty Piston Kit - Grazia,Grazia,Honda,2022.0,,Engine,20751.0,precision made temperature stable for enhanced stability,23.0,3.4,40.0,0,https://example.com/images/piston_kit_grazia.jpg,68d134ac3952f7cf7dee90e3,68d134ac3952f7cf7dee90e5,Shiva sai Automobiles,Mahabubabad,17.594209,80.006903,premium,modern,good,Heavy Duty Piston Kit - Grazia Grazia Honda  Engine precision made temperature stable for enhanced stability,0,2025-07-30T00:00:00,2025-08-06T00:00:00
68d141f2b3fce85d4c560dbc,Genuine Tire Pressure Sensor - RD 350,RD 350,Yezdi,2010.0,,Wheels & Tires,6890.0,advanced heat treated for reduced maintenance,13.0,4.2,31.0,0,https://example.com/images/tire_pressure_sensor_rd_350.jpg,68d135063952f7cf7dee90f6,68d135063952f7cf7dee90f8,Manoj Automobiles,Dilshknagar,17.367642,78.534282,premium,vintage,good,Genuine Tire Pressure Sensor - RD 350 RD 350 Yezdi  Wheels & Tires advanced heat treated for reduced maintenance,0,2025-08-29T00:00:00,2025-08-27T00:00:00
68d141f2b3fce85d4c560dbd,Xtreme 160R Temperature Gauge,Xtreme 160R,Hero,2016.0,,Cooling System,5302.0,industrial grade impact resistant for smoother operation,29.0,3.7,49.0,0,https://example.com/images/temperature_gauge_xtreme_160r.jpg,68d135833952f7cf7dee9109,68d135833952f7cf7dee910b,Mounika Automobiles,Karimnagar,18.435781,79.132861,mid-range,classic,good,Xtreme 160R Temperature Gauge Xtreme 160R Hero  Cooling System industrial grade impact resistant for smoother operation,0,2025-08-17T00:00:00,2025-08-31T00:00:00
68d141f2b3fce85d4c560dbe,OEM Shift Drum - SP 125,SP 125,Honda,2025.0,,Transmission,11159.0,street performance chemical resistant for longer life,7.0,3.5,6.0,0,https://example.com/images/shift_drum_sp_125.jpg,68d135d63952f7cf7dee911e,68d135d63952f7cf7dee9120,baskar Automobiles,Medak,18.048948,78.269372,premium,modern,good,OEM Shift Drum - SP 125 SP 125 Honda  Transmission street performance chemical resistant for longer life,0,2025-09-14T00:00:00,2025-08-05T00:00:00
68d141f2b3fce85d4c560dbf,Yezdi Diode for Adventure,Adventure,Yezdi,2015.0,,Electrical,619.0,enhanced chemical resistant for better control,21.0,4.6,17.0,0,https://example.com/images/diode_adventure.jpg,68d136193952f7cf7dee9131,68d136193952f7cf7dee9133,Mahesh Automobiles,Khammam,17.249885,80.15615,budget,classic,excellent,Yezdi Diode for Adventure Adventure Yezdi  Electrical enhanced chemical resistant for better control,0,2025-07-01T00:00:00,2025-08-10T00:00:00
68d141f2b3fce85d4c560dc0,Triumph Vacuum Filter for Street Triple,Street Triple,Triumph,2015.0,,Filters,1754.0,high performance vibration dampening for enhanced stability,12.0,4.0,0.0,0,https://example.com/images/vacuum_filter_street_triple.jpg,689d6959045c37933826818b,689d6959045c37933826818d,sai automobiles,RAMNAGAR COLONY PEERZADIGUDA UPPAL HYDERABAD,17.390358,78.606729,mid-range,classic,good,Triumph Vacuum Filter for Street Triple Street Triple Triumph  Filters high performance vibration dampening for enhanced stability,0,2025-07-06T00:00:00,2025-09-01T00:00:00
68d141f2b3fce85d4c560dc1,SR 160 Upper Triple Tree,SR 160,Aprilia,2015.0,,Suspension,12236.0,durable eco friendly for longer life,26.0,3.8,0.0,0,https://example.com/images/upper_triple_tree_sr_160.jpg,68ac2a8e3c73e23c655de052,68ac2a8f3c73e23c655de054,Swathi Automobiles,Chappal Bazar Road - Kachiguda ,17.38953,78.491245,premium,classic,good,SR 160 Upper Triple Tree SR 160 Aprilia  Suspension durable eco friendly for longer life,0,2025-07-10T00:00:00,2025-08-29T00:00:00
68d141f2b3fce85d4c560dc2,Racing Clutch Hub - Gold Wing,Gold Wing,Honda,2010.0,,Transmission,2883.0,heavy duty impact resistant for improved performance,14.0,3.9,29.0,0,https://example.com/images/clutch_hub_gold_wing.jpg,68d0c47d09554c358655174b,68d0c47e09554c358655174d,Tarun Automobiles,,17.423605,78.546314,mid-range,vintage,good,Racing Clutch Hub - Gold Wing Gold Wing Honda  Transmission heavy duty impact resistant for improved performance,0,2025-08-22T00:00:00,2025-07-04T00:00:00
68d141f2b3fce85d4c560dc3,Premium Fuel Sensor for XDiavel,XDiavel,Ducati,2018.0,,Fuel System,8241.0,oem quality impact resistant for reduced maintenance,15.0,4.1,11.0,0,https://example.com/images/fuel_sensor_xdiavel.jpg,68d133bf3952f7cf7dee90b7,68d133bf3952f7cf7dee90b9,Jyothi Automobiles,Hyderabad,17.511409,78.350972,premium,classic,good,Premium Fuel Sensor for XDiavel XDiavel Ducati  Fuel System oem quality impact resistant for reduced maintenance,0,2025-08-28T00:00:00,2025-09-20T00:00:00
68d141f2b3fce85d4c560dc4,Chieftain Engine Oil,Chieftain,Indian,2017.0,,Maintenance,591.0,industrial grade precision engineered for improved comfort,13.0,3.8,6.0,0,https://example.com/images/engine_oil_chieftain.jpg,68d1346c3952f7cf7dee90d0,68d1346c3952f7cf7dee90d2,Kalyan Automobiles,Bala Nagar,17.475679,78.447328,budget,classic,good,Chieftain Engine Oil Chieftain Indian  Maintenance industrial grade precision engineered for improved comfort,0,2025-08-24T00:00:00,2025-09-14T00:00:00
68d141f2b3fce85d4c560dc5,Standard Ground Wire,Standard,Jawa,2019.0,,Electrical,4997.0,professional grade heat treated for enhanced stability,14.0,3.6,8.0,0,https://example.com/images/ground_wire_standard.jpg,68d134ac3952f7cf7dee90e3,68d134ac3952f7cf7dee90e5,Shiva sai Automobiles,Mahabubabad,17.594209,80.006903,mid-range,classic,good,Standard Ground Wire Standard Jawa  Electrical professional grade heat treated for enhanced stability,0,2025-08-22T00:00:00,2025-07-15T00:00:00
68d141f2b3fce85d4c560dc6,Racing Headlight Assembly - Turismo Veloce,Turismo Veloce,Mv Agusta,2023.0,,Lighting,2515.0,street performance precision engineered for enhanced stability,7.0,3.6,7.0,0,https://example.com/images/headlight_assembly_turismo_veloce.jpg,68d135063952f7cf7dee90f6,68d135063952f7cf7dee90f8,Manoj Automobiles,Dilshknagar,17.367642,78.534282,mid-range,modern,good,Racing Headlight Assembly - Turismo Veloce Turismo Veloce Mv Agusta  Lighting street performance precision engineered for enhanced stability,0,2025-09-20T00:00:00,2025-07-18T00:00:00
68d141f2b3fce85d4c560dc7,OEM Gasket Maker - Scrambler 1200,Scrambler 1200,Triumph,2019.0,,Maintenance,415.0,heavy duty eco friendly for improved comfort,8.0,4.9,41.0,0,https://example.com/images/gasket_maker_scrambler_1200.jpg,68d135833952f7cf7dee9109,68d135833952f7cf7dee910b,Mounika Automobiles,Karimnagar,18.435781,79.132861,budget,classic,excellent,OEM Gasket Maker - Scrambler 1200 Scrambler 1200 Triumph  Maintenance heavy duty eco friendly for improved comfort,0,2025-08-16T00:00:00,2025-07-22T00:00:00
68d141f2b3fce85d4c560dc8,Performance Wheel Lock - Speed Twin,Speed Twin,Triumph,2019.0,,Wheels & Tires,7535.0,long lasting temperature stable for smoother operation,12.0,3.2,46.0,0,https://example.com/images/wheel_lock_speed_twin.jpg,68d135d63952f7cf7dee911e,68d135d63952f7cf7dee9120,baskar Automobiles,Medak,18.048948,78.269372,premium,classic,good,Performance Wheel Lock - Speed Twin Speed Twin Triumph  Wheels & Tires long lasting temperature stable for smoother operation,0,2025-08-16T00:00:00,2025-09-18T00:00:00
68d141f2b3fce85d4c560dc9,Racing Tire Pressure Sensor - Challenger,Challenger,Indian,2011.0,,Wheels & Tires,1067.0,enhanced maintenance free for enhanced stability,30.0,3.9,16.0,0,https://example.com/images/tire_pressure_sensor_challenger.jpg,68d136193952f7cf7dee9131,68d136193952f7cf7dee9133,Mahesh Automobiles,Khammam,17.249885,80.15615,mid-range,vintage,good,Racing Tire Pressure Sensor - Challenger Challenger Indian  Wheels & Tires enhanced maintenance free for enhanced stability,0,2025-07-13T00:00:00,2025-07-15T00:00:00
68d141f2b3fce85d4c560dca,Spark Plug Assembly - Scout,Scout,Indian,2012.0,,Ignition,1275.0,professional grade weather resistant for longer life,1.0,4.2,14.0,0,https://example.com/images/spark_plug_scout.jpg,689d6959045c37933826818b,689d6959045c37933826818d,sai automobiles,RAMNAGAR COLONY PEERZADIGUDA UPPAL HYDERABAD,17.390358,78.606729,mid-range,vintage,good,Spark Plug Assembly - Scout Scout Indian  Ignition professional grade weather resistant for longer life,0,2025-07-20T00:00:00,2025-08-05T00:00:00
68d141f2b3fce85d4c560dcb,Indian USB Charger for Chief Vintage,Chief Vintage,Indian,2018.0,,Accessories,1875.0,lightweight wear resistant for better control,11.0,4.9,36.0,0,https://example.com/images/usb_charger_chief_vintage.jpg,68ac2a8e3c73e23c655de052,68ac2a8f3c73e23c655de054,Swathi Automobiles,Chappal Bazar Road - Kachiguda ,17.38953,78.491245,mid-range,classic,excellent,Indian USB Charger for Chief Vintage Chief Vintage Indian  Accessories lightweight wear resistant for better control,0,2025-08-25T00:00:00,2025-07-22T00:00:00
68d141f2b3fce85d4c560dcc,Premium Fuel Tank for Pulsar 150,Pulsar 150,Bajaj,2024.0,,Fuel System,3347.0,lightweight weather resistant for maximum protection,13.0,4.0,26.0,0,https://example.com/images/fuel_tank_pulsar_150.jpg,68d0c47d09554c358655174b,68d0c47e09554c358655174d,Tarun Automobiles,,17.423605,78.546314,mid-range,modern,good,Premium Fuel Tank for Pulsar 150 Pulsar 150 Bajaj  Fuel System lightweight weather resistant for maximum protection,0,2025-09-08T00:00:00,2025-08-08T00:00:00
68d141f2b3fce85d4c560dcd,TVS Parking Light for Ntorq 125,Ntorq 125,Tvs,2021.0,,Lighting,3960.0,long lasting weather resistant for better control,9.0,3.6,33.0,0,https://example.com/images/parking_light_ntorq_125.jpg,68d133bf3952f7cf7dee90b7,68d133bf3952f7cf7dee90b9,Jyothi Automobiles,Hyderabad,17.511409,78.350972,mid-range,modern,good,TVS Parking Light for Ntorq 125 Ntorq 125 Tvs  Lighting long lasting weather resistant for better control,0,2025-07-09T00:00:00,2025-07-25T00:00:00
68d141f2b3fce85d4c560dce,Tail Box Assembly - Gixxer SF,Gixxer SF,Suzuki,2012.0,,Accessories,3616.0,industrial grade high strength for better handling,8.0,3.6,1.0,0,https://example.com/images/tail_box_gixxer_sf.jpg,68d1346c3952f7cf7dee90d0,68d1346c3952f7cf7dee90d2,Kalyan Automobiles,Bala Nagar,17.475679,78.447328,mid-range,vintage,good,Tail Box Assembly - Gixxer SF Gixxer SF Suzuki  Accessories industrial grade high strength for better handling,0,2025-07-10T00:00:00,2025-08-10T00:00:00
68d141f2b3fce85d4c560dcf,OEM Performance Filter - GSX-S750,GSX-S750,Suzuki,2020.0,,Filters,998.0,advanced long lasting for optimal efficiency,15.0,4.4,35.0,0,https://example.com/images/performance_filter_gsx_s750.jpg,68d134ac3952f7cf7dee90e3,68d134ac3952f7cf7dee90e5,Shiva sai Automobiles,Mahabubabad,17.594209,80.006903,mid-range,modern,good,OEM Performance Filter - GSX-S750 GSX-S750 Suzuki  Filters advanced long lasting for optimal efficiency,0,2025-08-10T00:00:00,2025-09-01T00:00:00
68d141f2b3fce85d4c560dd0,Racing Fuel Gauge - Gusto,Gusto,Mahindra,2024.0,,Fuel System,3126.0,oem quality vibration dampening for smoother operation,2.0,3.6,11.0,0,https://example.com/images/fuel_gauge_gusto.jpg,68d135063952f7cf7dee90f6,68d135063952f7cf7dee90f8,Manoj Automobiles,Dilshknagar,17.367642,78.534282,mid-range,modern,good,Racing Fuel Gauge - Gusto Gusto Mahindra  Fuel System oem quality vibration dampening for smoother operation,0,2025-08-17T00:00:00,2025-07-26T00:00:00
68d141f2b3fce85d4c560dd1,Ninja 650 Points,Ninja 650,Kawasaki,2024.0,,Ignition,686.0,heavy duty wear resistant for smoother operation,21.0,3.2,35.0,0,https://example.com/images/points_ninja_650.jpg,68d135833952f7cf7dee9109,68d135833952f7cf7dee910b,Mounika Automobiles,Karimnagar,18.435781,79.132861,budget,modern,good,Ninja 650 Points Ninja 650 Kawasaki  Ignition heavy duty wear resistant for smoother operation,0,2025-08-29T00:00:00,2025-08-19T00:00:00
68d141f2b3fce85d4c560dd2,Dominar 400 Wiring Harness,Dominar 400,Bajaj,2020.0,,Electrical,1997.0,superior weather resistant for reduced maintenance,8.0,4.2,2.0,0,https://example.com/images/wiring_harness_dominar_400.jpg,68d135d63952f7cf7dee911e,68d135d63952f7cf7dee9120,baskar Automobiles,Medak,18.048948,78.269372,mid-range,modern,good,Dominar 400 Wiring Harness Dominar 400 Bajaj  Electrical superior weather resistant for reduced maintenance,0,2025-07-18T00:00:00,2025-07-15T00:00:00
68d141f2b3fce85d4c560dd3,Indicator Bulb Assembly - 1290 Super Adventure S,1290 Super Adventure S,Ktm,2013.0,,Lighting,3499.0,precision made vibration dampening for better fuel economy,20.0,3.9,14.0,0,https://example.com/images/indicator_bulb_1290_super_adventure_s.jpg,68d136193952f7cf7dee9131,68d136193952f7cf7dee9133,Mahesh Automobiles,Khammam,17.249885,80.15615,mid-range,vintage,good,Indicator Bulb Assembly - 1290 Super Adventure S 1290 Super Adventure S Ktm  Lighting precision made vibration dampening for better fuel economy,0,2025-07-16T00:00:00,2025-09-09T00:00:00
68d141f2b3fce85d4c560dd4,Performance Connecting Rod - SXR 160,SXR 160,Aprilia,2021.0,,Engine,16707.0,street performance impact resistant for increased power,10.0,4.0,6.0,0,https://example.com/images/connecting_rod_sxr_160.jpg,689d6959045c37933826818b,689d6959045c37933826818d,sai automobiles,RAMNAGAR COLONY PEERZADIGUDA UPPAL HYDERABAD,17.390358,78.606729,premium,modern,good,Performance Connecting Rod - SXR 160 SXR 160 Aprilia  Engine street performance impact resistant for increased power,0,2025-07-04T00:00:00,2025-07-18T00:00:00
68d141f2b3fce85d4c560dd5,Premium Tank Cover for Speed Twin,Speed Twin,Triumph,2017.0,,Body Parts,6120.0,street performance temperature stable for increased power,2.0,4.3,16.0,0,https://example.com/images/tank_cover_speed_twin.jpg,68ac2a8e3c73e23c655de052,68ac2a8f3c73e23c655de054,Swathi Automobiles,Chappal Bazar Road - Kachiguda ,17.38953,78.491245,premium,classic,good,Premium Tank Cover for Speed Twin Speed Twin Triumph  Body Parts street performance temperature stable for increased power,0,2025-08-27T00:00:00,2025-08-05T00:00:00
68d141f2b3fce85d4c560dd6,Fire Extinguisher - Iron 883,Iron 883,Harley-Davidson,2012.0,,Safety,3203.0,long lasting weather resistant for better fuel economy,22.0,4.9,28.0,0,https://example.com/images/fire_extinguisher_iron_883.jpg,68d0c47d09554c358655174b,68d0c47e09554c358655174d,Tarun Automobiles,,17.423605,78.546314,mid-range,vintage,excellent,Fire Extinguisher - Iron 883 Iron 883 Harley-Davidson  Safety long lasting weather resistant for better fuel economy,0,2025-09-16T00:00:00,2025-08-20T00:00:00
68d141f2b3fce85d4c560dd7,Pulsar 220 Riding Boots,Pulsar 220,Bajaj,2019.0,,Safety,5087.0,enhanced vibration dampening for better handling,20.0,4.5,36.0,0,https://example.com/images/riding_boots_pulsar_220.jpg,68d133bf3952f7cf7dee90b7,68d133bf3952f7cf7dee90b9,Jyothi Automobiles,Hyderabad,17.511409,78.350972,mid-range,classic,excellent,Pulsar 220 Riding Boots Pulsar 220 Bajaj  Safety enhanced vibration dampening for better handling,0,2025-08-24T00:00:00,2025-09-11T00:00:00
68d141f2b3fce85d4c560dd8,Heavy Duty Caliper Piston - Monster,Monster,Ducati,2014.0,,Brakes,2723.0,premium quality weather resistant for enhanced durability,19.0,4.4,22.0,0,https://example.com/images/caliper_piston_monster.jpg,68d1346c3952f7cf7dee90d0,68d1346c3952f7cf7dee90d2,Kalyan Automobiles,Bala Nagar,17.475679,78.447328,mid-range,vintage,good,Heavy Duty Caliper Piston - Monster Monster Ducati  Brakes premium quality weather resistant for enhanced durability,0,2025-08-09T00:00:00,2025-08-04T00:00:00
68d141f2b3fce85d4c560dd9,Heavy Duty Silencer - Hypermotard,Hypermotard,Ducati,2016.0,,Exhaust,2016.0,high performance heat treated for smoother operation,17.0,3.5,6.0,0,https://example.com/images/silencer_hypermotard.jpg,68d134ac3952f7cf7dee90e3,68d134ac3952f7cf7dee90e5,Shiva sai Automobiles,Mahabubabad,17.594209,80.006903,mid-range,classic,good,Heavy Duty Silencer - Hypermotard Hypermotard Ducati  Exhaust high performance heat treated for smoother operation,0,2025-08-01T00:00:00,2025-08-25T00:00:00
68d141f2b3fce85d4c560dda,Heavy Duty Bypass Filter - Shiver 900,Shiver 900,Aprilia,2021.0,,Filters,306.0,precision made corrosion resistant for reduced maintenance,17.0,4.8,6.0,0,https://example.com/images/bypass_filter_shiver_900.jpg,68d135063952f7cf7dee90f6,68d135063952f7cf7dee90f8,Manoj Automobiles,Dilshknagar,17.367642,78.534282,budget,modern,excellent,Heavy Duty Bypass Filter - Shiver 900 Shiver 900 Aprilia  Filters precision made corrosion resistant for reduced maintenance,0,2025-07-05T00:00:00,2025-08-22T00:00:00
68d141f2b3fce85d4c560ddb,Yezdi Light Switch for Oilking,Oilking,Yezdi,2018.0,,Lighting,979.0,enhanced precision engineered for better control,23.0,4.3,13.0,0,https://example.com/images/light_switch_oilking.jpg,68d135833952f7cf7dee9109,68d135833952f7cf7dee910b,Mounika Automobiles,Karimnagar,18.435781,79.132861,mid-range,classic,good,Yezdi Light Switch for Oilking Oilking Yezdi  Lighting enhanced precision engineered for better control,0,2025-09-02T00:00:00,2025-07-02T00:00:00
68d141f2b3fce85d4c560ddc,Brake Pedal - Ultra Limited,Ultra Limited,Harley-Davidson,2012.0,,Brakes,1632.0,high performance vibration dampening for superior reliability,24.0,3.4,34.0,0,https://example.com/images/brake_pedal_ultra_limited.jpg,68d135d63952f7cf7dee911e,68d135d63952f7cf7dee9120,baskar Automobiles,Medak,18.048948,78.269372,mid-range,vintage,good,Brake Pedal - Ultra Limited Ultra Limited Harley-Davidson  Brakes high performance vibration dampening for superior reliability,0,2025-07-08T00:00:00,2025-09-07T00:00:00
68d141f2b3fce85d4c560ddd,Flyte Exhaust Flange,Flyte,Mahindra,2024.0,,Exhaust,11027.0,enhanced heat treated for enhanced durability,4.0,4.7,11.0,0,https://example.com/images/exhaust_flange_flyte.jpg,68d136193952f7cf7dee9131,68d136193952f7cf7dee9133,Mahesh Automobiles,Khammam,17.249885,80.15615,premium,modern,excellent,Flyte Exhaust Flange Flyte Mahindra  Exhaust enhanced heat treated for enhanced durability,0,2025-09-06T00:00:00,2025-07-19T00:00:00
68d141f2b3fce85d4c560dde,Genuine Rear Spring - RSV4,RSV4,Aprilia,2022.0,,Suspension,11926.0,racing quality impact resistant for longer life,18.0,4.8,23.0,0,https://example.com/images/rear_spring_rsv4.jpg,689d6959045c37933826818b,689d6959045c37933826818d,sai automobiles,RAMNAGAR COLONY PEERZADIGUDA UPPAL HYDERABAD,17.390358,78.606729,premium,modern,excellent,Genuine Rear Spring - RSV4 RSV4 Aprilia  Suspension racing quality impact resistant for longer life,0,2025-07-21T00:00:00,2025-09-18T00:00:00
68d141f2b3fce85d4c560ddf,Indicator Bulb - TNT 300,TNT 300,Benelli,2023.0,,Lighting,3697.0,superior long lasting for better handling,15.0,4.9,37.0,0,https://example.com/images/indicator_bulb_tnt_300.jpg,68ac2a8e3c73e23c655de052,68ac2a8f3c73e23c655de054,Swathi Automobiles,Chappal Bazar Road - Kachiguda ,17.38953,78.491245,mid-range,modern,excellent,Indicator Bulb - TNT 300 TNT 300 Benelli  Lighting superior long lasting for better handling,0,2025-07-16T00:00:00,2025-09-18T00:00:00
68d141f2b3fce85d4c560de0,Yamaha Coolant Reservoir for YZF-R3,YZF-R3,Yamaha,2024.0,,Cooling System,2266.0,superior vibration dampening for enhanced durability,18.0,3.7,7.0,0,https://example.com/images/coolant_reservoir_yzf_r3.jpg,68d0c47d09554c358655174b,68d0c47e09554c358655174d,Tarun Automobiles,,17.423605,78.546314,mid-range,modern,good,Yamaha Coolant Reservoir for YZF-R3 YZF-R3 Yamaha  Cooling System superior vibration dampening for enhanced durability,0,2025-07-11T00:00:00,2025-09-07T00:00:00
68d141f2b3fce85d4c560de1,Racing Wax - Panigale 959,Panigale 959,Ducati,2015.0,,Maintenance,488.0,durable precision engineered for better control,18.0,4.2,44.0,0,https://example.com/images/wax_panigale_959.jpg,68d133bf3952f7cf7dee90b7,68d133bf3952f7cf7dee90b9,Jyothi Automobiles,Hyderabad,17.511409,78.350972,budget,classic,good,Racing Wax - Panigale 959 Panigale 959 Ducati  Maintenance durable precision engineered for better control,0,2025-09-13T00:00:00,2025-08-16T00:00:00
68d141f2b3fce85d4c560de2,Centrifugal Filter Assembly - Sport,Sport,Jawa,2020.0,,Filters,1480.0,durable precision engineered for enhanced stability,13.0,3.5,15.0,0,https://example.com/images/centrifugal_filter_sport.jpg,68d1346c3952f7cf7dee90d0,68d1346c3952f7cf7dee90d2,Kalyan Automobiles,Bala Nagar,17.475679,78.447328,mid-range,modern,good,Centrifugal Filter Assembly - Sport Sport Jawa  Filters durable precision engineered for enhanced stability,0,2025-07-27T00:00:00,2025-08-03T00:00:00
68d141f2b3fce85d4c560de3,Genuine Exhaust Bolt - F4,F4,Mv Agusta,2025.0,,Exhaust,4632.0,oem quality high strength for superior reliability,15.0,3.4,36.0,0,https://example.com/images/exhaust_bolt_f4.jpg,68d134ac3952f7cf7dee90e3,68d134ac3952f7cf7dee90e5,Shiva sai Automobiles,Mahabubabad,17.594209,80.006903,mid-range,modern,good,Genuine Exhaust Bolt - F4 F4 Mv Agusta  Exhaust oem quality high strength for superior reliability,0,2025-09-02T00:00:00,2025-08-19T00:00:00
68d141f2b3fce85d4c560de4,Yamaha Tire Iron for Saluto RX,Saluto RX,Yamaha,2014.0,,Wheels & Tires,5510.0,oem quality noise reducing for superior reliability,6.0,3.7,5.0,0,https://example.com/images/tire_iron_saluto_rx.jpg,68d135063952f7cf7dee90f6,68d135063952f7cf7dee90f8,Manoj Automobiles,Dilshknagar,17.367642,78.534282,mid-range,vintage,good,Yamaha Tire Iron for Saluto RX Saluto RX Yamaha  Wheels & Tires oem quality noise reducing for superior reliability,0,2025-08-01T00:00:00,2025-07-06T00:00:00
68d141f2b3fce85d4c560de5,Heavy Duty Fork Oil Seal - Discover 125,Discover 125,Bajaj,2017.0,,Suspension,9562.0,professional grade precision engineered for increased power,6.0,4.6,43.0,0,https://example.com/images/fork_oil_seal_discover_125.jpg,68d135833952f7cf7dee9109,68d135833952f7cf7dee910b,Mounika Automobiles,Karimnagar,18.435781,79.132861,premium,classic,excellent,Heavy Duty Fork Oil Seal - Discover 125 Discover 125 Bajaj  Suspension professional grade precision engineered for increased power,0,2025-07-21T00:00:00,2025-07-14T00:00:00
68d141f2b3fce85d4c560de6,Racing Spoke Set - Ignitor,Ignitor,Hero,2023.0,,Wheels & Tires,7062.0,racing quality weather resistant for reduced maintenance,16.0,4.3,16.0,0,https://example.com/images/spoke_set_ignitor.jpg,68d135d63952f7cf7dee911e,68d135d63952f7cf7dee9120,baskar Automobiles,Medak,18.048948,78.269372,premium,modern,good,Racing Spoke Set - Ignitor Ignitor Hero  Wheels & Tires racing quality weather resistant for reduced maintenance,0,2025-08-07T00:00:00,2025-08-24T00:00:00
68d141f2b3fce85d4c560de7,Ducati Elbow Guard for DesertX,DesertX,Ducati,2017.0,,Safety,3953.0,long lasting eco friendly for enhanced durability,22.0,4.2,12.0,0,https://example.com/images/elbow_guard_desertx.jpg,68d136193952f7cf7dee9131,68d136193952f7cf7dee9133,Mahesh Automobiles,Khammam,17.249885,80.15615,mid-range,classic,good,Ducati Elbow Guard for DesertX DesertX Ducati  Safety long lasting eco friendly for enhanced durability,0,2025-08-10T00:00:00,2025-07-12T00:00:00
68d141f2b3fce85d4c560de8,Performance Racing Filter - Standard,Standard,Jawa,2022.0,,Filters,1360.0,lightweight fuel efficient for reduced maintenance,9.0,4.1,14.0,0,https://example.com/images/racing_filter_standard.jpg,689d6959045c37933826818b,689d6959045c37933826818d,sai automobiles,RAMNAGAR COLONY PEERZADIGUDA UPPAL HYDERABAD,17.390358,78.606729,mid-range,modern,good,Performance Racing Filter - Standard Standard Jawa  Filters lightweight fuel efficient for reduced maintenance,0,2025-08-23T00:00:00,2025-09-17T00:00:00
68d141f2b3fce85d4c560de9,Yezdi Detent Spring for Classic,Classic,Yezdi,2023.0,,Transmission,1177.0,street performance eco friendly for enhanced durability,3.0,3.6,1.0,0,https://example.com/images/detent_spring_classic.jpg,68ac2a8e3c73e23c655de052,68ac2a8f3c73e23c655de054,Swathi Automobiles,Chappal Bazar Road - Kachiguda ,17.38953,78.491245,mid-range,modern,good,Yezdi Detent Spring for Classic Classic Yezdi  Transmission street performance eco friendly for enhanced durability,0,2025-07-13T00:00:00,2025-09-03T00:00:00
68d141f2b3fce85d4c560dea,Genuine Centrifugal Filter - iQube Electric,iQube Electric,Tvs,2015.0,,Filters,601.0,lightweight long lasting for better control,27.0,4.6,11.0,0,https://example.com/images/centrifugal_filter_iqube_electric.jpg,68d0c47d09554c358655174b,68d0c47e09554c358655174d,Tarun Automobiles,,17.423605,78.546314,budget,classic,excellent,Genuine Centrifugal Filter - iQube Electric iQube Electric Tvs  Filters lightweight long lasting for better control,0,2025-09-12T00:00:00,2025-07-08T00:00:00
68d141f2b3fce85d4c560deb,Performance Vacuum Filter - Avenger 160,Avenger 160,Bajaj,2025.0,,Filters,701.0,superior weather resistant for increased power,17.0,3.5,36.0,0,https://example.com/images/vacuum_filter_avenger_160.jpg,68d133bf3952f7cf7dee90b7,68d133bf3952f7cf7dee90b9,Jyothi Automobiles,Hyderabad,17.511409,78.350972,budget,modern,good,Performance Vacuum Filter - Avenger 160 Avenger 160 Bajaj  Filters superior weather resistant for increased power,0,2025-09-17T00:00:00,2025-07-06T00:00:00
68d141f2b3fce85d4c560dec,Indian Oil Pump for Chief Vintage,Chief Vintage,Indian,2013.0,,Engine,4265.0,advanced fuel efficient for enhanced safety,22.0,3.5,22.0,0,https://example.com/images/oil_pump_chief_vintage.jpg,68d1346c3952f7cf7dee90d0,68d1346c3952f7cf7dee90d2,Kalyan Automobiles,Bala Nagar,17.475679,78.447328,mid-range,vintage,good,Indian Oil Pump for Chief Vintage Chief Vintage Indian  Engine advanced fuel efficient for enhanced safety,0,2025-07-11T00:00:00,2025-07-26T00:00:00
68d141f2b3fce85d4c560ded,Wheel Hub Assembly - Fat Bob,Fat Bob,Harley-Davidson,2024.0,,Wheels & Tires,4542.0,precision made temperature stable for superior reliability,25.0,3.3,18.0,0,https://example.com/images/wheel_hub_fat_bob.jpg,68d134ac3952f7cf7dee90e3,68d134ac3952f7cf7dee90e5,Shiva sai Automobiles,Mahabubabad,17.594209,80.006903,mid-range,modern,good,Wheel Hub Assembly - Fat Bob Fat Bob Harley-Davidson  Wheels & Tires precision made temperature stable for superior reliability,0,2025-08-23T00:00:00,2025-07-31T00:00:00
68d141f2b3fce85d4c560dee,Aviator Helmet,Aviator,Honda,2020.0,,Safety,5474.0,professional grade impact resistant for better fuel economy,18.0,4.8,0.0,0,https://example.com/images/helmet_aviator.jpg,68d135063952f7cf7dee90f6,68d135063952f7cf7dee90f8,Manoj Automobiles,Dilshknagar,17.367642,78.534282,mid-range,modern,excellent,Aviator Helmet Aviator Honda  Safety professional grade impact resistant for better fuel economy,0,2025-09-14T00:00:00,2025-08-05T00:00:00
68d141f2b3fce85d4c560def,Footpeg Set - Tiger 900,Tiger 900,Triumph,2014.0,,Accessories,2934.0,professional grade wear resistant for better control,19.0,4.1,18.0,0,https://example.com/images/footpeg_set_tiger_900.jpg,68d135833952f7cf7dee9109,68d135833952f7cf7dee910b,Mounika Automobiles,Karimnagar,18.435781,79.132861,mid-range,vintage,good,Footpeg Set - Tiger 900 Tiger 900 Triumph  Accessories professional grade wear resistant for better control,0,2025-07-19T00:00:00,2025-09-15T00:00:00
68d141f2b3fce85d4c560df0,OEM Performance Filter - Kine,Kine,Mahindra,2024.0,,Filters,1125.0,heavy duty maintenance free for reduced maintenance,16.0,4.0,29.0,0,https://example.com/images/performance_filter_kine.jpg,68d135d63952f7cf7dee911e,68d135d63952f7cf7dee9120,baskar Automobiles,Medak,18.048948,78.269372,mid-range,modern,good,OEM Performance Filter - Kine Kine Mahindra  Filters heavy duty maintenance free for reduced maintenance,0,2025-08-05T00:00:00,2025-07-07T00:00:00
68d141f2b3fce85d4c560df1,Performance Axle - Street 750,Street 750,Harley-Davidson,2011.0,,Wheels & Tires,12235.0,oem quality vibration dampening for better control,17.0,4.3,9.0,0,https://example.com/images/axle_street_750.jpg,68d136193952f7cf7dee9131,68d136193952f7cf7dee9133,Mahesh Automobiles,Khammam,17.249885,80.15615,premium,vintage,good,Performance Axle - Street 750 Street 750 Harley-Davidson  Wheels & Tires oem quality vibration dampening for better control,0,2025-07-23T00:00:00,2025-07-15T00:00:00
68d141f2b3fce85d4c560df2,Heavy Duty Transmission Filter - Saluto RX,Saluto RX,Yamaha,2017.0,,Filters,1287.0,street performance heat treated for reduced maintenance,14.0,4.8,7.0,0,https://example.com/images/transmission_filter_saluto_rx.jpg,689d6959045c37933826818b,689d6959045c37933826818d,sai automobiles,RAMNAGAR COLONY PEERZADIGUDA UPPAL HYDERABAD,17.390358,78.606729,mid-range,classic,excellent,Heavy Duty Transmission Filter - Saluto RX Saluto RX Yamaha  Filters street performance heat treated for reduced maintenance,0,2025-07-06T00:00:00,2025-08-14T00:00:00
68d141f2b3fce85d4c560df3,OEM Tube - 890 Adventure,890 Adventure,Ktm,2025.0,,Wheels & Tires,5667.0,industrial grade vibration dampening for increased power,7.0,3.3,39.0,0,https://example.com/images/tube_890_adventure.jpg,68ac2a8e3c73e23c655de052,68ac2a8f3c73e23c655de054,Swathi Automobiles,Chappal Bazar Road - Kachiguda ,17.38953,78.491245,premium,modern,good,OEM Tube - 890 Adventure 890 Adventure Ktm  Wheels & Tires industrial grade vibration dampening for increased power,0,2025-08-10T00:00:00,2025-07-11T00:00:00
68d141f2b3fce85d4c560df4,Phone Mount Assembly - Gixxer,Gixxer,Suzuki,2022.0,,Accessories,2720.0,oem quality weather resistant for longer life,8.0,3.5,7.0,0,https://example.com/images/phone_mount_gixxer.jpg,68d0c47d09554c358655174b,68d0c47e09554c358655174d,Tarun Automobiles,,17.423605,78.546314,mid-range,modern,good,Phone Mount Assembly - Gixxer Gixxer Suzuki  Accessories oem quality weather resistant for longer life,0,2025-08-24T00:00:00,2025-07-25T00:00:00
68d141f2b3fce85d4c560df5,Heavy Duty Brake Hose - Katana,Katana,Suzuki,2025.0,,Brakes,2429.0,long lasting precision engineered for increased power,4.0,4.0,9.0,0,https://example.com/images/brake_hose_katana.jpg,68d133bf3952f7cf7dee90b7,68d133bf3952f7cf7dee90b9,Jyothi Automobiles,Hyderabad,17.511409,78.350972,mid-range,modern,good,Heavy Duty Brake Hose - Katana Katana Suzuki  Brakes long lasting precision engineered for increased power,0,2025-08-05T00:00:00,2025-09-04T00:00:00
68d141f2b3fce85d4c560df6,Racing Rear Sprocket - CT 110X,CT 110X,Bajaj,2019.0,,Drivetrain,7249.0,heavy duty heat treated for improved comfort,24.0,3.6,36.0,0,https://example.com/images/rear_sprocket_ct_110x.jpg,68d1346c3952f7cf7dee90d0,68d1346c3952f7cf7dee90d2,Kalyan Automobiles,Bala Nagar,17.475679,78.447328,premium,classic,good,Racing Rear Sprocket - CT 110X CT 110X Bajaj  Drivetrain heavy duty heat treated for improved comfort,0,2025-08-31T00:00:00,2025-07-01T00:00:00
68d141f3b3fce85d4c560df7,Assembly Paste - Brutale 1000,Brutale 1000,Mv Agusta,2012.0,,Maintenance,534.0,racing quality maintenance free for increased power,24.0,4.0,3.0,0,https://example.com/images/assembly_paste_brutale_1000.jpg,68d134ac3952f7cf7dee90e3,68d134ac3952f7cf7dee90e5,Shiva sai Automobiles,Mahabubabad,17.594209,80.006903,budget,vintage,good,Assembly Paste - Brutale 1000 Brutale 1000 Mv Agusta  Maintenance racing quality maintenance free for increased power,0,2025-08-01T00:00:00,2025-07-13T00:00:00
68d141f3b3fce85d4c560df8,Premium Belly Pan for Sportster S,Sportster S,Harley-Davidson,2024.0,,Body Parts,6926.0,precision made fuel efficient for smoother operation,10.0,4.6,39.0,0,https://example.com/images/belly_pan_sportster_s.jpg,68d135063952f7cf7dee90f6,68d135063952f7cf7dee90f8,Manoj Automobiles,Dilshknagar,17.367642,78.534282,premium,modern,excellent,Premium Belly Pan for Sportster S Sportster S Harley-Davidson  Body Parts precision made fuel efficient for smoother operation,0,2025-07-10T00:00:00,2025-08-20T00:00:00
68d141f3b3fce85d4c560df9,Racing Paper Filter - Brutale 1000,Brutale 1000,Mv Agusta,2019.0,,Filters,998.0,street performance high strength for reduced maintenance,25.0,3.7,1.0,0,https://example.com/images/paper_filter_brutale_1000.jpg,68d135833952f7cf7dee9109,68d135833952f7cf7dee910b,Mounika Automobiles,Karimnagar,18.435781,79.132861,mid-range,classic,good,Racing Paper Filter - Brutale 1000 Brutale 1000 Mv Agusta  Filters street performance high strength for reduced maintenance,0,2025-08-10T00:00:00,2025-07-15T00:00:00
68d141f3b3fce85d4c560dfa,OEM Wheel Hub - Brutale 1000,Brutale 1000,Mv Agusta,2013.0,,Wheels & Tires,7764.0,durable precision engineered for smoother operation,3.0,4.5,28.0,0,https://example.com/images/wheel_hub_brutale_1000.jpg,68d135d63952f7cf7dee911e,68d135d63952f7cf7dee9120,baskar Automobiles,Medak,18.048948,78.269372,premium,vintage,excellent,OEM Wheel Hub - Brutale 1000 Brutale 1000 Mv Agusta  Wheels & Tires durable precision engineered for smoother operation,0,2025-08-27T00:00:00,2025-08-02T00:00:00
68d141f3b3fce85d4c560dfb,Genuine Pressure Regulator - Ninja H2,Ninja H2,Kawasaki,2017.0,,Fuel System,4053.0,professional grade eco friendly for smoother operation,23.0,4.3,13.0,0,https://example.com/images/pressure_regulator_ninja_h2.jpg,68d136193952f7cf7dee9131,68d136193952f7cf7dee9133,Mahesh Automobiles,Khammam,17.249885,80.15615,mid-range,classic,good,Genuine Pressure Regulator - Ninja H2 Ninja H2 Kawasaki  Fuel System professional grade eco friendly for smoother operation,0,2025-08-14T00:00:00,2025-07-07T00:00:00
68d141f3b3fce85d4c560dfc,OEM Chain Adjuster - Apache RTR 200 4V,Apache RTR 200 4V,Tvs,2023.0,,Drivetrain,3891.0,superior precision engineered for reduced maintenance,20.0,4.2,19.0,0,https://example.com/images/chain_adjuster_apache_rtr_200_4v.jpg,689d6959045c37933826818b,689d6959045c37933826818d,sai automobiles,RAMNAGAR COLONY PEERZADIGUDA UPPAL HYDERABAD,17.390358,78.606729,mid-range,modern,good,OEM Chain Adjuster - Apache RTR 200 4V Apache RTR 200 4V Tvs  Drivetrain superior precision engineered for reduced maintenance,0,2025-08-16T00:00:00,2025-08-05T00:00:00
68d141f3b3fce85d4c560dfd,Genuine Engine Mount - Turismo Veloce,Turismo Veloce,Mv Agusta,2018.0,,Engine,20048.0,enhanced maintenance free for enhanced stability,10.0,4.7,10.0,0,https://example.com/images/engine_mount_turismo_veloce.jpg,68ac2a8e3c73e23c655de052,68ac2a8f3c73e23c655de054,Swathi Automobiles,Chappal Bazar Road - Kachiguda ,17.38953,78.491245,premium,classic,excellent,Genuine Engine Mount - Turismo Veloce Turismo Veloce Mv Agusta  Engine enhanced maintenance free for enhanced stability,0,2025-08-15T00:00:00,2025-08-23T00:00:00
68d141f3b3fce85d4c560dfe,Genuine Emergency Brake - Ninja H2,Ninja H2,Kawasaki,2011.0,,Brakes,2228.0,professional grade eco friendly for reduced maintenance,24.0,4.8,49.0,0,https://example.com/images/emergency_brake_ninja_h2.jpg,68d0c47d09554c358655174b,68d0c47e09554c358655174d,Tarun Automobiles,,17.423605,78.546314,mid-range,vintage,excellent,Genuine Emergency Brake - Ninja H2 Ninja H2 Kawasaki  Brakes professional grade eco friendly for reduced maintenance,0,2025-07-25T00:00:00,2025-08-13T00:00:00
68d141f3b3fce85d4c560dff,OEM Coolant Hose - Xoom 110,Xoom 110,Hero,2023.0,,Cooling System,3222.0,enhanced wear resistant for superior reliability,6.0,4.3,42.0,0,https://example.com/images/coolant_hose_xoom_110.jpg,68d133bf3952f7cf7dee90b7,68d133bf3952f7cf7dee90b9,Jyothi Automobiles,Hyderabad,17.511409,78.350972,mid-range,modern,good,OEM Coolant Hose - Xoom 110 Xoom 110 Hero  Cooling System enhanced wear resistant for superior reliability,0,2025-08-17T00:00:00,2025-08-02T00:00:00
68d141f3b3fce85d4c560e00,Harley-Davidson Dashboard Light for LiveWire,LiveWire,Harley-Davidson,2022.0,,Lighting,4440.0,enhanced heat treated for improved comfort,16.0,3.5,37.0,0,https://example.com/images/dashboard_light_livewire.jpg,68d1346c3952f7cf7dee90d0,68d1346c3952f7cf7dee90d2,Kalyan Automobiles,Bala Nagar,17.475679,78.447328,mid-range,modern,good,Harley-Davidson Dashboard Light for LiveWire LiveWire Harley-Davidson  Lighting enhanced heat treated for improved comfort,0,2025-08-26T00:00:00,2025-07-16T00:00:00
68d141f3b3fce85d4c560e01,OEM Transmission Filter - Caponord 1200,Caponord 1200,Aprilia,2011.0,,Filters,804.0,precision made heat treated for better handling,27.0,3.4,34.0,0,https://example.com/images/transmission_filter_caponord_1200.jpg,68d134ac3952f7cf7dee90e3,68d134ac3952f7cf7dee90e5,Shiva sai Automobiles,Mahabubabad,17.594209,80.006903,budget,vintage,good,OEM Transmission Filter - Caponord 1200 Caponord 1200 Aprilia  Filters precision made heat treated for better handling,0,2025-09-21T00:00:00,2025-09-20T00:00:00
68d141f3b3fce85d4c560e02,Performance Engine Guard - Vulcan S,Vulcan S,Kawasaki,2013.0,,Accessories,2886.0,long lasting precision engineered for better handling,1.0,4.4,35.0,0,https://example.com/images/engine_guard_vulcan_s.jpg,68d135063952f7cf7dee90f6,68d135063952f7cf7dee90f8,Manoj Automobiles,Dilshknagar,17.367642,78.534282,mid-range,vintage,good,Performance Engine Guard - Vulcan S Vulcan S Kawasaki  Accessories long lasting precision engineered for better handling,0,2025-09-12T00:00:00,2025-08-03T00:00:00
68d141f3b3fce85d4c560e03,Triumph Crash Guard for Tiger 900,Tiger 900,Triumph,2011.0,,Accessories,1638.0,racing quality eco friendly for better handling,27.0,3.5,28.0,0,https://example.com/images/crash_guard_tiger_900.jpg,68d135833952f7cf7dee9109,68d135833952f7cf7dee910b,Mounika Automobiles,Karimnagar,18.435781,79.132861,mid-range,vintage,good,Triumph Crash Guard for Tiger 900 Tiger 900 Triumph  Accessories racing quality eco friendly for better handling,0,2025-09-19T00:00:00,2025-07-31T00:00:00
68d141f3b3fce85d4c560e04,Pulsar 150 Reflective Vest,Pulsar 150,Bajaj,2011.0,,Safety,1134.0,superior precision engineered for maximum protection,26.0,3.3,12.0,0,https://example.com/images/reflective_vest_pulsar_150.jpg,68d135d63952f7cf7dee911e,68d135d63952f7cf7dee9120,baskar Automobiles,Medak,18.048948,78.269372,mid-range,vintage,good,Pulsar 150 Reflective Vest Pulsar 150 Bajaj  Safety superior precision engineered for maximum protection,0,2025-07-23T00:00:00,2025-09-07T00:00:00
68d141f3b3fce85d4c560e05,Heavy Duty Brake Caliper - W175,W175,Kawasaki,2016.0,,Brakes,3399.0,professional grade long lasting for better handling,29.0,3.8,4.0,0,https://example.com/images/brake_caliper_w175.jpg,68d136193952f7cf7dee9131,68d136193952f7cf7dee9133,Mahesh Automobiles,Khammam,17.249885,80.15615,mid-range,classic,good,Heavy Duty Brake Caliper - W175 W175 Kawasaki  Brakes professional grade long lasting for better handling,0,2025-08-17T00:00:00,2025-09-06T00:00:00
68d141f3b3fce85d4c560e06,Light Switch - MT-03,MT-03,Yamaha,2013.0,,Lighting,2153.0,premium quality weather resistant for enhanced safety,5.0,4.6,32.0,0,https://example.com/images/light_switch_mt_03.jpg,689d6959045c37933826818b,689d6959045c37933826818d,sai automobiles,RAMNAGAR COLONY PEERZADIGUDA UPPAL HYDERABAD,17.390358,78.606729,mid-range,vintage,excellent,Light Switch - MT-03 MT-03 Yamaha  Lighting premium quality weather resistant for enhanced safety,0,2025-08-24T00:00:00,2025-08-01T00:00:00
68d141f3b3fce85d4c560e07,Performance Rim Tape - Pan America,Pan America,Harley-Davidson,2015.0,,Wheels & Tires,12758.0,long lasting high strength for better handling,15.0,3.6,47.0,0,https://example.com/images/rim_tape_pan_america.jpg,68ac2a8e3c73e23c655de052,68ac2a8f3c73e23c655de054,Swathi Automobiles,Chappal Bazar Road - Kachiguda ,17.38953,78.491245,premium,classic,good,Performance Rim Tape - Pan America Pan America Harley-Davidson  Wheels & Tires long lasting high strength for better handling,0,2025-07-17T00:00:00,2025-07-07T00:00:00
68d141f3b3fce85d4c560e08,Performance Fuel Filter - 1290 Super Adventure S,1290 Super Adventure S,Ktm,2012.0,,Fuel System,1617.0,professional grade maintenance free for improved comfort,3.0,3.8,1.0,0,https://example.com/images/fuel_filter_1290_super_adventure_s.jpg,68d0c47d09554c358655174b,68d0c47e09554c358655174d,Tarun Automobiles,,17.423605,78.546314,mid-range,vintage,good,Performance Fuel Filter - 1290 Super Adventure S 1290 Super Adventure S Ktm  Fuel System professional grade maintenance free for improved comfort,0,2025-07-02T00:00:00,2025-08-15T00:00:00
68d141f3b3fce85d4c560e09,Fork Tube - Ray ZR,Ray ZR,Yamaha,2023.0,,Suspension,8887.0,advanced wear resistant for smoother operation,15.0,3.9,5.0,0,https://example.com/images/fork_tube_ray_zr.jpg,68d133bf3952f7cf7dee90b7,68d133bf3952f7cf7dee90b9,Jyothi Automobiles,Hyderabad,17.511409,78.350972,premium,modern,good,Fork Tube - Ray ZR Ray ZR Yamaha  Suspension advanced wear resistant for smoother operation,0,2025-07-31T00:00:00,2025-09-03T00:00:00
68d141f3b3fce85d4c560e0a,Performance Cooling Fan - Ultra Limited,Ultra Limited,Harley-Davidson,2013.0,,Cooling System,10636.0,superior corrosion resistant for optimal efficiency,9.0,3.3,8.0,0,https://example.com/images/cooling_fan_ultra_limited.jpg,68d1346c3952f7cf7dee90d0,68d1346c3952f7cf7dee90d2,Kalyan Automobiles,Bala Nagar,17.475679,78.447328,premium,vintage,good,Performance Cooling Fan - Ultra Limited Ultra Limited Harley-Davidson  Cooling System superior corrosion resistant for optimal efficiency,0,2025-09-08T00:00:00,2025-09-08T00:00:00
68d141f3b3fce85d4c560e0b,Heavy Duty Pressure Regulator - Zest,Zest,Tvs,2012.0,,Fuel System,2237.0,high performance impact resistant for enhanced stability,24.0,4.2,10.0,0,https://example.com/images/pressure_regulator_zest.jpg,68d134ac3952f7cf7dee90e3,68d134ac3952f7cf7dee90e5,Shiva sai Automobiles,Mahabubabad,17.594209,80.006903,mid-range,vintage,good,Heavy Duty Pressure Regulator - Zest Zest Tvs  Fuel System high performance impact resistant for enhanced stability,0,2025-07-23T00:00:00,2025-08-18T00:00:00
68d141f3b3fce85d4c560e0c,Premium Water Hose for Sport,Sport,Tvs,2017.0,,Cooling System,6762.0,racing quality high strength for improved performance,12.0,4.1,20.0,0,https://example.com/images/water_hose_sport.jpg,68d135063952f7cf7dee90f6,68d135063952f7cf7dee90f8,Manoj Automobiles,Dilshknagar,17.367642,78.534282,premium,classic,good,Premium Water Hose for Sport Sport Tvs  Cooling System racing quality high strength for improved performance,0,2025-08-16T00:00:00,2025-08-25T00:00:00
68d141f3b3fce85d4c560e0d,Heavy Duty First Aid Kit - ZX-6R,ZX-6R,Kawasaki,2012.0,,Accessories,3785.0,street performance heat treated for enhanced safety,28.0,4.5,47.0,0,https://example.com/images/first_aid_kit_zx_6r.jpg,68d135833952f7cf7dee9109,68d135833952f7cf7dee910b,Mounika Automobiles,Karimnagar,18.435781,79.132861,mid-range,vintage,excellent,Heavy Duty First Aid Kit - ZX-6R ZX-6R Kawasaki  Accessories street performance heat treated for enhanced safety,0,2025-07-09T00:00:00,2025-07-08T00:00:00
68d141f3b3fce85d4c560e0e,OEM Racing Filter - ZX-6R,ZX-6R,Kawasaki,2018.0,,Filters,850.0,durable corrosion resistant for optimal efficiency,22.0,4.3,38.0,0,https://example.com/images/racing_filter_zx_6r.jpg,68d135d63952f7cf7dee911e,68d135d63952f7cf7dee9120,baskar Automobiles,Medak,18.048948,78.269372,budget,classic,good,OEM Racing Filter - ZX-6R ZX-6R Kawasaki  Filters durable corrosion resistant for optimal efficiency,0,2025-07-24T00:00:00,2025-09-06T00:00:00
68d141f3b3fce85d4c560e0f,Contact Cleaner - Scout Bobber,Scout Bobber,Indian,2015.0,,Maintenance,275.0,racing quality noise reducing for increased power,15.0,4.9,7.0,0,https://example.com/images/contact_cleaner_scout_bobber.jpg,68d136193952f7cf7dee9131,68d136193952f7cf7dee9133,Mahesh Automobiles,Khammam,17.249885,80.15615,budget,classic,excellent,Contact Cleaner - Scout Bobber Scout Bobber Indian  Maintenance racing quality noise reducing for increased power,0,2025-07-11T00:00:00,2025-08-26T00:00:00
68d141f3b3fce85d4c560e10,Boulevard Mesh Filter,Boulevard,Suzuki,2018.0,,Filters,701.0,heavy duty chemical resistant for improved performance,19.0,3.7,4.0,0,https://example.com/images/mesh_filter_boulevard.jpg,689d6959045c37933826818b,689d6959045c37933826818d,sai automobiles,RAMNAGAR COLONY PEERZADIGUDA UPPAL HYDERABAD,17.390358,78.606729,budget,classic,good,Boulevard Mesh Filter Boulevard Suzuki  Filters heavy duty chemical resistant for improved performance,0,2025-09-14T00:00:00,2025-08-31T00:00:00
68d141f3b3fce85d4c560e11,OEM Overflow Tank - C 400 X,C 400 X,Bmw,2024.0,,Cooling System,4683.0,long lasting fuel efficient for superior reliability,23.0,3.9,0.0,0,https://example.com/images/overflow_tank_c_400_x.jpg,68ac2a8e3c73e23c655de052,68ac2a8f3c73e23c655de054,Swathi Automobiles,Chappal Bazar Road - Kachiguda ,17.38953,78.491245,mid-range,modern,good,OEM Overflow Tank - C 400 X C 400 X Bmw  Cooling System long lasting fuel efficient for superior reliability,0,2025-09-04T00:00:00,2025-09-05T00:00:00
68d141f3b3fce85d4c560e12,Premium Rust Remover for K 1600 GTL,K 1600 GTL,Bmw,2015.0,,Maintenance,916.0,professional grade noise reducing for better fuel economy,9.0,3.7,5.0,0,https://example.com/images/rust_remover_k_1600_gtl.jpg,68d0c47d09554c358655174b,68d0c47e09554c358655174d,Tarun Automobiles,,17.423605,78.546314,mid-range,classic,good,Premium Rust Remover for K 1600 GTL K 1600 GTL Bmw  Maintenance professional grade noise reducing for better fuel economy,0,2025-07-11T00:00:00,2025-07-23T00:00:00
68d141f3b3fce85d4c560e13,Exhaust Bolt Assembly - Scout,Scout,Indian,2014.0,,Exhaust,15627.0,racing quality chemical resistant for superior reliability,8.0,3.8,34.0,0,https://example.com/images/exhaust_bolt_scout.jpg,68d133bf3952f7cf7dee90b7,68d133bf3952f7cf7dee90b9,Jyothi Automobiles,Hyderabad,17.511409,78.350972,premium,vintage,good,Exhaust Bolt Assembly - Scout Scout Indian  Exhaust racing quality chemical resistant for superior reliability,0,2025-08-07T00:00:00,2025-07-30T00:00:00
68d141f3b3fce85d4c560e14,Mahindra Belt Guard for Rodeo RZ,Rodeo RZ,Mahindra,2010.0,,Drivetrain,3400.0,oem quality eco friendly for enhanced durability,15.0,4.8,12.0,0,https://example.com/images/belt_guard_rodeo_rz.jpg,68d1346c3952f7cf7dee90d0,68d1346c3952f7cf7dee90d2,Kalyan Automobiles,Bala Nagar,17.475679,78.447328,mid-range,vintage,excellent,Mahindra Belt Guard for Rodeo RZ Rodeo RZ Mahindra  Drivetrain oem quality eco friendly for enhanced durability,0,2025-07-21T00:00:00,2025-08-01T00:00:00
68d141f3b3fce85d4c560e15,Bajaj Coil for Pulsar RS200,Pulsar RS200,Bajaj,2020.0,,Electrical,4937.0,oem quality noise reducing for enhanced durability,29.0,4.3,49.0,0,https://example.com/images/coil_pulsar_rs200.jpg,68d134ac3952f7cf7dee90e3,68d134ac3952f7cf7dee90e5,Shiva sai Automobiles,Mahabubabad,17.594209,80.006903,mid-range,modern,good,Bajaj Coil for Pulsar RS200 Pulsar RS200 Bajaj  Electrical oem quality noise reducing for enhanced durability,0,2025-07-22T00:00:00,2025-09-05T00:00:00
68d141f3b3fce85d4c560e16,Premium Handlebar Grip for LiveWire,LiveWire,Harley-Davidson,2016.0,,Accessories,1543.0,lightweight maintenance free for smoother operation,20.0,3.8,15.0,0,https://example.com/images/handlebar_grip_livewire.jpg,68d135063952f7cf7dee90f6,68d135063952f7cf7dee90f8,Manoj Automobiles,Dilshknagar,17.367642,78.534282,mid-range,classic,good,Premium Handlebar Grip for LiveWire LiveWire Harley-Davidson  Accessories lightweight maintenance free for smoother operation,0,2025-09-10T00:00:00,2025-08-25T00:00:00
68d141f3b3fce85d4c560e17,Racing Parking Light - Street Triple,Street Triple,Triumph,2023.0,,Lighting,317.0,enhanced temperature stable for improved comfort,7.0,3.4,40.0,0,https://example.com/images/parking_light_street_triple.jpg,68d135833952f7cf7dee9109,68d135833952f7cf7dee910b,Mounika Automobiles,Karimnagar,18.435781,79.132861,budget,modern,good,Racing Parking Light - Street Triple Street Triple Triumph  Lighting enhanced temperature stable for improved comfort,0,2025-08-02T00:00:00,2025-08-01T00:00:00
68d141f3b3fce85d4c560e18,CDI Unit Assembly - PCX 150,PCX 150,Honda,2020.0,,Electrical,6341.0,advanced weather resistant for enhanced safety,25.0,4.0,36.0,0,https://example.com/images/cdi_unit_pcx_150.jpg,68d135d63952f7cf7dee911e,68d135d63952f7cf7dee9120,baskar Automobiles,Medak,18.048948,78.269372,premium,modern,good,CDI Unit Assembly - PCX 150 PCX 150 Honda  Electrical advanced weather resistant for enhanced safety,0,2025-07-17T00:00:00,2025-08-21T00:00:00
68d141f3b3fce85d4c560e19,Heavy Duty Gear Selector - Standard,Standard,Jawa,2012.0,,Transmission,2430.0,durable noise reducing for enhanced stability,30.0,3.9,14.0,0,https://example.com/images/gear_selector_standard.jpg,68d136193952f7cf7dee9131,68d136193952f7cf7dee9133,Mahesh Automobiles,Khammam,17.249885,80.15615,mid-range,vintage,good,Heavy Duty Gear Selector - Standard Standard Jawa  Transmission durable noise reducing for enhanced stability,0,2025-09-14T00:00:00,2025-08-18T00:00:00
68d141f3b3fce85d4c560e1a,F 850 GS Shock Absorber Oil,F 850 GS,Bmw,2023.0,,Suspension,7455.0,precision made heat treated for superior reliability,9.0,4.5,42.0,0,https://example.com/images/shock_absorber_oil_f_850_gs.jpg,689d6959045c37933826818b,689d6959045c37933826818d,sai automobiles,RAMNAGAR COLONY PEERZADIGUDA UPPAL HYDERABAD,17.390358,78.606729,premium,modern,excellent,F 850 GS Shock Absorber Oil F 850 GS Bmw  Suspension precision made heat treated for superior reliability,0,2025-07-03T00:00:00,2025-09-07T00:00:00
68d141f3b3fce85d4c560e1b,Heavy Duty Silencer - Chief,Chief,Indian,2024.0,,Exhaust,14302.0,high performance maintenance free for improved performance,12.0,5.0,10.0,0,https://example.com/images/silencer_chief.jpg,68ac2a8e3c73e23c655de052,68ac2a8f3c73e23c655de054,Swathi Automobiles,Chappal Bazar Road - Kachiguda ,17.38953,78.491245,premium,modern,excellent,Heavy Duty Silencer - Chief Chief Indian  Exhaust high performance maintenance free for improved performance,0,2025-07-22T00:00:00,2025-09-06T00:00:00
68d141f3b3fce85d4c560e1c,RSV4 Temperature Gauge,RSV4,Aprilia,2014.0,,Cooling System,8256.0,professional grade fuel efficient for superior reliability,15.0,4.3,18.0,0,https://example.com/images/temperature_gauge_rsv4.jpg,68d0c47d09554c358655174b,68d0c47e09554c358655174d,Tarun Automobiles,,17.423605,78.546314,premium,vintage,good,RSV4 Temperature Gauge RSV4 Aprilia  Cooling System professional grade fuel efficient for superior reliability,0,2025-09-10T00:00:00,2025-08-22T00:00:00
68d141f3b3fce85d4c560e1d,Shift Fork Assembly - 1290 Super Adventure S,1290 Super Adventure S,Ktm,2014.0,,Transmission,7334.0,precision made precision engineered for smoother operation,21.0,3.4,47.0,0,https://example.com/images/shift_fork_1290_super_adventure_s.jpg,68d133bf3952f7cf7dee90b7,68d133bf3952f7cf7dee90b9,Jyothi Automobiles,Hyderabad,17.511409,78.350972,premium,vintage,good,Shift Fork Assembly - 1290 Super Adventure S 1290 Super Adventure S Ktm  Transmission precision made precision engineered for smoother operation,0,2025-09-20T00:00:00,2025-08-11T00:00:00
68d141f3b3fce85d4c560e1e,Heavy Duty Polish - Vulcan S,Vulcan S,Kawasaki,2018.0,,Maintenance,810.0,premium quality corrosion resistant for enhanced safety,19.0,3.8,16.0,0,https://example.com/images/polish_vulcan_s.jpg,68d1346c3952f7cf7dee90d0,68d1346c3952f7cf7dee90d2,Kalyan Automobiles,Bala Nagar,17.475679,78.447328,budget,classic,good,Heavy Duty Polish - Vulcan S Vulcan S Kawasaki  Maintenance premium quality corrosion resistant for enhanced safety,0,2025-09-04T00:00:00,2025-07-30T00:00:00
68d141f3b3fce85d4c560e1f,Tail Box - SXR 160,SXR 160,Aprilia,2015.0,,Accessories,859.0,industrial grade heat treated for better fuel economy,14.0,4.3,5.0,0,https://example.com/images/tail_box_sxr_160.jpg,68d134ac3952f7cf7dee90e3,68d134ac3952f7cf7dee90e5,Shiva sai Automobiles,Mahabubabad,17.594209,80.006903,mid-range,classic,good,Tail Box - SXR 160 SXR 160 Aprilia  Accessories industrial grade heat treated for better fuel economy,0,2025-09-21T00:00:00,2025-07-22T00:00:00
68d141f3b3fce85d4c560e20,OEM Brake Fluid Reservoir - Gixxer,Gixxer,Suzuki,2010.0,,Brakes,4943.0,professional grade high strength for enhanced safety,18.0,4.2,1.0,0,https://example.com/images/brake_fluid_reservoir_gixxer.jpg,68d135063952f7cf7dee90f6,68d135063952f7cf7dee90f8,Manoj Automobiles,Dilshknagar,17.367642,78.534282,mid-range,vintage,good,OEM Brake Fluid Reservoir - Gixxer Gixxer Suzuki  Brakes professional grade high strength for enhanced safety,0,2025-08-03T00:00:00,2025-08-05T00:00:00
68d141f3b3fce85d4c560e21,Mahindra Rear Tire for Zesto,Zesto,Mahindra,2017.0,,Wheels & Tires,9098.0,oem quality heat treated for enhanced durability,13.0,3.3,36.0,0,https://example.com/images/rear_tire_zesto.jpg,68d135833952f7cf7dee9109,68d135833952f7cf7dee910b,Mounika Automobiles,Karimnagar,18.435781,79.132861,premium,classic,good,Mahindra Rear Tire for Zesto Zesto Mahindra  Wheels & Tires oem quality heat treated for enhanced durability,0,2025-07-30T00:00:00,2025-08-21T00:00:00
68d141f3b3fce85d4c560e22,Heavy Duty Bypass Filter - Discover 125,Discover 125,Bajaj,2015.0,,Filters,1226.0,oem quality high strength for enhanced stability,22.0,3.8,37.0,0,https://example.com/images/bypass_filter_discover_125.jpg,68d135d63952f7cf7dee911e,68d135d63952f7cf7dee9120,baskar Automobiles,Medak,18.048948,78.269372,mid-range,classic,good,Heavy Duty Bypass Filter - Discover 125 Discover 125 Bajaj  Filters oem quality high strength for enhanced stability,0,2025-08-22T00:00:00,2025-09-01T00:00:00
68d141f3b3fce85d4c560e23,Premium Luggage Rack for Chief,Chief,Indian,2014.0,,Accessories,3557.0,oem quality temperature stable for longer life,21.0,3.6,47.0,0,https://example.com/images/luggage_rack_chief.jpg,68d136193952f7cf7dee9131,68d136193952f7cf7dee9133,Mahesh Automobiles,Khammam,17.249885,80.15615,mid-range,vintage,good,Premium Luggage Rack for Chief Chief Indian  Accessories oem quality temperature stable for longer life,0,2025-08-19T00:00:00,2025-08-01T00:00:00
68d141f3b3fce85d4c560e24,Street 750 Front Brake Pad,Street 750,Harley-Davidson,2019.0,,Brakes,4835.0,premium quality noise reducing for better control,26.0,4.1,38.0,0,https://example.com/images/front_brake_pad_street_750.jpg,689d6959045c37933826818b,689d6959045c37933826818d,sai automobiles,RAMNAGAR COLONY PEERZADIGUDA UPPAL HYDERABAD,17.390358,78.606729,mid-range,classic,good,Street 750 Front Brake Pad Street 750 Harley-Davidson  Brakes premium quality noise reducing for better control,0,2025-09-07T00:00:00,2025-08-05T00:00:00
68d141f3b3fce85d4c560e25,Distributor Assembly - XL100,XL100,Tvs,2021.0,,Ignition,1212.0,lightweight high strength for better control,1.0,4.0,15.0,0,https://example.com/images/distributor_xl100.jpg,68ac2a8e3c73e23c655de052,68ac2a8f3c73e23c655de054,Swathi Automobiles,Chappal Bazar Road - Kachiguda ,17.38953,78.491245,mid-range,modern,good,Distributor Assembly - XL100 XL100 Tvs  Ignition lightweight high strength for better control,0,2025-08-14T00:00:00,2025-08-08T00:00:00
68d141f3b3fce85d4c560e26,Racing Valve Set - V12,V12,Bajaj,2013.0,,Engine,4896.0,superior impact resistant for longer life,23.0,4.7,18.0,0,https://example.com/images/valve_set_v12.jpg,68d0c47d09554c358655174b,68d0c47e09554c358655174d,Tarun Automobiles,,17.423605,78.546314,mid-range,vintage,excellent,Racing Valve Set - V12 V12 Bajaj  Engine superior impact resistant for longer life,0,2025-07-30T00:00:00,2025-09-15T00:00:00
68d141f3b3fce85d4c560e27,Mobile Holder - Wego,Wego,Tvs,2022.0,,Accessories,2222.0,durable heat treated for maximum protection,2.0,3.8,49.0,0,https://example.com/images/mobile_holder_wego.jpg,68d133bf3952f7cf7dee90b7,68d133bf3952f7cf7dee90b9,Jyothi Automobiles,Hyderabad,17.511409,78.350972,mid-range,modern,good,Mobile Holder - Wego Wego Tvs  Accessories durable heat treated for maximum protection,0,2025-09-10T00:00:00,2025-08-12T00:00:00
68d141f3b3fce85d4c560e28,Suzuki Radiator for Avenis,Avenis,Suzuki,2016.0,,Cooling System,10026.0,professional grade eco friendly for superior reliability,3.0,4.8,11.0,0,https://example.com/images/radiator_avenis.jpg,68d1346c3952f7cf7dee90d0,68d1346c3952f7cf7dee90d2,Kalyan Automobiles,Bala Nagar,17.475679,78.447328,premium,classic,excellent,Suzuki Radiator for Avenis Avenis Suzuki  Cooling System professional grade eco friendly for superior reliability,0,2025-09-08T00:00:00,2025-08-23T00:00:00
68d141f3b3fce85d4c560e29,Benelli Tank Cover for Imperiale 400,Imperiale 400,Benelli,2015.0,,Body Parts,4449.0,street performance weather resistant for longer life,28.0,3.8,8.0,0,https://example.com/images/tank_cover_imperiale_400.jpg,68d134ac3952f7cf7dee90e3,68d134ac3952f7cf7dee90e5,Shiva sai Automobiles,Mahabubabad,17.594209,80.006903,mid-range,classic,good,Benelli Tank Cover for Imperiale 400 Imperiale 400 Benelli  Body Parts street performance weather resistant for longer life,0,2025-08-02T00:00:00,2025-07-02T00:00:00
68d141f3b3fce85d4c560e2a,Genuine GPS Mount - Pan America,Pan America,Harley-Davidson,2017.0,,Accessories,4074.0,professional grade corrosion resistant for optimal efficiency,7.0,3.2,10.0,0,https://example.com/images/gps_mount_pan_america.jpg,68d135063952f7cf7dee90f6,68d135063952f7cf7dee90f8,Manoj Automobiles,Dilshknagar,17.367642,78.534282,mid-range,classic,good,Genuine GPS Mount - Pan America Pan America Harley-Davidson  Accessories professional grade corrosion resistant for optimal efficiency,0,2025-07-05T00:00:00,2025-09-08T00:00:00
68d141f3b3fce85d4c560e2b,Heavy Duty Full System Exhaust - Dorsoduro 900,Dorsoduro 900,Aprilia,2021.0,,Exhaust,7105.0,heavy duty long lasting for enhanced safety,14.0,4.6,41.0,0,https://example.com/images/full_system_exhaust_dorsoduro_900.jpg,68d135833952f7cf7dee9109,68d135833952f7cf7dee910b,Mounika Automobiles,Karimnagar,18.435781,79.132861,premium,modern,excellent,Heavy Duty Full System Exhaust - Dorsoduro 900 Dorsoduro 900 Aprilia  Exhaust heavy duty long lasting for enhanced safety,0,2025-07-13T00:00:00,2025-07-05T00:00:00
68d141f3b3fce85d4c560e2c,Premium Belly Pan for Roadster,Roadster,Yezdi,2010.0,,Body Parts,5197.0,high performance chemical resistant for improved comfort,1.0,4.0,33.0,0,https://example.com/images/belly_pan_roadster.jpg,68d135d63952f7cf7dee911e,68d135d63952f7cf7dee9120,baskar Automobiles,Medak,18.048948,78.269372,mid-range,vintage,good,Premium Belly Pan for Roadster Roadster Yezdi  Body Parts high performance chemical resistant for improved comfort,0,2025-08-24T00:00:00,2025-07-22T00:00:00
68d141f3b3fce85d4c560e2d,Premium Penetrating Oil for Yezdi Roadster,Yezdi Roadster,Jawa,2023.0,,Maintenance,665.0,industrial grade fuel efficient for enhanced safety,25.0,3.7,50.0,0,https://example.com/images/penetrating_oil_yezdi_roadster.jpg,68d136193952f7cf7dee9131,68d136193952f7cf7dee9133,Mahesh Automobiles,Khammam,17.249885,80.15615,budget,modern,good,Premium Penetrating Oil for Yezdi Roadster Yezdi Roadster Jawa  Maintenance industrial grade fuel efficient for enhanced safety,0,2025-07-17T00:00:00,2025-07-14T00:00:00
68d141f3b3fce85d4c560e2e,Performance Riding Boots - Adventure,Adventure,Yezdi,2014.0,,Safety,3422.0,industrial grade impact resistant for better handling,25.0,3.7,41.0,0,https://example.com/images/riding_boots_adventure.jpg,689d6959045c37933826818b,689d6959045c37933826818d,sai automobiles,RAMNAGAR COLONY PEERZADIGUDA UPPAL HYDERABAD,17.390358,78.606729,mid-range,vintage,good,Performance Riding Boots - Adventure Adventure Yezdi  Safety industrial grade impact resistant for better handling,0,2025-08-02T00:00:00,2025-07-27T00:00:00
68d141f3b3fce85d4c560e2f,Racing Alloy Wheel - Apache RTR 160,Apache RTR 160,Tvs,2017.0,,Wheels & Tires,2194.0,heavy duty impact resistant for enhanced stability,4.0,3.5,10.0,0,https://example.com/images/alloy_wheel_apache_rtr_160.jpg,68ac2a8e3c73e23c655de052,68ac2a8f3c73e23c655de054,Swathi Automobiles,Chappal Bazar Road - Kachiguda ,17.38953,78.491245,mid-range,classic,good,Racing Alloy Wheel - Apache RTR 160 Apache RTR 160 Tvs  Wheels & Tires heavy duty impact resistant for enhanced stability,0,2025-07-27T00:00:00,2025-08-06T00:00:00
68d141f3b3fce85d4c560e30,Harley-Davidson Mid Pipe for Street Glide,Street Glide,Harley-Davidson,2015.0,,Exhaust,12790.0,long lasting wear resistant for better handling,26.0,4.4,32.0,0,https://example.com/images/mid_pipe_street_glide.jpg,68d0c47d09554c358655174b,68d0c47e09554c358655174d,Tarun Automobiles,,17.423605,78.546314,premium,classic,good,Harley-Davidson Mid Pipe for Street Glide Street Glide Harley-Davidson  Exhaust long lasting wear resistant for better handling,0,2025-08-02T00:00:00,2025-08-13T00:00:00
68d141f3b3fce85d4c560e31,Distributor Cap - Glamour,Glamour,Hero,2017.0,,Ignition,913.0,lightweight vibration dampening for better control,2.0,4.0,37.0,0,https://example.com/images/distributor_cap_glamour.jpg,68d133bf3952f7cf7dee90b7,68d133bf3952f7cf7dee90b9,Jyothi Automobiles,Hyderabad,17.511409,78.350972,mid-range,classic,good,Distributor Cap - Glamour Glamour Hero  Ignition lightweight vibration dampening for better control,0,2025-07-25T00:00:00,2025-07-29T00:00:00
68d141f3b3fce85d4c560e32,OEM Tire Iron - Sport,Sport,Jawa,2017.0,,Wheels & Tires,10150.0,racing quality noise reducing for reduced maintenance,23.0,4.7,19.0,0,https://example.com/images/tire_iron_sport.jpg,68d1346c3952f7cf7dee90d0,68d1346c3952f7cf7dee90d2,Kalyan Automobiles,Bala Nagar,17.475679,78.447328,premium,classic,excellent,OEM Tire Iron - Sport Sport Jawa  Wheels & Tires racing quality noise reducing for reduced maintenance,0,2025-09-09T00:00:00,2025-09-16T00:00:00
68d141f3b3fce85d4c560e33,RC 200 Emergency Light,RC 200,Ktm,2019.0,,Lighting,5352.0,racing quality precision engineered for better handling,4.0,4.8,7.0,0,https://example.com/images/emergency_light_rc_200.jpg,68d134ac3952f7cf7dee90e3,68d134ac3952f7cf7dee90e5,Shiva sai Automobiles,Mahabubabad,17.594209,80.006903,mid-range,classic,excellent,RC 200 Emergency Light RC 200 Ktm  Lighting racing quality precision engineered for better handling,0,2025-09-13T00:00:00,2025-07-22T00:00:00
68d141f3b3fce85d4c560e34,Genuine Belt Guard - S 1000 XR,S 1000 XR,Bmw,2010.0,,Drivetrain,4323.0,precision made vibration dampening for better fuel economy,6.0,3.5,8.0,0,https://example.com/images/belt_guard_s_1000_xr.jpg,68d135063952f7cf7dee90f6,68d135063952f7cf7dee90f8,Manoj Automobiles,Dilshknagar,17.367642,78.534282,mid-range,vintage,good,Genuine Belt Guard - S 1000 XR S 1000 XR Bmw  Drivetrain precision made vibration dampening for better fuel economy,0,2025-07-31T00:00:00,2025-08-15T00:00:00
68d141f3b3fce85d4c560e35,Genuine Crash Guard - Chieftain,Chieftain,Indian,2020.0,,Accessories,4143.0,racing quality heat treated for better handling,4.0,4.3,17.0,0,https://example.com/images/crash_guard_chieftain.jpg,68d135833952f7cf7dee9109,68d135833952f7cf7dee910b,Mounika Automobiles,Karimnagar,18.435781,79.132861,mid-range,modern,good,Genuine Crash Guard - Chieftain Chieftain Indian  Accessories racing quality heat treated for better handling,0,2025-08-08T00:00:00,2025-08-10T00:00:00
68d141f3b3fce85d4c560e36,Heavy Duty Muffler - Access 125,Access 125,Suzuki,2011.0,,Exhaust,12205.0,premium quality high strength for enhanced stability,14.0,3.5,29.0,0,https://example.com/images/muffler_access_125.jpg,68d135d63952f7cf7dee911e,68d135d63952f7cf7dee9120,baskar Automobiles,Medak,18.048948,78.269372,premium,vintage,good,Heavy Duty Muffler - Access 125 Access 125 Suzuki  Exhaust premium quality high strength for enhanced stability,0,2025-08-24T00:00:00,2025-07-12T00:00:00
68d141f3b3fce85d4c560e37,Kawasaki Throttle Body for Ninja 650,Ninja 650,Kawasaki,2013.0,,Fuel System,5026.0,advanced temperature stable for smoother operation,17.0,4.3,19.0,0,https://example.com/images/throttle_body_ninja_650.jpg,68d136193952f7cf7dee9131,68d136193952f7cf7dee9133,Mahesh Automobiles,Khammam,17.249885,80.15615,mid-range,vintage,good,Kawasaki Throttle Body for Ninja 650 Ninja 650 Kawasaki  Fuel System advanced temperature stable for smoother operation,0,2025-09-04T00:00:00,2025-08-27T00:00:00
68d141f3b3fce85d4c560e38,Emergency Blanket - CB300R,CB300R,Honda,2010.0,,Safety,1582.0,street performance eco friendly for reduced maintenance,10.0,4.7,21.0,0,https://example.com/images/emergency_blanket_cb300r.jpg,689d6959045c37933826818b,689d6959045c37933826818d,sai automobiles,RAMNAGAR COLONY PEERZADIGUDA UPPAL HYDERABAD,17.390358,78.606729,mid-range,vintage,excellent,Emergency Blanket - CB300R CB300R Honda  Safety street performance eco friendly for reduced maintenance,0,2025-09-17T00:00:00,2025-07-22T00:00:00
68d141f3b3fce85d4c560e39,TVS Wheel Lock for Apache RTR 160,Apache RTR 160,Tvs,2018.0,,Wheels & Tires,1263.0,superior wear resistant for maximum protection,21.0,3.5,39.0,0,https://example.com/images/wheel_lock_apache_rtr_160.jpg,68ac2a8e3c73e23c655de052,68ac2a8f3c73e23c655de054,Swathi Automobiles,Chappal Bazar Road - Kachiguda ,17.38953,78.491245,mid-range,classic,good,TVS Wheel Lock for Apache RTR 160 Apache RTR 160 Tvs  Wheels & Tires superior wear resistant for maximum protection,0,2025-08-06T00:00:00,2025-09-06T00:00:00
68d141f3b3fce85d4c560e3a,Brake Fluid - Stallio,Stallio,Mahindra,2019.0,,Brakes,4350.0,heavy duty vibration dampening for improved performance,22.0,4.9,41.0,0,https://example.com/images/brake_fluid_stallio.jpg,68d0c47d09554c358655174b,68d0c47e09554c358655174d,Tarun Automobiles,,17.423605,78.546314,mid-range,classic,excellent,Brake Fluid - Stallio Stallio Mahindra  Brakes heavy duty vibration dampening for improved performance,0,2025-07-05T00:00:00,2025-09-13T00:00:00
68d141f3b3fce85d4c560e3b,Brake Drum Assembly - Apache RTR 200 4V,Apache RTR 200 4V,Tvs,2021.0,,Brakes,838.0,long lasting long lasting for smoother operation,23.0,3.8,23.0,0,https://example.com/images/brake_drum_apache_rtr_200_4v.jpg,68d133bf3952f7cf7dee90b7,68d133bf3952f7cf7dee90b9,Jyothi Automobiles,Hyderabad,17.511409,78.350972,budget,modern,good,Brake Drum Assembly - Apache RTR 200 4V Apache RTR 200 4V Tvs  Brakes long lasting long lasting for smoother operation,0,2025-07-21T00:00:00,2025-08-31T00:00:00
68d141f3b3fce85d4c560e3c,ZX-6R Tubeless Valve,ZX-6R,Kawasaki,2020.0,,Wheels & Tires,14687.0,racing quality fuel efficient for enhanced durability,19.0,4.7,42.0,0,https://example.com/images/tubeless_valve_zx_6r.jpg,68d1346c3952f7cf7dee90d0,68d1346c3952f7cf7dee90d2,Kalyan Automobiles,Bala Nagar,17.475679,78.447328,premium,modern,excellent,ZX-6R Tubeless Valve ZX-6R Kawasaki  Wheels & Tires racing quality fuel efficient for enhanced durability,0,2025-09-18T00:00:00,2025-07-11T00:00:00
68d141f3b3fce85d4c560e3d,Racing Engine Gasket Set - Ninja H2,Ninja H2,Kawasaki,2010.0,,Engine,9080.0,racing quality high strength for enhanced safety,5.0,4.9,24.0,0,https://example.com/images/engine_gasket_set_ninja_h2.jpg,68d134ac3952f7cf7dee90e3,68d134ac3952f7cf7dee90e5,Shiva sai Automobiles,Mahabubabad,17.594209,80.006903,premium,vintage,excellent,Racing Engine Gasket Set - Ninja H2 Ninja H2 Kawasaki  Engine racing quality high strength for enhanced safety,0,2025-07-23T00:00:00,2025-08-15T00:00:00
68d141f3b3fce85d4c560e3e,Harley-Davidson Breather Filter for Fat Bob,Fat Bob,Harley-Davidson,2011.0,,Filters,1898.0,street performance corrosion resistant for better fuel economy,28.0,4.9,38.0,0,https://example.com/images/breather_filter_fat_bob.jpg,68d135063952f7cf7dee90f6,68d135063952f7cf7dee90f8,Manoj Automobiles,Dilshknagar,17.367642,78.534282,mid-range,vintage,excellent,Harley-Davidson Breather Filter for Fat Bob Fat Bob Harley-Davidson  Filters street performance corrosion resistant for better fuel economy,0,2025-09-19T00:00:00,2025-08-31T00:00:00
68d141f3b3fce85d4c560e3f,Performance Mobile Holder - Vida V1 Electric,Vida V1 Electric,Hero,2025.0,,Accessories,616.0,long lasting corrosion resistant for better fuel economy,6.0,4.5,50.0,0,https://example.com/images/mobile_holder_vida_v1_electric.jpg,68d135833952f7cf7dee9109,68d135833952f7cf7dee910b,Mounika Automobiles,Karimnagar,18.435781,79.132861,budget,modern,excellent,Performance Mobile Holder - Vida V1 Electric Vida V1 Electric Hero  Accessories long lasting corrosion resistant for better fuel economy,0,2025-08-08T00:00:00,2025-07-17T00:00:00
68d141f3b3fce85d4c560e40,Aprilia Damper for Tuono 660,Tuono 660,Aprilia,2017.0,,Suspension,19252.0,oem quality long lasting for smoother operation,28.0,3.9,41.0,0,https://example.com/images/damper_tuono_660.jpg,68d135d63952f7cf7dee911e,68d135d63952f7cf7dee9120,baskar Automobiles,Medak,18.048948,78.269372,premium,classic,good,Aprilia Damper for Tuono 660 Tuono 660 Aprilia  Suspension oem quality long lasting for smoother operation,0,2025-08-30T00:00:00,2025-08-24T00:00:00
68d141f3b3fce85d4c560e41,Racing Lower Triple Tree - CBZ Xtreme,CBZ Xtreme,Hero,2025.0,,Suspension,5623.0,enhanced weather resistant for better fuel economy,6.0,3.7,4.0,0,https://example.com/images/lower_triple_tree_cbz_xtreme.jpg,68d136193952f7cf7dee9131,68d136193952f7cf7dee9133,Mahesh Automobiles,Khammam,17.249885,80.15615,mid-range,modern,good,Racing Lower Triple Tree - CBZ Xtreme CBZ Xtreme Hero  Suspension enhanced weather resistant for better fuel economy,0,2025-08-04T00:00:00,2025-07-21T00:00:00
68d141f3b3fce85d4c560e42,Performance Engine Oil - Challenger,Challenger,Indian,2022.0,,Maintenance,338.0,professional grade weather resistant for improved comfort,21.0,4.3,8.0,0,https://example.com/images/engine_oil_challenger.jpg,689d6959045c37933826818b,689d6959045c37933826818d,sai automobiles,RAMNAGAR COLONY PEERZADIGUDA UPPAL HYDERABAD,17.390358,78.606729,budget,modern,good,Performance Engine Oil - Challenger Challenger Indian  Maintenance professional grade weather resistant for improved comfort,0,2025-07-14T00:00:00,2025-08-09T00:00:00
68d141f3b3fce85d4c560e43,Heavy Duty Diode - Thunderbird 350,Thunderbird 350,Royal Enfield,2013.0,,Electrical,1816.0,heavy duty corrosion resistant for better fuel economy,13.0,4.2,33.0,0,https://example.com/images/diode_thunderbird_350.jpg,68ac2a8e3c73e23c655de052,68ac2a8f3c73e23c655de054,Swathi Automobiles,Chappal Bazar Road - Kachiguda ,17.38953,78.491245,mid-range,vintage,good,Heavy Duty Diode - Thunderbird 350 Thunderbird 350 Royal Enfield  Electrical heavy duty corrosion resistant for better fuel economy,0,2025-08-20T00:00:00,2025-07-11T00:00:00
68d141f3b3fce85d4c560e44,Heavy Duty Regulator Rectifier - Roadmaster,Roadmaster,Indian,2024.0,,Electrical,3833.0,street performance vibration dampening for better fuel economy,28.0,4.1,17.0,0,https://example.com/images/regulator_rectifier_roadmaster.jpg,68d0c47d09554c358655174b,68d0c47e09554c358655174d,Tarun Automobiles,,17.423605,78.546314,mid-range,modern,good,Heavy Duty Regulator Rectifier - Roadmaster Roadmaster Indian  Electrical street performance vibration dampening for better fuel economy,0,2025-07-27T00:00:00,2025-08-13T00:00:00
68d141f3b3fce85d4c560e45,Mahindra Front Brake Pad for Kine,Kine,Mahindra,2020.0,,Brakes,422.0,superior high strength for longer life,16.0,4.3,25.0,0,https://example.com/images/front_brake_pad_kine.jpg,68d133bf3952f7cf7dee90b7,68d133bf3952f7cf7dee90b9,Jyothi Automobiles,Hyderabad,17.511409,78.350972,budget,modern,good,Mahindra Front Brake Pad for Kine Kine Mahindra  Brakes superior high strength for longer life,0,2025-09-19T00:00:00,2025-08-02T00:00:00
68d141f3b3fce85d4c560e46,Master Cylinder Assembly - Gusto,Gusto,Mahindra,2012.0,,Brakes,2945.0,racing quality corrosion resistant for increased power,6.0,3.5,10.0,0,https://example.com/images/master_cylinder_gusto.jpg,68d1346c3952f7cf7dee90d0,68d1346c3952f7cf7dee90d2,Kalyan Automobiles,Bala Nagar,17.475679,78.447328,mid-range,vintage,good,Master Cylinder Assembly - Gusto Gusto Mahindra  Brakes racing quality corrosion resistant for increased power,0,2025-07-26T00:00:00,2025-07-02T00:00:00
68d141f3b3fce85d4c560e47,Brake Rotor Assembly - Tiger 900,Tiger 900,Triumph,2024.0,,Brakes,3260.0,oem quality maintenance free for maximum protection,13.0,4.2,3.0,0,https://example.com/images/brake_rotor_tiger_900.jpg,68d134ac3952f7cf7dee90e3,68d134ac3952f7cf7dee90e5,Shiva sai Automobiles,Mahabubabad,17.594209,80.006903,mid-range,modern,good,Brake Rotor Assembly - Tiger 900 Tiger 900 Triumph  Brakes oem quality maintenance free for maximum protection,0,2025-09-16T00:00:00,2025-08-20T00:00:00
68d141f3b3fce85d4c560e48,Performance Rocker Arm - Speed Triple,Speed Triple,Triumph,2016.0,,Engine,3988.0,durable weather resistant for improved comfort,5.0,3.4,50.0,0,https://example.com/images/rocker_arm_speed_triple.jpg,68d135063952f7cf7dee90f6,68d135063952f7cf7dee90f8,Manoj Automobiles,Dilshknagar,17.367642,78.534282,mid-range,classic,good,Performance Rocker Arm - Speed Triple Speed Triple Triumph  Engine durable weather resistant for improved comfort,0,2025-07-21T00:00:00,2025-07-29T00:00:00
68d141f3b3fce85d4c560e49,Genuine Elbow Guard - Scrambler,Scrambler,Yezdi,2022.0,,Safety,6220.0,heavy duty maintenance free for longer life,2.0,4.9,43.0,0,https://example.com/images/elbow_guard_scrambler.jpg,68d135833952f7cf7dee9109,68d135833952f7cf7dee910b,Mounika Automobiles,Karimnagar,18.435781,79.132861,premium,modern,excellent,Genuine Elbow Guard - Scrambler Scrambler Yezdi  Safety heavy duty maintenance free for longer life,0,2025-07-23T00:00:00,2025-08-11T00:00:00
68d141f3b3fce85d4c560e4a,Monster Hub Bearing,Monster,Ducati,2010.0,,Wheels & Tires,5767.0,high performance long lasting for optimal efficiency,11.0,4.9,30.0,0,https://example.com/images/hub_bearing_monster.jpg,68d135d63952f7cf7dee911e,68d135d63952f7cf7dee9120,baskar Automobiles,Medak,18.048948,78.269372,premium,vintage,excellent,Monster Hub Bearing Monster Ducati  Wheels & Tires high performance long lasting for optimal efficiency,0,2025-07-19T00:00:00,2025-07-22T00:00:00
68d141f3b3fce85d4c560e4b,OEM Battery Cable - BN 302,BN 302,Benelli,2019.0,,Electrical,811.0,premium quality corrosion resistant for optimal efficiency,28.0,3.9,14.0,0,https://example.com/images/battery_cable_bn_302.jpg,68d136193952f7cf7dee9131,68d136193952f7cf7dee9133,Mahesh Automobiles,Khammam,17.249885,80.15615,budget,classic,good,OEM Battery Cable - BN 302 BN 302 Benelli  Electrical premium quality corrosion resistant for optimal efficiency,0,2025-08-06T00:00:00,2025-09-11T00:00:00
68d141f3b3fce85d4c560e4c,Premium Helmet Lock for XL100,XL100,Tvs,2023.0,,Accessories,3496.0,precision made corrosion resistant for reduced maintenance,15.0,4.2,26.0,0,https://example.com/images/helmet_lock_xl100.jpg,689d6959045c37933826818b,689d6959045c37933826818d,sai automobiles,RAMNAGAR COLONY PEERZADIGUDA UPPAL HYDERABAD,17.390358,78.606729,mid-range,modern,good,Premium Helmet Lock for XL100 XL100 Tvs  Accessories precision made corrosion resistant for reduced maintenance,0,2025-08-10T00:00:00,2025-09-19T00:00:00
68d141f3b3fce85d4c560e4d,Engine Mount Assembly - Rodeo RZ,Rodeo RZ,Mahindra,2011.0,,Engine,20554.0,superior weather resistant for smoother operation,12.0,3.8,41.0,0,https://example.com/images/engine_mount_rodeo_rz.jpg,68ac2a8e3c73e23c655de052,68ac2a8f3c73e23c655de054,Swathi Automobiles,Chappal Bazar Road - Kachiguda ,17.38953,78.491245,premium,vintage,good,Engine Mount Assembly - Rodeo RZ Rodeo RZ Mahindra  Engine superior weather resistant for smoother operation,0,2025-09-15T00:00:00,2025-07-04T00:00:00
68d141f3b3fce85d4c560e4e,Benelli Clutch Cable for BN 302,BN 302,Benelli,2012.0,,Transmission,5352.0,superior eco friendly for superior reliability,24.0,3.9,43.0,0,https://example.com/images/clutch_cable_bn_302.jpg,68d0c47d09554c358655174b,68d0c47e09554c358655174d,Tarun Automobiles,,17.423605,78.546314,mid-range,vintage,good,Benelli Clutch Cable for BN 302 BN 302 Benelli  Transmission superior eco friendly for superior reliability,0,2025-09-08T00:00:00,2025-09-09T00:00:00
68d141f3b3fce85d4c560e4f,Racing Brake Cleaner - Rivale 800,Rivale 800,Mv Agusta,2012.0,,Brakes,3951.0,lightweight eco friendly for optimal efficiency,22.0,3.4,34.0,0,https://example.com/images/brake_cleaner_rivale_800.jpg,68d133bf3952f7cf7dee90b7,68d133bf3952f7cf7dee90b9,Jyothi Automobiles,Hyderabad,17.511409,78.350972,mid-range,vintage,good,Racing Brake Cleaner - Rivale 800 Rivale 800 Mv Agusta  Brakes lightweight eco friendly for optimal efficiency,0,2025-07-12T00:00:00,2025-09-04T00:00:00
68d141f3b3fce85d4c560e50,Performance Headlight Assembly - Brutale 1000,Brutale 1000,Mv Agusta,2017.0,,Lighting,5371.0,high performance temperature stable for better handling,5.0,3.7,0.0,0,https://example.com/images/headlight_assembly_brutale_1000.jpg,68d1346c3952f7cf7dee90d0,68d1346c3952f7cf7dee90d2,Kalyan Automobiles,Bala Nagar,17.475679,78.447328,mid-range,classic,good,Performance Headlight Assembly - Brutale 1000 Brutale 1000 Mv Agusta  Lighting high performance temperature stable for better handling,0,2025-07-17T00:00:00,2025-08-22T00:00:00
68d141f3b3fce85d4c560e51,Genuine Carburetor - Roadmaster,Roadmaster,Indian,2021.0,,Fuel System,2964.0,precision made maintenance free for better handling,30.0,5.0,18.0,0,https://example.com/images/carburetor_roadmaster.jpg,68d134ac3952f7cf7dee90e3,68d134ac3952f7cf7dee90e5,Shiva sai Automobiles,Mahabubabad,17.594209,80.006903,mid-range,modern,excellent,Genuine Carburetor - Roadmaster Roadmaster Indian  Fuel System precision made maintenance free for better handling,0,2025-08-05T00:00:00,2025-07-27T00:00:00
68d141f3b3fce85d4c560e52,Slip-on Exhaust - Intruder,Intruder,Suzuki,2015.0,,Exhaust,10615.0,precision made heat treated for superior reliability,7.0,4.1,25.0,0,https://example.com/images/slip-on_exhaust_intruder.jpg,68d135063952f7cf7dee90f6,68d135063952f7cf7dee90f8,Manoj Automobiles,Dilshknagar,17.367642,78.534282,premium,classic,good,Slip-on Exhaust - Intruder Intruder Suzuki  Exhaust precision made heat treated for superior reliability,0,2025-08-21T00:00:00,2025-08-18T00:00:00
68d141f3b3fce85d4c560e53,OEM Steering Head Bearing - Tiger 900,Tiger 900,Triumph,2016.0,,Suspension,9489.0,street performance noise reducing for reduced maintenance,15.0,4.5,47.0,0,https://example.com/images/steering_head_bearing_tiger_900.jpg,68d135833952f7cf7dee9109,68d135833952f7cf7dee910b,Mounika Automobiles,Karimnagar,18.435781,79.132861,premium,classic,excellent,OEM Steering Head Bearing - Tiger 900 Tiger 900 Triumph  Suspension street performance noise reducing for reduced maintenance,0,2025-08-09T00:00:00,2025-08-24T00:00:00
68d141f3b3fce85d4c560e54,Final Drive Oil - ER-6n,ER-6n,Kawasaki,2020.0,,Drivetrain,4515.0,advanced impact resistant for longer life,29.0,3.6,0.0,0,https://example.com/images/final_drive_oil_er_6n.jpg,68d135d63952f7cf7dee911e,68d135d63952f7cf7dee9120,baskar Automobiles,Medak,18.048948,78.269372,mid-range,modern,good,Final Drive Oil - ER-6n ER-6n Kawasaki  Drivetrain advanced impact resistant for longer life,0,2025-09-09T00:00:00,2025-07-09T00:00:00
68d141f3b3fce85d4c560e55,Jawa Carburetor for Standard,Standard,Jawa,2018.0,,Fuel System,1652.0,heavy duty heat treated for enhanced durability,27.0,4.2,21.0,0,https://example.com/images/carburetor_standard.jpg,68d136193952f7cf7dee9131,68d136193952f7cf7dee9133,Mahesh Automobiles,Khammam,17.249885,80.15615,mid-range,classic,good,Jawa Carburetor for Standard Standard Jawa  Fuel System heavy duty heat treated for enhanced durability,0,2025-07-18T00:00:00,2025-07-29T00:00:00
68d141f3b3fce85d4c560e56,OEM Exhaust Flange - CB350RS,CB350RS,Honda,2017.0,,Exhaust,9467.0,lightweight weather resistant for smoother operation,19.0,3.7,38.0,0,https://example.com/images/exhaust_flange_cb350rs.jpg,689d6959045c37933826818b,689d6959045c37933826818d,sai automobiles,RAMNAGAR COLONY PEERZADIGUDA UPPAL HYDERABAD,17.390358,78.606729,premium,classic,good,OEM Exhaust Flange - CB350RS CB350RS Honda  Exhaust lightweight weather resistant for smoother operation,0,2025-07-16T00:00:00,2025-07-15T00:00:00
68d141f3b3fce85d4c560e57,Headlight Assembly Assembly - Rodeo RZ,Rodeo RZ,Mahindra,2011.0,,Lighting,2570.0,lightweight precision engineered for smoother operation,12.0,3.2,35.0,0,https://example.com/images/headlight_assembly_rodeo_rz.jpg,68ac2a8e3c73e23c655de052,68ac2a8f3c73e23c655de054,Swathi Automobiles,Chappal Bazar Road - Kachiguda ,17.38953,78.491245,mid-range,vintage,good,Headlight Assembly Assembly - Rodeo RZ Rodeo RZ Mahindra  Lighting lightweight precision engineered for smoother operation,0,2025-07-16T00:00:00,2025-08-19T00:00:00
68d141f3b3fce85d4c560e58,Performance Timing Chain - Sportster S,Sportster S,Harley-Davidson,2016.0,,Engine,8801.0,enhanced chemical resistant for longer life,11.0,3.9,28.0,0,https://example.com/images/timing_chain_sportster_s.jpg,68d0c47d09554c358655174b,68d0c47e09554c358655174d,Tarun Automobiles,,17.423605,78.546314,premium,classic,good,Performance Timing Chain - Sportster S Sportster S Harley-Davidson  Engine enhanced chemical resistant for longer life,0,2025-09-08T00:00:00,2025-07-07T00:00:00
68d141f3b3fce85d4c560e59,Chest Protector Assembly - Pan America,Pan America,Harley-Davidson,2014.0,,Safety,874.0,advanced long lasting for reduced maintenance,17.0,5.0,48.0,0,https://example.com/images/chest_protector_pan_america.jpg,68d133bf3952f7cf7dee90b7,68d133bf3952f7cf7dee90b9,Jyothi Automobiles,Hyderabad,17.511409,78.350972,mid-range,vintage,excellent,Chest Protector Assembly - Pan America Pan America Harley-Davidson  Safety advanced long lasting for reduced maintenance,0,2025-07-24T00:00:00,2025-08-18T00:00:00
68d141f3b3fce85d4c560e5a,Genuine High Vis Jacket - G 310 R,G 310 R,Bmw,2019.0,,Safety,6015.0,enhanced vibration dampening for enhanced safety,24.0,3.2,42.0,0,https://example.com/images/high_vis_jacket_g_310_r.jpg,68d1346c3952f7cf7dee90d0,68d1346c3952f7cf7dee90d2,Kalyan Automobiles,Bala Nagar,17.475679,78.447328,premium,classic,good,Genuine High Vis Jacket - G 310 R G 310 R Bmw  Safety enhanced vibration dampening for enhanced safety,0,2025-07-15T00:00:00,2025-08-21T00:00:00
68d141f4b3fce85d4c560e5b,Racing Intake Filter - Ignitor,Ignitor,Hero,2023.0,,Filters,685.0,street performance heat treated for increased power,19.0,3.5,50.0,0,https://example.com/images/intake_filter_ignitor.jpg,68d134ac3952f7cf7dee90e3,68d134ac3952f7cf7dee90e5,Shiva sai Automobiles,Mahabubabad,17.594209,80.006903,budget,modern,good,Racing Intake Filter - Ignitor Ignitor Hero  Filters street performance heat treated for increased power,0,2025-08-24T00:00:00,2025-09-07T00:00:00
68d141f4b3fce85d4c560e5c,Suzuki Coolant for Gixxer SF,Gixxer SF,Suzuki,2021.0,,Maintenance,458.0,long lasting vibration dampening for improved performance,19.0,4.4,14.0,0,https://example.com/images/coolant_gixxer_sf.jpg,68d135063952f7cf7dee90f6,68d135063952f7cf7dee90f8,Manoj Automobiles,Dilshknagar,17.367642,78.534282,budget,modern,good,Suzuki Coolant for Gixxer SF Gixxer SF Suzuki  Maintenance long lasting vibration dampening for improved performance,0,2025-08-04T00:00:00,2025-07-30T00:00:00
68d141f4b3fce85d4c560e5d,Genuine HT Lead - ER-6n,ER-6n,Kawasaki,2016.0,,Ignition,1617.0,premium quality fuel efficient for improved comfort,2.0,3.7,30.0,0,https://example.com/images/ht_lead_er_6n.jpg,68d135833952f7cf7dee9109,68d135833952f7cf7dee910b,Mounika Automobiles,Karimnagar,18.435781,79.132861,mid-range,classic,good,Genuine HT Lead - ER-6n ER-6n Kawasaki  Ignition premium quality fuel efficient for improved comfort,0,2025-07-17T00:00:00,2025-08-09T00:00:00
68d141f4b3fce85d4c560e5e,Racing Exhaust Clamp - G 310 R,G 310 R,Bmw,2021.0,,Exhaust,1537.0,superior maintenance free for increased power,29.0,3.9,40.0,0,https://example.com/images/exhaust_clamp_g_310_r.jpg,68d135d63952f7cf7dee911e,68d135d63952f7cf7dee9120,baskar Automobiles,Medak,18.048948,78.269372,mid-range,modern,good,Racing Exhaust Clamp - G 310 R G 310 R Bmw  Exhaust superior maintenance free for increased power,0,2025-08-13T00:00:00,2025-07-27T00:00:00
68d141f4b3fce85d4c560e5f,Genuine Gear Oil - CBZ Xtreme,CBZ Xtreme,Hero,2015.0,,Maintenance,464.0,superior long lasting for enhanced stability,29.0,3.4,17.0,0,https://example.com/images/gear_oil_cbz_xtreme.jpg,68d136193952f7cf7dee9131,68d136193952f7cf7dee9133,Mahesh Automobiles,Khammam,17.249885,80.15615,budget,classic,good,Genuine Gear Oil - CBZ Xtreme CBZ Xtreme Hero  Maintenance superior long lasting for enhanced stability,0,2025-07-03T00:00:00,2025-08-10T00:00:00
68d141f4b3fce85d4c560e60,Harley-Davidson Radiator Mount for Forty-Eight,Forty-Eight,Harley-Davidson,2011.0,,Cooling System,9343.0,oem quality eco friendly for superior reliability,23.0,4.2,6.0,0,https://example.com/images/radiator_mount_forty_eight.jpg,689d6959045c37933826818b,689d6959045c37933826818d,sai automobiles,RAMNAGAR COLONY PEERZADIGUDA UPPAL HYDERABAD,17.390358,78.606729,premium,vintage,good,Harley-Davidson Radiator Mount for Forty-Eight Forty-Eight Harley-Davidson  Cooling System oem quality eco friendly for superior reliability,0,2025-08-01T00:00:00,2025-08-05T00:00:00
68d141f4b3fce85d4c560e61,Performance Timing Chain - FZ-X,FZ-X,Yamaha,2023.0,,Engine,7978.0,heavy duty maintenance free for enhanced safety,20.0,3.3,0.0,0,https://example.com/images/timing_chain_fz_x.jpg,68ac2a8e3c73e23c655de052,68ac2a8f3c73e23c655de054,Swathi Automobiles,Chappal Bazar Road - Kachiguda ,17.38953,78.491245,premium,modern,good,Performance Timing Chain - FZ-X FZ-X Yamaha  Engine heavy duty maintenance free for enhanced safety,0,2025-08-22T00:00:00,2025-07-13T00:00:00
68d141f4b3fce85d4c560e62,Premium Riding Boots for Saluto RX,Saluto RX,Yamaha,2019.0,,Safety,3931.0,durable heat treated for better control,8.0,3.7,36.0,0,https://example.com/images/riding_boots_saluto_rx.jpg,68d0c47d09554c358655174b,68d0c47e09554c358655174d,Tarun Automobiles,,17.423605,78.546314,mid-range,classic,good,Premium Riding Boots for Saluto RX Saluto RX Yamaha  Safety durable heat treated for better control,0,2025-07-26T00:00:00,2025-07-27T00:00:00
68d141f4b3fce85d4c560e63,Warning Light Assembly - Scram 411,Scram 411,Royal Enfield,2022.0,,Safety,4231.0,superior noise reducing for optimal efficiency,27.0,3.8,0.0,0,https://example.com/images/warning_light_scram_411.jpg,68d133bf3952f7cf7dee90b7,68d133bf3952f7cf7dee90b9,Jyothi Automobiles,Hyderabad,17.511409,78.350972,mid-range,modern,good,Warning Light Assembly - Scram 411 Scram 411 Royal Enfield  Safety superior noise reducing for optimal efficiency,0,2025-09-02T00:00:00,2025-07-22T00:00:00
68d141f4b3fce85d4c560e64,OEM Spoke Set - Crux,Crux,Yamaha,2020.0,,Wheels & Tires,12920.0,high performance fuel efficient for smoother operation,28.0,4.9,46.0,0,https://example.com/images/spoke_set_crux.jpg,68d1346c3952f7cf7dee90d0,68d1346c3952f7cf7dee90d2,Kalyan Automobiles,Bala Nagar,17.475679,78.447328,premium,modern,excellent,OEM Spoke Set - Crux Crux Yamaha  Wheels & Tires high performance fuel efficient for smoother operation,0,2025-09-03T00:00:00,2025-07-28T00:00:00
68d141f4b3fce85d4c560e65,Heavy Duty Indicator Bulb - Rodeo RZ,Rodeo RZ,Mahindra,2023.0,,Lighting,3631.0,long lasting chemical resistant for better fuel economy,18.0,4.7,19.0,0,https://example.com/images/indicator_bulb_rodeo_rz.jpg,68d134ac3952f7cf7dee90e3,68d134ac3952f7cf7dee90e5,Shiva sai Automobiles,Mahabubabad,17.594209,80.006903,mid-range,modern,excellent,Heavy Duty Indicator Bulb - Rodeo RZ Rodeo RZ Mahindra  Lighting long lasting chemical resistant for better fuel economy,0,2025-08-31T00:00:00,2025-08-28T00:00:00
68d141f4b3fce85d4c560e66,Alternator Assembly - Duke 125,Duke 125,Ktm,2024.0,,Electrical,3710.0,heavy duty high strength for longer life,24.0,3.2,5.0,0,https://example.com/images/alternator_duke_125.jpg,68d135063952f7cf7dee90f6,68d135063952f7cf7dee90f8,Manoj Automobiles,Dilshknagar,17.367642,78.534282,mid-range,modern,good,Alternator Assembly - Duke 125 Duke 125 Ktm  Electrical heavy duty high strength for longer life,0,2025-09-20T00:00:00,2025-09-03T00:00:00
68d141f4b3fce85d4c560e67,Performance Tank Cover - Pulsar F250,Pulsar F250,Bajaj,2013.0,,Body Parts,7435.0,enhanced high strength for improved comfort,17.0,4.1,13.0,0,https://example.com/images/tank_cover_pulsar_f250.jpg,68d135833952f7cf7dee9109,68d135833952f7cf7dee910b,Mounika Automobiles,Karimnagar,18.435781,79.132861,premium,vintage,good,Performance Tank Cover - Pulsar F250 Pulsar F250 Bajaj  Body Parts enhanced high strength for improved comfort,0,2025-07-25T00:00:00,2025-08-31T00:00:00
68d141f4b3fce85d4c560e68,Mahindra Safety Triangle for Mojo,Mojo,Mahindra,2011.0,,Safety,7048.0,long lasting noise reducing for reduced maintenance,2.0,4.0,34.0,0,https://example.com/images/safety_triangle_mojo.jpg,68d135d63952f7cf7dee911e,68d135d63952f7cf7dee9120,baskar Automobiles,Medak,18.048948,78.269372,premium,vintage,good,Mahindra Safety Triangle for Mojo Mojo Mahindra  Safety long lasting noise reducing for reduced maintenance,0,2025-07-22T00:00:00,2025-07-05T00:00:00
68d141f4b3fce85d4c560e69,BMW Clutch Spring for R nineT,R nineT,Bmw,2013.0,,Transmission,9851.0,high performance corrosion resistant for enhanced safety,25.0,3.6,11.0,0,https://example.com/images/clutch_spring_r_ninet.jpg,68d136193952f7cf7dee9131,68d136193952f7cf7dee9133,Mahesh Automobiles,Khammam,17.249885,80.15615,premium,vintage,good,BMW Clutch Spring for R nineT R nineT Bmw  Transmission high performance corrosion resistant for enhanced safety,0,2025-08-10T00:00:00,2025-09-01T00:00:00
68d141f4b3fce85d4c560e6a,Fat Bob Mid Pipe,Fat Bob,Harley-Davidson,2024.0,,Exhaust,18255.0,lightweight wear resistant for reduced maintenance,18.0,3.9,38.0,0,https://example.com/images/mid_pipe_fat_bob.jpg,689d6959045c37933826818b,689d6959045c37933826818d,sai automobiles,RAMNAGAR COLONY PEERZADIGUDA UPPAL HYDERABAD,17.390358,78.606729,premium,modern,good,Fat Bob Mid Pipe Fat Bob Harley-Davidson  Exhaust lightweight wear resistant for reduced maintenance,0,2025-07-12T00:00:00,2025-08-15T00:00:00
68d141f4b3fce85d4c560e6b,Performance Belt Guard - Adventure,Adventure,Yezdi,2020.0,,Drivetrain,5523.0,professional grade heat treated for smoother operation,11.0,4.5,44.0,0,https://example.com/images/belt_guard_adventure.jpg,68ac2a8e3c73e23c655de052,68ac2a8f3c73e23c655de054,Swathi Automobiles,Chappal Bazar Road - Kachiguda ,17.38953,78.491245,mid-range,modern,excellent,Performance Belt Guard - Adventure Adventure Yezdi  Drivetrain professional grade heat treated for smoother operation,0,2025-08-28T00:00:00,2025-08-17T00:00:00
68d141f4b3fce85d4c560e6c,Racing Dashboard Light - CL 300,CL 300,Jawa,2025.0,,Lighting,5879.0,enhanced wear resistant for better control,2.0,3.4,16.0,0,https://example.com/images/dashboard_light_cl_300.jpg,68d0c47d09554c358655174b,68d0c47e09554c358655174d,Tarun Automobiles,,17.423605,78.546314,premium,modern,good,Racing Dashboard Light - CL 300 CL 300 Jawa  Lighting enhanced wear resistant for better control,0,2025-08-01T00:00:00,2025-09-15T00:00:00
68d141f4b3fce85d4c560e6d,Dominar 400 Seat Cover,Dominar 400,Bajaj,2025.0,,Body Parts,7726.0,heavy duty high strength for better fuel economy,22.0,4.6,12.0,0,https://example.com/images/seat_cover_dominar_400.jpg,68d133bf3952f7cf7dee90b7,68d133bf3952f7cf7dee90b9,Jyothi Automobiles,Hyderabad,17.511409,78.350972,premium,modern,excellent,Dominar 400 Seat Cover Dominar 400 Bajaj  Body Parts heavy duty high strength for better fuel economy,0,2025-09-03T00:00:00,2025-08-23T00:00:00
68d141f4b3fce85d4c560e6e,OEM Throttle Cable - ZX-6R,ZX-6R,Kawasaki,2014.0,,Fuel System,3196.0,durable weather resistant for enhanced safety,23.0,4.3,49.0,0,https://example.com/images/throttle_cable_zx_6r.jpg,68d1346c3952f7cf7dee90d0,68d1346c3952f7cf7dee90d2,Kalyan Automobiles,Bala Nagar,17.475679,78.447328,mid-range,vintage,good,OEM Throttle Cable - ZX-6R ZX-6R Kawasaki  Fuel System durable weather resistant for enhanced safety,0,2025-09-19T00:00:00,2025-08-19T00:00:00
68d141f4b3fce85d4c560e6f,Performance Brake Pedal - Wego,Wego,Tvs,2025.0,,Brakes,4668.0,precision made temperature stable for enhanced stability,3.0,4.3,3.0,0,https://example.com/images/brake_pedal_wego.jpg,68d134ac3952f7cf7dee90e3,68d134ac3952f7cf7dee90e5,Shiva sai Automobiles,Mahabubabad,17.594209,80.006903,mid-range,modern,good,Performance Brake Pedal - Wego Wego Tvs  Brakes precision made temperature stable for enhanced stability,0,2025-07-21T00:00:00,2025-07-14T00:00:00
68d141f4b3fce85d4c560e70,Performance HT Lead - Rivale 800,Rivale 800,Mv Agusta,2018.0,,Ignition,817.0,high performance corrosion resistant for increased power,4.0,3.9,30.0,0,https://example.com/images/ht_lead_rivale_800.jpg,68d135063952f7cf7dee90f6,68d135063952f7cf7dee90f8,Manoj Automobiles,Dilshknagar,17.367642,78.534282,budget,classic,good,Performance HT Lead - Rivale 800 Rivale 800 Mv Agusta  Ignition high performance corrosion resistant for increased power,0,2025-08-17T00:00:00,2025-09-05T00:00:00
68d141f4b3fce85d4c560e71,Chain Master Link - F3 800,F3 800,Mv Agusta,2019.0,,Drivetrain,6776.0,precision made corrosion resistant for enhanced stability,2.0,4.1,14.0,0,https://example.com/images/chain_master_link_f3_800.jpg,68d135833952f7cf7dee9109,68d135833952f7cf7dee910b,Mounika Automobiles,Karimnagar,18.435781,79.132861,premium,classic,good,Chain Master Link - F3 800 F3 800 Mv Agusta  Drivetrain precision made corrosion resistant for enhanced stability,0,2025-07-16T00:00:00,2025-08-23T00:00:00
68d141f4b3fce85d4c560e72,GPS Mount - W175,W175,Kawasaki,2014.0,,Accessories,4086.0,lightweight temperature stable for improved performance,9.0,3.2,20.0,0,https://example.com/images/gps_mount_w175.jpg,68d135d63952f7cf7dee911e,68d135d63952f7cf7dee9120,baskar Automobiles,Medak,18.048948,78.269372,mid-range,vintage,good,GPS Mount - W175 W175 Kawasaki  Accessories lightweight temperature stable for improved performance,0,2025-09-01T00:00:00,2025-07-14T00:00:00
68d141f4b3fce85d4c560e73,Performance Output Shaft - R nineT,R nineT,Bmw,2011.0,,Transmission,3459.0,racing quality high strength for longer life,17.0,3.7,26.0,0,https://example.com/images/output_shaft_r_ninet.jpg,68d136193952f7cf7dee9131,68d136193952f7cf7dee9133,Mahesh Automobiles,Khammam,17.249885,80.15615,mid-range,vintage,good,Performance Output Shaft - R nineT R nineT Bmw  Transmission racing quality high strength for longer life,0,2025-07-02T00:00:00,2025-09-01T00:00:00
68d141f4b3fce85d4c560e74,OEM Wind Screen - BN 302,BN 302,Benelli,2013.0,,Body Parts,7226.0,lightweight impact resistant for maximum protection,24.0,4.5,13.0,0,https://example.com/images/wind_screen_bn_302.jpg,689d6959045c37933826818b,689d6959045c37933826818d,sai automobiles,RAMNAGAR COLONY PEERZADIGUDA UPPAL HYDERABAD,17.390358,78.606729,premium,vintage,excellent,OEM Wind Screen - BN 302 BN 302 Benelli  Body Parts lightweight impact resistant for maximum protection,0,2025-08-16T00:00:00,2025-09-13T00:00:00
68d141f4b3fce85d4c560e75,Jawa Tail Light for 42,42,Jawa,2021.0,,Lighting,3670.0,lightweight temperature stable for improved performance,22.0,4.8,39.0,0,https://example.com/images/tail_light_42.jpg,68ac2a8e3c73e23c655de052,68ac2a8f3c73e23c655de054,Swathi Automobiles,Chappal Bazar Road - Kachiguda ,17.38953,78.491245,mid-range,modern,excellent,Jawa Tail Light for 42 42 Jawa  Lighting lightweight temperature stable for improved performance,0,2025-08-28T00:00:00,2025-08-05T00:00:00
68d141f4b3fce85d4c560e76,Premium Axle for Roadking,Roadking,Yezdi,2010.0,,Wheels & Tires,3983.0,lightweight long lasting for enhanced durability,24.0,4.4,45.0,0,https://example.com/images/axle_roadking.jpg,68d0c47d09554c358655174b,68d0c47e09554c358655174d,Tarun Automobiles,,17.423605,78.546314,mid-range,vintage,good,Premium Axle for Roadking Roadking Yezdi  Wheels & Tires lightweight long lasting for enhanced durability,0,2025-09-05T00:00:00,2025-08-28T00:00:00
68d141f4b3fce85d4c560e77,Premium Coolant Drain Plug for SV650,SV650,Suzuki,2014.0,,Cooling System,11326.0,premium quality wear resistant for reduced maintenance,29.0,4.5,8.0,0,https://example.com/images/coolant_drain_plug_sv650.jpg,68d133bf3952f7cf7dee90b7,68d133bf3952f7cf7dee90b9,Jyothi Automobiles,Hyderabad,17.511409,78.350972,premium,vintage,excellent,Premium Coolant Drain Plug for SV650 SV650 Suzuki  Cooling System premium quality wear resistant for reduced maintenance,0,2025-07-24T00:00:00,2025-07-02T00:00:00
68d141f4b3fce85d4c560e78,BN 125 Universal Joint,BN 125,Benelli,2020.0,,Drivetrain,6849.0,street performance temperature stable for increased power,29.0,4.7,36.0,0,https://example.com/images/universal_joint_bn_125.jpg,68d1346c3952f7cf7dee90d0,68d1346c3952f7cf7dee90d2,Kalyan Automobiles,Bala Nagar,17.475679,78.447328,premium,modern,excellent,BN 125 Universal Joint BN 125 Benelli  Drivetrain street performance temperature stable for increased power,0,2025-07-10T00:00:00,2025-07-20T00:00:00
68d141f4b3fce85d4c560e79,OEM Variator - BN 125,BN 125,Benelli,2022.0,,Drivetrain,6684.0,premium quality impact resistant for enhanced stability,5.0,4.9,2.0,0,https://example.com/images/variator_bn_125.jpg,68d134ac3952f7cf7dee90e3,68d134ac3952f7cf7dee90e5,Shiva sai Automobiles,Mahabubabad,17.594209,80.006903,premium,modern,excellent,OEM Variator - BN 125 BN 125 Benelli  Drivetrain premium quality impact resistant for enhanced stability,0,2025-08-09T00:00:00,2025-09-20T00:00:00
68d141f4b3fce85d4c560e7a,Premium Tail Light for Classic,Classic,Yezdi,2024.0,,Lighting,2024.0,street performance eco friendly for enhanced stability,21.0,4.5,43.0,0,https://example.com/images/tail_light_classic.jpg,68d135063952f7cf7dee90f6,68d135063952f7cf7dee90f8,Manoj Automobiles,Dilshknagar,17.367642,78.534282,mid-range,modern,excellent,Premium Tail Light for Classic Classic Yezdi  Lighting street performance eco friendly for enhanced stability,0,2025-08-21T00:00:00,2025-07-05T00:00:00
68d141f4b3fce85d4c560e7b,Intercooler - Gixxer 250,Gixxer 250,Suzuki,2014.0,,Cooling System,9107.0,superior precision engineered for optimal efficiency,3.0,4.8,45.0,0,https://example.com/images/intercooler_gixxer_250.jpg,68d135833952f7cf7dee9109,68d135833952f7cf7dee910b,Mounika Automobiles,Karimnagar,18.435781,79.132861,premium,vintage,excellent,Intercooler - Gixxer 250 Gixxer 250 Suzuki  Cooling System superior precision engineered for optimal efficiency,0,2025-07-22T00:00:00,2025-07-12T00:00:00
68d141f4b3fce85d4c560e7c,Racing Exhaust Gasket - Chief,Chief,Indian,2022.0,,Exhaust,16902.0,oem quality long lasting for increased power,26.0,3.3,4.0,0,https://example.com/images/exhaust_gasket_chief.jpg,68d135d63952f7cf7dee911e,68d135d63952f7cf7dee9120,baskar Automobiles,Medak,18.048948,78.269372,premium,modern,good,Racing Exhaust Gasket - Chief Chief Indian  Exhaust oem quality long lasting for increased power,0,2025-09-03T00:00:00,2025-08-30T00:00:00
68d141f4b3fce85d4c560e7d,Premium Regulator Rectifier for Apache RR 310,Apache RR 310,Tvs,2015.0,,Electrical,3815.0,advanced precision engineered for better fuel economy,9.0,3.2,30.0,0,https://example.com/images/regulator_rectifier_apache_rr_310.jpg,68d136193952f7cf7dee9131,68d136193952f7cf7dee9133,Mahesh Automobiles,Khammam,17.249885,80.15615,mid-range,classic,good,Premium Regulator Rectifier for Apache RR 310 Apache RR 310 Tvs  Electrical advanced precision engineered for better fuel economy,0,2025-07-04T00:00:00,2025-09-15T00:00:00
68d141f4b3fce85d4c560e7e,Premium Rim for Aerox 155,Aerox 155,Yamaha,2012.0,,Wheels & Tires,2771.0,street performance heat treated for optimal efficiency,25.0,4.5,40.0,0,https://example.com/images/rim_aerox_155.jpg,689d6959045c37933826818b,689d6959045c37933826818d,sai automobiles,RAMNAGAR COLONY PEERZADIGUDA UPPAL HYDERABAD,17.390358,78.606729,mid-range,vintage,excellent,Premium Rim for Aerox 155 Aerox 155 Yamaha  Wheels & Tires street performance heat treated for optimal efficiency,0,2025-09-06T00:00:00,2025-08-23T00:00:00
68d141f4b3fce85d4c560e7f,Ducati Starter Relay for Monster 821,Monster 821,Ducati,2021.0,,Ignition,522.0,superior corrosion resistant for superior reliability,9.0,3.3,3.0,0,https://example.com/images/starter_relay_monster_821.jpg,68ac2a8e3c73e23c655de052,68ac2a8f3c73e23c655de054,Swathi Automobiles,Chappal Bazar Road - Kachiguda ,17.38953,78.491245,budget,modern,good,Ducati Starter Relay for Monster 821 Monster 821 Ducati  Ignition superior corrosion resistant for superior reliability,0,2025-07-28T00:00:00,2025-08-13T00:00:00
68d141f4b3fce85d4c560e80,Yamaha Chain Master Link for R15M,R15M,Yamaha,2016.0,,Drivetrain,7592.0,enhanced weather resistant for enhanced durability,10.0,4.3,44.0,0,https://example.com/images/chain_master_link_r15m.jpg,68d0c47d09554c358655174b,68d0c47e09554c358655174d,Tarun Automobiles,,17.423605,78.546314,premium,classic,good,Yamaha Chain Master Link for R15M R15M Yamaha  Drivetrain enhanced weather resistant for enhanced durability,0,2025-08-29T00:00:00,2025-07-31T00:00:00
68d141f4b3fce85d4c560e81,1290 Super Duke R Radiator Guard,1290 Super Duke R,Ktm,2014.0,,Cooling System,10313.0,lightweight heat treated for better fuel economy,4.0,3.5,22.0,0,https://example.com/images/radiator_guard_1290_super_duke_r.jpg,68d133bf3952f7cf7dee90b7,68d133bf3952f7cf7dee90b9,Jyothi Automobiles,Hyderabad,17.511409,78.350972,premium,vintage,good,1290 Super Duke R Radiator Guard 1290 Super Duke R Ktm  Cooling System lightweight heat treated for better fuel economy,0,2025-09-01T00:00:00,2025-09-21T00:00:00
68d141f4b3fce85d4c560e82,Ultra Limited Transmission Filter,Ultra Limited,Harley-Davidson,2010.0,,Filters,273.0,racing quality temperature stable for maximum protection,30.0,4.5,13.0,0,https://example.com/images/transmission_filter_ultra_limited.jpg,68d1346c3952f7cf7dee90d0,68d1346c3952f7cf7dee90d2,Kalyan Automobiles,Bala Nagar,17.475679,78.447328,budget,vintage,excellent,Ultra Limited Transmission Filter Ultra Limited Harley-Davidson  Filters racing quality temperature stable for maximum protection,0,2025-08-12T00:00:00,2025-07-14T00:00:00
68d141f4b3fce85d4c560e83,Camshaft - Tuono 660,Tuono 660,Aprilia,2022.0,,Engine,22784.0,heavy duty chemical resistant for improved comfort,27.0,5.0,4.0,0,https://example.com/images/camshaft_tuono_660.jpg,68d134ac3952f7cf7dee90e3,68d134ac3952f7cf7dee90e5,Shiva sai Automobiles,Mahabubabad,17.594209,80.006903,premium,modern,excellent,Camshaft - Tuono 660 Tuono 660 Aprilia  Engine heavy duty chemical resistant for improved comfort,0,2025-08-11T00:00:00,2025-07-18T00:00:00
68d141f4b3fce85d4c560e84,Key Set Assembly - Xtreme 160R,Xtreme 160R,Hero,2013.0,,Ignition,1626.0,superior maintenance free for smoother operation,18.0,3.3,8.0,0,https://example.com/images/key_set_xtreme_160r.jpg,68d135063952f7cf7dee90f6,68d135063952f7cf7dee90f8,Manoj Automobiles,Dilshknagar,17.367642,78.534282,mid-range,vintage,good,Key Set Assembly - Xtreme 160R Xtreme 160R Hero  Ignition superior maintenance free for smoother operation,0,2025-07-08T00:00:00,2025-07-29T00:00:00
68d141f4b3fce85d4c560e85,Tank Cap - CB350RS,CB350RS,Honda,2011.0,,Fuel System,910.0,advanced precision engineered for maximum protection,27.0,3.6,34.0,0,https://example.com/images/tank_cap_cb350rs.jpg,68d135833952f7cf7dee9109,68d135833952f7cf7dee910b,Mounika Automobiles,Karimnagar,18.435781,79.132861,mid-range,vintage,good,Tank Cap - CB350RS CB350RS Honda  Fuel System advanced precision engineered for maximum protection,0,2025-07-12T00:00:00,2025-09-02T00:00:00
68d141f4b3fce85d4c560e86,Genuine Fuel Rail - Avenger 160,Avenger 160,Bajaj,2012.0,,Fuel System,4614.0,enhanced high strength for enhanced safety,6.0,4.8,6.0,0,https://example.com/images/fuel_rail_avenger_160.jpg,68d135d63952f7cf7dee911e,68d135d63952f7cf7dee9120,baskar Automobiles,Medak,18.048948,78.269372,mid-range,vintage,excellent,Genuine Fuel Rail - Avenger 160 Avenger 160 Bajaj  Fuel System enhanced high strength for enhanced safety,0,2025-07-07T00:00:00,2025-07-10T00:00:00
68d141f4b3fce85d4c560e87,Heavy Duty LED Strip - Superveloce 800,Superveloce 800,Mv Agusta,2023.0,,Lighting,4919.0,racing quality high strength for better handling,4.0,3.6,10.0,0,https://example.com/images/led_strip_superveloce_800.jpg,68d136193952f7cf7dee9131,68d136193952f7cf7dee9133,Mahesh Automobiles,Khammam,17.249885,80.15615,mid-range,modern,good,Heavy Duty LED Strip - Superveloce 800 Superveloce 800 Mv Agusta  Lighting racing quality high strength for better handling,0,2025-08-27T00:00:00,2025-07-27T00:00:00
68d141f4b3fce85d4c560e88,OEM Condenser - Ninja H2,Ninja H2,Kawasaki,2011.0,,Ignition,483.0,advanced high strength for better control,10.0,3.7,25.0,0,https://example.com/images/condenser_ninja_h2.jpg,689d6959045c37933826818b,689d6959045c37933826818d,sai automobiles,RAMNAGAR COLONY PEERZADIGUDA UPPAL HYDERABAD,17.390358,78.606729,budget,vintage,good,OEM Condenser - Ninja H2 Ninja H2 Kawasaki  Ignition advanced high strength for better control,0,2025-08-21T00:00:00,2025-08-25T00:00:00
68d141f4b3fce85d4c560e89,Racing First Aid Kit - GSX-S750,GSX-S750,Suzuki,2020.0,,Accessories,1549.0,enhanced temperature stable for better control,15.0,4.8,50.0,0,https://example.com/images/first_aid_kit_gsx_s750.jpg,68ac2a8e3c73e23c655de052,68ac2a8f3c73e23c655de054,Swathi Automobiles,Chappal Bazar Road - Kachiguda ,17.38953,78.491245,mid-range,modern,excellent,Racing First Aid Kit - GSX-S750 GSX-S750 Suzuki  Accessories enhanced temperature stable for better control,0,2025-09-14T00:00:00,2025-08-25T00:00:00
68d141f4b3fce85d4c560e8a,Indian Ignition Switch for Scout Rogue,Scout Rogue,Indian,2016.0,,Ignition,721.0,heavy duty fuel efficient for enhanced stability,22.0,3.2,6.0,0,https://example.com/images/ignition_switch_scout_rogue.jpg,68d0c47d09554c358655174b,68d0c47e09554c358655174d,Tarun Automobiles,,17.423605,78.546314,budget,classic,good,Indian Ignition Switch for Scout Rogue Scout Rogue Indian  Ignition heavy duty fuel efficient for enhanced stability,0,2025-09-17T00:00:00,2025-07-31T00:00:00
68d141f4b3fce85d4c560e8b,Performance Rotor - Turismo Veloce,Turismo Veloce,Mv Agusta,2019.0,,Ignition,517.0,long lasting noise reducing for better handling,14.0,4.3,25.0,0,https://example.com/images/rotor_turismo_veloce.jpg,68d133bf3952f7cf7dee90b7,68d133bf3952f7cf7dee90b9,Jyothi Automobiles,Hyderabad,17.511409,78.350972,budget,classic,good,Performance Rotor - Turismo Veloce Turismo Veloce Mv Agusta  Ignition long lasting noise reducing for better handling,0,2025-08-07T00:00:00,2025-08-10T00:00:00
68d141f4b3fce85d4c560e8c,OEM Oil Filter - Yezdi Roadster,Yezdi Roadster,Jawa,2020.0,,Filters,292.0,enhanced high strength for improved performance,15.0,4.1,15.0,0,https://example.com/images/oil_filter_yezdi_roadster.jpg,68d1346c3952f7cf7dee90d0,68d1346c3952f7cf7dee90d2,Kalyan Automobiles,Bala Nagar,17.475679,78.447328,budget,modern,good,OEM Oil Filter - Yezdi Roadster Yezdi Roadster Jawa  Filters enhanced high strength for improved performance,0,2025-07-22T00:00:00,2025-08-27T00:00:00
68d141f4b3fce85d4c560e8d,OEM Transmission Filter - Boulevard,Boulevard,Suzuki,2023.0,,Filters,1033.0,long lasting long lasting for reduced maintenance,22.0,3.9,36.0,0,https://example.com/images/transmission_filter_boulevard.jpg,68d134ac3952f7cf7dee90e3,68d134ac3952f7cf7dee90e5,Shiva sai Automobiles,Mahabubabad,17.594209,80.006903,mid-range,modern,good,OEM Transmission Filter - Boulevard Boulevard Suzuki  Filters long lasting long lasting for reduced maintenance,0,2025-08-11T00:00:00,2025-09-07T00:00:00
68d141f4b3fce85d4c560e8e,Heavy Duty Back Protector - Unicorn,Unicorn,Honda,2023.0,,Safety,3739.0,precision made wear resistant for enhanced stability,16.0,3.2,39.0,0,https://example.com/images/back_protector_unicorn.jpg,68d135063952f7cf7dee90f6,68d135063952f7cf7dee90f8,Manoj Automobiles,Dilshknagar,17.367642,78.534282,mid-range,modern,good,Heavy Duty Back Protector - Unicorn Unicorn Honda  Safety precision made wear resistant for enhanced stability,0,2025-07-29T00:00:00,2025-07-27T00:00:00
68d141f4b3fce85d4c560e8f,Premium Parking Light for Ignitor,Ignitor,Hero,2024.0,,Lighting,1039.0,precision made noise reducing for better fuel economy,23.0,4.7,9.0,0,https://example.com/images/parking_light_ignitor.jpg,68d135833952f7cf7dee9109,68d135833952f7cf7dee910b,Mounika Automobiles,Karimnagar,18.435781,79.132861,mid-range,modern,excellent,Premium Parking Light for Ignitor Ignitor Hero  Lighting precision made noise reducing for better fuel economy,0,2025-09-18T00:00:00,2025-07-27T00:00:00
68d141f4b3fce85d4c560e90,Wire Wheel Assembly - Scrambler 1200,Scrambler 1200,Triumph,2010.0,,Wheels & Tires,11355.0,precision made noise reducing for longer life,15.0,4.5,48.0,0,https://example.com/images/wire_wheel_scrambler_1200.jpg,68d135d63952f7cf7dee911e,68d135d63952f7cf7dee9120,baskar Automobiles,Medak,18.048948,78.269372,premium,vintage,excellent,Wire Wheel Assembly - Scrambler 1200 Scrambler 1200 Triumph  Wheels & Tires precision made noise reducing for longer life,0,2025-08-10T00:00:00,2025-07-08T00:00:00
68d141f4b3fce85d4c560e91,Performance Shift Fork - FTR 1200,FTR 1200,Indian,2011.0,,Transmission,1081.0,long lasting eco friendly for better fuel economy,15.0,4.7,42.0,0,https://example.com/images/shift_fork_ftr_1200.jpg,68d136193952f7cf7dee9131,68d136193952f7cf7dee9133,Mahesh Automobiles,Khammam,17.249885,80.15615,mid-range,vintage,excellent,Performance Shift Fork - FTR 1200 FTR 1200 Indian  Transmission long lasting eco friendly for better fuel economy,0,2025-08-09T00:00:00,2025-07-17T00:00:00
68d141f4b3fce85d4c560e92,Heavy Duty Ignition Module - Bobber,Bobber,Jawa,2015.0,,Ignition,1336.0,oem quality long lasting for improved comfort,22.0,4.9,3.0,0,https://example.com/images/ignition_module_bobber.jpg,689d6959045c37933826818b,689d6959045c37933826818d,sai automobiles,RAMNAGAR COLONY PEERZADIGUDA UPPAL HYDERABAD,17.390358,78.606729,mid-range,classic,excellent,Heavy Duty Ignition Module - Bobber Bobber Jawa  Ignition oem quality long lasting for improved comfort,0,2025-09-16T00:00:00,2025-07-12T00:00:00
68d141f4b3fce85d4c560e93,Genuine Wax - Yezdi Roadster,Yezdi Roadster,Jawa,2024.0,,Maintenance,262.0,advanced maintenance free for enhanced durability,27.0,3.8,0.0,0,https://example.com/images/wax_yezdi_roadster.jpg,68ac2a8e3c73e23c655de052,68ac2a8f3c73e23c655de054,Swathi Automobiles,Chappal Bazar Road - Kachiguda ,17.38953,78.491245,budget,modern,good,Genuine Wax - Yezdi Roadster Yezdi Roadster Jawa  Maintenance advanced maintenance free for enhanced durability,0,2025-08-29T00:00:00,2025-09-07T00:00:00
68d141f4b3fce85d4c560e94,Final Drive Oil Assembly - Roadking,Roadking,Yezdi,2021.0,,Drivetrain,6928.0,heavy duty chemical resistant for enhanced safety,24.0,4.4,26.0,0,https://example.com/images/final_drive_oil_roadking.jpg,68d0c47d09554c358655174b,68d0c47e09554c358655174d,Tarun Automobiles,,17.423605,78.546314,premium,modern,good,Final Drive Oil Assembly - Roadking Roadking Yezdi  Drivetrain heavy duty chemical resistant for enhanced safety,0,2025-08-06T00:00:00,2025-07-14T00:00:00
68d141f4b3fce85d4c560e95,Premium Carbon Filter for Imperiale 400,Imperiale 400,Benelli,2017.0,,Filters,1464.0,heavy duty noise reducing for improved comfort,16.0,3.5,7.0,0,https://example.com/images/carbon_filter_imperiale_400.jpg,68d133bf3952f7cf7dee90b7,68d133bf3952f7cf7dee90b9,Jyothi Automobiles,Hyderabad,17.511409,78.350972,mid-range,classic,good,Premium Carbon Filter for Imperiale 400 Imperiale 400 Benelli  Filters heavy duty noise reducing for improved comfort,0,2025-07-07T00:00:00,2025-08-16T00:00:00
68d141f4b3fce85d4c560e96,Heavy Duty Coolant Pump - Saluto RX,Saluto RX,Yamaha,2018.0,,Cooling System,3036.0,heavy duty heat treated for longer life,1.0,4.4,49.0,0,https://example.com/images/coolant_pump_saluto_rx.jpg,68d1346c3952f7cf7dee90d0,68d1346c3952f7cf7dee90d2,Kalyan Automobiles,Bala Nagar,17.475679,78.447328,mid-range,classic,good,Heavy Duty Coolant Pump - Saluto RX Saluto RX Yamaha  Cooling System heavy duty heat treated for longer life,0,2025-08-08T00:00:00,2025-07-19T00:00:00
68d141f4b3fce85d4c560e97,Premium Bar End for Oilking,Oilking,Yezdi,2022.0,,Accessories,1867.0,racing quality wear resistant for increased power,3.0,3.6,35.0,0,https://example.com/images/bar_end_oilking.jpg,68d134ac3952f7cf7dee90e3,68d134ac3952f7cf7dee90e5,Shiva sai Automobiles,Mahabubabad,17.594209,80.006903,mid-range,modern,good,Premium Bar End for Oilking Oilking Yezdi  Accessories racing quality wear resistant for increased power,0,2025-08-06T00:00:00,2025-09-04T00:00:00
68d141f4b3fce85d4c560e98,Genuine Emergency Kit - G 310 GS,G 310 GS,Bmw,2016.0,,Safety,886.0,superior high strength for enhanced stability,25.0,3.9,44.0,0,https://example.com/images/emergency_kit_g_310_gs.jpg,68d135063952f7cf7dee90f6,68d135063952f7cf7dee90f8,Manoj Automobiles,Dilshknagar,17.367642,78.534282,mid-range,classic,good,Genuine Emergency Kit - G 310 GS G 310 GS Bmw  Safety superior high strength for enhanced stability,0,2025-07-07T00:00:00,2025-09-20T00:00:00
68d141f4b3fce85d4c560e99,GPS Mount - S 1000 XR,S 1000 XR,Bmw,2022.0,,Accessories,754.0,oem quality temperature stable for maximum protection,29.0,3.6,33.0,0,https://example.com/images/gps_mount_s_1000_xr.jpg,68d135833952f7cf7dee9109,68d135833952f7cf7dee910b,Mounika Automobiles,Karimnagar,18.435781,79.132861,budget,modern,good,GPS Mount - S 1000 XR S 1000 XR Bmw  Accessories oem quality temperature stable for maximum protection,0,2025-07-01T00:00:00,2025-07-18T00:00:00
68d141f4b3fce85d4c560e9a,Heavy Duty Input Shaft - Springfield,Springfield,Indian,2019.0,,Transmission,4496.0,enhanced precision engineered for enhanced stability,17.0,3.6,18.0,0,https://example.com/images/input_shaft_springfield.jpg,68d135d63952f7cf7dee911e,68d135d63952f7cf7dee9120,baskar Automobiles,Medak,18.048948,78.269372,mid-range,classic,good,Heavy Duty Input Shaft - Springfield Springfield Indian  Transmission enhanced precision engineered for enhanced stability,0,2025-09-17T00:00:00,2025-07-16T00:00:00
68d141f4b3fce85d4c560e9b,Heavy Duty Water Pump - 450 Rally,450 Rally,Ktm,2021.0,,Engine,22842.0,lightweight long lasting for increased power,18.0,3.6,31.0,0,https://example.com/images/water_pump_450_rally.jpg,68d136193952f7cf7dee9131,68d136193952f7cf7dee9133,Mahesh Automobiles,Khammam,17.249885,80.15615,premium,modern,good,Heavy Duty Water Pump - 450 Rally 450 Rally Ktm  Engine lightweight long lasting for increased power,0,2025-08-11T00:00:00,2025-07-17T00:00:00
68d148980e3e8a2bef569c9a,Exhaust Muffler,Royal Enfield Bullet 350,Royal Enfield,2017.0,,Exhaust,3800.0,chrome finished muffler with deep tone and improved backpressure for torque,2.0,4.6,4.0,0,https://example.com/images/muffler_bullet_350.jpg,689d6959045c37933826818b,689d6959045c37933826818d,sai automobiles,RAMNAGAR COLONY PEERZADIGUDA UPPAL HYDERABAD,17.390358,78.606729,mid-range,classic,excellent,Exhaust Muffler Royal Enfield Bullet 350 Royal Enfield  Exhaust chrome finished muffler with deep tone and improved backpressure for torque,0,2025-09-06T11:37:05,2025-09-17T12:48:29
68d148980e3e8a2bef569c9b,Battery,Yamaha MT-15,Yamaha,2021.0,,Electrical,2100.0,maintenance free agm battery with high cranking power for reliable starts,6.0,4.8,10.0,0,https://example.com/images/battery_mt_15.jpg,68ac2a8e3c73e23c655de052,68ac2a8f3c73e23c655de054,Swathi Automobiles,Chappal Bazar Road - Kachiguda ,17.38953,78.491245,mid-range,modern,excellent,Battery Yamaha MT-15 Yamaha  Electrical maintenance free agm battery with high cranking power for reliable starts,0,2025-09-08T08:59:47,2025-09-22T07:16:02
68d148980e3e8a2bef569c9c,Clutch Plate Set,Honda CB Hornet,Honda,2019.0,,Transmission,890.0,multi plate clutch set with heat resistant friction material for smooth engagement,8.0,4.3,9.0,0,https://example.com/images/clutchplate_hornet.jpg,689d6959045c37933826818b,689d6959045c37933826818d,sai automobiles,RAMNAGAR COLONY PEERZADIGUDA UPPAL HYDERABAD,17.390358,78.606729,mid-range,classic,good,Clutch Plate Set Honda CB Hornet Honda  Transmission multi plate clutch set with heat resistant friction material for smooth engagement,0,2025-09-10T14:26:31,2025-09-13T18:04:15
68d148980e3e8a2bef569c9d,Oil Filter,KTM RC 200,Ktm,2020.0,,Filters,220.0,spin on oil filter with anti drainback valve for engine protection at startup,15.0,4.7,13.0,0,https://example.com/images/oilfilter_rc_200.jpg,68ac2a8e3c73e23c655de052,68ac2a8f3c73e23c655de054,Swathi Automobiles,Chappal Bazar Road - Kachiguda ,17.38953,78.491245,budget,modern,excellent,Oil Filter KTM RC 200 Ktm  Filters spin on oil filter with anti drainback valve for engine protection at startup,0,2025-09-12T09:43:22,2025-09-16T13:27:58
68d148980e3e8a2bef569c9e,Swingarm,Pulsar NS200,Bajaj,2020.0,,Frame & Suspension,5200.0,box section swingarm for improved rigidity and precise rear wheel control,3.0,4.9,3.0,0,https://example.com/images/swingarm_ns200.jpg,689d6959045c37933826818b,689d6959045c37933826818d,sai automobiles,RAMNAGAR COLONY PEERZADIGUDA UPPAL HYDERABAD,17.390358,78.606729,mid-range,modern,excellent,Swingarm Pulsar NS200 Bajaj  Frame & Suspension box section swingarm for improved rigidity and precise rear wheel control,0,2025-09-16T12:38:44,2025-09-20T15:22:09
68d148980e3e8a2bef569c9f,Stator Coil,Hero Xtreme 160R,Hero,2021.0,,Electrical,1100.0,high output stator for consistent charging even at low rpms,7.0,4.4,8.0,0,https://example.com/images/stator_xtreme_160r.jpg,68ac2a8e3c73e23c655de052,68ac2a8f3c73e23c655de054,Swathi Automobiles,Chappal Bazar Road - Kachiguda ,17.38953,78.491245,mid-range,modern,good,Stator Coil Hero Xtreme 160R Hero  Electrical high output stator for consistent charging even at low rpms,0,2025-09-18T10:05:17,2025-09-21T11:33:26
68d148980e3e8a2bef569ca0,Fuel Injector,Aprilia SR 160,Aprilia,2022.0,,Fuel & Intake,3100.0,efi fuel injector for precise fuel delivery and improved throttle response,2.0,4.8,5.0,0,https://example.com/images/injector_sr_160.jpg,689d6959045c37933826818b,689d6959045c37933826818d,sai automobiles,RAMNAGAR COLONY PEERZADIGUDA UPPAL HYDERABAD,17.390358,78.606729,mid-range,modern,excellent,Fuel Injector Aprilia SR 160 Aprilia  Fuel & Intake efi fuel injector for precise fuel delivery and improved throttle response,0,2025-09-20T14:52:39,2025-09-22T06:41:18
68d148980e3e8a2bef569ca1,Handlebar,Royal Enfield Himalayan,Royal Enfield,2020.0,,Controls,950.0,adventure style handlebar with rubber grips for off road comfort and control,6.0,4.6,7.0,0,https://example.com/images/handlebar_himalayan.jpg,68ac2a8e3c73e23c655de052,68ac2a8f3c73e23c655de054,Swathi Automobiles,Chappal Bazar Road - Kachiguda ,17.38953,78.491245,mid-range,modern,excellent,Handlebar Royal Enfield Himalayan Royal Enfield  Controls adventure style handlebar with rubber grips for off road comfort and control,0,2025-09-21T08:33:55,2025-09-22T05:28:43
68d148990e3e8a2bef569ca2,Piston Kit,TVS Apache RTR 200,Tvs,2019.0,,Engine & Top End,3800.0,high compression piston kit with rings and pin for performance rebuilds,5.0,4.7,6.0,0,https://example.com/images/pistonkit_apache_rtr_200.jpg,689d6959045c37933826818b,689d6959045c37933826818d,sai automobiles,RAMNAGAR COLONY PEERZADIGUDA UPPAL HYDERABAD,17.390358,78.606729,mid-range,classic,excellent,Piston Kit TVS Apache RTR 200 Tvs  Engine & Top End high compression piston kit with rings and pin for performance rebuilds,0,2025-09-22T04:17:28,2025-09-22T04:17:28
68d148990e3e8a2bef569ca3,Clutch Cable Outer Housing,Pulsar 150,Bajaj,2018.0,,Cables,140.0,durable coiled outer casing that protects clutch cable and ensures smooth operation,7.0,4.3,6.0,0,https://example.com/images/clutchhousing_pulsar_150.jpg,68ac2a8e3c73e23c655de052,68ac2a8f3c73e23c655de054,Swathi Automobiles,Chappal Bazar Road - Kachiguda ,17.38953,78.491245,budget,classic,good,Clutch Cable Outer Housing Pulsar 150 Bajaj  Cables durable coiled outer casing that protects clutch cable and ensures smooth operation,0,2025-08-25T10:42:09,2025-09-01T17:41:42
68d148990e3e8a2bef569ca4,Front Brake Hose,Splendor Plus,Hero,2020.0,,Brakes,280.0,reinforced rubber hydraulic hose that transmits brake fluid pressure to caliper,5.0,4.5,4.0,0,https://example.com/images/brakehose_splendor_plus.jpg,689d6959045c37933826818b,689d6959045c37933826818d,sai automobiles,RAMNAGAR COLONY PEERZADIGUDA UPPAL HYDERABAD,17.390358,78.606729,budget,modern,excellent,Front Brake Hose Splendor Plus Hero  Brakes reinforced rubber hydraulic hose that transmits brake fluid pressure to caliper,0,2025-08-27T12:05:33,2025-09-15T16:58:11
68d148990e3e8a2bef569ca5,Headlight Reflector Bowl,Splendor Plus,Hero,2021.0,,Lighting,220.0,chrome plated reflector that focuses headlight beam for maximum illumination,6.0,4.4,5.0,0,https://example.com/images/reflector_splendor_plus.jpg,689d6959045c37933826818b,689d6959045c37933826818d,sai automobiles,RAMNAGAR COLONY PEERZADIGUDA UPPAL HYDERABAD,17.390358,78.606729,budget,modern,good,Headlight Reflector Bowl Splendor Plus Hero  Lighting chrome plated reflector that focuses headlight beam for maximum illumination,0,2025-08-29T15:30:17,2025-09-10T13:39:03
68d148990e3e8a2bef569ca6,Rear Brake Cable,Splendor Plus,Hero,2019.0,,Cables,110.0,steel braided cable that transmits lever force to rear brake mechanism,8.0,4.2,7.0,0,https://example.com/images/rearcable_splendor_plus.jpg,68ac2a8e3c73e23c655de052,68ac2a8f3c73e23c655de054,Swathi Automobiles,Chappal Bazar Road - Kachiguda ,17.38953,78.491245,budget,classic,good,Rear Brake Cable Splendor Plus Hero  Cables steel braided cable that transmits lever force to rear brake mechanism,0,2025-08-31T19:55:21,2025-09-19T11:13:25
68d148990e3e8a2bef569ca7,Coolant Temperature Sensor,Splendor Plus,Hero,2020.0,,Cooling System,380.0,sensor that monitors engine coolant temperature for dashboard gauge and ecu,4.0,4.6,3.0,0,https://example.com/images/coolantsensor_splendor_plus.jpg,689d6959045c37933826818b,689d6959045c37933826818d,sai automobiles,RAMNAGAR COLONY PEERZADIGUDA UPPAL HYDERABAD,17.390358,78.606729,budget,modern,excellent,Coolant Temperature Sensor Splendor Plus Hero  Cooling System sensor that monitors engine coolant temperature for dashboard gauge and ecu,0,2025-09-02T12:30:45,2025-09-08T16:30:56
68d148990e3e8a2bef569ca8,CDI Unit,Splendor Plus,Hero,2019.0,,Ignition,850.0,capacitor discharge ignition module that controls spark timing for optimal combustion,3.0,4.7,4.0,0,https://example.com/images/cdi_splendor_plus.jpg,68ac2a8e3c73e23c655de052,68ac2a8f3c73e23c655de054,Swathi Automobiles,Chappal Bazar Road - Kachiguda ,17.38953,78.491245,budget,classic,excellent,CDI Unit Splendor Plus Hero  Ignition capacitor discharge ignition module that controls spark timing for optimal combustion,0,2025-09-04T17:45:19,2025-09-21T11:45:47
68d148990e3e8a2bef569ca9,Chain Tensioner Bolt,Splendor Plus,Hero,2021.0,,Drivetrain,75.0,threaded bolt used to lock chain tensioner in adjusted position,12.0,4.1,8.0,0,https://example.com/images/tensionerbolt_splendor_plus.jpg,689d6959045c37933826818b,689d6959045c37933826818d,sai automobiles,RAMNAGAR COLONY PEERZADIGUDA UPPAL HYDERABAD,17.390358,78.606729,budget,modern,good,Chain Tensioner Bolt Splendor Plus Hero  Drivetrain threaded bolt used to lock chain tensioner in adjusted position,0,2025-09-06T13:59:07,2025-09-17T15:10:32
68d148990e3e8a2bef569caa,Passenger Grab Rail,Splendor Plus,Hero,2021.0,,Frame & Footrests,450.0,chrome plated rear handle for passenger safety and support during rides,5.0,4.5,5.0,0,https://example.com/images/grabrail_splendor_plus.jpg,689d6959045c37933826818b,689d6959045c37933826818d,sai automobiles,RAMNAGAR COLONY PEERZADIGUDA UPPAL HYDERABAD,17.390358,78.606729,budget,modern,excellent,Passenger Grab Rail Splendor Plus Hero  Frame & Footrests chrome plated rear handle for passenger safety and support during rides,0,2025-09-08T11:20:49,2025-09-22T09:38:05
68d148990e3e8a2bef569cab,Carburetor Air Screw,Apache RTR 160,Tvs,2019.0,,Fuel & Intake,65.0,adjustment screw that fine tunes air fuel mixture at idle and low rpms,9.0,4.0,6.0,0,https://example.com/images/airscrew_apache_rtr_160.jpg,689d6959045c37933826818b,689d6959045c37933826818d,sai automobiles,RAMNAGAR COLONY PEERZADIGUDA UPPAL HYDERABAD,17.390358,78.606729,budget,classic,good,Carburetor Air Screw Apache RTR 160 Tvs  Fuel & Intake adjustment screw that fine tunes air fuel mixture at idle and low rpms,0,2025-09-10T16:48:33,2025-09-13T20:26:18
68d148990e3e8a2bef569cac,Exhaust Muffler Clamp,Splendor Plus,Hero,2020.0,,Exhaust,150.0,stainless steel band clamp that secures muffler to exhaust pipe,10.0,4.3,7.0,0,https://example.com/images/mufflerclamp_splendor_plus.jpg,68ac2a8e3c73e23c655de052,68ac2a8f3c73e23c655de054,Swathi Automobiles,Chappal Bazar Road - Kachiguda ,17.38953,78.491245,budget,modern,good,Exhaust Muffler Clamp Splendor Plus Hero  Exhaust stainless steel band clamp that secures muffler to exhaust pipe,0,2025-09-12T12:05:24,2025-09-16T15:49:59
68d148990e3e8a2bef569cad,Battery Terminal Wrench,Splendor Plus,Hero,2021.0,,Electrical,95.0,specialized tool for tightening or loosening battery terminal nuts,15.0,4.2,9.0,0,https://example.com/images/terminalwrench_splendor_plus.jpg,68ac2a8e3c73e23c655de052,68ac2a8f3c73e23c655de054,Swathi Automobiles,Chappal Bazar Road - Kachiguda ,17.38953,78.491245,budget,modern,good,Battery Terminal Wrench Splendor Plus Hero  Electrical specialized tool for tightening or loosening battery terminal nuts,0,2025-09-14T18:33:05,2025-09-18T13:17:39
68d148990e3e8a2bef569cae,Clutch Release Bearing,Pulsar 150,Bajaj,2021.0,,Transmission,420.0,bearing that disengages clutch plates when lever is pulled,4.0,4.6,4.0,0,https://example.com/images/releasebearing_pulsar_150.jpg,689d6959045c37933826818b,689d6959045c37933826818d,sai automobiles,RAMNAGAR COLONY PEERZADIGUDA UPPAL HYDERABAD,17.390358,78.606729,budget,modern,excellent,Clutch Release Bearing Pulsar 150 Bajaj  Transmission bearing that disengages clutch plates when lever is pulled,0,2025-09-16T15:00:46,2025-09-20T17:44:12
68d148990e3e8a2bef569caf,Air Filter Pre-Cleaner,Splendor Plus,Hero,2021.0,,Filters,90.0,foam pre filter that traps large particles before air reaches main filter,11.0,4.4,7.0,0,https://example.com/images/precleaner_splendor_plus.jpg,68ac2a8e3c73e23c655de052,68ac2a8f3c73e23c655de054,Swathi Automobiles,Chappal Bazar Road - Kachiguda ,17.38953,78.491245,budget,modern,good,Air Filter Pre-Cleaner Splendor Plus Hero  Filters foam pre filter that traps large particles before air reaches main filter,0,2025-09-18T12:27:19,2025-09-21T13:55:28
68d148990e3e8a2bef569cb0,Speedometer Cable Clip,FZ-S,Yamaha,2018.0,,Instrumentation,45.0,plastic clip that secures speedometer cable along frame to prevent rattling,14.0,4.1,8.0,0,https://example.com/images/cableclip_fz_s.jpg,689d6959045c37933826818b,689d6959045c37933826818d,sai automobiles,RAMNAGAR COLONY PEERZADIGUDA UPPAL HYDERABAD,17.390358,78.606729,budget,classic,good,Speedometer Cable Clip FZ-S Yamaha  Instrumentation plastic clip that secures speedometer cable along frame to prevent rattling,0,2025-09-20T17:14:41,2025-09-22T09:03:20
68d148990e3e8a2bef569cb1,Swingarm Axle Nut,Pulsar 150,Bajaj,2020.0,,Frame & Suspension,85.0,large hex nut that secures rear wheel axle to swingarm,8.0,4.3,5.0,0,https://example.com/images/axlenut_pulsar_150.jpg,689d6959045c37933826818b,689d6959045c37933826818d,sai automobiles,RAMNAGAR COLONY PEERZADIGUDA UPPAL HYDERABAD,17.390358,78.606729,budget,modern,good,Swingarm Axle Nut Pulsar 150 Bajaj  Frame & Suspension large hex nut that secures rear wheel axle to swingarm,0,2025-09-22T06:39:30,2025-09-22T06:39:30
68d148990e3e8a2bef569cb2,Rectifier Regulator,Splendor Plus,Hero,2021.0,,Electrical,780.0,combines rectifier and voltage regulator functions to manage charging system,3.0,4.7,4.0,0,https://example.com/images/rectifier_splendor_plus.jpg,68ac2a8e3c73e23c655de052,68ac2a8f3c73e23c655de054,Swathi Automobiles,Chappal Bazar Road - Kachiguda ,17.38953,78.491245,budget,modern,excellent,Rectifier Regulator Splendor Plus Hero  Electrical combines rectifier and voltage regulator functions to manage charging system,0,2025-08-18T15:44:13,2025-09-11T19:25:50
68d1489a0e3e8a2bef569cb3,Fuel Pressure Sensor,Splendor Plus,Hero,2021.0,,Fuel & Intake,950.0,monitors fuel rail pressure and sends data to ecu for optimal injection control,2.0,4.8,3.0,0,https://example.com/images/pressuresensor_splendor_plus.jpg,689d6959045c37933826818b,689d6959045c37933826818d,sai automobiles,RAMNAGAR COLONY PEERZADIGUDA UPPAL HYDERABAD,17.390358,78.606729,mid-range,modern,excellent,Fuel Pressure Sensor Splendor Plus Hero  Fuel & Intake monitors fuel rail pressure and sends data to ecu for optimal injection control,0,2025-08-20T17:50:06,2025-09-09T17:17:38
68d1489a0e3e8a2bef569cb4,Handlebar End Mirror,Apache RTR 160,Tvs,2020.0,,Controls,320.0,compact mirror mounted on handlebar end for rear visibility without adding width,6.0,4.4,5.0,0,https://example.com/images/endmirror_apache_rtr_160.jpg,68ac2a8e3c73e23c655de052,68ac2a8f3c73e23c655de054,Swathi Automobiles,Chappal Bazar Road - Kachiguda ,17.38953,78.491245,budget,modern,good,Handlebar End Mirror Apache RTR 160 Tvs  Controls compact mirror mounted on handlebar end for rear visibility without adding width,0,2025-08-22T18:06:19,2025-09-16T13:44:50
68d1489a0e3e8a2bef569cb5,Piston Ring Compressor,Splendor Plus,Hero,2020.0,,Engine & Top End,550.0,tool used to compress piston rings during engine assembly for easy cylinder insertion,4.0,4.5,4.0,0,https://example.com/images/ringcompressor_splendor_plus.jpg,689d6959045c37933826818b,689d6959045c37933826818d,sai automobiles,RAMNAGAR COLONY PEERZADIGUDA UPPAL HYDERABAD,17.390358,78.606729,budget,modern,excellent,Piston Ring Compressor Splendor Plus Hero  Engine & Top End tool used to compress piston rings during engine assembly for easy cylinder insertion,0,2025-08-24T13:24:54,2025-09-06T16:49:15
68d1489a0e3e8a2bef569cb6,Throttle Cable End,Splendor Plus,Hero,2019.0,,Cables,35.0,small metal fitting that connects throttle cable to carburetor or throttle body,16.0,4.2,9.0,0,https://example.com/images/cableend_splendor_plus.jpg,68ac2a8e3c73e23c655de052,68ac2a8f3c73e23c655de054,Swathi Automobiles,Chappal Bazar Road - Kachiguda ,17.38953,78.491245,budget,classic,good,Throttle Cable End Splendor Plus Hero  Cables small metal fitting that connects throttle cable to carburetor or throttle body,0,2025-08-26T19:03:25,2025-09-19T13:27:50
68d1489a0e3e8a2bef569cb7,Convex Side Mirror,Splendor Plus,Hero,2021.0,,Controls,190.0,wide angle mirror with curved glass for maximum rearward field of view,7.0,4.6,5.0,0,https://example.com/images/sidemirror_splendor_plus.jpg,689d6959045c37933826818b,689d6959045c37933826818d,sai automobiles,RAMNAGAR COLONY PEERZADIGUDA UPPAL HYDERABAD,17.390358,78.606729,budget,modern,excellent,Convex Side Mirror Splendor Plus Hero  Controls wide angle mirror with curved glass for maximum rearward field of view,0,2025-08-28T20:41:42,2025-09-12T09:55:03
68d1489a0e3e8a2bef569cb8,Engine Oil Drain Plug Washer,Splendor Plus,Hero,2020.0,,Engine & Top End,25.0,copper or aluminum crush washer that seals drain plug to prevent oil leaks,20.0,4.3,13.0,0,https://example.com/images/drainwasher_splendor_plus.jpg,68ac2a8e3c73e23c655de052,68ac2a8f3c73e23c655de054,Swathi Automobiles,Chappal Bazar Road - Kachiguda ,17.38953,78.491245,budget,modern,good,Engine Oil Drain Plug Washer Splendor Plus Hero  Engine & Top End copper or aluminum crush washer that seals drain plug to prevent oil leaks,0,2025-08-30T10:17:14,2025-09-15T11:44:36
68d1489a0e3e8a2bef569cb9,Chain Master Link Pliers,Splendor Plus,Hero,2021.0,,Drivetrain,280.0,specialized tool for installing and removing clip type master links on drive chain,6.0,4.4,5.0,0,https://example.com/images/linkpliers_splendor_plus.jpg,689d6959045c37933826818b,689d6959045c37933826818d,sai automobiles,RAMNAGAR COLONY PEERZADIGUDA UPPAL HYDERABAD,17.390358,78.606729,budget,modern,good,Chain Master Link Pliers Splendor Plus Hero  Drivetrain specialized tool for installing and removing clip type master links on drive chain,0,2025-09-01T14:59:31,2025-09-14T19:10:57
68d1489a0e3e8a2bef569cba,Seat Lock Mechanism,Splendor Plus,Hero,2020.0,,Comfort,280.0,internal locking mechanism that secures seat when key is turned,5.0,4.5,4.0,0,https://example.com/images/seatmechanism_splendor_plus.jpg,68ac2a8e3c73e23c655de052,68ac2a8f3c73e23c655de054,Swathi Automobiles,Chappal Bazar Road - Kachiguda ,17.38953,78.491245,budget,modern,excellent,Seat Lock Mechanism Splendor Plus Hero  Comfort internal locking mechanism that secures seat when key is turned,0,2025-09-03T19:44:08,2025-09-20T15:35:29
68d1489a0e3e8a2bef569cbb,Throttle Position Sensor Gasket,Splendor Plus,Hero,2021.0,,Fuel & Intake,75.0,rubber or paper gasket that seals tps to throttle body to prevent air leaks,8.0,4.6,4.0,0,https://example.com/images/tpsgasket_splendor_plus.jpg,689d6959045c37933826818b,689d6959045c37933826818d,sai automobiles,RAMNAGAR COLONY PEERZADIGUDA UPPAL HYDERABAD,17.390358,78.606729,budget,modern,excellent,Throttle Position Sensor Gasket Splendor Plus Hero  Fuel & Intake rubber or paper gasket that seals tps to throttle body to prevent air leaks,0,2025-09-05T10:33:46,2025-09-18T17:28:35
68d1489a0e3e8a2bef569cbc,Rear Brake Shoe Retainer,Splendor Plus,Hero,2018.0,,Brakes,50.0,metal clip or pin that holds brake shoes in correct position within drum,13.0,4.3,10.0,0,https://example.com/images/shoeretainer_splendor_plus.jpg,68ac2a8e3c73e23c655de052,68ac2a8f3c73e23c655de054,Swathi Automobiles,Chappal Bazar Road - Kachiguda ,17.38953,78.491245,budget,classic,good,Rear Brake Shoe Retainer Splendor Plus Hero  Brakes metal clip or pin that holds brake shoes in correct position within drum,0,2025-09-07T16:55:19,2025-09-21T20:11:04
68d1489a0e3e8a2bef569cbd,Engine Mounting Bracket,Splendor Plus,Hero,2020.0,,Engine & Top End,720.0,steel bracket that attaches engine to motorcycle frame at mounting points,6.0,4.7,5.0,0,https://example.com/images/mountbracket_splendor_plus.jpg,689d6959045c37933826818b,689d6959045c37933826818d,sai automobiles,RAMNAGAR COLONY PEERZADIGUDA UPPAL HYDERABAD,17.390358,78.606729,budget,modern,excellent,Engine Mounting Bracket Splendor Plus Hero  Engine & Top End steel bracket that attaches engine to motorcycle frame at mounting points,0,2025-09-09T12:20:33,2025-09-22T12:44:17
68d1489a0e3e8a2bef569cbe,Clutch Cable Adjuster Tool,Splendor Plus,Hero,2019.0,,Controls,130.0,special wrench designed to grip and turn clutch cable adjuster barrel,9.0,4.2,7.0,0,https://example.com/images/adjustertool_splendor_plus.jpg,68ac2a8e3c73e23c655de052,68ac2a8f3c73e23c655de054,Swathi Automobiles,Chappal Bazar Road - Kachiguda ,17.38953,78.491245,budget,classic,good,Clutch Cable Adjuster Tool Splendor Plus Hero  Controls special wrench designed to grip and turn clutch cable adjuster barrel,0,2025-09-11T18:46:55,2025-09-22T10:59:43
68d1489a0e3e8a2bef569cbf,Headlight Relay Harness,Splendor Plus,Hero,2021.0,,Electrical,210.0,wiring harness segment that connects headlight relay to battery and switch,7.0,4.5,6.0,0,https://example.com/images/relayharness_splendor_plus.jpg,689d6959045c37933826818b,689d6959045c37933826818d,sai automobiles,RAMNAGAR COLONY PEERZADIGUDA UPPAL HYDERABAD,17.390358,78.606729,budget,modern,excellent,Headlight Relay Harness Splendor Plus Hero  Electrical wiring harness segment that connects headlight relay to battery and switch,0,2025-09-13T14:09:30,2025-09-22T08:17:16
68d1489a0e3e8a2bef569cc0,Exhaust Gasket Set,Splendor Plus,Hero,2020.0,,Exhaust,240.0,complete set of gaskets for all exhaust system joints and connections,5.0,4.4,5.0,0,https://example.com/images/exhaustgasketset_splendor_plus.jpg,68ac2a8e3c73e23c655de052,68ac2a8f3c73e23c655de054,Swathi Automobiles,Chappal Bazar Road - Kachiguda ,17.38953,78.491245,budget,modern,good,Exhaust Gasket Set Splendor Plus Hero  Exhaust complete set of gaskets for all exhaust system joints and connections,0,2025-09-15T15:31:16,2025-09-21T16:55:09
68d1489a0e3e8a2bef569cc1,Fuel Level Sensor Gasket,Splendor Plus,Hero,2021.0,,Fuel & Intake,85.0,sealing gasket that prevents fuel leaks at fuel level sensor mounting point,9.0,4.5,6.0,0,https://example.com/images/sensorgasket_splendor_plus.jpg,689d6959045c37933826818b,689d6959045c37933826818d,sai automobiles,RAMNAGAR COLONY PEERZADIGUDA UPPAL HYDERABAD,17.390358,78.606729,budget,modern,excellent,Fuel Level Sensor Gasket Splendor Plus Hero  Fuel & Intake sealing gasket that prevents fuel leaks at fuel level sensor mounting point,0,2025-09-17T09:53:04,2025-09-22T11:10:15
68d1489a0e3e8a2bef569cc2,Turn Signal Relay Socket,Splendor Plus,Hero,2020.0,,Electrical,170.0,plug in socket that connects turn signal relay to vehicle wiring harness,11.0,4.3,7.0,0,https://example.com/images/relaysocket_turn_splendor_plus.jpg,68ac2a8e3c73e23c655de052,68ac2a8f3c73e23c655de054,Swathi Automobiles,Chappal Bazar Road - Kachiguda ,17.38953,78.491245,budget,modern,good,Turn Signal Relay Socket Splendor Plus Hero  Electrical plug in socket that connects turn signal relay to vehicle wiring harness,0,2025-09-19T18:06:39,2025-09-22T08:13:14
68d1489b0e3e8a2bef569cc3,Shock Absorber Rebound Adjuster Tool,Splendor Plus,Hero,2021.0,,Suspension,350.0,specialized tool for adjusting rebound damping on rear shock absorber,4.0,4.2,4.0,0,https://example.com/images/reboundtool_splendor_plus.jpg,689d6959045c37933826818b,689d6959045c37933826818d,sai automobiles,RAMNAGAR COLONY PEERZADIGUDA UPPAL HYDERABAD,17.390358,78.606729,budget,modern,good,Shock Absorber Rebound Adjuster Tool Splendor Plus Hero  Suspension specialized tool for adjusting rebound damping on rear shock absorber,0,2025-09-21T12:44:53,2025-09-22T06:25:10
68d1489b0e3e8a2bef569cc4,Chain Tension Gauge,Splendor Plus,Hero,2020.0,,Drivetrain,420.0,tool that measures chain slack to ensure proper tension for optimal performance,3.0,4.6,3.0,0,https://example.com/images/tensiongauge_splendor_plus.jpg,689d6959045c37933826818b,689d6959045c37933826818d,sai automobiles,RAMNAGAR COLONY PEERZADIGUDA UPPAL HYDERABAD,17.390358,78.606729,budget,modern,excellent,Chain Tension Gauge Splendor Plus Hero  Drivetrain tool that measures chain slack to ensure proper tension for optimal performance,0,2025-08-17T16:34:13,2025-09-10T15:27:49
68d1489b0e3e8a2bef569cc5,Carburetor Jet Needle,Apache RTR 160,Tvs,2019.0,,Fuel & Intake,140.0,tapered needle that works with main jet to control fuel flow across rpm range,7.0,4.1,6.0,0,https://example.com/images/jetneedle_apache_rtr_160.jpg,68ac2a8e3c73e23c655de052,68ac2a8f3c73e23c655de054,Swathi Automobiles,Chappal Bazar Road - Kachiguda ,17.38953,78.491245,budget,classic,good,Carburetor Jet Needle Apache RTR 160 Tvs  Fuel & Intake tapered needle that works with main jet to control fuel flow across rpm range,0,2025-08-19T11:32:28,2025-09-07T15:05:20
68d1489b0e3e8a2bef569cc6,Neutral Switch Seal,Pulsar 150,Bajaj,2021.0,,Controls,60.0,rubber seal that prevents oil or moisture ingress at neutral switch mounting,10.0,4.5,5.0,0,https://example.com/images/neutralseal_pulsar_150.jpg,689d6959045c37933826818b,689d6959045c37933826818d,sai automobiles,RAMNAGAR COLONY PEERZADIGUDA UPPAL HYDERABAD,17.390358,78.606729,budget,modern,excellent,Neutral Switch Seal Pulsar 150 Bajaj  Controls rubber seal that prevents oil or moisture ingress at neutral switch mounting,0,2025-08-21T19:05:34,2025-09-18T16:16:29
68d1489b0e3e8a2bef569cc7,Engine Temperature Sensor Wiring,Splendor Plus,Hero,2020.0,,Cooling System,190.0,wiring harness segment that connects temperature sensor to ecu and gauge,6.0,4.5,5.0,0,https://example.com/images/tempwiring_splendor_plus.jpg,689d6959045c37933826818b,689d6959045c37933826818d,sai automobiles,RAMNAGAR COLONY PEERZADIGUDA UPPAL HYDERABAD,17.390358,78.606729,budget,modern,excellent,Engine Temperature Sensor Wiring Splendor Plus Hero  Cooling System wiring harness segment that connects temperature sensor to ecu and gauge,0,2025-08-23T10:43:16,2025-09-02T17:54:52
68d1489b0e3e8a2bef569cc8,Brake Pad Shim,Splendor Plus,Hero,2021.0,,Brakes,40.0,thin metal plate placed behind brake pad to reduce noise and vibration,18.0,4.2,11.0,0,https://example.com/images/padshim_splendor_plus.jpg,68ac2a8e3c73e23c655de052,68ac2a8f3c73e23c655de054,Swathi Automobiles,Chappal Bazar Road - Kachiguda ,17.38953,78.491245,budget,modern,good,Brake Pad Shim Splendor Plus Hero  Brakes thin metal plate placed behind brake pad to reduce noise and vibration,0,2025-08-25T16:30:45,2025-09-20T12:36:23
68d1489b0e3e8a2bef569cc9,Clutch Lever Bushing,Splendor Plus,Hero,2020.0,,Controls,50.0,small plastic or bronze bushing that reduces friction in clutch lever pivot,12.0,4.3,8.0,0,https://example.com/images/leverbushing_splendor_plus.jpg,689d6959045c37933826818b,689d6959045c37933826818d,sai automobiles,RAMNAGAR COLONY PEERZADIGUDA UPPAL HYDERABAD,17.390358,78.606729,budget,modern,good,Clutch Lever Bushing Splendor Plus Hero  Controls small plastic or bronze bushing that reduces friction in clutch lever pivot,0,2025-08-27T12:05:33,2025-09-15T16:58:11
68d1489b0e3e8a2bef569cca,Fuel Injector Seal Kit,Splendor Plus,Hero,2021.0,,Fuel & Intake,160.0,complete set of rings and seals for all fuel injector mounting points,7.0,4.4,6.0,0,https://example.com/images/injectorsealkit_splendor_plus.jpg,68ac2a8e3c73e23c655de052,68ac2a8f3c73e23c655de054,Swathi Automobiles,Chappal Bazar Road - Kachiguda ,17.38953,78.491245,budget,modern,good,Fuel Injector Seal Kit Splendor Plus Hero  Fuel & Intake complete set of rings and seals for all fuel injector mounting points,0,2025-08-29T15:30:17,2025-09-10T13:39:03
68d1489b0e3e8a2bef569ccb,ABS Control Module,Pulsar 150,Bajaj,2021.0,,Brakes,4200.0,electronic control unit that manages abs system based on wheel speed sensor inputs,2.0,4.8,3.0,0,https://example.com/images/absmodule_pulsar_150.jpg,689d6959045c37933826818b,689d6959045c37933826818d,sai automobiles,RAMNAGAR COLONY PEERZADIGUDA UPPAL HYDERABAD,17.390358,78.606729,mid-range,modern,excellent,ABS Control Module Pulsar 150 Bajaj  Brakes electronic control unit that manages abs system based on wheel speed sensor inputs,0,2025-08-31T19:55:21,2025-09-19T11:13:25
68d1489b0e3e8a2bef569ccc,Brake Fluid Bleeder Kit,Splendor Plus,Hero,2019.0,,Brakes,380.0,tool kit for removing air bubbles from hydraulic brake system during fluid changes,5.0,4.5,5.0,0,https://example.com/images/bleederkit_splendor_plus.jpg,68ac2a8e3c73e23c655de052,68ac2a8f3c73e23c655de054,Swathi Automobiles,Chappal Bazar Road - Kachiguda ,17.38953,78.491245,budget,classic,excellent,Brake Fluid Bleeder Kit Splendor Plus Hero  Brakes tool kit for removing air bubbles from hydraulic brake system during fluid changes,0,2025-09-02T12:30:45,2025-09-08T16:30:56
68d1489b0e3e8a2bef569ccd,Throttle Body Cleaner,Splendor Plus,Hero,2020.0,,Fuel & Intake,220.0,aerosol spray designed to clean carbon deposits from throttle body and plate,15.0,4.3,8.0,0,https://example.com/images/throttlecleaner_splendor_plus.jpg,68ac2a8e3c73e23c655de052,68ac2a8f3c73e23c655de054,Swathi Automobiles,Chappal Bazar Road - Kachiguda ,17.38953,78.491245,budget,modern,good,Throttle Body Cleaner Splendor Plus Hero  Fuel & Intake aerosol spray designed to clean carbon deposits from throttle body and plate,0,2025-09-04T17:45:19,2025-09-21T11:45:47
68d1489b0e3e8a2bef569cce,Rear Sprocket Guard,Splendor Plus,Hero,2020.0,,Drivetrain,280.0,plastic or metal cover that protects rear sprocket from debris and chain slap,9.0,4.2,6.0,0,https://example.com/images/sprocketguard_splendor_plus.jpg,689d6959045c37933826818b,689d6959045c37933826818d,sai automobiles,RAMNAGAR COLONY PEERZADIGUDA UPPAL HYDERABAD,17.390358,78.606729,budget,modern,good,Rear Sprocket Guard Splendor Plus Hero  Drivetrain plastic or metal cover that protects rear sprocket from debris and chain slap,0,2025-09-08T11:20:49,2025-09-22T09:38:05
68d1489b0e3e8a2bef569ccf,Air Filter Housing Seal,Splendor Plus,Hero,2021.0,,Air Intake,95.0,rubber gasket that seals air filter housing to prevent unfiltered air leaks,11.0,4.4,7.0,0,https://example.com/images/housingseal_splendor_plus.jpg,68ac2a8e3c73e23c655de052,68ac2a8f3c73e23c655de054,Swathi Automobiles,Chappal Bazar Road - Kachiguda ,17.38953,78.491245,budget,modern,good,Air Filter Housing Seal Splendor Plus Hero  Air Intake rubber gasket that seals air filter housing to prevent unfiltered air leaks,0,2025-09-10T16:48:33,2025-09-13T20:26:18
68d1489b0e3e8a2bef569cd0,Clutch Basket Tool,Splendor Plus,Hero,2019.0,,Transmission,480.0,special holding tool that prevents clutch basket from turning during bolt removal,4.0,4.6,4.0,0,https://example.com/images/baskettool_splendor_plus.jpg,689d6959045c37933826818b,689d6959045c37933826818d,sai automobiles,RAMNAGAR COLONY PEERZADIGUDA UPPAL HYDERABAD,17.390358,78.606729,budget,classic,excellent,Clutch Basket Tool Splendor Plus Hero  Transmission special holding tool that prevents clutch basket from turning during bolt removal,0,2025-09-12T12:05:24,2025-09-16T15:49:59
68d1489b0e3e8a2bef569cd1,Oil Cooler Mounting Bracket,Splendor Plus,Hero,2021.0,,Cooling System,320.0,steel bracket that secures oil cooler to frame or engine for optimal positioning,5.0,4.5,4.0,0,https://example.com/images/coolerbracket_splendor_plus.jpg,689d6959045c37933826818b,689d6959045c37933826818d,sai automobiles,RAMNAGAR COLONY PEERZADIGUDA UPPAL HYDERABAD,17.390358,78.606729,budget,modern,excellent,Oil Cooler Mounting Bracket Splendor Plus Hero  Cooling System steel bracket that secures oil cooler to frame or engine for optimal positioning,0,2025-09-14T18:33:05,2025-09-18T13:17:39
68d1489b0e3e8a2bef569cd2,Starter Solenoid,Splendor Plus,Hero,2020.0,,Electrical,550.0,electromagnetic switch that engages starter motor gear with engine flywheel,6.0,4.6,5.0,0,https://example.com/images/solenoid_splendor_plus.jpg,68ac2a8e3c73e23c655de052,68ac2a8f3c73e23c655de054,Swathi Automobiles,Chappal Bazar Road - Kachiguda ,17.38953,78.491245,budget,modern,excellent,Starter Solenoid Splendor Plus Hero  Electrical electromagnetic switch that engages starter motor gear with engine flywheel,0,2025-09-16T15:00:46,2025-09-20T17:44:12
68d1489b0e3e8a2bef569cd3,Fuel Tank Cap Gasket,Splendor Plus,Hero,2019.0,,Fuel & Intake,65.0,rubber seal that prevents fuel vapor leaks and moisture ingress at tank cap,14.0,4.3,9.0,0,https://example.com/images/capgasket_splendor_plus.jpg,68ac2a8e3c73e23c655de052,68ac2a8f3c73e23c655de054,Swathi Automobiles,Chappal Bazar Road - Kachiguda ,17.38953,78.491245,budget,classic,good,Fuel Tank Cap Gasket Splendor Plus Hero  Fuel & Intake rubber seal that prevents fuel vapor leaks and moisture ingress at tank cap,0,2025-09-18T12:27:19,2025-09-21T13:55:28
68d1489c0e3e8a2bef569cd4,Handlebar Grip Glue,Splendor Plus,Hero,2021.0,,Controls,85.0,adhesive specifically formulated to secure rubber grips to handlebar ends,18.0,4.1,10.0,0,https://example.com/images/gripglue_splendor_plus.jpg,68ac2a8e3c73e23c655de052,68ac2a8f3c73e23c655de054,Swathi Automobiles,Chappal Bazar Road - Kachiguda ,17.38953,78.491245,budget,modern,good,Handlebar Grip Glue Splendor Plus Hero  Controls adhesive specifically formulated to secure rubber grips to handlebar ends,0,2025-09-20T17:14:41,2025-09-22T09:03:20
68d1489c0e3e8a2bef569cd5,Brake Light Switch Mount,Splendor Plus,Hero,2020.0,,Electrical,120.0,bracket or housing that secures brake light switch to brake lever assembly,12.0,4.2,8.0,0,https://example.com/images/switchmount_splendor_plus.jpg,68ac2a8e3c73e23c655de052,68ac2a8f3c73e23c655de054,Swathi Automobiles,Chappal Bazar Road - Kachiguda ,17.38953,78.491245,budget,modern,good,Brake Light Switch Mount Splendor Plus Hero  Electrical bracket or housing that secures brake light switch to brake lever assembly,0,2025-09-22T06:39:30,2025-09-22T06:39:30
68d1489c0e3e8a2bef569cd6,Clutch Cable Lubricant,Splendor Plus,Hero,2021.0,,Cables,110.0,special grease or spray designed to lubricate inner clutch cable for smooth operation,16.0,4.3,9.0,0,https://example.com/images/cablelube_splendor_plus.jpg,68ac2a8e3c73e23c655de052,68ac2a8f3c73e23c655de054,Swathi Automobiles,Chappal Bazar Road - Kachiguda ,17.38953,78.491245,budget,modern,good,Clutch Cable Lubricant Splendor Plus Hero  Cables special grease or spray designed to lubricate inner clutch cable for smooth operation,0,2025-08-18T15:44:13,2025-09-11T19:25:50
68d1489c0e3e8a2bef569cd7,Headlight Switch Housing,Splendor Plus,Hero,2019.0,,Controls,180.0,plastic housing that contains and protects headlight switch mechanism,8.0,4.4,6.0,0,https://example.com/images/switchhousing_splendor_plus.jpg,68ac2a8e3c73e23c655de052,68ac2a8f3c73e23c655de054,Swathi Automobiles,Chappal Bazar Road - Kachiguda ,17.38953,78.491245,budget,classic,good,Headlight Switch Housing Splendor Plus Hero  Controls plastic housing that contains and protects headlight switch mechanism,0,2025-08-20T17:50:06,2025-09-09T17:17:38
68d1489c0e3e8a2bef569cd8,Fuel Level Sensor Float Arm,Splendor Plus,Hero,2021.0,,Fuel & Intake,220.0,metal or plastic arm with float that moves with fuel level to activate sensor,6.0,4.5,5.0,0,https://example.com/images/floatarm_splendor_plus.jpg,689d6959045c37933826818b,689d6959045c37933826818d,sai automobiles,RAMNAGAR COLONY PEERZADIGUDA UPPAL HYDERABAD,17.390358,78.606729,budget,modern,excellent,Fuel Level Sensor Float Arm Splendor Plus Hero  Fuel & Intake metal or plastic arm with float that moves with fuel level to activate sensor,0,2025-08-22T18:06:19,2025-09-16T13:44:50
68d1489c0e3e8a2bef569cd9,Turn Signal Relay Tester,Splendor Plus,Hero,2020.0,,Electrical,280.0,diagnostic tool that checks functionality of turn signal flasher relay,7.0,4.3,6.0,0,https://example.com/images/relaytester_splendor_plus.jpg,689d6959045c37933826818b,689d6959045c37933826818d,sai automobiles,RAMNAGAR COLONY PEERZADIGUDA UPPAL HYDERABAD,17.390358,78.606729,budget,modern,good,Turn Signal Relay Tester Splendor Plus Hero  Electrical diagnostic tool that checks functionality of turn signal flasher relay,0,2025-08-24T13:24:54,2025-09-06T16:49:15
68d1489c0e3e8a2bef569cda,Shock Absorber Spring Tool,Splendor Plus,Hero,2021.0,,Suspension,520.0,special compressor tool for safely removing or installing shock absorber springs,3.0,4.7,3.0,0,https://example.com/images/springtool_splendor_plus.jpg,689d6959045c37933826818b,689d6959045c37933826818d,sai automobiles,RAMNAGAR COLONY PEERZADIGUDA UPPAL HYDERABAD,17.390358,78.606729,budget,modern,excellent,Shock Absorber Spring Tool Splendor Plus Hero  Suspension special compressor tool for safely removing or installing shock absorber springs,0,2025-08-26T19:03:25,2025-09-19T13:27:50
68d1489c0e3e8a2bef569cdb,Chain Master Link Rivet Tool,Splendor Plus,Hero,2021.0,,Drivetrain,650.0,tool for installing rivet type master links that require peening for secure fit,4.0,4.6,4.0,0,https://example.com/images/rivettool_splendor_plus.jpg,689d6959045c37933826818b,689d6959045c37933826818d,sai automobiles,RAMNAGAR COLONY PEERZADIGUDA UPPAL HYDERABAD,17.390358,78.606729,budget,modern,excellent,Chain Master Link Rivet Tool Splendor Plus Hero  Drivetrain tool for installing rivet type master links that require peening for secure fit,0,2025-08-28T20:41:42,2025-09-12T09:55:03
68d1489c0e3e8a2bef569cdc,Carburetor Float Needle Seat,Apache RTR 160,Tvs,2019.0,,Fuel & Intake,180.0,precision machined seat that works with float needle to regulate fuel flow into bowl,5.0,4.2,5.0,0,https://example.com/images/needleseat_apache_rtr_160.jpg,68ac2a8e3c73e23c655de052,68ac2a8f3c73e23c655de054,Swathi Automobiles,Chappal Bazar Road - Kachiguda ,17.38953,78.491245,budget,classic,good,Carburetor Float Needle Seat Apache RTR 160 Tvs  Fuel & Intake precision machined seat that works with float needle to regulate fuel flow into bowl,0,2025-08-30T10:17:14,2025-09-15T11:44:36
68d1489c0e3e8a2bef569cdd,Neutral Switch Tester,Pulsar 150,Bajaj,2021.0,,Controls,320.0,diagnostic tool that verifies neutral switch is functioning correctly,6.0,4.5,4.0,0,https://example.com/images/neutraltester_pulsar_150.jpg,689d6959045c37933826818b,689d6959045c37933826818d,sai automobiles,RAMNAGAR COLONY PEERZADIGUDA UPPAL HYDERABAD,17.390358,78.606729,budget,modern,excellent,Neutral Switch Tester Pulsar 150 Bajaj  Controls diagnostic tool that verifies neutral switch is functioning correctly,0,2025-09-01T14:59:31,2025-09-14T19:10:57
68d1489c0e3e8a2bef569cde,Engine Temperature Sensor Tester,Splendor Plus,Hero,2020.0,,Cooling System,280.0,tool that checks resistance and functionality of engine temperature sensor,8.0,4.4,5.0,0,https://example.com/images/temptester_splendor_plus.jpg,689d6959045c37933826818b,689d6959045c37933826818d,sai automobiles,RAMNAGAR COLONY PEERZADIGUDA UPPAL HYDERABAD,17.390358,78.606729,budget,modern,good,Engine Temperature Sensor Tester Splendor Plus Hero  Cooling System tool that checks resistance and functionality of engine temperature sensor,0,2025-09-03T19:44:08,2025-09-20T15:35:29
68d1489c0e3e8a2bef569cdf,Brake Pad Thickness Gauge,Splendor Plus,Hero,2021.0,,Brakes,180.0,tool that measures remaining thickness of brake pad friction material,12.0,4.3,7.0,0,https://example.com/images/padgauge_splendor_plus.jpg,68ac2a8e3c73e23c655de052,68ac2a8f3c73e23c655de054,Swathi Automobiles,Chappal Bazar Road - Kachiguda ,17.38953,78.491245,budget,modern,good,Brake Pad Thickness Gauge Splendor Plus Hero  Brakes tool that measures remaining thickness of brake pad friction material,0,2025-09-05T10:33:46,2025-09-18T17:28:35
68d1489c0e3e8a2bef569ce0,Clutch Lever Reach Adjuster,Splendor Plus,Hero,2020.0,,Controls,220.0,adjustable mechanism that changes distance from handlebar to clutch lever,9.0,4.5,6.0,0,https://example.com/images/reachadjuster_splendor_plus.jpg,689d6959045c37933826818b,689d6959045c37933826818d,sai automobiles,RAMNAGAR COLONY PEERZADIGUDA UPPAL HYDERABAD,17.390358,78.606729,budget,modern,excellent,Clutch Lever Reach Adjuster Splendor Plus Hero  Controls adjustable mechanism that changes distance from handlebar to clutch lever,0,2025-09-07T16:55:19,2025-09-21T20:11:04
68d1489c0e3e8a2bef569ce1,Fuel Injector Flow Tester,Splendor Plus,Hero,2021.0,,Fuel & Intake,1200.0,professional tool that measures fuel flow rate and spray pattern of injectors,2.0,4.8,2.0,0,https://example.com/images/flowtester_splendor_plus.jpg,689d6959045c37933826818b,689d6959045c37933826818d,sai automobiles,RAMNAGAR COLONY PEERZADIGUDA UPPAL HYDERABAD,17.390358,78.606729,mid-range,modern,excellent,Fuel Injector Flow Tester Splendor Plus Hero  Fuel & Intake professional tool that measures fuel flow rate and spray pattern of injectors,0,2025-09-09T12:20:33,2025-09-22T12:44:17
68d1489c0e3e8a2bef569ce2,Headlight Aiming Tool,Splendor Plus,Hero,2020.0,,Lighting,450.0,device that helps properly align headlight beam for optimal road illumination,5.0,4.6,4.0,0,https://example.com/images/aimingtool_splendor_plus.jpg,689d6959045c37933826818b,689d6959045c37933826818d,sai automobiles,RAMNAGAR COLONY PEERZADIGUDA UPPAL HYDERABAD,17.390358,78.606729,budget,modern,excellent,Headlight Aiming Tool Splendor Plus Hero  Lighting device that helps properly align headlight beam for optimal road illumination,0,2025-09-11T18:46:55,2025-09-22T10:59:43
68d1489c0e3e8a2bef569ce3,Exhaust Gas Analyzer,Splendor Plus,Hero,2021.0,,Exhaust,3500.0,professional diagnostic tool that measures exhaust gas composition for tuning,1.0,4.9,2.0,0,https://example.com/images/gasanalyzer_splendor_plus.jpg,68ac2a8e3c73e23c655de052,68ac2a8f3c73e23c655de054,Swathi Automobiles,Chappal Bazar Road - Kachiguda ,17.38953,78.491245,mid-range,modern,excellent,Exhaust Gas Analyzer Splendor Plus Hero  Exhaust professional diagnostic tool that measures exhaust gas composition for tuning,0,2025-09-13T14:09:30,2025-09-22T08:17:16
68d1489c0e3e8a2bef569ce4,Turn Signal Flasher Tester,Splendor Plus,Hero,2020.0,,Electrical,240.0,tool that verifies turn signal flasher unit is operating at correct frequency,8.0,4.3,6.0,0,https://example.com/images/flashtester_splendor_plus.jpg,68ac2a8e3c73e23c655de052,68ac2a8f3c73e23c655de054,Swathi Automobiles,Chappal Bazar Road - Kachiguda ,17.38953,78.491245,budget,modern,good,Turn Signal Flasher Tester Splendor Plus Hero  Electrical tool that verifies turn signal flasher unit is operating at correct frequency,0,2025-09-15T15:31:16,2025-09-21T16:55:09
68d1489d0e3e8a2bef569ce5,Shock Absorber Compression Tester,Splendor Plus,Hero,2021.0,,Suspension,850.0,tool that measures shock absorber damping force and compression characteristics,3.0,4.7,3.0,0,https://example.com/images/compressiontester_splendor_plus.jpg,689d6959045c37933826818b,689d6959045c37933826818d,sai automobiles,RAMNAGAR COLONY PEERZADIGUDA UPPAL HYDERABAD,17.390358,78.606729,budget,modern,excellent,Shock Absorber Compression Tester Splendor Plus Hero  Suspension tool that measures shock absorber damping force and compression characteristics,0,2025-09-17T09:53:04,2025-09-22T11:10:15
68d1489d0e3e8a2bef569ce6,Chain Wear Indicator,Splendor Plus,Hero,2020.0,,Drivetrain,160.0,tool that measures chain elongation to determine when replacement is needed,10.0,4.4,7.0,0,https://example.com/images/chainwear_splendor_plus.jpg,689d6959045c37933826818b,689d6959045c37933826818d,sai automobiles,RAMNAGAR COLONY PEERZADIGUDA UPPAL HYDERABAD,17.390358,78.606729,budget,modern,good,Chain Wear Indicator Splendor Plus Hero  Drivetrain tool that measures chain elongation to determine when replacement is needed,0,2025-09-19T18:06:39,2025-09-22T08:13:14
68d1489d0e3e8a2bef569ce7,Carburetor Synchronization Tool,Apache RTR 160,Tvs,2019.0,,Fuel & Intake,750.0,tool that balances vacuum pressure between multiple carburetor throats,4.0,4.6,4.0,0,https://example.com/images/synctool_apache_rtr_160.jpg,68ac2a8e3c73e23c655de052,68ac2a8f3c73e23c655de054,Swathi Automobiles,Chappal Bazar Road - Kachiguda ,17.38953,78.491245,budget,classic,excellent,Carburetor Synchronization Tool Apache RTR 160 Tvs  Fuel & Intake tool that balances vacuum pressure between multiple carburetor throats,0,2025-09-21T12:44:53,2025-09-22T06:25:10
68d1489d0e3e8a2bef569ce8,Rear Brake Drum,Splendor Plus,Hero,2020.0,,Brakes,850.0,cast iron drum with internal machining for smooth braking surface and heat dissipation,6.0,4.5,5.0,0,https://example.com/images/brakedrum_splendor_plus.jpg,689d6959045c37933826818b,689d6959045c37933826818d,sai automobiles,RAMNAGAR COLONY PEERZADIGUDA UPPAL HYDERABAD,17.390358,78.606729,budget,modern,excellent,Rear Brake Drum Splendor Plus Hero  Brakes cast iron drum with internal machining for smooth braking surface and heat dissipation,0,2025-08-17T15:33:12,2025-09-11T18:42:05
68d1489d0e3e8a2bef569ce9,Front Fork Oil Seal,Apache RTR 160,Tvs,2020.0,,Suspension,180.0,dual lip rubber seal designed to retain fork oil and exclude dirt and water,8.0,4.6,7.0,0,https://example.com/images/forkoilseal_apache_rtr_160.jpg,68ac2a8e3c73e23c655de052,68ac2a8f3c73e23c655de054,Swathi Automobiles,Chappal Bazar Road - Kachiguda ,17.38953,78.491245,budget,modern,excellent,Front Fork Oil Seal Apache RTR 160 Tvs  Suspension dual lip rubber seal designed to retain fork oil and exclude dirt and water,0,2025-08-19T10:31:27,2025-09-07T14:04:19
68d1489d0e3e8a2bef569cea,Accelerator Cable,Splendor Plus,Hero,2021.0,,Cables,110.0,pre lubricated inner wire with anti friction liner for smooth throttle response,10.0,4.3,9.0,0,https://example.com/images/throttlecable_splendor_plus_v2.jpg,689d6959045c37933826818b,689d6959045c37933826818d,sai automobiles,RAMNAGAR COLONY PEERZADIGUDA UPPAL HYDERABAD,17.390358,78.606729,budget,modern,good,Accelerator Cable Splendor Plus Hero  Cables pre lubricated inner wire with anti friction liner for smooth throttle response,0,2025-08-21T18:04:33,2025-09-18T15:15:28
68d1489d0e3e8a2bef569ceb,LED Headlight Bulb,FZ-S FI,Yamaha,2021.0,,Lighting,320.0,plug and play led replacement with canbus compatibility to avoid error codes,5.0,4.7,6.0,0,https://example.com/images/ledheadlight_fz_s_fi.jpg,68ac2a8e3c73e23c655de052,68ac2a8f3c73e23c655de054,Swathi Automobiles,Chappal Bazar Road - Kachiguda ,17.38953,78.491245,budget,modern,excellent,LED Headlight Bulb FZ-S FI Yamaha  Lighting plug and play led replacement with canbus compatibility to avoid error codes,0,2025-08-23T09:42:15,2025-09-02T16:53:51
68d1489d0e3e8a2bef569cec,Coolant Reservoir,Splendor Plus,Hero,2020.0,,Cooling System,220.0,translucent plastic tank with level markings to monitor coolant volume and expansion,8.0,4.2,8.0,0,https://example.com/images/coolanttank_splendor_plus.jpg,689d6959045c37933826818b,689d6959045c37933826818d,sai automobiles,RAMNAGAR COLONY PEERZADIGUDA UPPAL HYDERABAD,17.390358,78.606729,budget,modern,good,Coolant Reservoir Splendor Plus Hero  Cooling System translucent plastic tank with level markings to monitor coolant volume and expansion,0,2025-08-25T15:29:44,2025-09-20T11:35:22
68d1489d0e3e8a2bef569ced,High-Tension Coil,Splendor Plus,Hero,2019.0,,Ignition,450.0,ignition coil that transforms low voltage from battery to high voltage for spark plug,4.0,4.4,4.0,0,https://example.com/images/htcoil_splendor_plus.jpg,68ac2a8e3c73e23c655de052,68ac2a8f3c73e23c655de054,Swathi Automobiles,Chappal Bazar Road - Kachiguda ,17.38953,78.491245,budget,classic,good,High-Tension Coil Splendor Plus Hero  Ignition ignition coil that transforms low voltage from battery to high voltage for spark plug,0,2025-08-27T11:04:31,2025-09-15T18:08:13
68d1489d0e3e8a2bef569cee,Chain Roller Guide,Pulsar 150,Bajaj,2018.0,,Drivetrain,150.0,nylon roller that guides chain and reduces friction and noise during operation,9.0,4.5,6.0,0,https://example.com/images/rollerguide_pulsar_150.jpg,689d6959045c37933826818b,689d6959045c37933826818d,sai automobiles,RAMNAGAR COLONY PEERZADIGUDA UPPAL HYDERABAD,17.390358,78.606729,budget,classic,excellent,Chain Roller Guide Pulsar 150 Bajaj  Drivetrain nylon roller that guides chain and reduces friction and noise during operation,0,2025-08-29T14:28:55,2025-09-10T12:59:07
68d1489d0e3e8a2bef569cef,Passenger Footpeg,Splendor Plus,Hero,2021.0,,Frame & Footrests,180.0,foldable rear footpeg with rubber insert for passenger comfort and safety,12.0,4.3,7.0,0,https://example.com/images/passengerpeg_splendor_plus.jpg,68ac2a8e3c73e23c655de052,68ac2a8f3c73e23c655de054,Swathi Automobiles,Chappal Bazar Road - Kachiguda ,17.38953,78.491245,budget,modern,good,Passenger Footpeg Splendor Plus Hero  Frame & Footrests foldable rear footpeg with rubber insert for passenger comfort and safety,0,2025-08-31T18:53:19,2025-09-19T10:12:21
68d1489d0e3e8a2bef569cf0,Carburetor Float Valve,Apache RTR 160,Tvs,2019.0,,Fuel & Intake,120.0,needle and seat assembly that regulates fuel level in the float bowl,5.0,4.1,5.0,0,https://example.com/images/floatvalve_apache_rtr_160.jpg,689d6959045c37933826818b,689d6959045c37933826818d,sai automobiles,RAMNAGAR COLONY PEERZADIGUDA UPPAL HYDERABAD,17.390358,78.606729,budget,classic,good,Carburetor Float Valve Apache RTR 160 Tvs  Fuel & Intake needle and seat assembly that regulates fuel level in the float bowl,0,2025-09-02T11:25:44,2025-09-08T15:28:55
68d1489d0e3e8a2bef569cf1,Exhaust Header Pipe,Splendor Plus,Hero,2020.0,,Exhaust,950.0,stainless steel pipe that channels exhaust gases from cylinder head to muffler,3.0,4.6,3.0,0,https://example.com/images/header_splendor_plus.jpg,68ac2a8e3c73e23c655de052,68ac2a8f3c73e23c655de054,Swathi Automobiles,Chappal Bazar Road - Kachiguda ,17.38953,78.491245,mid-range,modern,excellent,Exhaust Header Pipe Splendor Plus Hero  Exhaust stainless steel pipe that channels exhaust gases from cylinder head to muffler,0,2025-09-04T16:43:19,2025-09-21T10:54:46
68d1489d0e3e8a2bef569cf2,Battery Hold-Down Clamp,FZ-S,Yamaha,2020.0,,Electrical,90.0,plastic or metal bracket that secures the battery in place to prevent movement,15.0,4.2,10.0,0,https://example.com/images/batteryclamp_fz_s.jpg,68ac2a8e3c73e23c655de052,68ac2a8f3c73e23c655de054,Swathi Automobiles,Chappal Bazar Road - Kachiguda ,17.38953,78.491245,budget,modern,good,Battery Hold-Down Clamp FZ-S Yamaha  Electrical plastic or metal bracket that secures the battery in place to prevent movement,0,2025-09-06T12:58:06,2025-09-17T14:09:31
68d1489d0e3e8a2bef569cf3,Clutch Spring Plate,Pulsar 150,Bajaj,2021.0,,Transmission,320.0,steel pressure plate that works with clutch springs to engage disengage clutch,4.0,4.5,4.0,0,https://example.com/images/springplate_pulsar_150.jpg,689d6959045c37933826818b,689d6959045c37933826818d,sai automobiles,RAMNAGAR COLONY PEERZADIGUDA UPPAL HYDERABAD,17.390358,78.606729,budget,modern,excellent,Clutch Spring Plate Pulsar 150 Bajaj  Transmission steel pressure plate that works with clutch springs to engage disengage clutch,0,2025-09-08T10:19:48,2025-09-22T08:37:04
